"chunk_id","relevance_score","vector_similarity_score","llm_evaluation_score","llm_evaluation_text","title","date","url","content"
"1","0.7573676109313965","0.7573676109313965","0.9","Score: 9.0/10 - Der Text thematisiert explizit Hoffnungen und Ängste gegenüber der Computerisierung und Automatisierung. Herausragend ist die Vielzahl an differenzierten Perspektiven: Irmgard Kahling äußert Hoffnung, dass Menschen von unangenehmen Arbeiten befreit werden und für 'wichtige und schönere Aufgaben' frei gemacht werden. Fritz Baumgarten spricht von 'herrlichen Zeiten' und einer positiven Zukunft. Gleichzeitig zeigt Vera Oelkers Ängste vor der Entwertung von Sekretärinnen durch Technisierung und kritisiert die Vorstellung, dass nur 'perfekte Büromaschinenwärter' gefragt seien. Hartmut Sachs thematisiert strukturelle Veränderungen und die Angst vor Massenarbeitslosigkeit, verweist aber auch auf die Möglichkeit einer allmählichen Produktivitätssteigerung und möglicher Arbeitszeitverkürzung. Diese Mischung aus Hoffnung und Angst, verbunden mit konkreten gesellschaftlichen Konsequenzen (Arbeitsplatzverlust, Berufsaufgabenveränderung), macht den Text zu einem zentralen Zeugnis der öffentlichen Diskussion über technologischen Wandel in der westdeutschen Gesellschaft.","Briefe","1955-08-09","https://www.spiegel.de/politik/roboter-a-ba2ae6d6-0002-0001-0000-000031970927?context=issue","(Nr. 31/1955, Industrie) In Ihrem Artikel »Die Roboter sind unter uns« (oder noch schlimmer: »Die Revolution der Roboter"") haben Sie, finde ich, diesmal nicht die verschiedenen Meinungen so wohl assortiert, wie ich es bei Ihnen gewohnt bin. Ich vermisse diejenigen Meinungen, die glauben, daß die Arbeitslosigkeit vielleicht gar nicht so schreckliche Formen - fünf bis sechs Millionen in USA - annehmen wird ... Vermutlich wird der Kreis der automatisierungsreifen Fabrikationsvorgänge zu weit gezogen ... und die Schnelligkeit des Umstellungsprozesses überschätzt. Vergesse man nicht, daß selbst im modernsten und kapitalkräftigsten Industrieland der Welt über die Hälfte der verwendeten Maschinen heute noch auf der Technik von 1945 (und vorher) und daß rund ein Fünftel - zumindest in wesentlichen Industriezweigen - auf den Erkenntnissen des Jahres 1935 fußen. Es werden strukturelle Wandlungen eintreten, denn Automatisierung stellt qualitativ andere Anforderungen an den Menschen. Massenarbeitslosigkeit aber scheint kein notwendiges Ergebnis. Gleichermaßen denkbar und mit manchem Argument zu begründen erscheint eine allmähliche Erhöhung der Produktivität, die die Kaufkraft hebt und eventuell sogar gewisse Arbeitszeitverkürzungen erlaubt - jedoch kaum in einer solchen Größenordnung, daß dadurch eine Diskussion über die Bedenklichkeit von zuviel Freizeit entfacht werden muß ... Frankfurt HARTMUT SACHS Diplom-Kaufmann »Sekretärinnen, die ihren Beruf nur als Nebenbeschäftigung bis zur Heirat ausüben, werden künftig keine Chance mehr haben. Gefragt sind nur noch perfekte Büromaschinenwärter ...« - so steht es bei Ihnen zu lesen. Es darf Ihrem Berichterstatter einmal gesagt werden, daß Sekretärinnen mit der von ihm geschilderten Berufsauffassung keine Sekretärinnen sind, sondern Aushilfskräfte. Zum anderen hat Ihr Büroschreck (und alle, die obige These vertreten) offenbar keine Ahnung von den Arbeitsvorgängen eines Büros; sonst müßte er wissen, daß sich gerade die Tätigkeit der von ihm geschmähten Sekretärin weitgehend der Technisierung entzieht, bzw. daß die Technik hier nie mehr als willkommene Hilfsmittel bieten kann. Hamburg VERA OELKERS Ich finde es großartig, daß die Menschen immer mehr von ihren unangenehmen Arbeiten befreit und für andere, wichtigere und schönere Aufgaben frei gemacht werden. Meschede IRMGARD KAHLING Vielleicht haben Herr Watson und Robotergenossen bald das Vergnügen, Mediziningenieure und -techniker anstellen zu können. Es wäre dann allerdings den jetzigen Medizinstudenten dringend zu raten, ab sofort Vorlesungen an der Technischen Hochschule zu belegen, um nicht ins Hintertreffen zu kommen ... In der Tat: Wir gehen herrlichen Zeiten entgegen! Gingen DR. MED. FRITZ BAUMGARTEN Das von Ihnen so gründlich studierte wichtige Zeitproblem der Automation hatte ich bereits vor einiger Zeit durch die Lektüre eines hervorragend geschriebenen Buches kennengelernt: »Die Roboter sind unter uns« von Rolf Strehl*)"
"2","0.7383089065551758","0.7383089065551758","0.9","Score: 9.0/10 - Der Text thematisiert die Automatisierung in der westdeutschen Industrie explizit und enthält klare positive Erwartungen. Otto Thieme beschreibt die modernen Walzstraßen als technologische Errungenschaften, die den menschlichen Geist befreien, indem sie 'langweilige Routinearbeit abnehmen'. Dies ist eine direkte Hoffnung auf eine Entlastung des Arbeiters durch Technik. Gleichzeitig wird die technische Realität der Automatisierung dargestellt: Ein einziger Mann überwacht komplexe Prozesse am Steuerpult. Die Darstellung ist positiv und beruht auf einem Film der Mannesmann AG, der die Vorteile der Technik für Laien verständlich macht. Die Textpassage zeigt, wie die Automatisierung als Fortschritt wahrgenommen wurde – als Befreiung von monotoner Arbeit und als Erhöhung der Effizienz. Dies ist ein zentraler Beleg für die Hoffnung auf technologischen Wandel in der westdeutschen Gesellschaft.","Briefe","1955-09-20","https://www.spiegel.de/politik/roboter-a-7ea99add-0002-0001-0000-000031971222?context=issue","(Nr. 31/1955, Industrie, und Nr. 33/1955, Briefe) Ihre Darstellung in »Automation - Die Revolution der Roboter« könnte den Eindruck erwecken, als seien die Elektronenroboter über Nacht in die amerikanischen Fabriken eingebrochen und hätten dort kurzerhand ihre Automation-Revolution gemacht. Zu leicht wird vergessen, daß der Weg zum elektronisch gesteuerten Fließband über viele Vorstufen der Produktionsrationalisierung führte. Nicht wenige dieser Stationen hat auch die deutsche Industrie längst hinter sich gebracht. Man sehe sich nur eine der meist ebenfalls elektronisch gesteuerten, kontinuierlichen Walzstraßen an, die inzwischen von zahlreichen westdeutschen Firmen aufgestellt wurden. Sehr anschaulich zeigt ein farbiger Werkfilm der Mannesmann AG, Düsseldorf, den ich kürzlich sah, wie diese modernen Maschinen ganz im Sinne Ihres Watson-Zitates »den menschlichen Geist befreien, indem sie ihm langweilige Routinearbeit abnehmen«. - Wenige Arbeiter stehen an den schweren Gerüsten. Gelassen überwachen sie, wie die glühenden Stahlblöcke von den Schrägwalzen erfaßt werden, durch das geschickte Zusammenwirken von Druck und schraubender Bewegung in der Längsachse zum Rohr aufbrechen und schließlich glatt gewalzt werden. Regiert wird der komplizierte Mechanismus moderner Walzstraßen von einem einzigen Mann am Steuerpult, einer Art Kommandobrücke voller Knöpfe und Hebel. Der Mannesmann-Film »Vom nahtlosen Rohr« verdeutlicht eindrucksvoll, daß unsere Industrie auf dem Wege zur Automation nicht allzu weit hinter dem Berge ist, und erfüllt seine Aufgabe, die oft komplizierten Vorgänge auch dem Laien verständlich darzubieten, in hervorragendem Maße. Bonn OTTO THIEME"
"3","0.7228114604949951","0.7228114604949951","0.9","Score: 9.0/10 - Der Text thematisiert die Automatisierung und Computerisierung explizit und enthält sowohl Hoffnungen als auch Ängste. H. Heinrichs berichtet, dass Norbert Wiener, der Vater der Kybernetik, nun Chefberater der amerikanischen Gewerkschaften ist – ein Hinweis auf die Angst vor einer 'Diktatur des Roboters', die durch die Warnungen Wiener ausgelöst wurde. Gleichzeitig wird die Hoffnung auf eine friedliche Entwicklung durch die Konzentration auf die Denkmaschine geäußert: Wenn Kriege rational berechnet werden, könnten sie verhindert werden. Dr. Paul Feldkeller sieht keine Gefahr einer 'Diktatur des Roboters', da der Golem keine Ziele setzen kann – eine klare Hoffnung auf menschliche Kontrolle. Ernst Weitzel beschreibt konkrete Anwendungen der Rechenmaschinen im Pentagon, die die Effizienz steigern und Zeit sparen. Diese Beispiele zeigen die technologische Realität und die Erwartung, dass Computer die Arbeit erleichtern. Die Textpassagen sind voller konkreter Aussagen über positive und negative Konsequenzen der Computerisierung.","Briefe","1956-10-16","https://www.spiegel.de/politik/automation-a-70b96223-0002-0001-0000-000043064344?context=issue","Darf ich Ihre Norbert-Wiener-Story noch um eine Nuance bereichern? Seit einiger Zeit ist der Urvater der Kybernetik Chefberater der amerikanischen Gewerkschaften in allen Fragen der Automation. Demnach haben Norbert Wieners Warnungen doch dort (wenn auch mit einiger Verzögerung) gezündet, wo er es sich am ehesten erhofft hatte. Übrigens hat sich das mathematische Wunderkind durch seine offen gezeigten progewerkschaftlichen Sympathien bei den klassenbewußten US-Unternehmern bedenklich in die Nesseln gesetzt. Stuttgart H. HEINRICHS Pressestelle des Arbeitsministeriums Baden-Württemberg ... Zu Wieners Pessimismus besteht kein Anlaß. Von einer »Diktatur des Roboters« ist so wenig die Rede, wie es bisher und jetzt keine »Diktatur der Mathematik« gab und gibt. Denn der Golem kann sich keine Ziele setzen, die muß ihm der Mensch geben. Wenn aber, wie sich im China -Amerika-Konflikt gezeigt hat, die Konzentration auf die Denkmaschine die Leidenschaften abkühlt (die immer und einzig zum Kriege geführt haben) und dem rationalen Kalkül überläßt, was sonst den Affekten und der Spielwut der Staatsmänner überantwortet blieb - wenn die Konzentration auf die Denkmaschine also Kriege verhindert und den Völkern namenloses Elend erspart, dann können wir zufrieden sein. Berlin-Buckow DR. PAUL FELDKELLER Sie haben in Ihrem Artikel mit keinem Wort die Forschungsergebnisse der Russen erwähnt, die auf dem Gebiet der Transistoren und elektronischen Roboter heute in der Welt führen, was selbst die Physiker der USA zugeben. So haben die Russen zum Beispiel Rapid -Selektoren entwickelt, die Raum für 70 000 Dokumente - auf Mikrofilm aufgenommene Zeitungsausschnitte, Kommentare und Archivkarten usw. - bieten. Photozellen tasten das Signalfeld auf dem ablaufenden Film ab, das identisch mit der Lochkarte ist, und wählen das gerade Interessierende aus. Wuppertal ERNST WEITZEL stud. med. dent. ... Hier ein weiteres Beispiel, wie Rechenroboter indirekt in das politische Geschehen eingegriffen haben: Das US - Pentagon suchte plötzlich sehr schnell für einen wichtigen Geheimauftrag einen technisch vorgebildeten Offizier mit bestimmten Spezialkenntnissen und chinesischen sowie japanischen Sprachkenntnissen. Eine geheime Rundfrage auf dem üblichen 08/15 -Dienstwege hätte Monate erfordert. Die Sache eilte jedoch. Nun verfügt auch das Pentagon bereits seit einiger Zeit über elektronische Rechen- und Sortier-Maschinen. Eine Bull-Sortiermaschine kann 42 000 Lochkarten innerhalb von 60 Minuten einmal durchlaufen lassen; die IBM- (Internationale Büromaschinengesellschaft-) Statistik-Maschine Typ 101 kann innerhalb einer Stunde 27 000 Lochkarten elektronisch gleichzeitig sortieren, gruppieren, auszählen und die Resultate druckreif für statistische Tabellen niederschreiben"
"4","0.7217767536640167","0.7217767536640167","0.9","Score: 9.0/10 - Der Text thematisiert explizit Ängste vor dem Verlust des technischen Nachwuchses und der Überholung durch den Osten, was direkt auf die Angst vor technologischem Rückstand und der Folgen für die nationale Sicherheit und wirtschaftliche Zukunft hinweist. Die Briefe enthalten konkrete Aussagen wie: 'die Bundesrepublik hat sich sozusagen selbst kastriert' und 'der Osten uns auf dem entscheidenden Gebiet des technischen Nachwuchses überflügeln konnte'. Diese Formulierungen zeigen eine starke, affektiv aufgeladene Angst vor dem Verlust der technologischen und wirtschaftlichen Überlegenheit. Gleichzeitig wird die Hoffnung auf eine bessere Zukunft durch Investitionen in Forschung und Ausbildung suggeriert. Die Diskussion um Finanzpolitik und Ausbildung ist zentral für die gesellschaftliche Wahrnehmung von Automatisierung und technologischem Wandel.","Briefe","1956-08-07","https://www.spiegel.de/politik/technische-talente-a-549c9ac2-0002-0001-0000-000043063622?context=issue","Ihr Abdruck der Rede von Professor Leo Brandt auf dem Münchner Parteitag der SPD über die Förderung der Forschung und der jungen technischen Talente (""Was nötig ist: Ausbildung!"") war sehr aufschlußreich. Aber weshalb wollen wir uns denn aufregen, wo wir doch das Weltwirtschaftswunder darstellen? Wo in allernächster Zeit jeder junge Bundesbürger gratis und zwangsweise eine europäische Bodenausbildung durch die Firma Blank erhält! Weshalb soviel Studenten? ... Sollen die bösen Russen nur weiter immer höhere Summen für Wissenschaft, Technik und die Heranbildung einer Geisteselite ausgeben. Die westlichen Verantwortungspolitiker in Bonn lassen unsere Studenten lieber mühsam ihr Studium erhungern, um damit die Freiheit der Persönlichkeit zu fördern. Böblingen JÜRGEN STEFFEN Daß das Problem des technischen Nachwuchses so ernst und traurig ist, ist die Folge eines geradezu gigantischen Schildbürgerstreiches unserer Finanzpolitik: Während Dr. Schäffer mindestens seit 1953 laufend Milliarden von Steuergeldern hamstert und auf Eis legt - während gleichzeitig zumindest bis zum Sommer 1955 noch große unausgelastete Produktionsreserven vorhanden waren -, läßt man das wertvollste Gut eines Volkes, seine wissenschaftlichen, technischen und beruflichen Begabungen, mangels Geld für Ausbildungszwecke verkommen oder sich unter unerträglichen Studienbedingungen aufreiben. Koblenz FERDINAND SASSE Die gehorteten Gelder, die dazu dienen sollten, die Bundesrepublik militärisch zu stärken und die Gefahr aus dem Osten zu paralysieren, haben durch ihre Stillegung gerade das Gegenteil bewirkt, nämlich, wie Staatssekretär Leo Brandt auf dem Münchner Parteitag der SPD in überzeugender Weise ausführte, daß der Osten uns auf dem entscheidenden Gebiet des technischen Nachwuchses überflügeln konnte. Durch diese falsche Finanzpolitik hat sich die Bundesrepublik sozusagen selbst kastriert. Hamburg BERNHARD EHMCKE Ich bin davon überzeugt, daß uns vieles erspart geblieben wäre, wenn man die Massenarbeitslosigkeit in den Jahren 1930 bis 1932 beseitigt hätte. Unsere Finanzpolitiker haben damals schmählich versagt: Sie haben das zur sinnvollen Beschäftigung der Arbeitslosen notwendige Geld wegen der Beachtung der von irrenden Menschen konstruierten Deckungsvorschriften verweigert. Jetzt wartet die Finanzpolitik mit ähnlichen Schildbürgerstreichen auf. Wuppertal GERHARD ALTENBURG Es ist doch geradezu lächerlich, daß der Mensch, der sich anschickt, kosmische Kräfte zu beherrschen und auszunutzen, nicht in der Lage sein soll, die gesellschaftlichen Kräfte unter Kontrolle und zum sinnvollen Einsatz zu bringen, die er durch seinen technischen Schöpfergeist selbst entfesselt hat. Wir können und dürfen uns in der Auseinandersetzung auf der Ebene der wettbewerblichen Ko-Existenz nicht mit der Rolle des Zauberlehrlings zufrieden geben, wenn wir uns nicht selbst aufgeben wollen. Braunschweig WERNER GOSSLER"
"5","0.7108046114444733","0.7108046114444733","0.9","Score: 9.0/10 - Der Brief enthält eine humorvolle, aber scharfe Anmerkung über Roboter, die Wirtschaftskrisen vorhersagen könnten – und zwar nur, wenn sie auch die »Laune der Frauen« berechnen könnten. Dies ist eine direkte, ironische Referenz auf die Unberechenbarkeit menschlichen Verhaltens im Wirtschaftsleben. Die Bemerkung impliziert eine tiefe Skepsis gegenüber der Fähigkeit von Maschinen, komplexe soziale und wirtschaftliche Prozesse zu steuern. Es wird eine Angst vor einer übermäßigen Automatisierung und deren Grenzen thematisiert, was als explizite Ängste gegenüber technologischem Wandel gewertet werden kann. Die Aussage ist konkreter Hinweis auf die gesellschaftliche Wahrnehmung von Automatisierung.","Briefe","1956-11-13","https://www.spiegel.de/politik/roboter-magie-a-02b318a6-0002-0001-0000-000043064618?context=issue","Ich glaube, es ist gut, wenn man die Behauptung, daß die Roboter Wirtschaftskrisen vorausberechnen können, mit einem gewissen Vorbehalt zur Kenntnis nimmt. Denn wenn sie das tatsächlich fertigbrächten, könnten sie das Unberechenbare, nämlich die Laune der Frauen, berechnen. Wirtschaftskrisen sind ja keine Naturerscheinungen, sondern hängen in entscheidender Weise vom Verhalten der Frau Piesecke ab (SPIEGEL 2/1953: »Warenhäuser - Alles für Frau Piesecke""). Insbesondere wenn sie anfängt, sich nach guter Hausfrauenmanier zu Hause einen Notpfennig hinzulegen. Ich kenne viele Familien, bei denen es zur Ordnung gehört, einen gewissen Betrag als eiserne Reserve bar zu Hause parat zu halten ... Wenn die Wirtschaft diese eingefrorenen Gelder, ähnlich wie bei den stillgelegten Milliarden im Juliusturm, über den jetzigen Geldschöpfungsautomatismus unserer Notenbank (Handelswechsel oder Ausfuhrüberschüsse) oder einer staatlichen Politik des deficit spending* wieder regeneriert hat und Frau Piesecke holt auf ein dummes Gerücht hin oder auch aus handgreiflicheren Gründen (wie beispielsweise in unseren Tagen die Affäre in Ägypten) ihr Geld aus dem Strumpf und deckt sich auf Grund schmerzlicher Erfahrungen vorsorglich mit gewissen Vorräten ein, dann kann leidet eine inflationäre Situation entstehen. Umgekehrt können in dem Strumpfsparen und einer übermäßigen Kassenhaltung gefährliche krisenauslösende Momente stecken, wenn sich die wirtschaftspolitische Führung zu spät auf das Rezept des deficit spending besinnt... Minden (Westfalen) HORST TAUBE * Vorgriff des Staates auf künftige Haushaltsmittel."
"6","0.7440022826194763","0.7440022826194763","0.8","Score: 8.0/10 - Der Text enthält explizite Hoffnungen und Ängste bezüglich der Automatisierung. Dr. Fritz Baumgarten äußert eine klare positive Erwartung: Er sieht die Entwicklung als 'herrliche Zeiten' und begrüßt die Befreiung des Menschen durch Technik. Gleichzeitig wird die Angst vor einer 'Diktatur des Roboters' angedeutet, die durch die Warnungen von Norbert Wiener und die politische Reaktion der Gewerkschaften unterstrichen wird. Johannes P. H. Meyer und Georg Howald äußern Ängste vor der Unterdrückung freier Unternehmer- und Arbeitertum durch staatliche und gewerkschaftliche Einflussnahme, die durch die Automatisierung gefördert werden könnte. Die Kritik an der 'dummen Theorie der Gewerkschaften' und die Befürchtung, in ein 'neues Mittelalter' zurückgeworfen zu werden, zeigen eine starke affektive Dimension. Die Textpassagen beziehen sich direkt auf die gesellschaftlichen Auswirkungen der Automatisierung und die damit verbundenen Hoffnungen und Ängste.","Briefe","1955-08-09","https://www.spiegel.de/politik/roboter-a-ba2ae6d6-0002-0001-0000-000031970927?context=issue",". MED. FRITZ BAUMGARTEN Das von Ihnen so gründlich studierte wichtige Zeitproblem der Automation hatte ich bereits vor einiger Zeit durch die Lektüre eines hervorragend geschriebenen Buches kennengelernt: »Die Roboter sind unter uns« von Rolf Strehl*). Vielleicht interessiert die SPIEGEL-Leser, die sich - durch Ihren Aufsatz angeregt - noch eingehender mit dem Thema der Automation auseinandersetzen wollen, dieser und folgender Hinweis: Wie ich vor einigen Tagen erfahren habe, ist das von Ihnen erwähnte Buch des Roboter-Professors Wiener »The Human Use of Human Beings« jetzt unter dem Titel »Mensch und Menschmaschine« in deutscher Sprache erschienen**). Hannover DR.-ING. H. NIEBYLL Merke: Die »Druckknopf-Fabrik« stellt ausschließlich her Druckknöpfe. Aber: Die »Knopfdruck-Fabrik« braucht keine denkenden Köpfe. Boostedt HERBERT SCHIWEK *) Rolf Strehl: »Die Roboter sind unter uns«, Gerhard Stalling Verlag, Oldenburg (Oldbg.), 50 Abbildungen, 320 Seiten, 12,80 Mark. **) Norbert Wiener: »Mensch und Menschmaschine«, Alfred Metzner Verlag, Frankfurt (M), 212 Seiten, 12,50 Mark. Ihr sehr interessanter Artikel über Walter Reuther und die automation zeigt, wie jetzt auch in den bisher noch einigermaßen freien Demokratien die Gewerkschaftsführung leider immer mehr in die Staatsführung eingreift; daß wirklich freies Unternehmertum und freies Arbeitertum immer mehr unterdrückt werden und wir mit Riesenschritten einem neuen staatlichen Zunfttum mit allen seinen Freiheitsbeschränkungen, wie Ausschaltung der Anwendung neuer Erfindungen, Ausschaltung persönlicher Unternehmerinitiative usw., entgegengehen. Die dummen Theorien der Gewerkschaften werden uns, wenn ihnen nicht Einhalt geboten werden kann, sehr bald in ein neues Mittelalter ... zurückwerfen. Hamburg JOHANNES P. H. MEYER Das geschickte Eintreten Reuthers für die menschliche Arbeitskraft gegen das drohende Gespenst der Vollautomatisierung sollte den europäischen Gewerkschaftsführern Vorbild und Ansporn sein. Hier ist ihr Aufgabenbereich. Darauf sollten sie ihre ganze Kraft konzentrieren, nicht um als Maschinenstürmer tätig zu werden, sondern um mit aufgeschlossenem Geist dieses gewaltigste soziale Problem der Gegenwart und Zukunft lösen zu helfen. Düsseldorf GEORG HOWALD"
"7","0.7290242314338684","0.7290242314338684","0.8","Score: 8.0/10 - Der Text thematisiert die Automatisierung in der Stahlindustrie explizit und enthält sowohl Hoffnungen als auch Ängste. Horst Delattre äußert die Hoffnung, dass 61 % der Industriearbeiter sich zur Ausbildung als 'Automations-Experten' bereit erklären würden – ein klares Zeichen für die Bereitschaft, sich an den technologischen Wandel anzupassen. Gleichzeitig zeigt er Ängste vor den Folgen einer falschen Einführung: durch ungeeignete Arbeitskräfte entstehen große Sachschäden, weil diese aufgrund von Nervenbelastung versagen. Dies verdeutlicht die Angst vor der Überforderung des Menschen durch Technik. Dr. Möller-Klepzig und August Brischkofsky kritisieren technische Pannen und Mängel, die durch die Einführung von Automatisierung entstanden sind – ein Hinweis auf die Realität des technologischen Wandels, der nicht immer reibungslos verläuft. Die Textpassagen zeigen eine ambivalente Haltung: Technik wird als notwendig und fortschrittlich angesehen, aber auch als riskant, wenn sie nicht richtig eingeführt wird.","Briefe","1958-09-30","https://www.spiegel.de/politik/nerven-verdorben-a-66c050b3-0002-0001-0000-000041759229?context=issue","Die Quintessenz Ihres Artikels »Nerven statt Muskeln« ist doch wohl, daß durch die Einstellung ungeeigneter und mangelhaft ausgebildeter Arbeitskräfte an automatischen Stahl-Walzstraßen große Sachschäden in Kauf genommen werden mußten, weil diese Kräfte früher oder später auf Grund der extremen Nervenbelastungen versagten. Ersatz aber gab es nicht. - Meine Herren Industriekapitäne! Ich habe einmal in einer SPIEGEL-Meinungsumfrage gelesen, daß sich 61 Prozent der Industriearbeiter selbst dann zu »Automations-Experten« ausbilden lassen wollten, wenn finanzielle Opfer zu erwarten wären. Ich halte es deshalb für besser, die Automation erst einzuführen, wenn ein genügend großer Stab von Facharbeitern geschult ist. Essen HORST DELATTRE Die deutschen Walzwerksbauer haben bisher in ganz besonderem Maße auf die sehr differenzierten Wünsche der deutschen Werke eingehen können und sich auch an Entwicklungen herangewagt, deren Durchführung die Amerikaner bestimmt abgelehnt hätten. Gerade auf diesem Gebiet ist von deutscher Seite in den letzten Jahren Pionierarbeit geleistet worden, die auf jeden Fall hervorgehoben zu werden verdient. Sie fand ihre Belohnung zum Beispiel in den Riesenexportaufträgen, die deutsche Hüttenwerksbauer in Indien (Rourkela und Tata Jamshedpur) erhielten... Kürzlich wurde übrigens von einer Düsseldorfer Firma ein äußerst diffiziles Aluminium-Kaltwalzwerk nach den USA geliefert. Düsseldorf DR. MÖLLER-KLEPZIG Fachverlag für die Berg-, Hütten -, Metall- und Maschinenindustrie Ihr Artikel ist schon deshalb sehr interessant, weil man etwas über die Pannen in den Großwerken erfährt, welche durch die Automation ausgelöst wurden. Hört man sonst die Gespräche an, dann ist alles so großartig, so bis ins einzelne durchdacht, daß die Anlagen einmalig sind. Und nun zählen Sie eine ganze Reihe von Mängeln auf, die vor der Automation, als es nur schlicht und einfach »kontinuierliche Arbeitsweise« hieß, nicht vorgekommen sind. Duisburg AUGUST BRISCHKOFSKY Oberingenieur a.D."
"8","0.7090916037559509","0.7090916037559509","0.8","Score: 8.0/10 - Der Text diskutiert ausführlich die Rationalisierung in der Landwirtschaft und die Notwendigkeit, den traditionellen Bauerntyp durch einen modernen Unternehmer zu ersetzen. Die Begriffe »Rationalisieren«, »Produktivitätssteigerung« und »neue Lösungen« deuten auf technologischen Wandel hin. Die Kritik an der »Bauernromantik« und die Forderung nach wirtschaftlicher Modernisierung zeigen eine klare Auseinandersetzung mit den Konsequenzen von Automatisierung und technologischem Fortschritt. Die Ängste vor dem Verlust traditioneller Lebensformen und die Hoffnung auf wirtschaftliche Leistungsfähigkeit sind explizit formuliert. Die Diskussion über den »Thünemann-Hof« und die Voll-Montage-Technik deutet auf industrielle Bauverfahren hin, die mit Automatisierung verbunden sind. Dies ist ein klarer Hinweis auf gesellschaftliche Hoffnungen und Ängste im Kontext technologischen Wandels.","Briefe","1957-04-02","https://www.spiegel.de/politik/baeuerische-romanze-a-49a68b4b-0002-0001-0000-000041120805?context=issue","Ihr dankenswerter Aufsatz über den »Thünemann-Hof« und seine westfälischen Widersacher spiegelt so recht die beklagenswerte Ambivalenz zwischen den wirtschaftsnotwendigen, radikalen Rationalisierungsmaßnahmen und den konservativen Restaurationsbestrebungen einer erstarrten Bauernromantik wider, unter der unsere bundesrepublikanische Landwirtschaft zu leiden hat. Die Entwicklung schreitet fort und wird alle jene überrennen, die unter Hinweis auf bestimmte (aus dem Geiste von Blut- und Boden-Gedanken entstandene) Verordnungen unsere im wirtschaftlichen Konkurrenzkampf stehenden Landwirtschaftsbetriebe unter Denkmalsschutz gestellt sehen möchten. Rationalisieren heißt am Ende Produktivitätssteigerung, und das ist mit halben Maßnahmen nun einmal nicht zu erreichen. Der »Bauer« alten Stils wird sich zum »Unternehmer« wandeln müssen, wenn er zukünftig an den vielfachen Vorteilen eines an der einzigen Urproduktion Beteiligten teilnehmen will. Will er weiter »Bauer«, das heißt um jeden Preis »Bodenverbundener« sein, der nicht mit gewerblichen Zielen, sondern aus ethischen Absichten heraus wirtschaftet, dann wird er bald nicht mehr sein... Berlin-Dahlem DR. REINHOLD SACHS Diplomlandwirt Der »Thünemann-Hof« und einige wenige zugehörige Bauernhöfe in Westfalen sind, sachlich gesehen, zwar ein Versuch zu neuen Lösungen - aber beileibe noch keine durchgereifte Lösung! Zum Bauen gehört nun einmal mehr als nur Grundriß-Rechnen und Konstruktion! So einfach ist das Bauen nicht. Es ist ebenso wichtig, wie der Bau wirkt, denn andere müssen sich ihn jahrhundertelang anschauen, und die Landschaft muß ihn ertragen und -tragen! Das Konstruktionsprinzip der Voll-Montage von vorher gefertigten Einzelteilen, das hier angewandt wurde, hat sich selbst im Städte- und Siedlungsbau bisher nicht durchsetzen können; im landwirtschaftlichen Bauen wird es sich noch weniger durchsetzen - es sei denn, man baut ganze zusammenhängende Dörfer neu . . . Nun, mag Hessen sein Glück versuchen mit diesen Bauten - aber auch wohl erst nach einer Umarbeitung; ich befürchte sonst, daß man bald rufen wird: »Pflanzt Bäume drumherum, möglichst große und breite!« Essen DR.-ING. B. ORTMANN Baurat ... Eine Farm ist kein westfälischer Bauernhof? - Richtig, aber auf dieser läßt sich das Unternehmen Landwirtschaft mit Gewinn betreiben. Kiel WOLFGANG KROSTITZ cand. agr."
"9","0.7150087654590607","0.7150087654590607","0.7","Score: 7.0/10 - Der Brief enthält eine Umfrage zu den Erwartungen für das Jahr 1950, wobei 48 % Hoffnungen und 23 % Befürchtungen äußern. Dies zeigt eine gesellschaftliche Affektivität gegenüber der Zukunft, die auch technologische Veränderungen einschließen könnte. Obwohl der Text nicht explizit Computerisierung oder Automatisierung erwähnt, ist die Befürchtung im Kontext der Zeit (nach dem Krieg, in der Wiederbelebung der Wirtschaft) durchaus mit technologischem Wandel verknüpft. Die emotionale Dimension (Hoffnung vs. Befürchtung) ist klar erkennbar, was die Bewertung auf 7/10 rechtfertigt.","Briefe","1950-01-04","https://www.spiegel.de/politik/mit-hoffnung-a-90cc31d0-0002-0001-0000-000044445841?context=issue","In Nummer 47. Jahrgang 1949, berichteten Sie über einige Umfragen unseres Instituts. Es wird Sie darum interessieren, die Ergebnisse einer Umfrage zu erfahren, die wir im Dezember in Westdeutschland starteten. Die Frage lautete: »Sehen Sie dem Jahr 1950 mit Hoffnungen oder Befürchtungen entgegen«. Die Antworten: Mit Hoffnungen ... 48 v. H. Mit Befürchtungen ... 23 v. H. Mit Skepsis ... 17 v. H. Unentschieden ... 12 v. H. Allensbach INSTITUT FÜR DEMOSKOPIE"
"10","0.7095221281051636","0.7095221281051636","0.7","Score: 7.0/10 - Der Text thematisiert die Krise der Kohlenindustrie in der Ruhr und diskutiert Rationalisierung, Modernisierung und die Effizienzsteigerung durch technische Verbesserungen. Die Erwähnung, dass die Fördermenge trotz sinkender Zahl von Bergleuten steigt, deutet auf eine zunehmende Automatisierung und Rationalisierung hin. Die Bemerkung, dass die Zahl der Angestellten steigt, während die Zahl der Arbeiter fällt, impliziert eine Veränderung der Arbeitswelt durch technologische Fortschritte. Die Kritik an der mangelnden Investition in Modernisierung und die Forderung nach Stillegung unrentabler Zechen zeigen eine gesellschaftliche Auseinandersetzung mit den Folgen technologischer Veränderungen. Dies spiegelt implizite Ängste vor Arbeitsplatzverlust und Hoffnungen auf Effizienz wider – daher eine mittlere bis hohe Relevanz für die Forschungsfrage.","Briefe","1958-09-02","https://www.spiegel.de/politik/reduzierter-gewinn-a-3f0689ce-0002-0001-0000-000041758991?context=issue","Sie berichten wieder einmal sehr kenntnisreich über das Dilemma, in dem sich gegenwärtig die westdeutsche Kohlenproduktion befindet. Bei dem ganzen gegenwärtigen Klamauk sollte aber nicht vergessen werden, daß die Ruhr jahrelang der Prügelknabe für das sogenannte Wirtschaftswunder war. Nun wirkt sich auch hier die allgemeine Flaute nachhaltig aus, besonders darum, weil die Zechen in der Vergangenheit kaum Reserven schaffen konnten. Sie hatten die eiserne Faust der Preisdiktatur im Nacken und könnten nicht, wie sonst üblich, die Investitionen auf den Verbraucher abwälzen. In die »notleidende« Landwirtschaft werden seit Jahr und Tag Millionen und Millionen gepumpt. Auf der Kohle, die eines solchen staatlichen Geldsegens nicht teilhaftig wurde, wird jetzt herumgehackt. Dabei garantiert doch nur die heimische Kohleversorgung in Notzeiten dafür, daß das Feuer unter dem Süppchen brennt. z. Z. Hagen F. P. KOELLNER Gegenüber allen nationalistischen Autarkisten, die auch heute noch in Bergbau und Landwirtschaft Heiligtümer des Vaterlandes sehen, weil ihnen die Hungerblokkade von 1914/18 noch in den Knochen steckt, meine ich, daß wir uns auf das konzentrieren sollten, was wir gut und billig herstellen können. Wenn die Kohle aus Amerika trotz der dort traditionell sehr hohen Löhne und Sozialleistungen und trotz des weiten Transportes billiger ist, dann sollte man sie einführen. Und wenn der Käse aus Holland und Dänemark billiger ist, dann sollten wir den nehmen. Für den Bergbau aber ist der Kern der notwendigen Medizin: Stillegung unrentabler Zechen, Konzentrierung aller Mittel, auch staatlicher Subventionen, auf die Modernisierung 'ergiebiger Gruben und die Abteufung neuer Schächte. Alles andere ist nur eine Morphiumspritze. Frankfurt-Nied DR. WOLFGANG HILGER Der Krisenbericht sollte durch einige aufschlußreiche Zahlen ergänzt werden: Die 15 800 Bergleute unter Tage eines Zechenkonzerns (5,1 Prozent der Ruhrkohlenförderung) förderten in der Zeit vom 1. Oktober 1957 bis 31. März 1958 85 774 Tonnen Kohle mehr als im Halbjahr davor. Interessant dabei zu hören, daß die Zahl der Arbeiter um 302 fiel; interessant aber auch zu wissen, daß die Zahl der Angestellten im gleichen Zeitraum um, 42 stieg. Daß trotz Feierschichten und Entlassungen lustig immer mehr gefördert wird, kann man übrigens in der »Westdeutschen Allgemeinen Zeitung« vom 20. August 1958 nachlesen. Danach ist die Förderung in der Woche vom 11. bis 17. August um 269 350 Tonnen höher als in der Vorwoche gewesen (gesamter Ruhrbergbau). Warum also bleibt der Kohlepreis so hoch und damit die Tatsache bestehen, daß der Bergbau von sich aus nichts zur Lösung der Krise - und sei es auch noch so geringfügig - beitragen will? Nur auf den Wirtschaftsminister zu bauen, ist verfehlt, zumal dieser durch die Überrumpelung mit der letzten Preiserhöhung offensichtlich noch stark angeschlagen ist. Bochum DR. FRIED GOTHE Diplom-Kaufmann Die westdeutschen Kohlenhalden sind auf 10 Millionen Tonnen angewachsen"
"11","0.7360356152057648","0.7360356152057648","0.6","Score: 6.0/10 - Der Text thematisiert die Herausforderungen der modernen Industriegesellschaft und die Veränderung der Bildungssysteme im Kontext von technologischem Wandel. Hermann Rehbach betont, dass die moderne Industriegesellschaft neben Abiturienten auch Menschen benötigt, deren Wissen auf praktischer Tätigkeit aufbaut – ein Hinweis auf die Angst vor einer Überbewertung von Theorie und einer Entwertung von handwerklichem Können. Die Kritik an der 'Usurpation' des Namens 'Gymnasium' und die Einführung von 'Studienschulen' zeigt eine besorgte Haltung gegenüber der Veränderung der Bildung. Obwohl die Automatisierung nicht direkt erwähnt wird, wird implizit die Angst vor einer Entfremdung von der Arbeit und der Verdrängung traditioneller Berufe durch technologische Rationalisierung deutlich. Die Wortwahl (z. B. 'Bastionen der alten Bildung', 'Relikte', 'vernichten') trägt zu einer affektiven Dimension bei. Der Bezug ist indirekt, aber die gesellschaftliche Bedeutung der technologischen Veränderung ist erkennbar.","Briefe","1959-05-19","https://www.spiegel.de/politik/zu-neuen-plaenen-a-9174f0ac-0002-0001-0000-000042625381?context=issue","Es gibt keine »westdeutsche Schule«, genausowenig wie es eine »westdeutsche Kultur« gibt. Unser Staatswesen und darüber hinaus das gesamte deutsche Kulturgebiet, das mit dem deutschen Sprachgebiet in Mitteleuropa nahezu identisch ist, sind seit alters her in zahlreiche Regionalkulturen gegliedert, die aus den Stammesstaaten des alten Reiches hervorgegangen sind. Garching (München) BENNO GRIEBEL Die Leistung der Volksschüler ist im Durchschnitt mäßig. Sie sind den Anforderungen kaum gewachsen. Der Bildungsausschuß folgert daraus nicht (psychologisch und soziologisch): Für die in der Leistungsfähigkeit beeinträchtigten Kinder - verstärkte nervliche Belastung durch außerschulische Anforderungen, unsichere Lage infolge widriger Familienverhältnisse - müssen die Ziele tiefer gesteckt werden. Er folgert vielmehr (bildungsphilosophisch und kommerziell): Das bewährte Alte muß erhalten, das von der Wirtschaft her erforderliche Neue hinzugefügt werden. Das erinnert an die maghrebinische Geschichte, in der von faustgroßen Bienen erzählt wird und der Aufschneider auf den Einwand, daß die doch nicht durchs Flugloch könnten, antwortet: »Quietscht, aber geht!« Berlin-Hermsdorf FRITZ GRAAP Jede Reform der Volksschule ist illusorisch, solange die Disziplin nicht besser wird. Man fange doch beim Nächstliegenden an; jeder Lehrer, speziell in der Stadt, wird zugeben, daß er glatt 10 bis 20 Prozent mehr schaffen könnte, wenn er ausreichende, einfache und prompt wirkende gesetzliche Disziplinarbefugnisse besäße, um die winzige Minderheit der Störenfriede zu besserer Selbstbeherrschung zu zwingen. Man gebe ihm diese Handhaben, und die Volksschule ist schneller und kostenlos besser reformiert als durch jede langwierige und teure Reform. Hamburg-Blankenese ERNST TYLMANN Was spielt sich denn eigentlich ab? Die »moderne Industriegesellschaft« - das »vulgus« in der Sprache der alten Humanisten - hat sich die Bastionen der alten »Bildung« erobert. Nun ist man daran, die letzten Relikte zu beseitigen, etwas ärgerlich darüber, daß sie, wenn auch weitgehend ausgeleert, noch immer so ein zähes Leben besitzen. Die Technik des Vorgangs: Man usurpiert, um nun endlich auch die Form zu vernichten, den alten Namen »Gymnasium« für etwas, was offensichtlich nur eine vollkommen, das heißt bis zur Hochschulreife ausgebaute Volksschuloberstufe ist. Man drängt das wirkliche Gymnasium unter dem lächerlichen neuen Namen »Studienschule« auf ein Nebengeleise ab, wo es durch Ausnahmebestimmungen zum Aussterben verurteilt wird. Denn wer wird den neunjährigen Weg durch drei Fremdsprachen noch einschlagen wollen, wenn es daneben jetzt den siebenjährigen Weg mit »Förderstufe« durch zwei Fremdsprachen gibt, der zum gleichen Ziel führen soll? Oberstdorf (Allgäu) HERMANN REHBACH Studienprofessor Die moderne Industriegesellschaft braucht neben Abiturienten Menschen, deren theoretisches Wissen sich auf einer erlernten, praktischen Tätigkeit aufbaut"
"12","0.71476811170578","0.71476811170578","0.6","Score: 6.0/10 - Ein Leser kritisiert, dass »Probleme der modernen Technik zu kurz kommen«, was eine implizite Anerkennung der Bedeutung technologischen Wandels signalisiert. Die Bemerkung ist nicht ausführlich, aber sie zeigt, dass die Leserschaft die technologische Entwicklung als relevant empfindet. Die Aussage ist nicht direkt auf Computerisierung oder Automatisierung bezogen, aber sie deutet auf eine gesellschaftliche Sorge um technologische Entwicklung hin. Die affektive Dimension ist indirekt erkennbar, was die Bewertung auf 6/10 rechtfertigt.","Briefe","1954-01-05","https://www.spiegel.de/politik/der-fragebogen-a-f1024aab-0002-0001-0000-000028954929?context=issue",". Stuttgart Richard Ankele ...könnte ich mir im übrigen denken, daß Sie in Ihrer stets ansprechenden Art in wirtschaftlicher wie politischer Hinsicht unseren West-Ost-Beziehungen einen noch größeren Platz einräumen. Stuttgart Erich Rupp ...möchte ich bemängeln, daß meines Erachtens zuviel Wert auf rein wirtschaftliche und kaufmännische Fragen gelegt wird, während andererseits Probleme der modernen Technik zu kurz kommen ... Im allgemeinen habe ich den Eindruck, daß Sie seit der Affäre des SPIEGEL-Ausschusses leider erheblich zurückgesteckt haben ... Ich wünsche mir wieder einen SPIEGEL von derselben Schärfe und Kompromißlosigkeit wie vor dem anscheinend entnervenden SPIEGEL - Ausschuß. Kirchhofen Dr. Benno Müller Bitte setzen Sie sich dafür ein, daß die Wirtschaft wirklich frei wird, wie zur Zeit von Henry Ford, daß die Unternehmer tatsächlich soviel verdienen können, um Depressionen auch ohne staatliche Unterstützungen gewachsen zu sein ... Ich möchte wieder eine ruhige solide Wirtschaft sehen und nicht wie heute eine sich überspitzende, die einer Krise wie 1928 mit vollen Fahnen entgegenstürzt. Hamburg Johannes P. H. Meyer ... wir Berliner sind manchmal erstaunt über die Einstellung der SPIEGEL-Redaktion, die anscheinend die Berliner Verhältnisse nicht genau übersieht. Berlin Werner Albrecht Kapellmeister Da ich als Conférencier und Karikaturist öfter Gelegenheit nehme, Ihren SPIEGEL zu zitieren und mich immer mit Erfolg auf ihn berufen habe, möchte ich mit beiliegender Zeichnung Fragen 1 - 33 beantwortet haben. Bremen Fritz Hiddessen Sie hätten Ihrem Fragebogen noch eine Frage Nr. 35 anhängen sollen: »Möchten Sie gern wissen, wer sich hinter dem Pseudonym 'Jens Daniel' verbirgt?« Im übrigen bin ich der Ansicht, daß eine sogenannte Leserumfrage in Form des in Deutschland seit acht Jahren so beliebten »Fragebogens« nicht anonym beantwortet werden sollte. Das Ergebnis wird weniger wahrhaft sein. Hindelang Dr. med. Rupprecht Prinz zu Hohenlohe-Oehringen ... Artikel von Augstein in der Nr. 52/1953 war sehr gut geschrieben ... In jeder Nummer suche ich zuerst Jens Daniel. Er ist für mich ein aufrechter Mensch. Und gerade weil er so viel bekämpft wird (Leser-Briefe), ist er mir angenehm. Ich stamme aus dem Arbeiterkreise, bin 72 Jahre alt, aber seit meiner Jugend habe ich mich mit Politik befaßt. Bei politischen Gesprächen weise ich immer auf den SPIEGEL hin ... Köln Heinrich Fischer"
"13","0.7145561575889587","0.7145561575889587","0.6","Score: 6.0/10 - Ein Leser erwähnt, dass die Bonner Regierung zu sehr auf kurzfristige Folgen von Entscheidungen achtet und dass wirtschaftliche Probleme bei einer Vereinigung von Ost und West auftreten könnten. Dies impliziert eine Sorge um wirtschaftliche Veränderungen, die durch politische Entscheidungen ausgelöst werden. Obwohl der Text nicht explizit Computerisierung oder Automatisierung nennt, deutet die Befürchtung über wirtschaftliche Folgen auf eine latente Angst vor strukturellen Veränderungen hin, die auch technologische Umbrüche einschließen könnten. Die affektive Dimension ist erkennbar, aber indirekt.","Briefe","1952-06-10","https://www.spiegel.de/politik/der-demokratie-eine-chance-a-98d4c321-0002-0001-0000-000021977190?context=issue",". Hamburg Heinz H. R. Wichmann In einer Nummer die Fanfare gegen den Gewerkschaftsterror und der Artikel von Jens Daniel! Das bringt nur der SPIEGEL fertig. Weiter so unabhängig! Berlin Anneliese Wittlich Die Glossierung der heute in der Regierungskoalition sitzenden Parteien ist wirklich treffend erfolgt, und die Doppelzüngigkeit der sogenannten Rechtsparteien wird auch mit deren Zustimmung zum Generalvertrag wieder einmal sehr augenscheinlich. Da unser politisches Ziel Nr. 1 die Wiederherstellung der Einheit als Ausgangspunkt jeder neuen Kernbildung sein muß, ist das Russenangebot auf jeden Fall wert genug, um über alle Hemmungen und alles Wenn und Aber hinweg zumindest verhandelt zu werden. Eine leichtfertige Absage aus der Theorie heraus, wäre ein unverantwortliches Vergehen am Gesamtvolk. Bremen Hans-H. Voth 125 000 Exemplare dieser SPIEGEL-Ausgabe enthalten einen Prospekt der Firma Elbeo-Werke, Augsburg Das, was Sie zum Thema der Wiedervereinigung Deutschlands in letzter Zeit so prägnant und mahnend gesagt haben, hat sicherlich ein ganz weites und eindringliches Echo gefunden. Aber sehen Sie sich die Herren in Bonn an: Sie sind ein einsamer Rufer in der Wüste. Bremen Christian Hilker Die Worte des Artikels »Der Demokratie eine Chance« von Jens Daniel im heutigen Heft sind, wie man wohl mit Sicherheit sagen kann, die Meinung eines jeden Deutschen mit »common sense« und sind meinen Freunden und mir aus dem Herzen geschrieben. Man darf nur hoffen, daß sich jemand, dem es möglich ist, findet und jedem Bundestagsabgeordneten ein Freiexemplar des SPIEGEL Nr. 21 bezahlt. Stuttgart-Degerloch Hans A. Duerr »Der Demokratie eine Chance« - ein bemerkenswerter Artikel von Herrn Daniel mit interessanten, auf keinen Fall abwegigen, aber auch nicht neuen Gedanken, nur mit einem »Fehler"": Herr Daniel betrachtet die Entwicklungsmöglichkeiten Deutschlands von zu hoher Warte aus, gemessen an der Bonner Regierung. Man kann annehmen, daß auch dort diese oder ähnliche Überlegungen angestellt wurden, wenn man voraussetzt, daß man dort intelligent genug dazu ist. Herrn Daniels Pläne befassen sich mit der Zukunft Deutschlands auf mindestens 20 Jahre Sichtweite und rechnen damit, daß Deutschland einmal das Zünglein an der Waage sein kann, daß es mit Demokratie und Stärke eines Tages den Ost-Westkonflikt beseitigen kann. Daran aber scheint Bonn gar nicht interessiert zu sein, sondern dort lebt man von einem Tag zum anderen, bestenfalls von einem Jahr zum anderen, auch wenn man Verträge über 50 Jahre abschließt. Die Bonner »Vertreter des Volkes« befassen sich zu sehr mit den Folgen, die eine Entscheidung im Laufe des nächsten Jahres haben könnte. Und da sieht man schwarz, denn es würde sich bei einer Vereinigung von Ost und West so allerhand Unangenehmes ergeben, was zwar weniger mit politischen Ereignissen, sondern mit wirtschaftlichen zu tun haben würde"
"14","0.7102824151515961","0.7102824151515961","0.6","Score: 6.0/10 - Der Brief kritisiert westliche Paktsysteme und diskutiert die Gefahren der Verkalkung der westlichen Völker. Es gibt eine kritische Haltung gegenüber der politischen und militärischen Strategie, aber keine Erwähnung von Technologie. Die Argumentation ist geopolitisch und historisch, ohne Bezug zu technologischem Wandel. Die Befürchtung ist eher ideologisch als technologisch. Die Bewertung liegt bei 6/10, da die affektive Dimension (Pessimismus, Sorge) erkennbar ist, aber der Bezug zur Forschungsfrage indirekt.","Briefe","1956-04-03","https://www.spiegel.de/politik/stabilitaet-a-59750b8c-0002-0001-0000-000043061754?context=issue","Mit großer Freude nahm ich die Formulierungen Ihres Kommentators Jens Daniel in seinem letzten Artikel »Das Gerede von der Stabilität« zur Kenntnis. Vor allem sein Hinweis auf die Sinnlosigkeit und Gefahr der westlichen Paktsysteme (Seato und Bagdad-Pakt) als »Nothelfer« der kommunistischen Sache scheint mir besonderer Beachtung wert. Leider habe ich als Ägypter in der Bundesrepublik sehr selten solch eine vernünftige Analyse der Situation im Nahen und Fernen Osten in der Presse gefunden. Ich möchte Ihnen daher für diesen Bericht meinen Dank aussprechen, wie ich auch schon für andere sachliche Berichte Ihrer Zeitschrift über die Lage im Vorderen Orient Ihnen meine Anerkennung nicht versagen möchte. Köln A. LOTFY ABDELASIM Wenn Herr Daniel meint, man würde durch das »Angebot eines Lösegeldes für den unter die Wilden gefallenen Bruder« ... »viel über die Natur und Denkweise der Barbaren erfahren«, so bedauere ich, daß der SPIEGEL-Leitartikler nicht die ganzen Jahre in Berlin oder in der Sowjetzone so viel Erfahrungen sammeln konnte, daß er damit hinreichend eingedeckt wäre. Hier in Berlin und in der Sowjetzone gibt es nicht den geringsten Zweifel über das, was die »Natur« der Sowjets ausmacht und was sie wollen ... Berlin ERNST DIPPEBETTMAR Für unsere zur Zeit führenden Bundespolitiker wie für den Durchschnittsbundesbürger ist derjenige, der weder Kommißstiefel (Nato-Politik), noch Wohlfahrtsstaat, noch Kirchenpolitik liebt, leider nur als Kommunist denkbar. Wesel ERHARD NUHR Die Behauptung, daß die westlichen Völker »an ihrer eigenen Verkalkung« zugrunde gehen werden, zieht sich wie ein roter Faden durch alle Daniel-Analysen. Warum so verzweifelt pessimistisch? Auf den Höhepunkten der Gefahr haben die westlichen Völker bisher immer wieder ihre Gegensätze untereinander zugunsten eines gemeinsamen Zieles zurückgestellt; vor Jahrhunderten gegen Slawen, Sarazenen und Türken, zu Beginn des vergangenen Jahrhunderts gegen den Usurpator Napoleon Bonaparte, in unserer Zeit gegen die Hegemoniebestrebungen des Dritten Reiches. Und in allerneuester Zeit hat die Luftbrücke während der Blockade Berlins auch der östlichen Erdhälfte die Grenzen ihrer Ausdehnungsmöglichkeiten gezeigt. Weiterhin ist es noch sehr fraglich, ob die Länder, die bis vor kurzem unter der europäischen Kolonialherrschaft standen, ihre neue Freiheit gegen eine Bevormundung Moskaus einzutauschen gewillt sind. Wuppertal PETER HEINS Nur ein weniger starres Festhalten an überlebten zwischenstaatlichen Beziehungen wie EVG, Nato, Montan-Union und eine gegenseitige Konsultierung der einzelnen Staaten untereinander könnte zu einer gemeinsamen westeuropäischen Politik gegenüber der Sowjet-Union führen ... Rendsburg RUDOLF NIETER .."
"15","0.7087282836437225","0.7087282836437225","0.6","Score: 6.0/10 - Der Text kritisiert die politische Passivität des deutschen Volkes und die Angst vor Veränderung. Die Formulierung »Wir schlafen weiter« und die Kritik an der »schwarzumnebelten Verstand« deuten auf eine gesellschaftliche Unfähigkeit zur Auseinandersetzung mit schwierigen Themen hin. Die Diskussion über die »Atomfreie Zone« und die Karikatur in der »Deutschen Soldaten-Zeitung« zeigt eine Auseinandersetzung mit technologischen und militärischen Entwicklungen, insbesondere mit der Atomwaffe. Obwohl keine direkte Erwähnung von Computern oder Automatisierung erfolgt, wird die Angst vor technologischen Risiken (Atomkrieg) und die Unfähigkeit, sich mit neuen Realitäten auseinanderzusetzen, thematisiert. Dies impliziert eine gesellschaftliche Angst vor technologischem Fortschritt, der außerhalb der Kontrolle ist. Die Bewertung liegt daher im mittleren Bereich, da die Ängste zwar nicht direkt auf Computerisierung bezogen sind, aber auf technologischen Wandel im Allgemeinen.","Briefe","1958-03-11","https://www.spiegel.de/politik/konventionelle-illusion-a-5b8f24ec-0002-0001-0000-000041760878?context=issue","Wie können Sie, Herr Jens Daniel, nur so undiplomatisch sein und sich erdreisten, im richtigen Augenblick in treffenden Leitartikeln und Kommentaren die Wahrheit zu sagen? Sie sollten längst wissen, daß Sie im »Weißen Haus« zu Washington und im »Schwarzen Haus« zu Bonn nur Verwirrung anstiften. Zumal dann, wenn unser Herr Bundeskanzler schon wieder in Urlaub ist! Warum machen Sie sich eigentlich die (vergebliche) Mühe, den schwarzumnebelten Verstand des bundesdeutschen Wirtschaftswundermenschen zu erleuchten? Bequemlichkeit und Gewinnsucht sind doch heute Trumpf! Heulen Sie doch bitte in Zukunft mit den Wölfen! Das ist doch auch für Sie viel einfacher! Das deutsche Volk ist ein Volk von politisch urteilslosen Schlafmützen: Ganze Jahrhunderte wurden verschlafen. Warum sollen wir jetzt nicht weiter schlafen? Sie können doch nicht einfach unsere jahrhundertealten Traditionen über den Haufen werfen! Nein, nein, Herr Daniel, so geht das nicht. Für uns Deutsche soll es erst wieder ein böses Erwachen nach dem dritten Weltkrieg geben! Nach alter Tradition! Und dann wird wieder geschlafen! Kronberg (Taunus) GEORG-WILHELM OHST Die USA wollen und können nicht die Sicherheit einer militärisch verdünnten Zone in Mitteleuropa garantieren, wenn sie bei einem regional begrenzten sowjetischen Angriff mit konventionellen Waffen die H-Bombe einsetzen müßten und so in Gefahr gerieten, durch die sowjetische Vergeltung selbst schwer geschlagen zu werden. Nette Aussichten für uns und die ganze Welt, wenn dann eines Tages der Kreml darauf spekulierte, daß Washington seine Garantie wegen des damit verbundenen Risikos kaum einlösen werde. Berlin NW 21 DIETRICH JAHN stud. rer. pol. In der »Deutschen Soldaten-Zeitung« fand ich zum Thema »Atomfreie Zone« beigefügte Karikatur. Ich habe die Zeichnung etwas abgewandelt und beide Skizzen mit einem Begleittext versehen. Idar-Oberstein DR. RICHARD METZGER Amtsgerichtsrat Deutsche Soldaten-Zeitung Michel, davon keinen Ton: Atomfreie Zone - Illusion. Michel, zeig, wie stark du bist: Sei vor allem - Realist."
"16","0.7379858493804932","0.7379858493804932","0.5","Score: 5.0/10 - Der Text kritisiert die Motorisierung und den Individualverkehr in den USA, insbesondere im Kontext der hohen Bevölkerungsdichte in Westdeutschland. Er thematisiert die Angst vor einer Überlastung der Infrastruktur und der Verkehrsstauungen. Obwohl die Technologie (Kraftfahrzeuge) und der technologische Wandel (Verkehrsentwicklung) erwähnt werden, ist die Automatisierung oder Computerisierung nicht Gegenstand der Diskussion. Die Kritik richtet sich auf die soziale Ungerechtigkeit im Verkehrssystem und die Priorisierung privater Verkehrsmittel. Es gibt keine Aussagen über Arbeitsplätze, Arbeitszeit, Büroautomatisierung oder ähnliche Themen. Der Bezug zur Forschungsfrage ist indirekt und schwach, da der technologische Wandel hier nicht im Sinne von Automatisierung oder Computerisierung, sondern im Sinne von Verkehrstechnik betrachtet wird.","Briefe","1952-01-29","https://www.spiegel.de/politik/staedtebau-a-f1a1bab9-0002-0001-0000-000021058662?context=issue","(Nr. 1/52, Stadtplanung) Sie schreiben »noch hat Deutschland nicht den Grad der Motorisierung erreicht wie die USA, wo auf 3,4 Einwohner ein Kraftfahrzeug entfällt, gegenüber 20 Einwohnern von Westdeutschland«. Gott behüte uns vor einer dergestalteten Zukunft, denn diese Milchmädchenrechnung unterschlägt den wesentlichen Umstand, daß die USA eine Bevölkerungsdichte von etwa 18, Westdeutschland dagegen eine solche von über 180 Einwohner auf den Quadratkilometer aufweist. Also das 10fache. Diese 180 Einwohner wollen alle von den Bodenerträgnissen dieses kargen Lebensraumes leben. Die Bezeichnung »moderner Moloch und die Geißel des 20sten Jahrhunderts« ist unter diesen Gesichtspunkten vollauf berechtigt. Anliegend gebe ich Ihnen Auszüge aus der Zeitschrift Transit Journal, der amerikanischen Zeitschrift der Nahverkehrsbetriebe, welche ich dort 1936 entnommen habe: »Wesentlich für eine tatsächliche Lösung des Verkehrsproblems ist eine wirksame Lösung des Problems der Verkehrsstauungen. Ernstliche Verkehrsstauungen bestehen in jeder Stadt der Vereinigten Staaten. Es ist keine Uebertreibung, wenn man sagt, daß der Fortschritt, der in der Lösung des Verkehrsproblems gemacht wurde, geringer ist als in der Lösung irgend eines anderen Problems von allgemeiner Bedeutung. »Was wollen wir denn erreichen? Wünschen wir, daß es dem Bankier leichter werde, im eigenen Wagen nach seinem Büro zu gelangen, oder daß es dem Kohlenhändler leichter falle, seine Lieferungen abzuladen, oder daß der Fußgänger ein leichteres Vorwärtskommen hat, oder der Vorstadtbewohner rascher seine Einkäufe tätigen, der Arbeiter täglich zu seiner Arbeit hin- und herfahren kann? Die wichtigsten Interessen sind diejenigen, welche den meisten Leuten nützen. »Millionen von Dollars wurden ausgegeben, um Erleichterungen zu schaffen, die nur einer geringen Zahl dienen. Beinahe ständig war man, wenn das Verkehrsproblem gelöst werden sollte, bestrebt, den Benützern privater Verkehrsmittel eher zu helfen als denen der öffentlichen Verkehrsmittel, obwohl letztere überall in der Mehrzahl sind. Früher oder später müssen sich die Verkehrsunternehmer der Lage anpassen. Wenn sie das nicht tun, werden alle ihre übrigen Anstrengungen, den Verkehr zu steigern, zunichte gemacht.« Nürnberg Dipl.-Ing. Friedrich Schwend, Direktor a. D."
"17","0.7348423600196838","0.7348423600196838","0.5","Score: 5.0/10 - Der Text beschreibt die Einstellung westdeutscher Arbeiter gegenüber dem Stachanow-System und der östlichen Arbeitskultur. Er betont, dass die Freiheit für die Arbeiter wichtiger sei als einige Feierschichten. Die Kritik richtet sich gegen die Gewerkschaft, die schweigt, wenn sie als Förderer roter Stimmungsmache gilt. Obwohl die Automatisierung nicht direkt erwähnt wird, wird die Angst vor einer autoritären, staatlich gesteuerten Arbeitskultur angedeutet. Die Diskussion über das Stachanow-System ist ein Hinweis auf die Angst vor einer Überwachung und Rationalisierung der Arbeit durch staatliche Systeme. Allerdings fehlt jeglicher direkter Bezug zu Computerisierung, Robotern oder technologischem Wandel. Die Textpassage ist eher politisch-ideologisch und thematisiert die Freiheit im Arbeitsleben, aber nicht die technologischen Ursachen dieser Freiheit oder deren Verlust.","Briefe","1959-03-31","https://www.spiegel.de/politik/besuch-in-leipzig-a-ec869817-0002-0001-0000-000042624901?context=issue",". Versorgung und Unterkunft sind gut, täglich ein Taschengeld, und die ausfallenden Arbeitstage werden großzügig erstattet. Und doch hat man einige vernünftige Arbeiter nicht damit blind machen können. Alle wurden zu »Gewerkschaftsfunktionären« gemacht, und in der Begrüßung wurde erwähnt, daß sich sehr viele Mitglieder der SPD unter uns befinden. Ich habe nachher erfahren, daß es nur ein einziges Mitglied war. Bochum HEINZ KOPATZ Trotz Feierschichten glaube ich nicht, daß es im allgemeinen den westdeutschen Arbeiter gelüstet, am Stachanow-Hennecke-System und anderen östlichen Errungenschaften teilzuhaben. Die Freiheit ist kostbarer, als daß man sie wegen einiger Feierschichten verkauft. Wenn die Gewerkschaft dazu schweigt, dann mag sie sich nicht wundern, wenn sie in den Verdacht gerät, rote Stimmungsmache zu befürworten. Berlin W 30 MANFRED DESSAU * In seiner Leipziger Rede sagte Eckerlin u.a.: »Das Wirtschaftswunder Ist vorbei, und wieder suchen die Kapitalisten nach reiner kapitalistischer Methode nach einem Ausweg: Sie beginnen mit der Wiederaufrüstung.« Eckerlin"
"18","0.7208130657672882","0.7208130657672882","0.5","Score: 5.0/10 - Der Text erwähnt Arbeitsbeschaffungsprogramme und soziale Reformen, aber primär im Kontext der Sozialpolitik und der Leistungen des Bundesarbeitsministers. Es gibt keine explizite Thematisierung von Computerisierung, Automatisierung oder technologischem Wandel. Die Rede von der 'Wiederherstellung der Einheit' und der 'Arbeitslosenhilfe' ist eher politisch-sozialer Natur. Obwohl die Arbeitswelt thematisiert wird, fehlt jegliche Verbindung zu technologischem Wandel oder dessen Auswirkungen auf Arbeitsplätze. Die Aussage ist deskriptiv und technisch neutral, ohne affektive oder evaluative Dimension bezüglich Technologie.","Briefe","1956-01-24","https://www.spiegel.de/politik/anton-storch-a-c89d51db-0002-0001-0000-000031587185?context=issue",". Doch der Blick in die Vergangenheit lohnt. Da sind zunächst einmal folgende Sätze aus Bismarcks Reichstagsrede vom 15. März 1884, die sich Herr Storch ins Stammbuch schreiben sollte: »Hat der Staat die Pflicht, für seine hilflosen Mitbürger zu sorgen, oder hat er sie nicht? - Ich behaupte, er hat diese Pflicht, und zwar nicht nur der christliche Staat, wie ich mir mit den Worten praktisches Christentum' einmal anzudeuten erlaubte, sondern jeder Staat an und für sich.' Den Herren Gutachter-Professoren möchte ich das Gespräch Bismarcks vom 26. Juni 1881 ins Gedächtnis rufen, zumal sie bereits vor dem Slogan »Wohlfahrtsstaat« zu Tode erschrecken: »Nicht Almosen, sondern als Recht auf Versorgung, wo der gute Wille zur Arbeit nicht mehr kann. Wozu soll nur der, welcher im Kriege oder als Beamter erwerbsunfähig geworden ist, Pensionen haben, und nicht auch der Soldat der Arbeit? - Die Sache wird sich durchdrücken. Sie hat ihre Zukunft. Es ist möglich, daß unsere Politik einmal zugrunde geht, wenn ich tot bin. Aber der Staatssozialismus paukt sich durch. Jeder, der diesen Gedanken wieder aufnimmt, wird ans Ruder kommen,, . Bad Gandersheim HANS SEEBERG An »20 000 Paragraphen gescheitert« nennen Sie Ihre Veröffentlichung. Der unkundige Leser muß hieraus den Eindruck gewinnen, als ob im Bundesarbeitsministerium nur an der Sozialreform - und das auch nur schleppend-gearbeitet würde. Mit keinem Wort erwähnen Sie die bisherigen Arbeitsergebnisse, die Anton Storch maßgeblich vorantrieb. Ich nenne nur das erste Arbeitsbeschaffungsprogramm der Bundesregierung mit seiner ankurbelnden Wirkung auf das Wirtschaftsleben. 4,2 Millionen mehr Beschäftigte innerhalb von sechs Jahren ist das bisherige Ergebnis... Als Storch sein Amt antrat, fehlte jede Rechtseinheit im Arbeits- und Sozialrecht, die betrieblichen Beziehungen zwischen Arbeitgebern und Arbeitnehmern verlangten gebieterisch ihre Neuordnung wie auch die Fragen des Unfall- und Arbeitsschutzes. Weitere Gebiete: Arbeitslosenhilfe, Rentenversicherung für Arbeiter und Angestellte, Sorge für die Kriegsbeschädigten und Hinterbliebenen, für die Heimkehrer und Jugendlichen. - In den Vereinigten Staaten von Amerika brauchte man sechs Jahre für die auf sozialem Gebiet zu treffenden gesetzgeberischen Maßnahmen. Dieses Beispiel zeigt, daß man vom Bundesarbeitsminister Anton Storch mit seinem kleinen Mitarbeiterkreis nichts Unmögliches verlangen soll. Bonn HERMANN BUES"
"19","0.7177560925483704","0.7177560925483704","0.5","Score: 5.0/10 - Der Text behandelt die wirtschaftliche Lage, Lohnsteigerungen, Überproduktion und den Exportüberschuß. Es wird diskutiert, ob eine Lohnexpansion zu Preissteigerungen führen könnte oder zur Vermeidung eines Preissturzes beitragen. Die Debatte dreht sich um wirtschaftspolitische Strategien und die Rolle der Gewerkschaften. Obwohl es um wirtschaftliche Strukturen geht, fehlt jeglicher Bezug zu Automatisierung, Computerisierung oder technologischem Wandel. Die Angst vor wirtschaftlichem Zusammenbruch ist vorhanden, aber nicht auf technologische Entwicklung zurückzuführen. Die Aussage ist technisch-ökonomisch, aber nicht technologiebezogen. Keine explizite Thematisierung von technologischem Wandel.","Briefe","1954-08-31","https://www.spiegel.de/politik/loehne-a-c6cbbba8-0002-0001-0000-000028957344?context=issue","(Nr. 33/1954, Deutschland, und Nr. 34/1954, Briefe) Aus den Stellungnahmen des Wirtschaftswissenschaftlichen Instituts der Gewerkschaften geht hervor, daß dort nicht mit einer noch langen Dauer der Hochkonjunktur gerechnet wird. Über diese Meinung kann man streiten. Aber das WWI steht mit dieser Meinung keineswegs allein. Ein Umschwung der Konjunktur kündigt sich nun jedoch nicht nur durch Überproduktion, sondern alsbald auch durch einen ruinösen Preissturz an. Da eine durch Lohnsteigerung hervorgerufene Kaufkraftexpansion sich angesichts des heutigen Lebensstandards wahrscheinlich nicht gleich am nächsten Tage als ruckartig gesteigerte Nachfrage, sondern erst allmählich in der Anschaffung größerer Güter auswirken wird, dürfte in ihrer Plötzlichkeit keine Gefahr liegen, ganz abgesehen davon, daß ein kontinuierlicher Lohnanstieg durch gewerkschaftliche Praktiken kaum durchzusetzen ist, vor allem nicht, wenn man auf das Mittel des Streiks angewiesen ist. Man kann nicht aller Nasen lang um winzige Beträge streiken. Es ist deshalb durchaus möglich, daß eine allgemeine Lohnerhöhung nicht zu Preissteigerungen führt, sondern dazu verhilft, die Überproduktion rechtzeitig wegzukaufen und damit den noch gefährlicheren Preissturz zu verhindern. Im Ganzen - Einzelfälle können natürlich anders liegen - spricht die Situation des deutschen Außenhandels eher für als gegen eine Lohnexpansion. Es ist keine ganz angenehme Lage für ein Land, das vor wenigen Jahren die schlimmste Niederlage seiner Geschichte erlitten hat, wenn es sich zu einem Gläubiger vieler, darunter mancher Siegernationen entwickelt. Dieser für alle Beteiligten ärgerliche Zustand kann - von anderen Faktoren abgesehen - mit einigem Recht auch auf die deutsche Lohnsituation zurückgeführt werden. Dies geschieht heute vielfach im Ausland, wenn auch sicher nicht aus Liebe zum deutschen Arbeiter. Daß ein solcher Exportüberschuß zum Teil auch durch zu niedrige Löhne zustande kommt und daß der Importunterschuß nicht ohne Schaffung neuer Kaufkraft, z. B. durch Lohnsteigerungen, zu beseitigen ist, ist eine Argumentation, die schlecht widerlegt werden kann. Dortmund Hans Paul Bahrdt"
"20","0.716108500957489","0.716108500957489","0.5","Score: 5.0/10 - Der Text thematisiert einen Streik in Schleswig-Holstein und kritisiert die 'destruktiven Erscheinungen' eines Streiks. Es wird befürchtet, dass das Wirtschaftswunder 'dahinschmelzen wie Butter an der Sonne' könnte. Die Angst ist wirtschaftlich und sozial, aber nicht technologisch. Es gibt keine Erwähnung von Automatisierung, Computerisierung oder technischem Wandel. Die Kritik bezieht sich auf die Gewerkschaft und die Streikpraxis, nicht auf technologische Entwicklung. Die Aussage ist politisch-ökonomisch, aber nicht technologiebezogen. Keine explizite Thematisierung von technologischem Wandel oder dessen Auswirkungen auf Arbeitsplätze.","Briefe","1957-01-26","https://www.spiegel.de/politik/bis-zum-bitteren-ende-a-106f4bd4-0002-0001-0000-000041120338?context=issue","Lob dem objektiven Artikel, der die Auseinandersetzung in Schleswig-Holstein von verschiedenen Seiten betrachtet. Doch sind die von der Gewerkschaft gestellten Forderungen unvernünftig? Ist die Gewerkschaft an der Preistreiberei schuld? ... Wahrscheinlich werden die Personen, die soziale Angleichungen verzögern, im Krankheitsfalle nicht von ähnlichen Härten getroffen! Abschließend bleibt nur zu hoffen, daß eine staatliche Anti -Streikregelung nicht erreicht wird, da sich andernfalls der soziale Fortschritt fixiert. Düsseldorf-Unterrath PETER ZAHN Bei allem Verständnis für einen aus gegebenem Anlaß ausgerufenen Streik ist die Tatsache des in Schleswig-Holstein bis zum bitteren Ende beharrlich fortgeführten Metallarbeiterstreiks ein kaum zu überbietendes Kuriosum. Die Erklärung in der Streikzeitung: »Mit Genugtuung stellen wir fest, daß der Ausstand der schleswig-holsteinischen Metallarbeiter die Metallindustrie des Landes schwer getroffen hat«, läßt an Zynismus wohl nichts zu wünschen übrig. Ich finde, einem modernen Industriestaat stehen derart destruktive Erscheinungen nur schlecht zu Gesicht. Wenn unsere Regierung hier machtlos ist, weil sich ihr zur Beilegung des Streiks keine rechtliche Handhabe bietet, wird das deutsche Wirtschaftswunder dahinschmelzen wie Butter an der Sonne. Frankfurt WOLFGANG HOCKE Redakteur und Fachschriftsteller"
"21","0.7160344123840332","0.7160344123840332","0.5","Score: 5.0/10 - Der Text diskutiert die Sozialisierung des Ruhrbergbaus, die europäische Wirtschaftsgemeinschaft und die Rolle der Kohleindustrie. Es gibt eine kritische Auseinandersetzung mit der Marktlage, Subventionen und der europäischen Integration. Die Angst vor der 'Entnationalisierung' und der Veränderung der wirtschaftlichen Strukturen ist vorhanden, aber nicht technologisch. Die Rede von 'Atomkraft' ist nur als mögliche Alternative erwähnt, ohne tiefere Diskussion. Es gibt keine explizite Thematisierung von Computerisierung oder Automatisierung. Die Debatte ist wirtschaftspolitisch und strukturell, nicht technologisch. Keine Hinweise auf technologischen Wandel in der Arbeitswelt.","Briefe","1957-11-05","https://www.spiegel.de/politik/kohlen-kunde-a-0abcdf6e-0002-0001-0000-000041759761?context=issue",". Essen DR. FRANZ GROSSE Ruhrkohlen-Beratung Geschäftsführung SPIEGEL-Leser Bohnhorst (Nr. 42/1957, Briefe) irrt, wenn er eine Sozialisierung des Ruhrbergbaues fordert: - Der Kohlevorrat reicht noch für Hunderte von Jahren. Mit dem Grade der technischen Entwicklung wird er ständig an Wert verlieren. Die Kohle braucht also nicht geschont zu werden. Einem Abbau nach dem ökonomischen Prinzip steht nichts im Wege. - Die Sozialisierung ändert nur die Eigentumsverhältnisse, nicht die Marktlage. Subventionierungen, um den Preis zu halten, müßte ohnehin der Steuerzahler tragen. - Ein staatlich betriebener Bergbau wird als erstes die Konkurrenz ausschalten und dadurch die freiwirtschaftlichen Ausweichmöglichkeiten auf Erdöl, Importkohle und vielleicht sogar auf die Atomkraft verhindern. Dortmund GEBHARD HABEDANK Zu der etwas mysteriösen Äußerung des Herrn Wimmelmann, daß einem angst und bange werden kann, wenn man bedenkt, daß wir erst am Anfang der europäischen Wirtschaftsgemeinschaft stehen, ist zu wissen von Interesse, daß Fr. Perroux, Direktor des Pariser Instituts für angewandte Wirtschaftswissenschaften, es vor nicht langer Zeit als wirtschaftspolitisches Ziel ersten Ranges der europäischen Integration bezeichnet hat, »ob die echten politischen Kräfte das Ruhrgebiet zu entnationalisieren und dieses deutsche Entwicklungszentrum in ein europäisches und Weltzentrum zu verwandeln vermögen«. - Ob zu dieser Entwicklung die klein-europäische gemeinsame Blockbildung oder die allgemeine Liberalisierung von Güteraustausch und Zahlungsverkehr ohne abrupte Eingriffe in das außenwirtschaftliche Gefüge und ohne Diskriminierung der bessere Weg ist, bleibt dahingestellt. Bremen PROF. DR. KERMANN Nimmt es wunder, wenn sich die Frage erhebt, wieso man sich »von oben her« derart überrascht und entrüstet gebärdet, da doch nun zwangsläufig das offenbar wird, was man beim Abschluß der betreffenden Verträge dem Volke zunächst höflich verschwiegen hat? Es wird befürchtet, daß beim Wirksam werden der EWU noch ganz andere Pferdefüße zum Vorschein kommen. Ludwigshafen (Rhein) EDWIN SEIPT Die Welt Druck auf das Ruhrkartell Die Zeit Mies - Moneten - Montan-Union: Wirtschaftliche Vereinigung von Kohle und Stahl, um durch ein größeres Wirtschaftsgebiet eine Verbilligung der Erzeugnisse zu erreichen."
"22","0.7150819301605225","0.7150819301605225","0.5","Score: 5.0/10 - Der Brief thematisiert den Segelflug als symbolische Alternative zu militärischer Technik und Atomwaffen. Er zeigt eine gewisse Skepsis gegenüber der Entwicklung von Rüstungsmaschinerie, impliziert aber keine direkten Hoffnungen oder Ängste vor Computerisierung oder Automatisierung. Die Kritik an der technischen Rüstung ist eher philosophisch und ethisch geprägt, ohne Bezug zu industrieller Automatisierung oder digitaler Technologie. Der Text ist daher nur indirekt relevant und bleibt auf einer abstrakten Ebene.","Briefe","1950-02-08","https://www.spiegel.de/politik/segelflug-a-49ca2981-0002-0001-0000-000044446490?context=issue","Ihr Artikel über das deutsche Problem der Luftfahrt fand unser größtes Interesse. Persönlich möchte ich Ihnen die Anregung geben, eine urdeutsche Angelegenheit, den Segelflug, einmal in das Blickfeld Ihrer anregenden Betrachtungen zu stellen. Es sind Tausende junger deutscher Menschen, die auf den nicht mehr fern liegenden Tag warten, der uns den Start wieder freigibt! Allen denjenigen, die in Unkenntnis über den tieferen Sinn des motorlosen Fliegens als ergreifendes Erlebnis, als Kräftemessen mit der Natur nach gewissen Spielregeln und nicht zuletzt als ein Mittel, das Völkerabgrenzungen vergessen läßt, sei gesagt: Im Zeitalter von Wasserstoff- und Atombomben und einer auf vollen Touren laufenden komplizierten Rüstungsmaschinerie dürfte eine Bedrohung durch ein Flugzeug ohne Motor oder die Kenntnis der elementarsten fliegerischen Zustände geradezu lächerlich erscheinen. Minden i. W. HANS SIEG, Ing. chem."
"23","0.7146296203136444","0.7146296203136444","0.5","Score: 5.0/10 - Der Brief diskutiert politische und geopolitische Fragen, insbesondere die Zukunft Ostdeutschlands und die Rolle Deutschlands im Ost-West-Konflikt. Es gibt keine Erwähnung von Technologie, Automatisierung oder Computerisierung. Die Argumentation ist historisch-politisch und kulturell geprägt, ohne Hinweise auf gesellschaftliche Ängste oder Hoffnungen bezüglich technologischen Wandels. Der Text ist daher nur schwach relevant und bleibt auf einer abstrakten Ebene.","Briefe","1956-11-06","https://www.spiegel.de/politik/europas-grenzen-a-97277f77-0002-0001-0000-000043064513?context=issue","Es war ein schwarzer Tag - schwärzer als für die Sache Deutschlands, fürchte ich, für die Sache des SPIEGEL selber -, an dem er sich entschloß, die Fanfare des Jens Daniel zugunsten der Westgrenze Polens an Oder und Neiße zu veröffentlichen. Zum erstenmal in Jahren genau danebengetroffen - und gerade in der Frage, auf die, nicht nur für Deutschland, alles ankommt; gerade in dem Augenblick, da die Ereignisse wieder einmal dartun, wohin es über kurz oder lang führt, wenn man mit militärischer Macht erzwungene, aber unorganische und ungerechte Grenzen und politische Ordnungen zu behaupten trachtet oder - als der Unterlegene - aus Opportunismus hinzunehmen bereit ist. Die Schicksalsfrage Deutschlands heißt nicht, ob es etwas früher oder erst später erreicht wird, daß Mitteldeutschland in das politische System der Bundesrepublik einbezogen werden kann - sondern einzig und allein, ob in künftigen Jahrzehnten und Jahrhunderten in Breslau, Danzig und Königsberg auch die deutsche Sprache noch und wieder gesprochen werden wird. Lehrt uns denn nicht das Schicksal seit Jahrhunderten immer aufs neue, wie unwichtig im Grunde - da jeder deutsche Staat nur ein Rumpfstaat sein, keiner alle Deutschen in sich zusammenfassen kann - die im Zeitalter des Nationalismus überschätzte Frage der einheitlichen Staatsgewalt ist, gegenüber der vitalen Frage der breiten Wirkungssphäre des deutschen Geistes und der deutschen Sprache? Eine sinnvolle - und aussichtsvolle - deutsche Politik muß gerade die umgekehrte Linie einschlagen: zu erreichen, daß im Lande von Oder und Neiße bis zur alten Reichsgrenze wieder Deutsche - neben Polen, wie es im Grunde ja immer gewesen ist - siedeln dürfen, und die Zustimmung Rußlands und Polens notfalls damit zu erkaufen, daß man auf die Herstellung einer einheitlichen politischen Befehlsgewalt - das, was beide Anlaß haben, am meisten zu fürchten - einstweilen verzichtet. Man sollte doch aus dem, was wir in 40 Jahren erleben mußten, gelernt haben, daß verletztes Recht eine vehementere Sprengkraft hat als Atombomben. Und freilich auch das: daß Defaitismus und Opportunismus selten ihr Ziel, meist vielmehr das Gegenteil erreichen. Ein Polen, dem es gelänge, sich Ostdeutschland lebendig einzugliedern, bedeutet für Rußland auf lange Sicht eine kaum geringere Bedrohung als seinerzeit das nationalsozialistische Deutschland. Nur wer keine Gelegenheit hatte, polnische Mentalität kennenzulernen, kann für möglich halten, daß ein wieder mächtig gewordenes Polen sich mit dem Verlust seiner Ostgebiete jemals abfinden, darüber hinaus auf Aspirationen hegemonialer Art verzichten wird. Die Dynamik eines von Stettin bis Brest reichenden Polen wird bei Eintritt der entsprechenden Konstellation den ganzen Osten Europas in Aufruhr und unter Umständen das russische Staats- und Völker-System in ernstliche Gefahr bringen"
"24","0.713663637638092","0.713663637638092","0.5","Score: 5.0/10 - Der Brief diskutiert die geopolitische Lage, die Rolle der Sowjetunion und die Zukunft Europas. Es gibt eine kritische Haltung gegenüber der Vorstellung, dass Deutschland ein »Widerstandskern« werden könnte, aber keine Erwähnung von Technologie. Die Argumentation ist politisch und historisch, ohne Hinweise auf technologischen Wandel oder dessen Auswirkungen auf die Arbeitswelt. Der Text ist nur indirekt relevant und bleibt auf einer abstrakten Ebene.","Briefe","1956-02-21","https://www.spiegel.de/politik/dehio-a-39a47b70-0002-0001-0000-000031587470?context=issue",". Sie glauben, das deutsche Volk werde auf diesem Wege sich selbst verwirklichen, nach Beseitigung des westlichen Vorzeichens - etwa nach dem Austritt aus der Nato. Und Sie meinen, das vereinte Deutschland werde Europa wieder jenen »Widerstandskern« geben, den der Kontinent billigerweise von der angelsächsischen Politik nicht verlangen könne. Diese hoffnungsvolle Sicht im großen ist der wahre Kern all Ihrer Überlegungen im einzelnen. Sie entwickeln diese Sicht mit suggestiven Worten, aus heißem Herzen. Ich höre Ihnen mit voller Sympathie zu und gebe mir echte Mühe, Ihnen beizupflichten: Aber ich vermag es durchaus nicht! Ich fürchte, mit kaltem Verstand betrachtet sieht die Situation anders aus als die von Ihnen gemalte. Deutschland als »Widerstandskern« Europas? Widerstand gegen wen? Also doch wohl auch gegen Rußland? Und dabei soll Rußland selbst mithelfen mit einem »vernünftigen« Angebote? Ich fürchte, daß Sie noch deutschen Möglichkeiten nachhängen, die mir bereits der Geschichte anzugehören scheinen, so daß die Rollen zwischen Ihnen und mir, dem Publizisten und dem Historiker, vertauscht sind. Deutschland als Widerstandskern Europas erscheint mir schlechtweg ein historisch gerichteter Wunschtraum zu sein. Seine Verwirklichung setzt voraus das Zurückdrehen der Entwicklung um etliche Schraubenwindungen, setzt voraus das Vorhandensein jener europäischen Nationen, für die Einheit und Freiheit gesicherter Besitz wären - wo leben diese Glücklichen? -, setzt voraus vor allem ein Rußland, das uns gar nicht bolschewisieren will, wie Sie versichern - wo ist dieses Rußland zu sehen? Ich sehe nur deutlich ein Rußland, das sich triumphierend seinem bekannten Weltziel mit immer größeren Schritten, wenn auch mit wechselnder Taktik nähert - vor allem dank der Anziehungskraft, die es durchaus verständlicherweise auf die farbigen Ressentiments ausübt und wahrscheinlich zunehmend ausüben wird. In Asien, in Afrika, vielleicht bald in Latein-Amerika wird die Stellung der Vereinigten Staaten zunehmend erschüttert, d.h. des einzigen Widerparts, den der Bolschewismus ernsthaft bei seinem Fortschreiten auf seinem Wege zu besorgen hat - die Vereinigten Staaten, von denen Sie selbst sagen, daß nur ihrer Leistung die Eindämmung des russischen Totalitarismus zu verdanken sei, und zwar gerade auch im Falle Deutschlands. Und diese Ihre eigene Erkenntnis soll uns einladen, den Damm zu beseitigen, dem wir unsere wenigstens partielle Freiheit verdanken? Aber Sie sagen, die gegenwärtige Welt widerstrebt dem Bürgerkriegsschema, in das Sowjets und Amerikaner sie pressen wollen (wobei doch freilich offenbar die Sowjets die Priorität beanspruchen dürfen). Sie sagen, der Weltstaat könne dankenswerterweise noch nicht werden. Sie werden mich wahrscheinlich verweisen wollen auf alle die lockeren neutralen Gebilde, die sich - nicht ohne russische Nachhilfe - vom westlichen Bereiche losreißen, freilich nie vom östlichen"
"25","0.7121570408344269","0.7121570408344269","0.5","Score: 5.0/10 - Der Brief diskutiert die Agrarwirtschaft und kritisiert die Bürokratie und die Machtstrukturen in landwirtschaftlichen Organisationen. Es gibt eine Sorge um wirtschaftliche Ungerechtigkeiten, aber keine Erwähnung von Technologie, Automatisierung oder Computerisierung. Die Befürchtungen sind strukturell und organisatorisch, nicht technologisch. Der Text ist daher nur indirekt relevant und bleibt auf einer wirtschaftlichen Ebene.","Briefe","1957-04-16","https://www.spiegel.de/politik/leidende-landwirte-a-608f3a47-0002-0001-0000-000041120968?context=issue",". Uelzen GÜNTHER SIEGFRIED In den Tanz um das Goldene Kalb des deutschen. Wirtschaftswunders reihen sich unsere Agrarlobbyisten mit einer Forschheit ein, die um die guten Formen unserer arrivierten Wirtschaftsgesellschaft fürchten läßt. Dieser bäuerische Rock'n'Roll im Preistanz auf unserem bundesrepublikanischen Wirtschaftsparkett, der von dem Mauerblümchen unserer Wirtschaft in Szene gesetzt wird, offenbart die wahrhaft ungeahnten Kräftereserven und lebenssprühende Vitalität unseres lieben Landvolkes. Man wäre allerdings besser beraten, wenn man mit derselben Energie und Ungestümtheit, die auf das Erzwingen von Forderungen verwendet werden, an die Lösung der eigentlichen Agrarprobleme ginge. Dortmund GÜNTER SCHWARZ Die wirtschaftliche Decke für die Landwirtschaft ist einfach zu kurz. Daran gibt es überhaupt nichts zu deuteln. Wenn der Staat nicht diese Mißstände abschafft, indem er die Decke lang genug macht, so muß sich zwangsläufig eine Entwicklung vollziehen, daß die Kräfte, die unter dieser Decke liegen, sie von sich aus in die erforderliche Länge bringen oder eben Teile abstoßen, die nicht mehr unter diese passen. Da die Decke aber erheblich zu kurz ist, wird die Prozedur eine sehr scharfe sein ... Bad Nenndorf FRHR. L. VON SIMMERN Rechtsanwalt und Notar »Die deutsche Landwirtschaft befindet sich seit 25 Jahren am Rande des Abgrundes - sie fühlt sich dort allerdings sehr wohl« (Kurt Tucholsky in den 20er Jahren). Gelsenkirchen-Buer HERBERT HASTADT Referendar Auf das schnodderige, arrogante Interview gibt es nur eine Antwort: »Gebt dem Jungen einmal ein Jahr eine Mistgabel in die Hand, damit er die Probleme der Landwirtschaft kennenlernt.« Berlin-Charlottenburg FRIEDRICH GÖTZE Tierzuchtleiter Das SPIEGEL-Gespräch mit Herrn Rehwinkel enthält eine Unsumme von logischem Widersinn und zweigleisiger Ethik - allerdings nicht auf seiten des SPIEGEL-Reporters ... Berlin-Neukölln ERICH BUSSE Leider erhält Rehwinkel von seiten der anderen führenden Persönlichkeiten des Bauernstandes nicht immer die genügende Unterstützung. Um so größer aber ist die Verehrung, die er wohl bei allen Bauern in Nord und Süd unseres Vaterlandes genießt. Jeder wartet sehnsüchtig darauf, daß er endlich vollen Erfolg haben möchte. Norden DR. GARRELT ITZEN Die Arbeit des Deutschen Bauernverbandes findet nicht immer die Zustimmung der Mehrheit der echten Bauern und Landwirte. Die finanziellen Lücken dieses Verbandes wurden schon öfter mit Zuwendungen aus dem ehemaligen Reichsnährstandsvermögen und den Raiffeisengenossenschaften überbrückt. Ebenso ist die Führung der dem Bauernverband sehr nahestehenden Raiffeisengenossenschaften der bäuerlichen Kontrolle entglitten. Beide Organisationen werden durch eine Verwaltungsbürokratie, ein Juristenmonopol, Diplom-Landwirte, Generaldirektoren, Direktoren und Präsidenten beherrscht. Eine Gruppe wirft der anderen die Bälle zu, und die Stellenbesetzung wird durch Beziehungen geregelt"
"26","0.7103921473026276","0.7103921473026276","0.5","Score: 5.0/10 - Der Brief diskutiert die Angst vor Krieg und die Notwendigkeit von Verhandlungen. Es gibt eine kritische Haltung gegenüber dem Säbelrasseln Bonns, aber keine Erwähnung von Technologie oder Automatisierung. Die Befürchtung ist politisch und militärisch geprägt, nicht technologisch. Der Text ist daher nur indirekt relevant und bleibt auf einer abstrakten Ebene.","Briefe","1951-03-20","https://www.spiegel.de/politik/jens-daniel-a-00bec263-0002-0001-0000-000029193572?context=issue","(Nr. 9/51) Der Aufsatz von Jens Daniel »Angst vor der Konferenz« war der klargesichtigste Aufsatz, der in einer deutschen Zeitung zur Viererkonferenz geschrieben wurde. Diese Sätze sind die präzisesten Aeußerungen, die jemals über das ebenso verantwortungslose wie - im einfachen Sinne des Wortes - dumme (und damit gefährliche) Säbelrasseln Bonns gemacht wurden. Man hat meinem inzwischen auch in Japan. Holland, Frankreich und Spanien erschienenen Buche »Nein. Die Welt der Angeklagten« nachzusagen versucht, es richte sich gegen Rußland. Es richtet sich aber nicht gegen Rußland, ebensowenig wie es sich gegen Amerika richtet. Es richtet sich gegen jene Geistesverfassung, die Ihr Aufsatz geißelt: gegen das Aufgeben von Verhandlungen und die Erklärung des Krieges als einziger Möglichkeit. Diese Haltung - ob sie in West oder Ost auftritt - wird zum furchtbarsten Kriege, zum Maschinenstaat, zur »Welt der Angeklagten« führen, die ich zu beschreiben suchte. Hamburg Walter Jens Jens Daniel läßt uns nicht an der Unvernunft der Männer verzweifeln. Bad Wörishofen Walli Pohl Warum bringt nur der SPIEGEL solche vernünftigen Meinungen? Mindelheim/Schwaben Maria Ksoll"
"27","0.7102485299110413","0.7102485299110413","0.5","Score: 5.0/10 - Der Text erwähnt die DDR-Planökonomie und den Maisanbau in der Sowjetunion, vergleicht aber nur die Wirtschaftsformen Ost- und Westdeutschlands. Es wird kein direkter Bezug zur Computerisierung oder Automatisierung hergestellt. Die Bemerkung über die Wurst am Stengel ist eine metaphorische Kritik an der Versorgungslage, aber nicht auf technologischen Wandel bezogen. Es gibt keine expliziten oder impliziten Hoffnungen oder Ängste gegenüber technologischem Wandel, Arbeitsplatzverlust oder Automatisierung. Der Text ist eher politisch-ideologisch und beschäftigt sich mit wirtschaftspolitischen Unterschieden, ohne gesellschaftliche Reaktionen auf Technologie zu thematisieren.","Briefe","1957-10-15","https://www.spiegel.de/politik/chruschtschew-wurstzone-a-555f2d21-0002-0001-0000-000041758788?context=issue","Unter dem Titel »Wurst am Stengel« brachten Sie einen kleinen Ausschnitt aus der Presse der Sowjetzone. Als ehemaliger Ostzonenbewohner bin ich überzeugt, daß eine solche Zeitungsauslese dem westdeutschen Leser mehr sagt als viele andere Kommentare über »DDR-Planökonomie« In der mitteldeutschen Landwirtschaft wurde in diesem Jahr der Maisanbau tatsächlich zum Problem Nr. 1 gemacht, und zwar in erster Linie deshalb, weil angeblich in der Sowjet-Union so große Erfolge mit dem Maisanbau erzielt wurden. Weil aber die SED-Funktionäre wissen, daß für die meisten mitteldeutschen Bauern das Vorbild der SU ein rotes Tuch ist, wird in dem Mais-Feldzug hinzugefügt: »Auch Amerika verdankt seinen wirtschaftlichen Aufschwung dem Maisanbau.« Trier GÜNTHER SCHWARZ Die glücklichen Westdeutschen. Bei ihnen hängt nicht wie in der Ostzone die Wurst am Stengel, sondern im Schaufenster. Wien VII FRITZ WERZER"
"28","0.7099858820438385","0.7099858820438385","0.5","Score: 5.0/10 - Der Text behandelt Themen wie Rationalisierung, Löhne, Preissenkung und die Rolle von Handelskreisen in der Wirtschaftspolitik. Es wird über die Verteilung der Rationalisierungserfolge diskutiert, was indirekt auf wirtschaftliche Veränderungen und mögliche Auswirkungen auf Arbeit und Lohnverhältnisse hindeutet. Allerdings erfolgt dies ohne explizite oder implizite Bezugnahme auf Computerisierung, Automatisierung oder technologischen Wandel. Die Diskussion bleibt auf wirtschaftspolitische Strukturen beschränkt. Keine Hinweise auf technologische Ängste oder Hoffnungen, daher nur geringe Relevanz für die Forschungsfrage.","Briefe","1953-08-18","https://www.spiegel.de/politik/briefe-a-ea525adb-0002-0001-0000-000025657398?context=issue",". die Dreiteilung des Rationalisierungserfolges auf Löhne und Gehälter, auf eine Investitionsrate für das Unternehmen und auf die Preissenkung. Angesichts der tatsächlichen Verhältnisse wären diese Vorschläge einer Beachtung wert gewesen. Wer den Einfluß der Handelskreise auf die Bonner Wirtschaftspolitik kennt, weiß ohnehin, daß diese »Kreise der Wirtschaft«, je weiter von der tatsächlichen Unternehmerleistung und der Arbeit des Ingenieurs entfernt, um so weniger an einer wirklichen Produktivitätssteigerung interessiert sind. Münster Dipl.-Ing. Karl Kayser Mit größtem Interesse las ich Ihren Artikel »Rationalisierung« in Ihrer letzten Ausgabe. So habe ich mir das auch bisher vorgestellt, daß die Preise so abgesprochen oder festgesetzt werden, daß auch der allerunfähigste Unternehmer oder Kaufmann noch auf seine Kosten kommt. Das nennt man dann freie Wirtschaft ... Bendorf (Rhein) W. Nett KINDERMODEN (Nr. 28/1953, Deutschland) Deine Nummer 28 zeigt auf Seite 9 drei niedliche Kinderbilder, und dazu Ausführungen der katholischen Wochenzeitung »Michael«, die nicht ohne schärfsten Protest hingenommen werden können. Wer bei diesen Bildern »Eindeutigkeiten« sehen will, den kann man nur ob seiner seltsamen Phantasie bedauern. Den Unterschied zwischen kleinen Jungen und Mädchen hat schließlich Gott geschaffen, und ihm kann man gewiß keine »Eindeutigkeiten« unterstellen. Wo kommen wir denn hin, wenn die Betrachtungsweise des »Michael« Schule macht? Ich möchte hinzufügen, daß ich kein »hypermoderner« Mensch bin, der alles Heutige gutheißt, sondern eine 63jährige Großmutter, die Kinder liebt und sich herzlich über die drei Kleinen auf dem Bilde gefreut hat. Duisburg Elsa Dassler ... Dem »Michael« ein Bravo für die warnende Stimme. Manch ein Sittlichkeitsverbrecher ist erst durch die zu kurzen Röckchen bei den Mädchen und die zu engen Höschen bei den Kindern auf den Gedanken gekommen, sich an den Kindern zu vergehen ... Bremen Ursula Böttcher"
"29","0.7426642179489136","0.7426642179489136","0.4","Score: 4.0/10 - Der Text behandelt die Situation der Heimatvertriebenen in Westdeutschland und kritisiert deren Diskriminierung. Er thematisiert soziale Ungerechtigkeit, politische Ungeschicklichkeit und die Ausgrenzung von Flüchtlingen. Obwohl die industrielle Entwicklung und technologischer Wandel indirekt im Hintergrund stehen (z. B. durch die Erwähnung von 'freien Arbeitsplätzen'), wird die Automatisierung oder Computerisierung nicht erwähnt. Es gibt keine Aussagen über technologischen Wandel, Arbeitsplatzverluste oder neue Berufsfelder. Die Textpassagen sind rein sozial- und politikkritisch, ohne Bezug zur Forschungsfrage. Daher ist der thematische Bezug zu Hoffnungen oder Ängsten gegenüber Automatisierung sehr schwach.","Briefe","1951-05-29","https://www.spiegel.de/politik/schutzverband-a-11c09c19-0002-0001-0000-000029194030?context=issue","(Nr. 20/51, Hohlspiegel) Die junge deutsche Vergangenheit ist reich an bedauerlichen und beschämenden Geschehnissen, nicht zuletzt aber auch an politischen Ungeschicklichkeiten. Wenn je eine Aktion dazu beizutragen vermag, die Millionen der Heimatvertriebenen ins radikale Lager zu bringen. dann ist es der Aufruf des »Schutzverbandes der Westdeutschen«, der ein erschreckendes Schlaglicht auf die Mentalität von Leuten wirft, die sich bewußt von der Wahrheit - mehr noch: von der Menschlichkeit distanzieren und das Böse zu ihrem Schild und Wappen machen! Man muß sich fragen, ob es viel Sinn hat, wenn von den Heimatvertriebenen diesem Pamphlet die Tatsachen entgegengehalten werden; wenn von ihnen festgestellt würde, daß seinerzeit, als Hamburg und andere Städte unter dem Bombenhagel in Trümmer sanken, die Volksdeutschen »im Osten« die westdeutschen Flüchtlinge nicht nur gastlich aufgenommen, sondern ihnen die Erträgnisse harter Tagesarbeit gern dargereicht haben, obwohl die meisten dieser westdeutschen Fliegergeschädigten keine Hand rührten, den Gastgebern im Hof, auf den Feldern oder in der Werkstatt irgendwie behilflich zu sein; wenn darauf verwiesen würde, daß die »unlauteren Vorrechte und übermäßigen Ansprüche« der Heimatvertriebenen in Westdeutschland darin bestehen, daß sie systematisch von freien Arbeitsplätzen ferngehalten werden, daß man ihnen, sofern sie darangehen, sich eine eigene berufliche oder handwerkliche Existenz aufzubauen, immer wieder Hindernisse und Schwierigkeiten bereitet und daß sie, die für fremde Schuld in unvorstellbarem Ausmaße die Buße auf sich nehmen müssen, auch heute noch als Menschen letzter Klasse angesehen - und behandelt werden. Wiesbaden G. O. Bayer"
"30","0.7236998975276947","0.7236998975276947","0.4","Score: 4.0/10 - Der Text behandelt die Rolle von Frauen in der kaufmännischen Berufswelt und kritisiert die Diskriminierung von weiblichen Angestellten. Er betont, dass Frauen heute beruflich arbeiten müssen und dass die Arbeitslosigkeit nicht auf sie zurückzuführen ist. Obwohl die Büroarbeit und die Nutzung von Maschinen (z. B. Buchungsmaschine) erwähnt werden, wird die Automatisierung oder Computerisierung nicht thematisiert. Es gibt keine Aussagen über technologische Veränderungen im Büroalltag, über die Bedrohung von Sekretärinnen durch Maschinen oder über neue Berufsfelder. Die Textpassage ist sozial- und geschlechterpolitisch orientiert, aber nicht technologiebezogen. Der Bezug zur Forschungsfrage ist schwach, da die technologische Dimension fehlt.","Briefe","1950-09-26","https://www.spiegel.de/politik/konkurrenz-a-2a621a1c-0002-0001-0000-000044449857?context=issue","Die Ausführungen über die Beschäftigung von Frauen und Mädchen in Nr. 36 des SPIEGEL lassen erkennen, daß Dr. J. über die Entwicklung des politischen und wirtschaftlichen Lebens im allgemeinen und über die Entwicklung der Frauenarbeit in den letzten Jahrzehnten im besonderen nicht hinreichend unterrichtet ist. Wir leben nicht mehr im Zeitalter der wohlbehüteten Haustochter, die nur zum Zeitvertreib einige nette Handfertigkeiten erlernt, im übrigen aber auf den Mann wartet. Es ist kaum eine Frau zu finden, die es nicht nötig hat, einem Beruf nachzugehen. *) In Nr. 24 vom 15. 6. 1950 unter der Ueberschrift »Das Gesetz ist Mord«. - Red. Daß sehr viele Frauen in den kaufmännischen Berufen beschäftigt sind, ist durch die Wirtschaftsstruktur bedingt. Die Mehrzahl der Frauen in den kaufmännischen Berufen ist als Stenotypistin, an der Buchungsmaschine und mit allgemeinen Büroarbeiten beschäftigt, für die der Mann weniger die Voraussetzungen und in den meisten Fällen nicht einmal das Interesse mitbringt. Wir bedauern, daß von der zur Zeit herrschenden Arbeitslosigkeit insbesondere die kaufmännischen Angestellten betroffen werden. Daran sind aber nicht die berufstätigen Frauen schuld. Schon in früheren Zeiten der Massenarbeitslosigkeit - wir erinnern an die ansteigende Arbeitslosigkeit ausgangs der zwanziger Jahre - waren die kaufmännischen Angestellten am meisten betroffen. Sowohl männliche wie weibliche Angestellte sind gleichermaßen die Leidtragenden. Die Statistiken zeigen sogar ein weiteres Ansteigen der Arbeitslosigkeit bei den weiblichen kaufmännischen Angestellten, während bei den männlichen ein Absinken zu verzeichnen ist. Die Ausführungen lassen im übrigen restlos die im Bonner Grundgesetz verankerten Rechte der Frau außer acht. Hannover VERBAND DER WEIBLICHEN ANGESTELLTEN E. V."
"31","0.7230513393878937","0.7230513393878937","0.4","Score: 4.0/10 - Der Text beschreibt die Wahrnehmung der Weltjugendfestspiele in Berlin durch DDR-Bürger und kritisiert die westdeutsche Berichterstattung als einseitig. Er thematisiert die Angst vor ideologischer Propaganda und die Wahrnehmung des Westens als Freiheit. Obwohl die Technologie (z. B. die Organisation der Festspiele) indirekt erwähnt wird, wird die Automatisierung oder Computerisierung nicht behandelt. Die Diskussion dreht sich um politische Ideologie, Freiheit und die Wahrnehmung des anderen Systems. Es gibt keine Aussagen über Arbeitsplätze, Arbeitswelt oder technologischen Wandel. Der Bezug zur Forschungsfrage ist sehr schwach und indirekt, da die technologische Dimension fehlt.","Briefe","1951-10-30","https://www.spiegel.de/politik/weltfestspiele-a-47729a50-0002-0001-0000-000029195032?context=issue","(Nr. 33 u. 34/51, Deutschland) Ich war Bewohner der DDR, FDJler und erlebte die Berliner Blockade in Westberlin. Habe den Westdeutschen und auch den Berlinern etwas im voraus: die Erfahrungen des unmittelbaren Erlebens in der DDR, Westberlin und der Bundesrepublik. Die SPIEGEL-Berichte über den FDJ-Rummel in Berlin-O und -W waren besser als die aller anderen westdeutschen Zeitungen, einschließlich der Berliner: nur hier fand ich die »Tendenz der nackten Wahrheit« - wie ganz richtig schon ein SPIEGEL-Leser vor mir ähnlich schrieb - und auch die nüchternsarkastische Betrachtungsweise, die uns nottut. Der Westen ist in seiner Propaganda gegen den Osten oft ebenso einseitig wie dieser umgekehrt: vor allem im Falle Weltjugendfestspiele. Hamburg-Bergedorf Kurt H. Ladendorf Mit Ihrem Artikel »Glanzäugig und blaublusig« ist eine Darstellung gegeben worden, wie sie wohl nur für einen geringen Prozentsatz der FDJler zutrifft. Der Artikel hätte nur dann in seinem Grundgedanken richtig sein können, wenn die herausgegriffenen Beispiele als nur für einen kleinen Kreis zutreffend kenntlich gemacht worden wären - und nicht, wie es geschehen ist, als Gesamtausdruck der Masse gewertet wurden. Als damaliger Kontaktstellenleiter der Technischen Universität mußte ich den Eindruck gewinnen, daß die überwiegende Mehrheit der Besucher aus dem Osten während der Weltjugendfestspiele mit der aufgezeigten Unmoralität nichts gemein hatte. Für die war der Besuch der Westsektoren ein Blick in die Freiheit, ein Sich-überzeugen-wollen von den ihnen aufgetischten Geschichten über den Westen. Diese Voraussetzungen hatten auch die Westberliner erkannt und dementsprechend gehandelt. Leider scheint die westdeutsche Bevölkerung diese Erkenntnis nicht gehabt zu haben, denn sonst hätte ein Unterstützungsaufruf der Berliner TU einen größeren Erfolg haben müssen als den, den er hatte: nämlich gleich null! Ich glaube, daß im vorliegenden Fall eine zu stark akzentuierte Berichterstattung die Probleme nicht so beleuchtet hat, wie es an sich begrüßenswert gewesen wäre. Berlin-Friedenau Harry Gerth"
"32","0.7194445133209229","0.7194445133209229","0.4","Score: 4.0/10 - Der Text diskutiert Wohnungsnot, Eigenheimbau und sozialen Wohnungsbau. Es gibt eine kritische Auseinandersetzung mit der Wohnungsversorgung und der sozialen Ungerechtigkeit im Wohnungsmarkt. Allerdings wird kein technologischer Wandel thematisiert. Die Debatte dreht sich um soziale und wirtschaftliche Strukturen, nicht um Automatisierung oder Computerisierung. Die Erwähnung von 'Fernsehapparaten' ist nur als Beispiel für Konsumgüter im Vergleich zu Eigenheimen, ohne Bezug zur Technologieentwicklung. Der Text ist relevant für den Alltag, aber nicht für die technologische Transformation der Arbeitswelt oder der Gesellschaft.","Briefe","1958-07-29","https://www.spiegel.de/politik/bau-luecke-a-c9dc7a7d-0002-0001-0000-000041761948?context=issue",". Die Zukunft des Volkes und der demokratische Aufbau des Staates sind nur dann gesichert, wenn alle Bundesbürger in familiengerechten, ausreichenden Heimstätten untergebracht sind. Dazu gehört genügend großer Wohnungsraum für die heranwachsende Jugend, der mit der Natur in Verbindung steht, und nicht Wohnhochhäuser oder Mietskasernen, die »als Verderbnis wahren Menschentums« angesprochen werden müssen. Bonn H. NAUMANN MDL Bund der Kinderreichen Deutschlands Es kann nicht übersehen werden, daß ein erheblicher Teil der Bevölkerung in der Bundesrepublik, für den noch Wohnungen fehlen, sich gar kein Eigenheim wünscht, sondern von der Wohnungswirtschaft moderne Wohnungen mit Mieten, die dem Einkommen entsprechen, erwartet. Bonn DR. WOLFGANG BORN Diplom-Volkswirt Die erste gemeinnützige Baugesellschaft in Preußen erstand bereits 1847 durch den Literarhistoriker und Sozialpolitiker Victor Aimé Huber. Es ist kein ernsthafter Zweifel daran möglich, daß das Familienheim auf eigenem Boden ein weit wertvollerer und dauerhafterer Besitz ist als Volksaktien, Kraftwagen oder Fernsehapparate, ganz zu schweigen von seiner erwiesenermaßen überlegenen Sicherheit gegen Luftangriffe. Bonn HEINRICH RICHARD Oberregierungs- und Baurat a. D. Die Verwandlung des so schon knappen Nährbodens des übervölkerten Westdeutschlands in eine Gartenstadt macht uns immer import- und damit exportabhängiger und widerspricht der Erhaltung der Landwirtschaft. Nürnberg THEOBALD WACHTER Ihr Eigenheim in Ehren, allein Sie tun uns keinen Gefallen. Bensheim hat 24 000 Einwohner, 1000 Wohnungsuchende, 500 dringende Fälle, 250 anerkannte Notstandsfälle, 45 Obdachlose, teils in Privathäusern. Bis wann wollen Sie diese Not lindern? Geholfen kann nur mit mehrstöckigen Einfachstwohnungen werden, die sofort erbaut werden müßten und nicht erst in fünf Jahren oder gar nicht. Schon die Miete von 1,20 Mark je Quadratmeter im sogenannten sozialen Wohnungsbau kann von diesen Menschen kaum noch gezahlt werden, ganz zu schweigen von der bekannten Bauplatznot und der Verschuldung der Gemeinden, auch der Unmöglichkeit, Straßen zu bauen. Bensheim THEO LANG Dezernent für das Wohnungswesen Die Kosten für ein einigermaßen ausreichendes Eigenheim betragen doch heute zwischen 40 000 und 60 000 Mark. Wie ein alleinverdienender Bundesnormalverbraucher mit zwei Kindern bei einem Durchschnitts-Nettolohn von monatlich 500 bis 600 Mark und einer derzeitigen monatlichen Mietbelastung von 80 bis 150 Mark (ohne Wasser-, Heizungs- und Stromgeld) noch Gelder für einen Bausparvertrag abzweigen soll, ohne auf Jahre hinaus seine Lebenshaltung über Gebühr einzuschränken, ist mir persönlich ein Rätsel. An dieser Situation können auch Steuervergünstigungen und besondere Staatsprämien wenig ändern. Der Eigenheimbau wird nach wie vor ein Privileg der großverdienenden Schichten unseres Volkes bleiben, die ohnehin schon genügend Vorteile genießen. Der kleine Mann ist weiterhin auf preiswerte Mietwohnungen angewiesen. Beuel (Rhein) F"
"33","0.7173537015914917","0.7173537015914917","0.4","Score: 4.0/10 - Der Text diskutiert die Wiedervereinigung Deutschlands, die politische Lähmung und die Angst vor einem Verlust der historischen Aufgabe. Es gibt Ängste vor der Verhandlungsunfähigkeit mit dem Osten und der Furcht vor einem Verzicht auf die Wiedervereinigung. Die Angst ist politisch-ideologisch, nicht technologisch. Obwohl die Rede von 'historischem Strom' und 'Lähmung' ist, bezieht sich dies auf politische Ineffizienz, nicht auf technologischen Wandel. Es gibt keine Erwähnung von Computerisierung oder Automatisierung. Die Debatte ist über die nationale Identität und die Außenpolitik, nicht über technologische Transformation der Arbeitswelt. Der Bezug zur Forschungsfrage ist schwach und indirekt.","Briefe","1958-10-28","https://www.spiegel.de/politik/sorge-am-abend-a-969ef494-0002-0001-0000-000041759466?context=issue","Herr, hilf mir beten und warten! Münster A. KLAWON »Was tun?« Natürlich wollen wir Jens Daniel für diese Diagnose dankbar sein. Er analysiert die Lähmung der westdeutschen Politik - diese verhängnisvolle Agonie angesichts unserer einzigen geschichtlichen Aufgabe »Wiedervereinigung«. Aber da ist unser aller Zweifel daran, ob es in Westdeutschland überhaupt ein paar Männer gibt, die aus dem Holz gewachsen sind, aus dem die Geschichte ihre Werkzeuge macht. Das Eisen ist wohl schon nicht mehr heiß, das Jens schmieden möchte. Wer gut genug in seine Sätze hineinhorcht, hört den Hammer auf einen leeren Amboß treffen. Es wird wohl bleiben bei »Ein Lebewohl den Brüdern im Osten ...« Osnabrück KAI LINDEMANN Jens Daniel wird zu zahm. Kritik muß scharf sein, sonst verliert sie ihre Anziehungskraft. - »Der Kreml wäre heute bereit, ein neutrales Deutschland zu genehmigen. Warum ihn nicht beim Wort nehmen? Weil wir fürchten, daß es kein Bluff ist.« Zu lesen in jedem Amerikahaus in »Die Elemente der amerikanischen Außenpolitik«, Kapitel James Warburg, im Buch des L. Larry Leonard. Regensburg XAVER KRAU Wartet es nur ab! Der Sturm gegen Euch wird losbrechen, weil Ihr nicht um den Brei herumgeredet habt! Bad Godesberg B.-L. v. NASO In dem Augenblick, wo es für Frankreich und England von Vorteil ist, die Zone anzuerkennen, wird man das tun. Göttingen H. BEI DER WIEDEN Ich bin Flüchtling und habe mir oft die Frage gestellt, was aus der deutschen Wiedervereinigung werden soll, wenn die Sowjets beharrlich auf ihrer Forderung bestehen - und wer sollte sie daran hindern -, daß die beiden deutschen Teilstaaten verhandeln sollen. Entweder wird man zu solcher Verhandlung bereit sein, oder man hängt sich für alle Zeiten das moralische Mäntelchen um, daß man mit den Machthabern dort drüben nicht verhandeln könne, da sie nicht die Repräsentanten der Bevölkerung seien. Dann wird es die Wiedervereinigung wahrscheinlich nicht geben. Königslutter (Elm) REINHARD KINDERMANN Jens Daniels Abschiedsgruß an die politische Vernunft und gleich auch an die Pressefreiheit prallt ab am runden Bäuchlein der Wirtschaftswundermenschen! Ich höre wieder den eleganten Nachbarn, der im Kuhstall des Lebens breitbeinig neben mir steht. Dieser gute Mann, der die große Wahl- und Verleumdungsschlacht im Jahre 1953 moralisch gut und politisch gültig überstanden hat, orakelte 1957: »Uns geht es doch gut. Danken wir dem Herrgott, der uns eine solche Regierung beschieden!« Frankenthal (Pfalz) OSKAR GLUR Wenn man unserem Kanzler unterschiebt - was man nicht tun sollte -, er wolle die Wiedervereinigung nicht, so geschieht das deshalb, weil er einen Weg weiter beschreitet, von dem immer offensichtlicher wird, daß er nicht zum Ziele führen kann: Das macht jeden vorgeschlagenen neuen Weg, der die Möglichkeit des Erfolges in sich birgt, bedenkenswert. Wir leiden an Mangel an Selbstvertrauen, mit östlichen Staaten zu verhandeln; man traut sich nicht zu, die so gefürchteten östlichen Pferdefüße zu erkennen"
"34","0.7164802551269531","0.7164802551269531","0.4","Score: 4.0/10 - Der Text behandelt die Flucht aus der Ostzone, die Wiedervereinigung und die Forderung nach einem provisorischen Parlament. Es gibt eine kritische Auseinandersetzung mit der westdeutschen Politik und der Furcht vor einer 'Heuchelei' bei den Freiwahlen. Die Angst ist politisch-ideologisch, nicht technologisch. Die Rede von 'historischem Strom' ist metaphorisch und bezieht sich auf soziale Dynamik, nicht auf technologische Entwicklung. Es gibt keine Erwähnung von Automatisierung, Computerisierung oder industrieller Rationalisierung. Die Debatte dreht sich um politische Repräsentanz und nationale Einheit. Kein Bezug zur Technologie oder deren Auswirkungen auf die Arbeitswelt.","Briefe","1955-11-29","https://www.spiegel.de/politik/briefe-a-ba6ef256-0002-0001-0000-000031971549?context=issue",". Gladbeck RUDOLF ALBRECHT »Wir beruhigen uns bei dem Gedanken, daß unsere westliche Rheinstaat- und Konsumenten-Idylle tagtäglich Hunderte von Ostflüchtlingen anlockt.« - Also sprach Jens Daniel. Man soll die seelischen Kämpfe der Menschen aus der Ostzone, aber auch ihre Kraft, politisch handeln zu können, nicht unterschätzen. Zweifellos gehören sie zu den besten Kennern der innerstaatlichen Situation der beiden großen Welt- und Wirtschaftssysteme, zumindest von der Seite der täglichen Geschehnisse. Ihnen kann man nichts vormachen. Es wird nicht mehr lange dauern, und sie werden sich aktiv in die Diskussion um die Wiedervereinigung einschalten ... Wir Menschen aus der Ostzone können die Bundesrepublik nicht nötigen, endlich eine eindeutige gesamtdeutsche Aktivität an den Tag zu legen, wir können aber selbst die Initiative ergreifen ... Von großem Nutzen dürfte es sein, wenn die in die Bundesrepublik geflüchteten Ostzonenbewohner ein provisorisches Parlament wählen würden, das dann die starke legitimierte Stütze in der konferierenden Auseinandersetzung mit Pankow sein könnte. Hamburg HANS FROMM Dipl.-Volkswirt Jens Daniel spricht von einem »historischen Strom«, der den Osten speise - und will ihm eine neue Konzeption entgegenstellen ... Der Strom des Ostens wird nicht historisch, sondern sozial gespeist von den Geistern, die der westliche Kapitalismus insbesondere in seinen kolonialen Begleiterscheinungen gerufen hat. Kapitalrente und Bodenrente sind die »historischen« Götter dieses Westens. Wer dem Osten eine neue Konzeption entgegenstellen will, muß diese Götter stürzen. Aber wer wagt das? Hamburg-Rahlstedt H. SCHUMANN Besonders zustimmen muß ich, daß es in Bonn an vernünftigem Selbstbewußtsein fehlt ... Brunsbüttelkoog OTTO RICHTERS Daß in der Genfer Dreimächte-Schlußerklärung der westliche Vorschlag freier Wahlen als Bedingung und Auftakt zur Wiedervereinigung so dick herausgestrichen wird, grenzt an Heuchelei und Scheinheiligkeit. Denn keiner der westlichen Außenminister, stünde er an der Stelle Molotows, würde sich auf freie Wahlen einlassen, deren Ergebnis doch nur sein kann, die westliche politische und vor allem militärische Einflußsphäre weiter gegen Rußland vorzuschieben. Warum also Vorschläge machen, von denen man im voraus weiß, daß Rußland sie gar nicht annehmen kann? Da muß man doch auf den Gedanken kommen, daß die Westmächte die Wiedervereinigung ernsthaft gar nicht wollen. Wittlich M. J. MEHS Wenn sich zukünftig die Kritik und Auseinandersetzung oder die Prophetie des Herrn Daniel nicht mehr im Negativen bewegen wird, sondern einmal positive neue Wege aufzeigen würde, die hier im Westen zu beschreiten wären, dann könnte man eine derartige Betrachtung wie »Der deutsche Teig« als des Nachdenkens wert bezeichnen. Vorläufig aber bewegt sich auch Jens Daniel in dem großen Kreis der Nörgler und Kritikaster. Dieser Kreis umschließt die versteckte Erkenntnis, daß man den Karren laufen lassen müsse. Vielleicht aber ist das ganz gut so"
"35","0.7150642573833466","0.7150642573833466","0.4","Score: 4.0/10 - Der Brief diskutiert die Rolle der Volksbühne in der kulturellen Neubildung und erwähnt die »moderne Technik« nur am Rande (»Probleme der modernen Technik zu kurz kommen«). Diese Bemerkung ist eine kritische Anmerkung an die Redaktion, aber nicht eine explizite Thematisierung von Hoffnungen oder Ängsten gegenüber Automatisierung. Es gibt keine konkreten Aussagen über technologischen Wandel in der Arbeitswelt oder im Alltag. Der Bezug zur Forschungsfrage ist sehr schwach und indirekt.","Briefe","1952-07-01","https://www.spiegel.de/politik/volksbuehne-a-3b3a32be-0002-0001-0000-000021977205?context=issue",". Die Tatsache bleibt wohl unbestritten, daß gerade die Intelligenz in Deutschland sich zur Zeit in peinlichster Notlage befindet, und daß das einzig fortschrittliche Element von realer Bedeutung für die Neubildung einer die Theaterkultur tragenden Gesellschaftsschicht die Volksbühne ist mit ihren Repertoirewünschen, ihrer systematischen Geschmackspflege, ihrer positiven Bereitschaft und Hilfeleistung bei Experimenten und ihren »unabhängigen« Publikationen, den Volksbühnenblättern. Paris Paul Ellmar"
"36","0.7145320475101471","0.7145320475101471","0.4","Score: 4.0/10 - Der Brief diskutiert die politische und geistige Ausrichtung der Abendländischen Akademie und kritisiert deren nationalistische Tendenzen. Es gibt eine kritische Haltung gegenüber der »totalitären geistigen Welt«, aber keine Bezugnahme auf Technologie, Automatisierung oder Computerisierung. Die Argumentation ist ideologisch und historisch geprägt, ohne gesellschaftliche Reaktionen auf technologischen Wandel. Der Bezug zur Forschungsfrage ist sehr schwach.","Briefe","1956-02-21","https://www.spiegel.de/politik/abendland-a-d7aa1a5c-0002-0001-0000-000031587472?context=issue","(Nr. 711956, Weltanschauung) Die Abendländische Akademie scheint ein Sammelbecken sehr verschiedenartiger Geister zu sein ... Aber was soll das Rennen zum Kadi, die Beschwerde bei der Bundesregierung? Hat es Sinn, den Teufel bei seiner Großmutter zu verklagen? SPD und FDP sollten den Kampf - gerade diesen Kampf - selber geistig aufnehmen.. Tübingen DR. AL-FRED DANIEL Vor nahezu drei Jahren, auf einer Tagung nichtpolitischer katholischer Jugendverbände, an der auch der Bischof von Mainz, Dr. Spohr, teilgenommen hatte, äußerte Professor von der Heydte* seine Bedenken gegen die sofortige Einführung der allgemeinen Wehrpflicht. Denn dabei müßte - so meinte damals von der Heydte auf ehemalige Offiziere zurückgegriffen werden, die »nicht der christlichen Auffassung von einem Offizier entsprächen«. Ist diese Auffassung des Universitätsprofessors von der Heydte noch mit dem Absatz 3 des Artikels 3 des Grundgesetzes zu vereinbaren, der da lautet: »Niemand darf wegen .. seiner religiösen oder politischen Anschauungen benachteiligt oder bevorzugt werden.«? Frankfurt ERWIN JACOBSEN Die Verwirklichung der Pläne der Abendländischen Akademie würde nur möglich sein bei einem bedingungslosen Übertritt der Bundesrepublik in das westliche Lager. An eine Wiedervereinigung wäre in absehbarer Zeit dann überhaupt nicht zu denken. Göttingen CHRISTIAN MESSNER Sollten sich die Forderungen der Abendländischen Akademie als realisierbar erweisen, so würde das bedeuten, daß Deutschland seine ihm schon durch die Geographie vorgeschriebene Aufgabe, Mittler zwischen West und Ost zu sein, in Zukunft nicht mehr erfüllen kann. Braunschweig WILLY REIMER Mittelalterliche schwarze Geister, aus ihren Gräbern hervorgestiegen, spuken im Abendlande, raunend, daß im Jahre 1962 das Reich eines »Karlskaisers« oder eines »Ottokaisers« (beide reichten im Osten nur bis an die Elbe!) wieder errichtet sein müsse. - Deutsche Menschen aber schlafen und träumen, eingewickelt in die uralten, seit bald zweitausend Jahren nicht mehr erneuerten Windeln einer totalitären geistigen Welt, in denen sich auch die Protestanten, seit Speyer (1529) nicht mehr protestierend, wohl und zufrieden fühlen. Darmstadt WOLFGANG LAMBRECHT * Friedrich August Freiherr von der Heydte, 48, Dr. jur. und Dr. rer. pol., 1932 bis 1915 wissenschaftlicher Assistent, 1935 bis 1945 Berufssoldat, zuletzt Oberstleutnant (Fallschirmjäger). Ritterkreuz (9. Juli 1941), Eichenlaub (18. Oktober 1944). Seit 1949 Privatdezent (Universität München), 1951 Professor an der Universität in Mainz, 1915 Professor an der Universität in Würzburg. Seit Juli 1953 vorsitzender der Abendländischen Akademie, seit Mai 1954 Ritter des Ordens vom Heiligen Grabe."
"37","0.7126871943473816","0.7126871943473816","0.4","Score: 4.0/10 - Der Brief kommentiert Streikbewegungen und nennt sie als »Reaktion« und »Restauration«. Es gibt eine kritische Haltung gegenüber der Gewerkschaftsarbeit, aber keine Verbindung zu technologischem Wandel. Die Befürchtung ist eher politisch und sozial, nicht technologisch. Der Text ist daher nur schwach relevant und zeigt keine expliziten oder impliziten Hoffnungen oder Ängste gegenüber Automatisierung.","Briefe","1954-08-31","https://www.spiegel.de/politik/macht-a-b1cc8b3e-0002-0001-0000-000028957345?context=issue","(Nr. 33 u. 34/1954, Deutschland) Vielen Dank für Ihre Aufsätze zur Streikfrage. Diese Erscheinungen von »Reaktion« und »Restauration« bei denen, die solche Tendenzen bisher anderen vorzuwerfen pflegten, muten doch recht sonderbar an. Die Sorge um die eigene Stellung führt zu seltsamen Entschlüssen. Aber sollte zu den Motiven nicht vielleicht auch der Wunsch nach einer »Machtergreifung« gehören? Der Beifall jenseits der Zonengrenze, wo doch der Streik verpönt ist, macht argwöhnisch. Goslar Wilhelm Sander"
"38","0.7112571001052856","0.7112571001052856","0.4","Score: 4.0/10 - Der Text erwähnt die Ausbildung von Jugendlichen in der Sowjetzone und die Bildung von bewaffneten Kampfgruppen, was auf militärische und politische Entwicklung hinweist. Es gibt keine Erwähnung von Technologie oder Automatisierung. Die Befürchtung ist politisch und militärisch geprägt, nicht technologisch. Der Text ist daher nur schwach relevant und zeigt keine gesellschaftliche Reaktion auf technologischen Wandel.","Briefe","1955-04-12","https://www.spiegel.de/politik/oberst-von-bonin-a-f1f02e08-0002-0001-0000-000031969876?context=issue",". Seite 12 Ehemaliger rotspanischer Bürgerkriegs-General soll gesamte Jugend der Sowjetzone an Infanteriewaffen ausbilden - Ältere Arbeiter und Angestellte werden in uniformierten und bewaffneten »Kampfgruppen« in ihren Betrieben zusammengefaßt (""Wehrsport nach Feierabend"") HANDEL ... Seite 14 Bayerischer Landesrechnungshof kritisiert Verwaltungsaufwand der Staatlichen Erfassungsgesellschaft für öffentliches Gut (Steg), die sich seit Jahren in Liquidation befindet - Handel mit ehemaligem deutschen und amerikanischen Wehrmachtsmaterial führte zu Millionen-Verlusten (""Es blieb etwas hängen"") GEWERKSCHAFTEN ... Seite 16 CDU-Bundestagsabgeordneter organisierte christliche Betriebsaktion in Nordrhein-Westfalen und in Süddeutschland, um konfessionellen Verbänden größeren Einfluß in neugewählten Betriebsräten zu sichern - Ließ vorsorglich im Vereinsregister des Frankfurter Amtsgerichts den Namen der von ihm geplanten »Christlichen Gewerkschaft Deutschlands« eintragen (""Kampf gegen die Müdigkeit"") BUNDESLÄNDER ... Seite 18 Ekstase-Auskünfte der Therese von Konnersreuth wurden zu geschäftlichen Transaktionen mißbraucht - Mitglieder des »Konnersreuther Kreises« in illegalen Handel verwickelt (""Wer ist schuldig?"") AUSLAND INTERNATIONALES ... Seite 26 Indiskretion einer Reporterin löste größte Kriegspsychose in Amerika seit Korea aus (""Sterben für Matsu?"") KUNST, KULTUR, FORSCHUNG BÜCHER ... Seite 45 JAZZ ... Seite 46 Schwarzer Jazz-Star begeht Selbstmord aus Entmutigung über Niedergang des von ihm repräsentierten Stils (""Charlie ist tot"") WISSENSCHAFT ... Seite 47 Amerikanische Wissenschaftler befürchten schwere erbbiologische Schäden durch Ausbrechen radioaktiver Wolken nach Atombombenversuchs-Explosionen - Englische Atomforscher unternehmen das bisher größte Experiment zur Erforschung biologischer Strahlenwirkungen (""Die Wolken brechen aus"") FILM ... Seite 48 Courths-Mahler-Töchter bemühen sich um serienmäßige Verfilmung von 207 Romanen ihrer Mutter - Münchner Filmjournalist erwarb Option auf Film- und Fernsehrechte für 10 000 Mark (""Märchen für Lieschen"") FERNSEHEN ... Seite 49 KUNST ... Seite 50 SPORT ... Seite 44 PERSONALIEN ... Seite 52 RÜCKSPIEGEL ... Seite 54 HOHLSPIEGEL ... Seite 54"
"39","0.7112346291542053","0.7112346291542053","0.4","Score: 4.0/10 - Der Brief erwähnt die Wandlungen innerhalb der Sozialdemokratie und die Gründung einer neuen Zeitschrift. Es gibt eine kritische Haltung gegenüber der politischen Entwicklung, aber keine Bezugnahme auf Technologie oder Automatisierung. Die Argumentation ist politisch und ideologisch, ohne Hinweise auf technologischen Wandel. Der Text ist daher nur schwach relevant.","Briefe","1954-07-27","https://www.spiegel.de/politik/spd-parteitag-a-71237bbc-0002-0001-0000-000028957094?context=issue","(Nr. 30/1954, Panorama und Deutschland) Nicht nur das von Ihnen erwähnte Buch des sozialdemokratischen Journalisten Klaus-Peter Schulz (""Sorge um die deutsche Linke"") weist darauf hin, daß innerhalb der Sozialdemokratie die Fronten in Fluß kommen, auch das jetzt erschienene erste Heft einer neuen Zeitschrift »Die neue Gesellschaft« läßt darauf schließen, daß sich Wandlungen innerhalb der Sozialdemokratie anbahnen oder zumindest angestrebt werden. Die Herausgeber sind Willi Eichler, Dr. Bauer, Dr. Erich Potthoff und Prof. Stammer. Dortmund Peter Savigny"
"40","0.7087657451629639","0.7087657451629639","0.4","Score: 4.0/10 - Der Text thematisiert politische Dilemmata, die öffentliche Meinung, die Angst vor der SPD und die Haltung gegenüber der Sowjetunion. Es wird über die Angst vor politischen Entscheidungen und die Unfähigkeit zur Veränderung gesprochen, aber ohne Bezug zu Technologie oder technologischem Wandel. Die Begriffe wie »Hausbesitzer«, »Portier« oder »Kränze auf dem Grab der deutschen Einheit« sind metaphorisch und beziehen sich auf politische Machtstrukturen. Es gibt keine Hinweise auf Computerisierung, Automatisierung, Arbeitsplatzverlust oder technologische Ängste/Hoffnungen. Der Bezug zur Forschungsfrage ist sehr schwach und indirekt.","Briefe","1958-10-28","https://www.spiegel.de/politik/sorge-am-abend-a-969ef494-0002-0001-0000-000041759466?context=issue",". Wir leiden an Mangel an Selbstvertrauen, mit östlichen Staaten zu verhandeln; man traut sich nicht zu, die so gefürchteten östlichen Pferdefüße zu erkennen. Man fühlt sich ihnen nicht gewachsen. Zum anderen aber ist die verseuchte westdeutsche öffentliche Meinung ein Hindernis. Auch wenn unser Kanzler - was er nicht tun wird - diesen Weg einschlagen wollte, würde es selbst ihm nicht leichtfallen, die öffentliche Meinung umzustimmen. Zwar spielt er auf diesem Instrument ganz gut, aber die in zäher und langer Arbeit in die Masse eingedrillte Anti-Haltung (gegen alles Östliche, Stichwort »Todfeind"") wird sehr schwer auszumerzen und kaum zu übergehen sein. Tübingen MICHAEL SCHEU cand. jur. Glaubt Jens Daniel, daß der Hausbesitzer den Portier wirklich frei handeln läßt? Es glaubt doch wohl keiner, daß die Sowjets ihren Vorgarten freiwillig aufgeben. Essen KLAUS-JÜRGEN ELTING Angesichts der jüngsten militärischen Ereignisse in der Bundesrepublik will es mir scheinen, als ob Jens Daniel den Kränzen auf dem Grab der deutschen Einheit einen weiteren hinzugefügt habe. Die fatale Entwicklung unserer politischen Dinge wird sich jetzt nicht mehr aufhalten lassen, zumal es bei uns Politiker wohl nicht gibt, die bereit und in der Lage wären, sich in der vorerwähnten Weise in den schwierigen und risikoreichen Handel um Einheit und Freiheit der Nation einzulassen. Sollte nicht den Sowjets recht sein, was Herrn Adenauer billig ist: »keine Experimente«? Duisburg KLAUS MEERKÖTTER Vielleicht gehen jetzt endlich die SPD -Politiker dazu über, den von Ihnen gewiesenen Weg zu beschreiten. Sicherlich sind die Herren von der SPD, genauso wie Sie, davon überzeugt, daß dies der einzig richtige Weg ist. Aber aus Angst, wieder als kommunistenfreundlich gebrandmarkt zu werden, zog man es vor, zu schweigen. Wie lange soll denn die Angst vor der eigenen Courage noch dauern! Genf HEINZ TENSFELDT Die SPD muß sich entscheiden? Hat sie sich nicht schon entschieden? Von Marx hat man sich losgesagt, gegen christliche Strömungen in Politik und Arbeitsrecht wehrt man sich, Kommunisten bekämpft man, Nazis verflucht man, eine eigene Glaubenslehre hat man nicht mehr. Wanne-Eickel HANS GROBBINK Jens Daniels Appell richtet sich an die SPD, weil er der Adenauer-Ära in der CDU keinen Sinneswandel mehr zumutet. Diese Rechnung wird aber beim deutschen Wähler nie und nimmer aufgehen, da wir es bei ihm eben ganz und gar nicht mit einem »homo politicus« zu tun haben. So gleichen Daniels Forderungen einem politischen Harakiri für die SPD; sie würden die besten Schrittmacherdienste für weitere vier Jahre absoluter CDU-Herrschaft sein. Dortmund DR. PHIL. ERHARD BEHRBALK Ob's helfen wird, was Sie da geschrieben haben? Ich hoffe ja und fürchte nein. Was ziemlich sicher scheint, ist lediglich: Der SPIEGEL wird von der CDU abbestellt und von der SPD nicht bestellt werden. Berlin-Steglitz H"
"41","0.7470071315765381","0.7470071315765381","0.3","Score: 3.0/10 - Der Text beschreibt die politische und ideologische Situation in der DDR aus der Perspektive eines Westberlin-Bewohners, der in Dresden lebt. Er thematisiert Angst vor einer kommunistischen Eroberung Westdeutschlands, den Druck der SED und die Gefahr der Verschleppung in die UdSSR. Obwohl die Technologie (insbesondere die Automatisierung) nicht direkt erwähnt wird, wird die Angst vor einem totalitären System und der Unterdrückung der individuellen Freiheit durch eine fremde Macht deutlich. Dies ist indirekt relevant für die Forschungsfrage, da die Angst vor technokratischen oder autoritären Systemen im Kontext von Automatisierung und Rationalisierung eine Rolle spielen könnte. Allerdings fehlt jeglicher direkter Bezug zu Computerisierung, Automatisierung oder deren gesellschaftlichen Auswirkungen auf Arbeitswelt und Alltag. Daher ist der Bezug zu der Forschungsfrage schwach.","Briefe","1950-08-30","https://www.spiegel.de/politik/der-grosse-sturm-a-2de137dc-0002-0001-0000-000044449602?context=issue","Weil ich gerade in Westberlin bin, will ich ein paar Zeilen schreiben. Es wird Sie interessieren, daß in Dresden mehr als 30 Personen den SPIEGEL lesen. Ich gehöre zu diesen 30. Wir lesen den SPIEGEL äußerst gründlich. Jedes Wort wird studiert. Es ist nicht leicht bei uns, westdeutsche Zeitungen zu lesen. Wer von uns Verwaltungsangestellten dabei ertappt wird, fliegt aus dem Beruf. Grund: undemokratische Gesinnung. Was in dieser Umgebung uns der SPIEGEL bedeutet, das kann ein Westdeutscher gar nicht nachempfinden. Wir werden z. Z. hier auf den großen Sturm vorbereitet, der in absehbarer Zeit kommen wird. Wer nicht zum Gewehr greifen will, wird die Ehre haben, für den russischen Endsieg arbeiten zu dürfen, wahrscheinlich in der UdSSR selbst. Daß eine »Befreiung« Westdeutschlands bald stattfindet, wurde uns erst am letzten Mittwoch wieder gesagt. »Es dauert keine drei Jahre mehr« wurde gesagt. Und: »Die Westdeutschen können sich nicht selbst vom monopolkapitalistischen Joch befreien - das haben zum Beispiel die Wahlen in Nordrhein-Westfalen bewiesen - , wir müssen sie befreien.« Es gibt SED-Funktionäre, die liebäugeln schon lange mit dem Posten eines Bürgermeisters in Westfalen. Für uns ist es klar, daß dieser Wahnsinn bald kommen wird. Unklar ist uns, ob es besser ist, jetzt schon nach dem Westen abzuhauen, ehe es zu spät ist, oder noch ein wenig zu warten. Wenn wir in der Ostzone bleiben, müssen wir kämpfen, oder wir werden zum Arbeiten verschleppt. Das steht fest. Und wenn wir schon kämpfen müssen, dann wollen wir das unbedingt auf der richtigen Seite tun. Dresden XX"
"42","0.7266845405101776","0.7266845405101776","0.3","Score: 3.0/10 - Der Text diskutiert politische und kulturelle Themen wie Monarchismus, Liberalismus, Christentum und die Bedrohung durch den Osten. Es gibt keine Erwähnung von Automatisierung, Computerisierung oder technologischem Wandel. Die Angst vor einer 'Erneuerung' durch den Westen, die als Rückzug in Traditionen und Religion interpretiert wird, ist ideologisch motiviert. Obwohl die Textpassagen affektiv geprägt sind (z. B. 'erschreckend', 'Bauernfänger'), beziehen sie sich nicht auf technologische Entwicklungen. Die Diskussion dreht sich um die politische Ordnung, die Identität und die Bedrohung durch den Kommunismus. Der Bezug zur Forschungsfrage ist rein indirekt und sehr schwach, da keine Aussagen über Arbeitswelt, Arbeitsplätze oder Alltag im Kontext von Technologie gemacht werden.","Briefe","1955-08-23","https://www.spiegel.de/politik/missionaere-monarchie-a-145c8b7d-0002-0001-0000-000031971037?context=issue",". Vielleicht hätten wir gerade das bitter nötig. Starre Unbelehrbarkeit ist undemokratisch. Unter Retzbach (Nieder-Österreich) LEOPOLD HUBER Gewiß, das Abendland soll sich erneuern, und es kann sich erneuern. Wer aber diese Erneuerung sucht, indem er sich mit seiner Mercedeslimousine bequem in den Schatten von Dom und Thron flüchtet, der hat auf tragische Weise den Kontakt mit den Forderungen seiner Zeit und den besten Kräften dieser Zeit verloren. Glauben denn diese Bauernfänger, die deutsche Intelligenz sei vollends eingeschlafen oder schon schwachsinnig geworden? Düsseldorf REINHOLD SCHAEFER Die sich eröffnenden Perspektiven sind erschreckend. Braunschweig HARDY WONS Wenn man sich die Argumente dieser Herren anhört, wird man unwillkürlich an den Ausspruch Friedrich Wilhelms IV. erinnert, der eine fortschrittliche Verfassung für das damalige Preußen mit den Worten ablehnte: »Ich will nicht, daß sich zwischen die göttliche Vorsehung und mein Volk ein Stück Papier drängt.« Frankfurt (Main) GERT SCHLOTT Die Weimarer Republik verdankt nicht zuletzt ihren Untergang den »Monarchisten«, die sich 1918 »mit dem Ekel im Herzen und dem Fluch auf der Zunge« (Seeckt, Sommer 1919) bereit erklärten, in ihren Ämtern auch dem neuen Staat zu dienen. Sollte es nicht bedenklich stimmen, daß es unter den führenden Politikern der Bundesrepublik ebenfalls eine so große Zahl von Monarchisten gibt? Kiel DR. HANSEMANN Die in Augsburg zur St.-Ulrich-Festwoche Versammelten waren sich darüber klar, daß der Liberalismus keine Aussicht bietet, die bestehende Bedrohung abzuwenden, sondern daß es einer gewaltigen Anstrengung der Christen zur Schaffung einer christlichen Gesellschaftsordnung im Westen bedarf. So wie vor tausend Jahren die Einigkeit und Stärke des Westens in der Lage war, den Ansturm aus dem Osten abzuwehren (was die Christianisierung Ungarns zur Folge hatte), sind wir heute davon überzeugt, daß der aus dem Gotteshaß entspringenden Ideologie des Ostens ein erneuertes, vom Christentum durchdrungenes Abendland gegenübergestellt werden muß ... Augsburg RUDOLF HANKE Der Mann, der die Ungarn 955 auf dem Lechfeld zum Kampf führte, war getaufter Christ. Das Geschrei um Rettung des Christentums und des Abendlandes basiert also auf einer ganz üblen Geschichtsklitterung. Köln DR. B. HINRICHS Nach Ihren Ausführungen stehen aktive Minister, Professoren, höchste Beamte hinter den Zielen der »Abendländischen Akademie«, die im modernen Vielparteienstaat eine Vergiftung des öffentlichen Lebens und einen Ausdruck neuzeitlicher Willkür erblickt und die Prinzipien der Volkssouveränität und der Gewaltenteilung aus der Verfassung ausmerzen will. Das Bundesverfassungsgericht zählt in seiner Entscheidung vom 25. Oktober 1952 (SRP-Prozeß) die Volkssouveränität und die Gewaltenteilung sowie das Mehrparteiensystem zu den grundlegenden Prinzipien dieser Ordnung"
"43","0.7205168604850769","0.7205168604850769","0.3","Score: 3.0/10 - Der Text beschäftigt sich mit politischen Spannungen zwischen West- und Ostdeutschland, mit der Forderung nach militärischer Aktion gegen die DDR und dem Hass auf den 'Bolschewismus'. Es wird von einer 'Befreiungsarmee' und 'Sturmtruppe' gesprochen, was auf militärische und ideologische Ängste hinweist. Allerdings gibt es keine Erwähnung von Computerisierung, Automatisierung oder technologischem Wandel. Die Angst ist politisch-ideologischer Natur, nicht technologischer Art. Die Rede von 'technischen Kräften' ist metaphorisch und bezieht sich nicht auf industrielle Automatisierung oder Computer. Der Bezug zur Forschungsfrage ist indirekt und schwach.","Briefe","1952-07-15","https://www.spiegel.de/politik/ostzone-repressalien-a-91c76bb1-0002-0001-0000-000021977326?context=issue","(Nr. 23/52, Deutschland) Als geistig und politisch interessierte Menschen - ohne jedoch parteilich gebunden zu sein - lesen meine Kollegen und ich trotz oder vielleicht auch gerade wegen unserer Berufstätigkeit als Bauhilfsarbeiter nun schon seit einem Jahr regelmäßig den SPIEGEL und sind immer wieder dankbar für die mannigfaltige Art, mit der die Zusammenhänge der deutschen Innen- und Außenpolitik aufgezeigt werden. Da wir in der Mehrzahl Ostdeutsche sind und zum Teil unsere Familien noch in der Ostzone wohnen haben, weil auch wir bis jetzt daran glaubten, daß die Zonengrenzen fallen würden, berühren uns besonders alle Artikel über die Wiederherstellung der Einheit Deutschlands. Schließlich besuchen wir mehrmals im Jahr unsere Angehörigen und sind an den Zuständen in der DDR mehr als interessiert. Sosehr wir sachlich Ihren Artikel »Repressalien - Mein ist die Vergeltung« begrüßt haben, halten wir es aber dennoch für angebracht, einmal in aller Öffentlichkeit darauf hinzuweisen, daß die dauernden Hetztiraden in einer »Täglichen Rundschau« und anderen Ostzeitungen auch eine ganz gegenteilige als die gewünschte Wirkung innerhalb der Arbeiterschaft der Bundesrepublik hervorrufen werden und auch bereits gezeitigt haben. Es sind nicht nur die wahrlich nicht geringen Gruppen der vertriebenen Ostdeutschen und ehemaligen Bürger der Ostzone, es sind alle Deutschen, die mit den Sowjetmenschen russischer und deutscher Geburt aus dem Kriege und der Nachkriegszeit noch eine Rechnung zu begleichen haben. Die sogenannten »Gegenmaßnahmen« der DDR seit dem 1. Juni 1952 sind jedoch der letzte Anlaß, endlich einmal zu fragen: Wer verrät denn nun wirklich die deutschen Interessen? Warum steht das Volk in Westdeutschland nicht auf, um die deutschen Brüder und Schwestern in der Ostzone vor dem ungewissen Schicksal einer Verschleppung zu retten? Warum bildet man nicht auch in der Bundesrepublik Freiwilligenkorps einer Befreiungsarmee, zu denen wir als gediente Soldaten - gleich welchen Ranges - uns sofort freudig und verantwortungsbewußt melden würden? Unsere Meinung ist keine Einzelerscheinung. Wir mit unserer Kenntnis der Ostzonenzustände und dem Haß als Reaktion warten schon lange darauf, daß man uns endlich einsetzt, um der bolschewistischen Pest aus dem Osten entgegenzutreten, wenn sie es wagen sollte, ihre ohnmächtige Wut an hilflosen Frauen und Kindern auszulassen. Gegen unsere fanatische, ständig wachsende Gemeinschaft wird die sogenannte Volkspolizei und die FDJ anlaufen, daß ihnen Hören und Sehen vergeht. Warum erfaßt man uns nicht als die Sturmtruppe in einem Kampf, bei dem wir am besten wissen, worum es geht. Köln Hermann Kaminski"
"44","0.7192605137825012","0.7192605137825012","0.3","Score: 3.0/10 - Der Text thematisiert den Geschmack in der Wohnungseinrichtung, die Rückkehr zu historischen Stilen (Barock, Rokoko) und die Kritik an der 'Modernen' Kunst. Es gibt eine kritische Haltung gegenüber der Moderne, die als 'kränklich hässlich' beschrieben wird. Diese Diskussion ist kulturell und ästhetisch, nicht technologisch. Obwohl die 'Modernität' als Problem gesehen wird, ist dies keine Angst vor Computerisierung oder Automatisierung. Die Ängste sind stilistischer Natur, nicht technologischer. Es gibt keine Verbindung zu Arbeitswelt, Technik oder industrieller Entwicklung. Der Bezug zur Forschungsfrage ist schwach und indirekt.","Briefe","1958-01-14","https://www.spiegel.de/politik/arrivierten-antike-a-48486431-0002-0001-0000-000041760435?context=issue",". Die seit etwa hundert Jahren sozial bestimmende Schicht hetzt nervös durch alle vergangenen Stilgebilde hindurch und verzichtet darauf, einen eigenen Stil zu entwickeln. Ist das nicht ein trauriges Dokument der Geschmacksunsicherheit dieser unserer »sozial bestimmenden Schicht«? ... Man sage nicht, daß die heutige Zeit zu sehr gehetzt sei, als daß sie sich auf ihre inneren Werte besinnen könne..., zumal Künstler, Architekten, die einschlägige Industrie und das Handwerk bereitstehen, um alle Wünsche in dieser Hinsicht zu erfüllen. Man braucht wirklich nicht ... einen totalen und kritiklosen Rückzug in die künstlerischen Produkte unserer Väter anzutreten. Wer glaubt, in seiner Wohnungseinrichtung hier und da für eine belebende Abwechslung sorgen zu müssen, sei daran nicht gehindert. Aber man tue das nur mit Vorsicht und Geschmack. Mit Geschmack, um nicht den Eindruck eines neureichen, halbgebildeten Snobs zu erwecken. Mit Vorsicht, um sich nicht etwa durch einen profitjagenden unseriösen Antiquitätenhandel überfahren zu lassen (womit dem seriösen Antiquitätenhandel ein Kompliment ausgesprochen ist). Bad Münder (Deister) DR. KREIBAUM Niederdeutsche Werkstätten GmbH Wenn man nach den Ursachen für das Auftreten einer Mode, ganz gleich auf welchem Gebiet, fragt, dann wird es darauf eine vollbefriedigende Antwort nie geben. Die Mode ist halt ein launisch Ding und mit rationalen Mitteln schwer faßbar. Der plötzliche Geschmackswechsel muß - sofern er nicht vom Kunsthandel gesteuert wurde, d.h. also, daß das Angebot die Nachfrage hervorrief - zunächst einfach als Tatsache hingenommen werden. Dabei mögen zur Erklärung der von Ihnen geschilderten plötzlichen Konjunktur im Antiquitätenhandel die »Feminisierung der Kundschaft« oder die »Strömung des Restaurativen« oder der »Hang vieler zur Monarchie« herangezogen werden, wie Sie es getan haben - ein Rest, das werden Sie mir zugestehen, bleibt immer. Mehr als Arbeitshypothesen sind damit nicht gegeben, und manch einer wird Ihnen vielleicht sagen: »Warum so umständlich? Einziger Grund für die Sucht nach der Antike: Die meisten Käufer pausbäckiger Barock-Engel, silberner Empire-Leuchter und intarsiengeschmückter Rokoko-Schatullen wollen weiter nichts, als ihre schnell erworbene Wohlhabenheit nach außen hin zu dokumentieren.« Aber warum dann gerade Rokoko oder Barock oder Altdeutsch oder, wie jetzt auf einem verwandten Gebiet, dem Kunstgewerbe, festzustellen ist, Altgriechisch! Warum ging da nach den beiden Weltkriegen die Entwicklung von Messing über Kupfer nach Zinn und dann zur Antike? Hamburg ROBERT WETTERHAHN ...Eine verbreitete Verständnislosigkeit gegenüber allen Ausrichtungen der modernen Kunst unterstützt den Drang zur älteren Kunstrichtung, den Wunsch, sich in der intimsten Sphäre, der Wohnung, mit Zeugnissen jener heiteren und spielerischen Stilepoche (Barock-Rokoko) zu umgeben, weil man des kränklichen Häßlichkeitskults der »Modernen« überdrüssig ist"
"45","0.7155504524707794","0.7155504524707794","0.3","Score: 3.0/10 - Der Text erwähnt die Automobilindustrie und deren technische Herausforderungen (z. B. Motorisierung der Armee, Längenbeschränkungen), aber behandelt Computerisierung oder Automatisierung nicht. Es gibt keine Hinweise auf Hoffnungen oder Ängste gegenüber technologischem Wandel, Arbeitsplatzverlust oder Veränderungen in der Arbeitswelt. Der Fokus liegt auf politischen und wirtschaftlichen Aspekten der Industrie, nicht auf gesellschaftlichen Reaktionen auf Technologie.","Briefe","1955-06-14","https://www.spiegel.de/politik/in-diesem-heft-a-02fa63bb-0002-0001-0000-000071064455?context=issue","INLAND BONN ... Seite 9 BUNDESLÄNDER ... Seite 12 RÜSTUNG ... Seite 24 Automobilindustrie kann den vom Ministerium Blank gewünschten Terminplan für Motorisierung der deutschen Armee nicht einhalten - Drohende Herabsetzung der zulässigen Länge von Lastwagen durch Minister Seebohm könnte Autoindustrie zu kostspieliger zweigeteilter Zivil- und Militärproduktion zwingen (""Herr Blank macht Versuche"") AUSLAND INTERNATIONALES ... Seite 26 USA fragen bei Nato-Generalsekretariat an, wie westeuropäische Mächte über eine bei Neutralisierung Deutschlands notwendig werdende Verlegung amerikanischer Besatzungstruppen nach Westen denken (""Schritte im Dunkel"") Vorbereitungen zur bevorstehenden Vierer-Konferenz lassen erkennen, daß west- und osteuropäische Staaten einmütig Deutschlands Teilung aufrechterhalten möchten (""Garantien gegen Deutschland"") USA ... Seite 29 Gewerkschaft der Automobilarbeiter zwingt Fordwerke durch Streikdrohung, als erstes amerikanisches Industrie-Unternehmen entlassenen Arbeitern langfristig Unterstützung zu zahlen - Gewerkschaftschef Reuther droht mit weiteren Streiks - Will Ford-Vertrag zum Modell für gesamte Schwerindustrie machen (""Der private Wohlfahrtsstaat"") AFRIKA ... Seite 31 Französischer Pfarrer spürt Sklavenhändler-Organisationen in West- und Äquatorialafrika auf - Ehemaliger Angehöriger des deutschen Afrika-Korps versorgt mit 15 geländegängigen Lastwagen arabische Sklavenmärkte (""Mit einer Fingerspitze Gold"") KUNST, KULTUR ARCHITEKTUR ... Seite 35 Preisgekrönter Neubau-Entwurf für das Kasseler Staatstheater soll nach jahrelanger Vorarbeit durch insgeheim neu angefertigten Entwurf eines zunächst ausgeschiedenen Wettbewerbsteilnehmers ersetzt werden - Mit dem Bau beauftragte Architekten erfahren dies erst aus der Zeitung (""Ruine zu verkaufen"") MEDIZIN ... Seite 38 Standesorganisation britischer Ärzte empfiehlt nach 18monatigen Untersuchungen Hypnose als Heilmittel für seelisch bedingte Erkrankungen - Engländer können sich auf Kosten des staatlichen Gesundheitsdienstes hypnotisieren lassen (""Der Gesundheitsdienst bezahlt"") FILM ... Seite 40 BÜCHER ... Seite 41 SPORT ... Seite 34 PERSONALIEN ... Seite 44 RÜCKSPIEGEL ... Seite 45 HOHLSPIEGEL ... Seite 46"
"46","0.714684933423996","0.714684933423996","0.3","Score: 3.0/10 - Der Brief thematisiert religiöse und geistige Kräfte, die durch die materielle Ausformung des Lebens eingeschränkt seien. Es gibt eine kritische Haltung gegenüber der »Schließung des Himmels«, aber keine Verbindung zu Computerisierung, Automatisierung oder technologischem Wandel in der Arbeitswelt. Die Sprache ist metaphysisch und theologisch geprägt, ohne Bezug zu konkreten technischen Entwicklungen. Der Text ist thematisch irrelevant für die Forschungsfrage.","Briefe","1958-12-23","https://www.spiegel.de/politik/kirche-im-fragefeuer-a-f5337c97-0002-0001-0000-000042621087?context=issue",". Die totale materielle Ausformung unseres Daseins hat auch jene geistigen Komponenten stofflich eingekapselt, die in jüngeren Menschheitsepochen noch in religiöse Bereiche ausstrahlten. Diese »Schließung des Himmels« für den Menschen ist wohl nicht umkehrbar und daher auch nur über einen »neuen Himmel und eine neue Erde« möglich. Göttingen H. O. NICOLAUS Diese Räucher- und Parteipriester wollen Europa wieder ins »christliche Mittelalter« neutestamentieren. Von »Weltherrschaft« träumten neurotische Bibelautoren, und sie zu verwirklichen zündeln eifrige Jesus-Jünger. Brandgeruch und Chaos ist eh »glaubensfördernd« gewesen! Würzburg WILLI CRALLOPP SPD-MdL Rau Schmitz-Bunse"
"47","0.7100953757762909","0.7100953757762909","0.3","Score: 3.0/10 - Der Text befasst sich mit der Rolle von »Radio Free Europe« in der Propaganda gegen den Kommunismus und der Hoffnung auf Befreiung in Osteuropa. Es wird auf die politische und militärische Stärke des Westens hingewiesen, aber es gibt keinen Bezug zu Computerisierung, Automatisierung oder technologischem Wandel. Die Themen sind ideologisch und geopolitisch, nicht technologiebezogen. Keine Erwähnung von Arbeitswelt, Alltag oder technologischen Ängsten/Hoffnungen. Der Bezug zur Forschungsfrage ist sehr schwach.","Briefe","1956-12-04","https://www.spiegel.de/politik/radio-freies-europa-a-46402085-0002-0001-0000-000043064739?context=issue","Im Zusammenhang mit Ihrem Artikel ist der Aufsatz von Ernst Langendorf, »einem der führenden Köpfe von ,Radio Free Europe'«, im »Rheinischen Merkur« interessant (Nr. 40 vom 5. Oktober 1956). Dort heißt es: In der Abwehr kommunistischer Propagandalügen über die deutsche Wiederaufrüstung im Rahmen des nordatlantischen Verteidigungssystems hat »Radio Free Europe« zum Beispiel den deutschen Verteidigungsbeitrag begrüßt und in unzähligen Sendungen versucht, den Menschen in den Satellitenstaaten dessen Notwendigkeit zu erklären. Die politische, wirtschaftliche und militärische Stärke des Westens, so wird in den Sendungen nach dem Osten argumentiert, liegt im Interesse der auf ihre Befreiung hoffenden antikommunistisehen Massen in den Satellitenstaaten. Als Abschluß heißt es: Die Arbeit ist sicherlich nicht frei von menschlichen Fehlern. Aber der Tag, an dem die »Stimmen« von Freies Europa verstummen würden, wäre ein schwarzer Tag im Leben von vielen Millionen Menschen in Osteuropa, die auf die Erlösung von Ihren Ochabs, Zapotockys, Geroes, Georghiu-Djs und Yugoffs hoffen. Der Artikel ist am 5. Oktober erschienen, also wohl schon vor dem 1. Oktober geschrieben. Weitere Kommentare sind überflüssig. Metzingen F. KLEINKNECHT"
"48","0.7088426947593689","0.7088426947593689","0.3","Score: 3.0/10 - Der Text handelt von militärischen und atomaren Bedrohungen, dem Hass auf Deutschland und der Rolle der USA. Es wird über die Möglichkeit der Auslöschung Deutschlands gesprochen, aber dies ist eine apokalyptische Vision, die auf geopolitische Spannungen zurückgeht, nicht auf Computerisierung oder Automatisierung. Es gibt keine Erwähnung von Technologie, Arbeitswelt oder technologischem Wandel. Die Diskussion ist ideologisch und kritisch gegenüber westlichen Mächten, aber völlig unabhängig von der Forschungsfrage. Keine Hinweise auf technologische Ängste oder Hoffnungen.","Briefe","1959-04-14","https://www.spiegel.de/politik/nachwort-a-80be034a-0002-0001-0000-000042625027?context=issue","Ihre Hoffnungen, Mr. Ress, daß der Tag noch kommen möge, an dem Deutschland und das deutsche Volk vollkommen ausgelöscht werden, scheinen bei der heutigen militärisch-atomaren Entwicklung in der Tat nicht unbegründet zu sein. Da hingegen wir Deutsche mit den Amerikanern an einem Strick hängen, dürfte die Zeit, in der Sie und Ihre Landsleute dieses überleben, kaum noch mit einer Stoppuhr zu messen sein. Caracas (Venezuela) ULRICH ANGELROTH Gibt man sich in Deutschland selbst redlich Mühe, mit den Auswüchsen eines Zind fertigzuwerden, so fragt man sich andererseits, wie solche Art von Briefen wie der des Mr. Ress aus Chicago in einem Land entstehen kann, das Deutschland eines Besseren belehren und »erziehen« wollte oder gar noch will. Kitchener (Kanada) WERNER DIETRICH Ihr umfangreiches Wunschprogramm, Mr. Lester G. Ress, in Ehren; aber wie könnten Sie es durchführen ohne Hilfe anderer, die Ihresgleichen sind? Hierzu mein Tip: Vor mehr als hundert Jahren betrieb mein amerikanischer Urgroßvater Entelmann, Savannah (USA), unter anderem einen schwunghaften Sklavenhandel. Wenden Sie sich mit Ihrem Anliegen an seine Nachkommenschaft in Savannah. Sie erscheinen dort im Namen Gottes. Rotterdam ADA DENKERS Vielleicht würde es den pathologischen Haß des ehrenwerten Mr. Lester G. Ress auf die Wirtschaftswunderdeutschen ein wenig dämpfen, wenn er sich einmal der Mühe unterzöge, den Bericht seines Landsmanns Edgar L. Jones in der Februar-Nummer 1946 der angesehenen Monatsschrift »The Atlantic Monthly« zu lesen (Jones war den ganzen Krieg hindurch Pressekorrespondent an der Pazifikfront): Wir glauben, edler und sittlicher als andere Völker und demzufolge besser In der Lage zu sein, zu entscheiden, was Recht in der Welt ist und was nicht. Was glauben die Zivilisten denn, welche Art Krieg wir geführt haben? Wir haben kalten Blutes Gefangene niedergemacht, wir haben Lazarette in Staub und Asche verwandelt, Rettungsboote versenkt, feindliche Zivilisten getötet oder verwundet, Verwundeten den Garaus gemacht, Sterbende mit Toten in eine Grube geworfen. Im Pazifik haben wir die Schädel unserer Feinde zerschlagen, sie abgekocht, um aus ihnen Tischgarnituren für unsere Bräute zu machen, und haben ihre Knochen ausgemeißelt, um Brieföffner aus ihnen zu verfertigen ... Wir haben die Leichen toter Feinde verstümmelt, wir haben ihnen die Ohren abgeschnitten und die Goldzähne ausgebrochen, um »Souvenirs« zu haben. Innsbruck ERIKA G. CH. KORSINSKI Wie kommt es, daß die USA in fast allen Teilen der Welt von Südamerika über Afrika, Vorderen und Mittleren Orient bis zum Fernen Osten trotz ihres Dollarsegens sich steigender Unbeliebtheit, ja ausgesprochener Geringschätzung erfreuen, während man die Deutschen zwar nicht überall liebt, sie aber zumindest achtet? Sind daran auch die Deutschen schuld? Bagdad (Irak) WILLI WEBER Man kann nur etwas Höhergestelltes oder mindestens Gleichwertiges hassen. Im Haß ist Ehre, im Haß ist Furcht, im Haß ist Lob"
"49","0.7189229726791382","0.7189229726791382","0.2","Score: 2.0/10 - Der Text ist vollständig von politischen und militärischen Ängsten geprägt – Atomkrieg, Rasseln mit Atomsprengsätzen, 'letztes Morden', 'Großdeutschland'. Es wird von einem 'Kampf' gegen den Osten und einer 'Siegesfeier' gesprochen. Die Angst ist existenziell und ideologisch, aber nicht technologisch. Es gibt keine Erwähnung von Computerisierung, Automatisierung oder technischem Wandel. Die Rede von 'H- und A-Bomben' ist militärisch, nicht industriell. Der Text ist rein politisch-ideologisch und hat keine Verbindung zur Entwicklung der Arbeitswelt durch Technologie. Keine Hinweise auf Hoffnungen oder Ängste bezüglich technologischen Wandels.","Briefe","1957-12-24","https://www.spiegel.de/politik/nato-narkose-a-da704f87-0002-0001-0000-000041760184?context=issue",". Was nützt es, wenn einige tausend Menschen seine Sorgen teilen. Die restlichen Millionen diskutieren über das neueste Automodell und die Verbrechen aus den Groschenblättern ... Es bleibt allein der Trost, daß das nächste Morden nicht fünfeinhalb Jahre dauern wird. In drei Tagen ist alles vorbei. Köln HANS-OTTO THORNER Auch eine Legion Jens Daniels würde die Sturheit der Bundesregierung, besonders in außenpolitischen Belangen, nicht ändern. Bonn hat das sogenannte deutsche Wirtschaftswunder gepachtet. Das ist eine Betonwand der Unvernunft, die selbst noch so viele H- und A-Bomben nicht umwerfen. Hamburg-Sasel FRIEDRICH VORRATH Unser Kabinett scheint einige gründliche Nachhilfestunden in Geographie nötig zu haben, sonst wäre es nicht möglich, daß man von Bonn aus die Ostgrenze Deutschlands und Europas an der Elbe sieht. Kleinheppach (Wttbg.) GÜNTER BECK Wilhelm II. hat es bereits mit dem Säbel hinter sich, Hitler mit den Stukas ebenfalls, warum Adenauer nicht mit den Atomsprengsatzköpfen als »Weiterentwicklung der normalen Artillerie«. Das Rasseln liegt uns nun einmal. Vielleicht aber hat man ja Glück und setzt dieses Mal auf das richtige Pferd. Dann können die letzten Germanen am Lagerfeuer zünftig beim Met die Siegesfeier halten, und Großdeutschland ist wieder da. Zum Mond brauchen wir dann auch nicht mehr. Den haben wir dann landschaftlich auf Erden. Bremen ALFRED DEGENER"
"50","0.7174663543701172","0.7174663543701172","0.2","Score: 2.0/10 - Der Text ist eine Kritik an der Redaktion des SPIEGEL, an Jens Daniel und an der politischen Kritik. Es geht um politische Meinungsfreiheit, Verleumdung, 'Lüge und Gift', und die Rolle der Presse. Die Ängste sind journalistisch-politisch, nicht technologisch. Es gibt keine Erwähnung von Computerisierung, Automatisierung oder technischem Wandel. Die Rede von 'degeneriertem Wunderwesten' ist kulturell-ideologisch. Die Texte sind voller emotionaler Polemik, aber ohne Bezug zur Technologie. Keine Hinweise auf Arbeitsplatzverluste, Effizienzsteigerung oder technologische Entwicklung. Der Bezug zur Forschungsfrage ist irrelevant.","Briefe","1959-12-22","https://www.spiegel.de/politik/finale-59-a-e304b629-0002-0001-0000-000042623602?context=issue",". Ich bezweifle, daß Ihnen dieses Glück auch in Zukunft beschert sein wird. Tasmania (Australien) SIEGFRIED BIRKLE ... freut sich Ihre große SPIEGEL -Gemeinde mit jedem Wochenbeginn auf Ihre immer mit offenem Visier kämpfende brillante Zeitschrift. Sie sorgt wenigstens dafür, daß die heutigen Alleinherrscher auf der politischen Bühne nicht völlig vergessen, daß das deutsche Volk außer der CDU noch eine politisch andersdenkende Hälfte hat. Nürnberg WALTER GÖTZGER Eine Zeitung, die ihre Aufgabe darin sieht, im Schlamm zu wühlen, muß es geben; das steht außer Zweifel. Die gute Absicht schlägt aber ins Gefährliche um, wenn negative Randerscheinungen dazu benutzt werden, die gute Sache fertigzumachen. Der Leser spürt deutlich, daß sich hier jemand seinen Haß vom Leibe abreagiert. Stolberg (Rheinland) HEINZ BAU Ein deutsches Nachrichten-Magazin mit deutschen Redakteuren verspritzt Lüge und Gift und hilft so dem ärgsten Feind der Menschheit. Wer das Alter verunglimpft (Adenauer und Dulles), wer die heiligsten Gefühle eines Volkes verletzt, wer mit dem Bolschewismus paktiert, wer dauernd im Dreck herumwühlt, um Geld zu verdienen, für den ist der Galgen zu gut. Wiesbaden-Schierstein FRANZ BAUER Jens Daniel ist schrecklich. Er gebärdet sich als Individualist, indem er sich der Autonomie seines Kopfes freut, alles bespöttelt, was nicht durch seinen Glauben geschützt ist. Wer nämlich in seiner Vergangenheit nichts Wesentliches entdeckt, der wendet sein Augenmerk der Vergangenheit seines Volkes zu. Er gibt sich selbst ein Gesetz, das Freiheit vortäuscht, ihn aber nicht zu erlösen vermag. Die Vergangenheit quält ihn, weil er sie versäumte. Er hätte sie mitgestalten müssen. Aber das lag nicht in seiner Macht. Nun sucht er den, der seine Interessen hätte vertreten müssen. Münster (Westfalen) H. REITER Es kommt ja gar nicht auf mich alte Frau an, die fünf Minuten vor dem Friedhof steht. Aber auf Euch, die jungen Männer vom SPIEGEL, kommt es an, die sich im degenerierten Wunderwesten als permanente Geistes-Prominenz fühlen, indem sie dem Volke seinen Untergang, die Adenauer-Fehltritte, zum Unterhaltungsstoff machen. Nie habt Ihr dem Volk, das Plebs für Euch ist, eine Barrikade gebaut, ein Forum eingesetzt. Nie habt Ihr eine Tat gewagt. Sich verklagen lassen ist keine Tat. Wann werdet Ihr endlich größeren Mut aufbringen? Auch Jens Daniel enttäuscht mich schwer. Und er war doch meine letzte Liebe. Das deutsche Unglück schreitet weiter. Er aber tritt egalweg auf derselben Stelle ... Rastede (Oldenburg) ALBERTINE HAMER Oft bringt der SPIEGEL wochenlang keine Beiträge von Jens Daniel und Moritz Pfeil. Ich vermisse die dann immer sehr. Oder wurde der SPIEGEL gleichgeschaltet? Da wir kaum eine parlamentarische Opposition haben, wäre das besonders zu bedauern. Arnum (Hannover) K. MARING Wie steht es mit den russischen Sprachkenntnissen des Herrn Jens Daniel? Um einen Deutschen kann es sich bei ihm wohl nicht handeln"
"51","0.7921328842639923","0.7921328842639923","1","Score: 10.0/10 - Der Text enthält mehrere explizite und starke Äußerungen von Hoffnungen und Ängsten gegenüber der Automation. Die Briefe zeigen eine tiefgreifende Angst vor der menschlichen Überflüssigkeit (Günter Rowohlt: »der Mensch ist überflüssig geworden«), vor einer Zukunft mit »halber Bevölkerung, die verhungert an vollen Tischen« (Carl Vogt), und vor einer gesellschaftlichen Zerstörung (F. Zobel: »als Clochard«). Gleichzeitig drückt sich Hoffnung in der Forderung nach einer neuen Sozialordnung aus (Fred Habicht: »eine grundlegende neue Sozialordnung«). Die Sprache ist emotional, bildhaft und direkt auf die gesellschaftlichen Konsequenzen der Automatisierung ausgerichtet, was eine klare Thematisierung von Ängsten und Hoffnungen zeigt.","Briefe","1964-04-21","https://www.spiegel.de/politik/neue-welt-a-d69f650d-0002-0001-0000-000046174440?context=issue",". Dieses Verhältnis wird sich in den nächsten zehn Jahren auf das Verhältnis zwei zu eins verschlechtern. Da die Produktion gesteigert werden muß und kaum anzunehmen ist, daß die Löhne stagnieren, geschweige sinken, gibt es nur einen Weg: Automation. Frankfurt KLAUS DIEDERICHS Nachdem die bundesdeutsche Volksschule als Schlußlicht westlicher Bildungspolitik ohnehin unseren Kindern nur einige Kulturtechniken der Jahrhundertwende mit dem Ziel vermittelt, sie als taugliche Häftlinge in die Produktionsgefängnisse der Wirtschaft zu entlassen, liefert Ihr längst notwendiger Artikel Herrn von Hassel noch nachträglich den Freibrief für seine Forderung: »Soldaten statt Lehrer!«. Hildesheim GÜNTER ROWOHLT In nächster Zeit werden wir es erleben, daß die Bahlsen-Waffelstraße nicht von einer Frau, sondern von Pentzlin selbst kontrolliert wird und daß die Familie Bahlsen das hergestellte Gebäck allein verzehren kann. Welch herrlichen Zeiten gehen wir entgegen - der Mensch ist überflüssig geworden. Wir bauen dann statt Wohnungen wieder Arbeitsämter, damit die Millionen Menschen betreut und registriert werden können. Frankfurt CARL VOGT Feine Zukunftsaussichten für den »freien Westen«. Die halbe Bevölkerung verhungert an vollen Tischen. Neustadt (Schleswig-Holst.) F. ZOBEL Nachdem ich Ihren Automationsartikel gelesen habe, sehe ich nur eine Möglichkeit, mein zukünftiges Leben zu fristen: als Clochard. Münster (Westf.) HERMANN FROESCH Mein Vorschlag: Der SPIEGEL möge sich doch auch, einen Roboter - beispielsweise für Schlagzeilen und Titelgeschichten - anschaffen. Stellen Sie sich vor, wenn dann im Falle eines Falles anstelle gewisser SPIEGEL-Leute »Kamerad Blech« sitzen müßte. Landshut (Bayern) LISELOTTE FRIEDRICH * Witwe des 1963 verstorbenen deutsch-amerikanischen Wirtschaftswissenschaftlers und Publizisten Fritz Sternberg. Automations -Titel Sternberg"
"52","0.7205734848976135","0.7205734848976135","1","Score: 10.0/10 - Der Text thematisiert explizit Hoffnungen und Ängste bezüglich Automatisierung und Computerisierung. Dr. Günter Friedrichs, Leiter der Abteilung Automation bei der IG Metall, spricht direkt über die Angst vor Robotern und die Befürchtung, dass 'mit der Technik unüberlegt hantiert' wird. Er betont, dass die Gewerkschaft keine Angst vor Robotern habe, sondern nur vor 'riskanten' Umgang mit der Technik. Dies zeigt eine klare Ängstigung vor negativen Auswirkungen der Automatisierung. Gleichzeitig wird die Hoffnung auf eine 'große Chance' genannt, die verspielt werden könnte – was eine positive Erwartung an die Technologie ausdrückt. Die Zahlen über mögliche Arbeitsplatzverluste (1,5 Millionen jährlich) und die Diskussion über die Freisetzung von Arbeitskräften durch Automatisierung sind konkrete Aussagen über erwartete negative Konsequenzen. Der Text ist daher ein klares Beispiel für zeitgenössische Hoffnungen und Ängste gegenüber der Automatisierung.","Briefe","1966-09-25","https://www.spiegel.de/politik/furchtlos-a-7443c508-0002-0001-0000-000046414249?context=issue","Rezensenten machen Zitate oft durch Seitenangaben kenntlich. Kurt Pentzlins Besprechung von »Automation - Risiko und Chance« würde dieser Brauch in Verlegenheit bringen. Er könnte seine »1,5 Millionen Arbeitslosen jährlich« nicht belegen. Diese Formulierung existiert nur in der Arbeitgeberpropaganda. Das Ifo-Institut hat 1962 »eine jährliche Freisetzung von sechs von Hundert der erwerbstätigen Arbeitskräfte, publiziert und kürzlich (Ifo-Studien 1965) sogar noch höhere Prozentzahlen genannt. Ich habe 1963 nur ausgerechnet, wieviel sechs Prozent der Erwerbstätigen sind. Otto Brenner sagt (Seite 22): »Ob die Zahl der eingesparten Arbeitskräfte in der Bundesrepublik 1,3 oder 1,8 Millionen beträgt, ist nicht entscheidend. Wesentlich ist ihre Größenordnung. Diese Zahlen sagen allerdings nichts über etwaige Entlassungen aus. Sie zeigen lediglich das erforderliche Wirtschaftswachstum, eventuell korrigert durch Arbeitszeitverkürzungen, wenn Vollbeschäftigung erhalten beziehungsweise die Weiterbeschäftigung eingesparter Arbeitnehmer gesichert werden soll.« Der Staatssekretär Claussen erhielt aus zwei Gründen schlechte Noten. Erstens schnitt die Bundesregierung mit ihrer Stellungnahme im Vergleich zu zwei internationalen Organisationen und drei anderen nationalen Regierungen am schlechtesten ab. Zweitens verkündete er (Seite 140): »Die Perser faßten ihr Bildungsziel zusammen in der Forderung an ihre Jugend: Reiten, Bogenschießen und die Wahrheit sagen, was auch heute abgewandelt und zum Teil wörtlich gelten könnte.« Pentzlin behauptet, die amerikanische Wettbewerbswirtschaft habe allein im letzten Jahr fast zweieinhalb Millionen neue Arbeitsplätze geschaffen. Rechnet Pentzlin auch massive Strukturprogramme und Steuersenkungen, Johnsons Feldzug gegen die Armut und die wirtschaftlichen Wirkungen des Vietnamkrieges zu den Kräften des Wettbewerbs? Sind die zirka eine Million Arbeitsplätze, welche die Bundeswehr (einschließlich Versorgung) für ausländische »Gäste« schuf, auch ein Ergebnis des Wettbewerbs? Die Gewerkschaften haben keine Angst vor Robotern. Die IG Metall bekommt demnächst einen eigenen Computer. Wir fürchten nur jene, die mit der Technik unüberlegt hantieren und riskieren, eine große Chance zu verspielen. Frankfurt DR. GÜNTER FRIEDRICHS Leiter der Abteilung Automation beim Vorstand der IG Metall"
"53","0.7961458563804626","0.7961458563804626","0.9","Score: 9.0/10 - Der Text thematisiert explizit Ängste vor den sozialen Folgen der Automation. Briefe von mehreren Autoren belegen eine starke Angst vor Massenarbeitslosigkeit (z. B. Werner Cieslak: »bis wir auch in der Bundesrepublik ein Millionenheer von Arbeitslosen aufzuweisen haben«), Panikstimmung (Hans Benzinger: »Ihr Bericht erzeugt praktisch eine Panikstimmung«) und die Gefahr einer gesellschaftlichen Katastrophe (Carl Lorenz: »totale Überproduktion und totale Arbeitslosigkeit«). Die Hoffnung auf eine Lösung wird in der Forderung nach einer »geplanten Wirtschaft« und einer grundlegenden Änderung der Wirtschaftspolitik gesehen. Diese Aussagen zeigen klar die gesellschaftliche Angst vor technologischem Wandel und die Hoffnung auf politische Steuerung.","Briefe","1964-04-21","https://www.spiegel.de/politik/neue-welt-a-d69f650d-0002-0001-0000-000046174440?context=issue",". Ulm (Donau) GEORG BLUM Während Sie in Ihrer Titelgeschichte ein trübes Bild über die Zukunftsaussichten durch die Automation zeichnen, verniedlicht ihr Herr Simoneit diese Gefahren in seinem Gespräch mit Herrn Friedrichs von der IG Metall. Ihre Titelgeschichte erzeugt praktisch eine Panikstimmung; dagegen Herr Simoneit: Bisher sei noch kein Anlaß zur Panik gewesen. Will er denn warten, bis Anlaß dazu besteht? Nürnberg HANS BENZINGER Völlig zu Recht weist Dr. Friedrichs darauf hin, daß nur mit einer »geplanten Wirtschaft« die Probleme der Automation und insbesondere die negativen sozialen Folgen für die Arbeiter gelöst werden können. Meines Erachtens erfordert das allerdings eine grundlegende Änderung der gegenwärtigen Wirtschaftspolitik. Sonst ist es nur noch eine Frage von wenigen Jahren, bis wir auch in der Bundesrepublik ein Millionenheer von Arbeitslosen aufzuweisen haben. Essen WERNER CIESLAK Furchterregend erscheinen die gesellschaftspolitischen Konsequenzen Ihres Berichts. Sie sprechen von dem »nahezu unbegrenzten Fortschrittsglauben« der Bundesbürger. Doch was wird davon übrigbleiben, wenn bei uns ähnlich bittere Erfahrungen gemacht werden wie in den USA? Könnte in diesem Fall eine moderne Automations-Stürmerei ein Ausweg sein? Wohl kaum. Hier zeigt sich in aller Deutlichkeit, daß mit Ziel - und Planlosigkeit, wie sie die Wirtschaftspolitik der Bundesregierung auszeichnen, nichts zu gewinnen, aber alles zu verlieren ist. Bottrop (Nordrh.-Westf.) HEINZ W. CZYMEK Der Notwendigkeitsnachweis der Gewerkschaften für Lohnerhöhungen und Arbeitszeitverkürzungen ist die Geburt der Automation und per Saldo die Vernichtung der Arbeitsplätze. Berlin CARL LORENZ Ohne Marx bis dahin gelesen zu haben, war mir schon in jungen Jahren geläufig, daß zum Zeitpunkt der Vollautomation totale Überproduktion und totale Arbeitslosigkeit herrschen müssen. Im Falle des Privateigentums an den Produktionsmitteln müßten die Menschen dann bei vollen Speichern verhungern; im Falle des Gemeineigentums würden alle ohne Arbeitsleistung satt. Backnang (Bad.-Württ.) HERMANN SCHIEFER Weder Herr Brenner noch Herr Rosenberg werden über die Auslassungen des Herrn Friedrichs reine Freude empfinden. Dem Leser bleiben der Schock und letztlich der Trost, daß Herr Friedrichs noch jung ist. Darmsheim (Bad.-Württ.) WERNER SCHMIDT Zu dem Photo auf Seite 44: Die im Original aus der Zeit vor der Jahrhundertwende stammende Nachbildung der Plastik eines Schöpfkelle und Lederschurz tragenden Gießlers auf der Kommode des elegant gekleideten Metallarbeiterchefs Brenner mutet, bei aller Wertschätzung des Künstlerischen, wie das Symbol eines von Furcht genährten, rückschrittlichen Wunschdenkens an, das auch das Antlitz des Bosses widerzuspiegeln scheint. Bad Oeynhausen HERBERT SCHMIDT Trotz des Umfanges waren die Ausführungen über die Automation unvollständig"
"54","0.7278198003768921","0.7278198003768921","0.9","Score: 9.0/10 - Der Brief thematisiert die technologische Entwicklung in Japan und vergleicht sie mit der deutschen Situation. Er erwähnt explizit, dass IBM der größte Computer-Hersteller in Japan ist und dass japanische Hersteller amerikanisches Kapital und Lizenzen benötigen – ein direkter Hinweis auf die globale Bedeutung von Computerisierung. Die Kritik am deutschen Bürokratismus, der die wissenschaftliche Forschung hemmt, zeigt eine Angst vor technologischem Rückstand. Die Bemerkung, dass der Lebensstandard in Japan niedrig sei, obwohl Geräte wie Fernseher und Waschmaschinen verbreitet sind, impliziert eine Hoffnung, dass technologischer Fortschritt nicht automatisch zu sozialem Wohlstand führt – eine kritische Einschätzung der Auswirkungen von Automatisierung.","Briefe","1969-06-15","https://www.spiegel.de/politik/sonnenaufgang-a-afb157fd-0002-0001-0000-000045589336?context=issue",". Rodenkirchen (Nordrh.-Westf.) HISASHI WATANABE Nach der Lektüre des Japan-Berichts stelle ich beruhigt fest, daß für uns noch drei Bereiche bleiben, in denen uns die Japaner niemals einholen. geschweige denn schlagen werden: Im Ausverkauf unserer Industrie an die Amerikaner, in unserem Bürokratismus, der diesen nicht verhindert, sondern im Gegenteil beschleunigt und der in Verbindung mit den vielerlei Kompetenzschwierigkeiten unsere wissenschaftliche Forschung und technische Entwicklung hemmt und teilweise lahmlegt, Nendingen (Bad.-Württ.) PAul. STADLER Ihre Beurteilung der Arbeitsmoral ist schon für die Gegenwart falsch gesehen. Bereits heute erweist sich die zunehmende wirtschaftliche Besserstellung des einzelnen als retardierendes Moment für den Arbeitseifer. Der Lebensstandard, der in den kommenden Jahren noch größere Wachstumsraten als in den vergangenen Jahren haben wird, wird diese Tendenz verstärken. Damit wird Japan zunehmend den gleichen Problemen wie andere führende westliche Industrieländer konfrontiert sein. Im übrigen ist Ihre Darstellung der Lebensbedingungen in Japan recht unvollständig. Zwar treffen Ihre Angaben über die Verbreitung von Fernsehern, Waschmaschinen und Kühlschränken zu, jedoch sind folgende Angaben für die Lebensbedingungen in Japan schließlich nicht unwichtig: Im Vergleich zu den westeuropäischen Ländern (gleich 100 Prozent) beträgt Japans Anteil beispielsweise an befestigter Straße 13 Prozent, an Wohnraum pro Haushaltsmitglied 68 Prozent, an Kanalisation 22 Prozent und an Wasseranschlüssen für Wohnungen 73 Prozent. Diese Zahlen lassen einen verhältnismäßig großen Nachholbedarf im Bereich der Infrastruktur erkennen, der das Wirtschaftswachstum zukünftig nicht unwesentlich beeinträchtigen dürfte. Unzutreffend ist auch Ihre Behauptung über die Verdrängung des US-Giganten IBM«. Nach wie vor ist IBM der größte Computer-Hersteller in Japan, und die sechs nächstgrößten japanischen Computerhersteller arbeiten nicht ohne amerikanisches Kapital und Lizenzen. Zum Abschluß noch eine historische Richtigstellung: Die von Ihnen erwähnte »tausendjährige selbstgewählte Isolation« währte allenfalls etwas über 200 Jahre. Zumal im 16. Jahrhundert herrschte ein lebhafter Kultur- und Handelsaustausch sogar mit europäischen Ländern. Tokio W. WALBRÖL Deutsche Industrie- und Handelskammer Japan Allerdings kommt bei der Aufzählung aller statistischen Superlative und Erfolge der für westeuropäische Maßstäbe noch immer enorm niedrige Lebensstandard zuwenig zum Ausdruck: Nicht nur drei Millionen Arbeiter leben am Rande des Existenzminimums, sondern auch das Heer der Angestellten lebt spartanisch und bescheiden. Wenn man die hohen Prozentsätze der Haushalte mit Kühlschränken, Fernsehern und Waschmaschinen nennt. muß man dazu bemerken, daß diese Dinge ungefähr die Hälfte der japanischen Haushaltseinrichtung ausmachen, weil Möbel, Teppiche, Dekorationen und gekachelte Bäder weitgehend fehlen"
"55","0.7268892228603363","0.7268892228603363","0.9","Score: 9.0/10 - Der Brief thematisiert die Auswirkungen von Rationalisierung, Elektronik und Automation auf die Arbeitswelt. Die direkte Aussage, dass die fortschreitende Industrialisierung und Automation mehr Arbeitskräfte erwerbslos machen als neue Arbeitsplätze schaffen, zeigt eine klare Angst vor Arbeitsplatzverlust durch technologischen Wandel. Die Bemerkung, dass die USA bereits ähnliche Zustände haben, unterstreicht die Sorge um eine westdeutsche Entwicklung in die gleiche Richtung. Die Forderung nach tiefgreifenden sozialen Reformen und einem Gesinnungswandel zeigt eine Hoffnung, dass die Gesellschaft die technologischen Herausforderungen bewältigen kann – eine positive Erwartung an gesellschaftliche Anpassung.","Briefe","1964-04-28","https://www.spiegel.de/politik/notstandsgebiet-a-ad473f66-0002-0001-0000-000046174514?context=issue","Hätte nie gedacht, daß es im »Land der unbegrenzten Möglichkeiten«, im Land der Wolkenkratzer, der Weltraumfahrer, der Showgirls, des Überflusses an Millionären, Getreide, Mais und Fleisch einschließlich der Hähnchen, die wir Bundesdeutschen uns aufdrängen lassen, eine zum Himmel schreiende Armut gibt. Randersacker (Bay.) HERMANN WOLF Die für unsere Wirtschaft Verantwortlichen mögen sich anhand Ihres Artikels rechtzeitig Gedanken machen, daß auch bei uns durch Rationalisierung, Elektronik, Automation, durch bäuerlichen Strukturwandel, Schwund des gewerblichen Mittelstands und Handwerks sowie infolge Bildungsrückgangs bald ähnliche Zustände herrschen werden. Langenhagen (Nieders.) G. MAERLENDER Es hat schon seine Richtigkeit, wenn Sie über die »Armut in Amerika« schreiben, aber das gleiche können Sie im eigenen Land haben. Frankenthal (Pfalz) E. KOTZOTT Wer auf einer der 2000 Klitschen im niedersächsischen Zonengrenz-Kreis Lüchow lebt, kennt sich in ländlicher Armut aus. Trotzdem ist Ihr Bericht schockierend. Wie oft werden die Bauern aufgefordert, endlich mal amerikanische Verhältnisse zu studieren. Doch die Verhältnisse, sie sind nicht so. Hamburg GERHARD BORKIET Der SPIEGEL bleibt unter seinem Niveau, wenn er verschweigt, daß bereits Karl Marx für den Kapitalismus das Vorhandensein einer industriellen. Reservearmee als einen Bestandteil dieses, Systems gekennzeichnet hat. Das Arbeitslosen-Heer in USA ist nichts anderes. Straubing (Bay.) M. U. GEIGER Die Armut in den USA- ist ein Schandfleck auf der Visitenkarte des Kapitalismus. Mainz FRITZ KELLNER Selbst wenn es Präsident Johnson und seinen Nachfolgern gelänge, den »bedingungslosen Krieg gegen die Armut« im gewünschten Maße durchzuführen und »in jedem Jahr mindestens eine Million Amerikaner aus der Armut zu treiben«, erscheint es mehr denn fraglich, ob damit die jetzige Zahl von 38 Millionen Armen in den USA in etwa 30 Jahren auch nur annähernd verschwinden würde. Ohne Zweifel wird die fortschreitende Industrialisierung und Automation ungleich mehr Arbeitskräfte erwerbslos machen als neue Arbeitsplätze schaffen, wie die Erfahrungen der Nachkriegsjahre in den USA erwiesen haben. Nur tiefgreifende soziale Reformen vermögen diesen »Teufelskreis der Armut« zu durchbrechen, doch dazu werden die maßgebenden Kreise der USA sich kaum in absehbarer Zeit aufraffen können, weil diesen Reformen ein ebenso tiefgreifender Gesinnungswandel vorausgehen müßte, der kaum von Menschen zu erwarten ist, deren primäres Anliegen seit Generationen ein ungezügeltes Profitstreben ist. Neugablonz (Bay.) JOSEF DIETLEIN Es ist sicherlich verdienstvoll, wenn Sie das Thema der Armut in den USA als SPIEGEL-Geschichte aufgreifen. Selbstverständlich muß Ihnen wieder einmal eine sorgfältige Dokumentation bescheinigt werden. Doch neben den wirtschaftlichen Überlegungen, die Sie überzeugend darstellen, scheint mir das Politische von erheblicher Bedeutung"
"56","0.726328581571579","0.726328581571579","0.9","Score: 9.0/10 - Der Text thematisiert explizit Ängste vor der Computerisierung und deren gesellschaftlichen Auswirkungen. Insbesondere der Brief von Franz Josef Becker (Essen) spricht von einem 'Alpdruck einer drohenden Technokratie der Mathematiker' in Verwaltungen, was eine klare Ängstigung vor einer technokratischen Übermacht durch Computer und Mathematiker darstellt. Zudem wird die Befürchtung angesprochen, dass die Realität des Computer-Einsatzes durch vereinfachende Medienberichterstattung übertrieben wird und so Angst vor einer technologischen Übermacht schürt. Diese Ängste sind konkret und beziehen sich auf die Arbeitswelt und die öffentliche Verwaltung. Gleichzeitig wird die Hoffnung implizit durch die Bemerkung des Dr. Bode angedeutet, dass Computer nicht von Mathematikern, sondern von technisch-kaufmännischen Fachkräften betrieben werden – was eine Beruhigung und Hoffnung auf menschliche Kontrolle suggeriert. Somit zeigt der Text eine klare, mehrschichtige Auseinandersetzung mit Hoffnungen und Ängsten.","Briefe","1965-06-22","https://www.spiegel.de/politik/denkmaschinen-a-e55398e4-0002-0001-0000-000046273029?context=issue",". Der Sieg der Mikrosekunde ist errungen. Was noch aussteht ist der Sieg über organisatorische Ungereimtheiten mit Hilfe der Elektronik! Metzkausen (Nordrh.-Westf.) DR. HANS EDUARD LITTMANN Ich habe Ihren Artikel »Sieg über Mikrosekunde« aufmerksam gelesen und noch einmal gelesen. Er ist interessant geschrieben, verrät eine große Zahl von wissenswerten Einzelheiten. Leider vermisse ich jedoch die Beantwortung der Frage, wie sich der Einsatz dieser Roboter in 10, 20, 30, 40 oder 50 Jahren auswirken wird. Essen FRANZ JOSEF BECKER Der SPIEGEL zeichnet ein recht atypisches Bild dessen, was unter kommerzieller elektronischer Datenverarbeitung verstanden wird. Die in dem Artikel enthaltenen Simplifizierungen und sich verschiedentlich am Rande der Realität betrieblicher Organisationspraxis bewegenden Beispiele sind geeignet, bei dem nicht mit der Materie vertrauten Leser den Alpdruck einer drohenden Technokratie der Mathematiker in den betrieblichen und öffentlichen Verwaltungen hervorzurufen. Hierfür besteht jedoch - soweit heute erkennbar - kein Anlaß. Die kleinen, mittleren und großen Datenverarbeitungsanlagen, welche auf kommerziellem Gebiet in Deutschland eingesetzt sind, bearbeiten überwiegend Abrechnungs- und Dispositionsverfahren, die nur in Einzelfällen mit Hilfe von Methoden der Operations-Research und auch nur selten von Mathematikern, dagegen in der Regel von technisch oder kaufmännisch vorgebildeten Organisatoren entwickelt und programmiert worden sind. München DR. ALBRECHT BODE Diplom-Kaufmann Der Schwerpunkt des Computer-Einsatzes für rein kommerzielle Anwendungsgebiete liegt heute außer in der Industrie bei Handel, Banken und Versicherungen (20 Prozent), Unterricht und Forschung (13 Prozent), Computer -Service-Bureaus (10 Prozent) und Bund und Länderregierungen (7 Prozent). Der Rest verteilt sich auf Energieversorgungs- und Bergbau-Unternehmen, Stahlbau, Transport und Verkehr und übrige Branchen. Nach einer Vorschau der Diebold-Gruppe werden die Schwerpunkte des Computer-Einsatzes im Jahre 1974 bei Industrie, Handel und bei Bund und Länderregierungen liegen. Baden-Baden H. G. MARTIN Redaktion »Bürotechnik + Automation« Ist der Bundesverkehrsminister eigentlich schon, wie die Esso, auf die Idee gekommen, einmal zur Lösung der Verkehrsprobleme einen parteipolitisch unabhängigen Roboter zu befragen? Münster (Westf.) HANNO DE VRIES Computer-Titel"
"57","0.7913010120391846","0.7913010120391846","0.8","Score: 8.0/10 - Der Text behandelt die Automation mit einer deutlichen affektiven Dimension. Mehrere Briefe drücken Ängste vor den gesellschaftlichen Folgen aus (z. B. Paul Rohs: »die heutige Malaise und damit auch das Wehgeschrei der Warner«), und es wird die Notwendigkeit einer neuen Sozialordnung gefordert (Fred Habicht: »eine grundlegende neue Sozialordnung«). Fritz Schneider warnt vor »schweren Krisen und Katastrophen« durch blinde Ausweitung der Automation. Obwohl die Aussagen nicht so extrem wie in Text 2 sind, sind die affektiven und evaluativen Elemente klar erkennbar. Die Texte zeigen eine kritische Haltung gegenüber der technologischen Entwicklung und eine Hoffnung auf politische und soziale Gegensteuerung.","Briefe","1964-04-21","https://www.spiegel.de/politik/neue-welt-a-d69f650d-0002-0001-0000-000046174440?context=issue","Ihr Automationsbericht sollte die vielen »Eierköpfe« in Westeuropa nicht nur zum Nachdenken, sondern auch zum Handeln bringen. Ulrum (Holland) D.H. WESTERHUIS Es ist an der Zeit, einmal darüber nachzudenken, wie wir aus der Sackgasse unseres »Fortschritts« herauskommen. Hamburg W. LATTEMANN Endlich ein Thema, das sich mit der Zukunft beschäftigt. In dem Artikel werden einige wunde Stellen unserer »Wohlstandsgesellschaft« aufgezeigt. Wer die Zukunft meistern will, muß die gesellschaftspolitische Gegenwart begreifen. Leider ist der Entpolitisierungsgrad schon so weit, daß ein Denken aus der Gegenwart in die Zukunft kaum vorhanden ist. Hannover FRED HABICHT Die endlose Aufführung der Automationsmöglichkeiten in allen möglichen Gebieten ist zwar interessant, aber von entscheidender Bedeutung sind die Folgerungen, die zu ziehen sind. Das kann und darf man nicht mit ein paar veralbernden Bemerkungen abtun. Es liegt ebenso im Interesse der Arbeitgeber wie der Arbeitnehmer, daß der nunmehr automatisch erzeugten Produktion die gleiche Konsumkraft gegenübersteht. Automaten kaufen weder Volkswagen noch Kekse, sie produzieren nur. Man wird den Grundgedanken jeder Technisierung voranstellen müssen: Erleichterung des menschlichen Lebens: Wir brauchen also eine grundlegende neue Sozialordnung, die imstande ist, die Automation zu verkraften. Braunschweig PAUL ROHS Die Phase der »Revolution der Maschine«, in der wir uns heute befinden, hat eine Geschichte, und wenn man Automation mit »Kontrolle von Maschinen durch Maschinen« übersetzt, so begann die heutige Malaise und damit auch das Wehgeschrei der Warner wohl mit dem Kugelregler, den James Watt mit seiner Dampfmaschine koppelte, womit er den Urvater der heutigen Automationsgeschädigten von seinem Hebel trieb. Wenn Sie nach eineinhalb Jahrhunderten Automation (in welcher Zeit schon seit langem die Familie so vollkommener Automaten wie der Flaschenblasmaschine und des Zündholzherstellers Millionen Mitmenschen von primitivster Arbeit befreite) im Jahre 1994 Ihrer Leserschaft nur ein Titelbild anbieten können, das Maschinenstürmer-Ressentiment, unreflektiertester Sorte propagiert, so verrät das nur, daß Ihr Titelgraphiker die Hauptprobleme der Automation nicht einmal ahnt. Hamburg FRITZ SCHNEIDER Der Fortschritt ist ewig. Kein Mensch kann ihn stoppen. Aber um Aufgaben, die uns im Strom des Fortschritts erwachsen, müssen wir besorgt sein, weil wir dafür in hohem Grade mitverantwortlich sind. Blinde Ausweitung der Automation müßte zu schweren Krisen und Katastrophen führen. Ein zügelschwaches oder gar zügelloses Spiel von sogenannten freien Kräften muß daher unterbleiben. Ulm (Donau) GEORG BLUM Während Sie in Ihrer Titelgeschichte ein trübes Bild über die Zukunftsaussichten durch die Automation zeichnen, verniedlicht ihr Herr Simoneit diese Gefahren in seinem Gespräch mit Herrn Friedrichs von der IG Metall"
"58","0.772810697555542","0.772810697555542","0.8","Score: 8.0/10 - Der Text thematisiert explizit die sozialen Folgen der Rationalisierung und Automation. Heilbronn Axel Hodok beschreibt konkrete Auswirkungen wie Lohneinbußen von 20 bis 80 Pfennig pro Stunde und Renteneinbußen für ältere Arbeitnehmer. Dies zeigt eine klare Angst vor wirtschaftlicher Benachteiligung. Gleichzeitig wird Hoffnung in der Schaffung eines »Rationalisierungsvertrags« und eines Ausgleichsfonds gesehen, der soziale Folgen lindern soll. Heinz Esslinger argumentiert, dass Elektronengehirne nicht die Arbeitsentlastung ermöglichen, was eine kritische Haltung gegenüber der Technik zeigt. Die Texte enthalten konkrete Aussagen über negative Konsequenzen und konstruktive Lösungsansätze, was eine starke affektive und evaluative Dimension zeigt.","Briefe","1964-04-21","https://www.spiegel.de/politik/neue-welt-a-d69f650d-0002-0001-0000-000046174440?context=issue",". Bad Oeynhausen HERBERT SCHMIDT Trotz des Umfanges waren die Ausführungen über die Automation unvollständig. Dieses Phänomen mit den sozialen und wirtschaftlichen Methoden einer Industriegesellschaft deuten und manipulieren zu wollen, ist unmöglich. Die Automation kann nicht als kontinuierliche Weiterentwicklung der Industrialisierung angesehen werden, sondern sie ist eine neue Qualität; wie der Übergang von der ständischen zur Industrie-Gesellschaft wirtschaftliche, soziale und geistige Umwälzungen gebracht hat, so wird auch die Automation neue Maßstäbe und Formen schaffen. Heilbronn AXEL HODOK Trotz Vollbeschäftigung und Hochkonjunktur bekommen heute schon Tausende von Arbeitern die Folgen der fortschreitenden Rationalisierung und Automation empfindlich zu spüren. Bei »Umsetzungen« in der Textilindustrie sind Lohneinbußen von 20 bis 80 Pfennig pro Stunde keine Seltenheit. Besonders bei älteren Arbeitnehmern wirkt sich das doppelt aus, denn sie erleiden durch den verringerten Verdienst im Alter dann noch beträchtliche Renteneinbußen. Deshalb hat die Gewerkschaft Textil-Bekleidung vor kurzem einen »Rationalisierungsvertrag« für die Arbeitnehmer der westfälischen Textilindustrie abgeschlossen. Ein von den Arbeitgebern finanzierter Ausgleichsfonds sorgt dafür, daß Arbeitnehmer, die durch Rationalisierungsmaßnahmen auf einen geringer entlohnten Arbeitsplatz versetzt werden, im Alter wenigstens keine Rentenminderung hinnehmen müssen. Das ist ein erster Schritt, die sozialen Folgen der Automation durch tarifliche Regelungen zu lindern. Selbstverständlich ist er kein Ersatz für umfassende Vorsorgemaßnahmen des Staates, ohne die uns die technische Entwicklung eines Tages recht unangenehme Überraschungen bescheren könnte. Düsseldorf HEINZ ESSLINGER Pressereferent der Gewerkschaft Textil-Bekleidung In Ihrer Titelgeschichte sprechen Sie ausdrücklich auch die Finanzbeamten an. Abgesehen davon, daß die Elektronengehirne entgegen Ihrer Behauptung nicht in der Lage sind, Einkommensteuer-Erklärungen selbst zu bearbeiten, wenn nicht zuvor ein fachkundiger Steuerbeamter die viel umfangreicheren Vorarbeiten geleistet hat, freuen Sie sich zu früh über einen Schwund der Finanzbeamten. Elektronengehirne vermögen zum Beispiel keine Bilanzen zu lesen oder sonstige Besteuerungsgrundlagen zu bearbeiten, sie können lediglich den Steuerbeamten die relativ wenig Zeit in Anspruch nehmenden Zuordnungs -, Rechen- und Schreibarbeiten abnehmen. Mit den Elektronengehirnen läßt sich deshalb auch die von uns grundsätzlich betriebene Arbeitsentlastung und Personalverminderung nicht erreichen. Düsseldorf H"
"59","0.7332595884799957","0.7332595884799957","0.8","Score: 8.0/10 - Der Brief thematisiert die technische Umwälzung in der Stahlindustrie, insbesondere durch Neuerungen in der Hochofentechnik, beim LD-Stahl und in den Walzwerken. Die Autoren diskutieren explizit die Konsequenzen dieser Entwicklung: den Verlust von Arbeitsplätzen, wenn der Anschluss an die technische Entwicklung verloren geht, und die Notwendigkeit von Investitionen, um wettbewerbsfähig zu bleiben. Dies zeigt eine klare, wenn auch sachlich gehaltene, Angst vor wirtschaftlichem Niedergang und Arbeitsplatzverlust durch technologische Modernisierung. Die Binsenwahrheit, dass technische Neuerungen mit Kapazitätserweiterungen verbunden sind, unterstreicht die gesellschaftliche Sorge um die Folgen der Automatisierung in der Industrie.","Briefe","1963-07-30","https://www.spiegel.de/politik/falsche-propheten-a-ead50b88-0002-0001-0000-000046171348?context=issue","Sie machen für die sicher nicht beneidenswerte Lage der Stahlwerke vor allem den »gewaltigen Investitionsstoß« verantwortlich, den die in »Wachstumsträumen« schwelgenden Ruhr-Stahlherren ausgelöst hätten. Ist Ihnen nicht bekannt, welche technischen Umwälzungen in der Eisen- und Stahlerzeugung sich seit Jahren vollziehen, zum Beispiel in der Hochofentechnik, bei den Stahlerzeugungsverfahren (LD-Stahl) und nicht zuletzt in den Walzwerken? Ist der SPIEGEL der Meinung, man hätte an der Ruhr die Hände in den Schoß legen und zusehen sollen, wie die Konkurrenz in aller Welt ihre Werke modernisiert? Den anderen wäre das sicher gerade recht gewesen, wie man ja schon aus England einen ironischen Dank dafür hören konnte, daß die Investitionen in den Stahlindustrien der Montanunion in letzter Zeit etwas gestreckt wurden. Nach meiner Meinung kann es sich kein deutscher Industriezweig leisten, den Anschluß an die allgemeine technische Entwicklung zu verlieren und damit seine Arbeitsplätze aufs Spiel zu setzen. Daß technische Neuerungen meist mit Kapazitätserweiterungen verbunden sind, ist eine für alle Industrien geltende Binsenwahrheit. Oberhausen WERNER HINGMANN Die westdeutsche Stahlwirtschaft ist in arge Bedrängnis geraten. Jeden von uns sollte das nachdenklich stimmen, denn gerade dieser Industriezweig ist eine der wichtigsten Säulen unserer Gesamtwirtschaft. Obwohl der Inland-Stahlverbrauch gestiegen ist, verringerte sich die westdeutsche Roh- und Walzstahlerzeugung im abgelaufenen Jahr um einige Hunderttausend Tonnen. Etwa 17, zeitweilig sogar 20 Prozent aller in der Bundesrepublik abgesetzten Walzstahlmengen kommen aus dem Ausland. Das wäre verständlich, wenn die niedrigeren Preise unserer westlichen Nachbarn auf Grund höherer Leistungen zustande kämen. Das ist aber nicht der Fall. Die bessere Stellung der ausländischen Konkurrenz ist vielmehr durch politische Entscheidungen, wie die zweimalige Abwertung des französischen Franc, die Aufwertung der DM und die steuerliche Behandlung des Stahls im grenzüberschreitenden Verkehr, künstlich geschaffen worden. Solche Manipulationen bringen jene größeren und kleineren Preisvorteile ein, die im Stahlgeschäft ausschlaggebend sein können. Leverkusen GEORG BENDER Ihr Artikel über die augenblickliche Stahlkrise in der Bundesrepublik läßt die Vermutung aufkommen, daß einige Stahlindustrieführer sich in ihren betriebswirtschaftspolitischen Entscheidungen selten der Ergebnisse und Prognosen ihrer Marktforschungsabteilungen bedienen oder diese Abteilungen nur volkswirtschaftliche Daten und Statistiken für ihre als Richtschnur für die Unternehmenspolitik geltenden Forschungsergebnisse verwenden Wie ist es möglich, daß eine so qualifizierte Führungskraft wie Herr Dr.-Ing. E.h"
"60","0.7316866815090179","0.7316866815090179","0.8","Score: 8.0/10 - Der Brief thematisiert die technische Revolution in der Gesellschaft und die Kluft zwischen naturwissenschaftlichen Fachkräften (Ingenieure, Physiker) und den Soziologen, die als »Wortführer für die Gesamtheit der Studenten« agieren. Die Befürchtung, dass die Studenten ein unklares Konzept für ein besseres System haben, während die Ingenieure realistischer sind, zeigt eine Angst vor einer unzureichenden gesellschaftlichen Auseinandersetzung mit technologischem Wandel. Die Forderung nach praxisnaher Ausbildung und Kontakt mit der arbeitenden Bevölkerung deutet auf eine Hoffnung, dass technologischer Fortschritt in der Gesellschaft verankert werden kann, wenn die Bildung besser auf die Realität der Arbeitswelt abgestimmt ist.","Briefe","1968-05-12","https://www.spiegel.de/politik/frisch-fromm-froehlich-frei-a-dd18b6f3-0002-0001-0000-000046034464?context=issue",". Da sich unsere Industriegesellschaft inmitten einer großen technischen Revolution befindet, wäre zu wünschen, daß sich zum Beispiel die Soziologen viel mehr mit ihren Kollegen aus den naturwissenschaftlichen Fakultäten, zum Beispiel den Ingenieuren, aussprechen und einigen, ehe sie als Wortführer für die »Gesamtheit der Studenten« sprechen. Schließlich sind die Naturwissenschaftler die Bahnbrecher des technischen Zeitalters. In Gesprächen mit Studenten läßt sich feststellen, daß die überwiegende Mehrheit der Ingenieure, Chemiker, Physiker, Biologen, Mediziner usw. viel realistischere politische Vorstellungen hat als die bisherigen Wortführer. Insbesondere sind diese Studenten durch ihren Ausbildungsgang (Konstruktionsaufgaben, Labortätigkeit, Praktika in Kliniken beziehungsweise in Betrieben oder auf der Baustelle) häufig in Kontakt mit der arbeitenden Bevölkerung und dadurch aufgeschlossen für deren Probleme. Vielleicht könnte die kommende Hochschulreform zum Beispiel für Soziologen eine praxisnähere Ausbildung vorsehen, unter anderem auch Ferienarbeit in den Betrieben, Mitarbeit als Volontäre bei staatlichen Stellen und politischen Parteien. Durch eine solche Tätigkeit würden auch die notwendigen Ventile, derer dieser Zustand besonderer geistiger Unruhe bedarf, geöffnet werden. Es wäre wichtig, daß Studenten aller Fachrichtungen mithelfen, die in jüngster Zeit aufgerissene Kluft zwischen denen, die in unserer Leistungsgesellschaft bereits Verantwortung tragen und produktiv tätig sind, und denjenigen, die auf Kosten der Allgemeinheit eine hochqualifizierte Ausbildung genießen, um später etwas Besonderes für diese Gesellschaft leisten zu können, wieder zu schließen. Kelkheim (Hessen) DR. RER. NAT. H. H. RACKE Der Jammer ist, daß die jungen Umstürzler und Weltverbesserer kein, aber auch kein wie immer geartetes Konzept für ein besseres »System« als das parlamentarische haben, dem sie den Garaus machen wollen. Aber wo Begriffe fehlen, stellt ein Wort zur rechten Zeit sich ein: alles was sie unklar und verworren zu verkünden wissen, ist ein Rätesystem an Stelle der parlamentarischen Demokratie zu setzen. Mit diesem alten, mit diesem uralten Hut, der schon vor vierzig .Jahren Pleite machte, wollen sie die Welt verbessern! Wien DR. WALTER MONO!. Die sarkastische Umdeutung des Turnerbund-Emblems »frisch, fromm. fröhlich, frei« ist nicht neu (zum erstenmal habe ich sie aus dem Mund eines katholischen Geistlichen gehört, und zwar als Klage über die mangelnde Bereitschaft der Jugend, sich zu engagieren); neu ist, daß diese Begriffe nun als Leitbild für den Bürger eines demokratischen Staates dienen sollen: »Niemandem passiert etwas, wenn er die vier großen »F« beachtet: Feierabend, Fernsehen, Filzpantoffeln und Flaschenbier.« (Nr. 18/1968, Seite 60)"
"61","0.7799418270587921","0.7799418270587921","0.7","Score: 7.0/10 - Der Text enthält implizite Hoffnungen und Ängste bezüglich der Automation. Die Briefe von H. Fredersdorf und Rudolf Langheck betonen die Notwendigkeit der Automation zur Bewältigung wirtschaftlicher Herausforderungen (z. B. »Da die Produktion gesteigert werden muß«), was eine Hoffnung auf technologischen Fortschritt signalisiert. Gleichzeitig wird die Angst vor sozialen Folgen deutlich (z. B. Horst Rindfleisch: »wir wünschen, daß die Automation schon weiter vorangekommen wäre«, um Personalmangel zu lösen). Die Aussage von Lucinde Sternberg, dass das Zeitalter der Roboter »unaufhaltsam im Vormarsch« sei, zeigt eine resignative Akzeptanz, die als Angst vor dem Unvermeidbaren interpretiert werden kann. Die Wortwahl und Rahmung vermitteln eine ambivalente, aber erkennbare gesellschaftliche Einstellung.","Briefe","1964-04-21","https://www.spiegel.de/politik/neue-welt-a-d69f650d-0002-0001-0000-000046174440?context=issue",". Mit den Elektronengehirnen läßt sich deshalb auch die von uns grundsätzlich betriebene Arbeitsentlastung und Personalverminderung nicht erreichen. Düsseldorf H. FREDERSDORF Bundesvorsitzender des Bundes Deutscher Steuerbeamter Die Zahlen über die automatisierbaren Arbeitsplätze sind nicht von Fritz Sternberg »errechnet«, sondern sie sind in seinem 1957 erschienenen Buch »Die militärische und die industrielle Revolution« - und ebenso in anderen Publikationen von ihm über die Automation - deutlich gekennzeichnet als Zitat aus der englischen Zeitschrift »Economist« vom 28. Juli 1956. Außerdem heißt es im Anschluß an das Zitat aus dem »Economist« bei Sternberg ausdrücklich: »Wenn daher erklärt wird, man solle die Auswirkungen der Automatisierung auf den Arbeitsmarkt nicht überschätzen, denn sie träfe in einem viele Jahre andauernden Prozeß im Höchstfalle ein Fünftel der Beschäftigten, so wird gerade der entscheidende Punkt übersehen, daß diese Automatisierung, die ein Fünftel der Beschäftigten erfaßt, sekundäre Auswirkungen haben mag, die weit größer sein mögen als diese direkten. Mit der weiteren Automatisierung der Produktion können schwere Gefahren für die Wirtschafts - und Gesellschaftskörper der westlichen Welt verbunden sein; man soll sich über diese Gefahren nicht dadurch hinwegtäuschen, daß sie sich bisher noch nicht deutlich statistisch nachweisbar gezeigt haben.« München LUCINDE STERNBERG* Mag das arme Menschlein noch so stöhnen und verzweifelt aufbegehren gegen die Knute der Automation in der Industrie und am Arbeitsplatz, das Zeitalter der Roboter und Elektronengehirne ist unaufhaltsam im Vormarsch. Gadderbaum (Nordrh.-Westf.) B. TEMPLIN Was soll das Blab-bla-bla vom Arbeitslosenschreckgespenst? Die Zeit wird über Ihren Artikel hinweggehen, und nichts ändert sich - und wenn, dann bestimmt anders, als Sie es schrieben. Auch H. G. Wells hatte sich in seiner Zeitmaschine geirrt. Khartum (Sudan) HORST RINDFLEISCH Man wünscht, daß die Automation schon etwas weiter vorangekommen wäre, damit der Mangel an Personal endlich ein Ende hätte und die ausländischen Arbeitskräfte wieder in ihre Heimat zurück könnten. Eßlingen (Bad.-Württ) RUDOLF LANGHECK Durch die hohen Kriegsverluste ist der normale Altersaufbau der Bevölkerung gestört, so daß im Augenblick schon auf drei arbeitende Personen ein Pensionär kommt. Dieses Verhältnis wird sich in den nächsten zehn Jahren auf das Verhältnis zwei zu eins verschlechtern. Da die Produktion gesteigert werden muß und kaum anzunehmen ist, daß die Löhne stagnieren, geschweige sinken, gibt es nur einen Weg: Automation"
"62","0.74127596616745","0.74127596616745","0.7","Score: 7.0/10 - Der Text thematisiert den wirtschaftlichen Umbruch durch technologische Entwicklung, insbesondere durch Automation und internationale Konkurrenz. Robert Arnold spricht von einem »totalen Umbruch« und der Notwendigkeit einer bundeseinheitlichen Wirtschaftslenkung, was eine Hoffnung auf strukturelle Steuerung signalisiert. Gleichzeitig drückt sich Angst vor wirtschaftlicher Instabilität aus (»exportieren oder krepieren«). Die Angst vor dem Verlust der Wettbewerbsfähigkeit und die Hoffnung auf gezielte Bildungspolitik zeigen eine klare gesellschaftliche Reaktion auf technologischen Wandel. Die Texte sind nicht direkt über Computerisierung, aber über Automatisierung und technologische Herausforderungen. Die affektive Dimension ist erkennbar, daher Bewertung 7.","Briefe","1967-01-22","https://www.spiegel.de/politik/konzertierte-mystik-a-80b5c09a-0002-0001-0000-000045440952?context=issue",". Das soll ein Bild-Zeitung-Leser wissen Man hat aber das Gefühl, daß hier nicht für das simple Volk gesprochen wird, sondern für Kandidaten eines Seminars, für (werdende) Nationalökonomen. Ich selbst bin jedem dankbar, der mir in kurzer Fassung erklärt, was Herr Dr. rer. pol. Karl August Fritz Schiller (siehe »Wer ist wer?«, 1951) in seinen Buchveröffentlichungen »Arbeitsbeschaffung und Finanzordnung in Deutschland«, erschienen im Jahre 1936, und »Marktregulierung und -ordnung in der Weltagrarwirtschaft«, erschienen 1940, zu diesen bemerkenswerten Fragen zum bemerkenswerten Zeitpunkt geschrieben hat. Damit keine Mißdeutungen entstehen, muß ich sagen, daß ich diese beiden Bücher nicht kenne und sie nur in dem obigen Nachschlagewerk zitiert fand. Dortmund ROBERT ARNOLD Mit Kennedy-Look, Keep -- smiling und Grüppe-47-Image ersetzt der neue Bundeswirtschaftsminister Ludwig Erhards glücklose »Formierte Gesellschaft« durch die »Konzertierte Aktion« und -- die Wirtschaftskrise findet nicht statt. So einfach ist das ... Richtig ist folgendes: Die Wirtschaft, und nicht nur die deutsche, steht vor einem totalen Umbruch. Kriegs- und Nachkriegs-Nachholbedarf sind weitgehend gedeckt; viele andere Länder sind wirtschaftlich mündig geworden, beziehungsweise werden es. Politische Konstellationen, Machtblöcke auf der einen Seite, Automation und neue Erkenntnisse auf der anderen haben den naturgemäßen Zeitablauf dieser Entwicklung nur unwesentlich verschieben können ... Die wirtschaftlichtechnische Volljährigkeit vieler, auch kleiner Nationen beweist das stetig wachsende Angebot hochqualifizierter Werkzeuge, Maschinen, Fahrzeuge und so weiter auf dem Weltmarkt, das den traditionellen Industriestaaten wie etwa England und Deutschland erheblich Konkurrenz macht (inwieweit westöstliches Entwicklungshilfsstreben aus machtpolitischen Gründen diese an und für sich natürliche Entwicklung provoziert hat, soll hier nicht untersucht werden). Beides zusammen, sinkender Bedarf und wachsendes Angebot auf dem Weltmarkt, hat auf ein wirtschaftlich instabiles und exportabhängiges Land wie die Bundesrepublik, das fast ein Drittel der Grundnahrungsmittel kaufen und mit Exporterlösen bezahlen muß, schwere Auswirkungen. Die bundesdeutsche Wirtschaftsdevise heißt: exportieren oder krepieren. Export, wenigstens im ausreichenden Maß, ist nur möglich, wenn deutsche Waren besser oder (und) billiger auf dem Weltmarkt angeboten werden. Darum: bundeseinheitliche Wirtschaftslenkung und Förderung mit Zielrichtung Export, * bundeseinheitliche Grundlagen- und Zweckforschung, weltweites Marketing und Handel mit allen, ohne politische Scheuklappen, > sofortige, gezielte, bundeseinheitliche Begabtenerfassung. -förderung, Berufsbildung und -lenkung. Der Ernst der Sachlage verbietet Rücksichtnahme auf falsch verstandenen Föderalismus, auf politische Freundschaften« und andere. Wirtschaftlich gibt es sowieso keine Freunde, allenfalls Partner"
"63","0.7319079637527466","0.7319079637527466","0.7","Score: 7.0/10 - Der Brief diskutiert das SDS-Rätesystem und dessen Verbindung mit technologischem Wandel indirekt. Die Kritik am SDS als Träumer eines »Sonnenstaats« und die Befürchtung, dass die Jugend durch Ideologien abgelenkt wird, spiegeln eine Angst vor einer gesellschaftlichen Umwälzung, die durch technologische und soziale Veränderungen begünstigt werden könnte. Die Bemerkung, dass die jungen Leute die Not der Nachkriegszeit nicht kennen, impliziert eine Angst vor einer neuen Generation, die sich nicht an die Anforderungen der Leistungsgesellschaft anpasst. Die Diskussion um Mitbestimmung und Sozialisierung berührt die Angst vor Verlust der Kontrolle über die Arbeitswelt durch technologische und organisatorische Veränderungen.","Briefe","1968-07-07","https://www.spiegel.de/politik/zur-sonne-a-cfd029bc-0002-0001-0000-000045997455?context=issue","(Nr. 28/1968. SDS-Titel) Im Funktionieren in der Praxis des vom SDS propagierten »Rätesystems« bekam ich schon 1948 genügend Erfahrung, als ich als Berater im Landwirtschaftsministerium der VR China tätig war. Als »Arbeiterräte« hatten zum Beispiel die Arbeiter der Fabriken für landwirtschaftliche Maschinen natürlich die gewählt, die ihnen am besten nach dem Mund reden konnten, was meistens zu ihrem fachlichen Wissen und Können in Gegensatz stand. Der SDS will uns also, nach den von diesen Ländern unter größten Opfern ihrer Bevölkerung gemachten Erfahrungen, mit dem »Rätesystem« »zur Sonne« führen? Langen (Hessen) AUGUST SCHILL Natürlich sind es Wachträume, die der SDS da von seinem »Sonnenstaat« träumt! Aber warum sollen Träume nicht wahr werden können? Denn die Träume träumt der SDS nicht allein. Mit ihm träumen Millionen! Hamburg PETER A. BRUNS Der SDS sollte weiterkämpfen, für Sozialisierung und Mitbestimmung, es wird Zeit, daß die Arbeiter aufwachen. Bleidenstadt (Hessen) HERBERT BACH Vermutlich paßt es den Herrschaften nicht, daß sie arbeiten müssen wie alle, wenn sie etwas erreichen wollen. In einem entkapitalisierten Staatswesen, als Intelligenzler-Funktionärsschicht die Macht ausüben, das wäre noch etwas -- weil einen da keiner nach den erbrachten Leistungen zu fragen hat! Das dürfte aber alles sein, was dahintersteckt. Nur -- ist das wirklich neu? -- Sind das nicht die üblichen Schnapsideen, die jeder hinter sich zu bringen hat, bevor man ihn als Erwachsenen ernst nehmen kann? Ein gewisses Maß an Dekadenz, Faulheit und Arroganz ist doch wohl die Voraussetzung zu solchem Verhallen. Andererseits hat jede Gesellschaft die Jugend, die sie verdient, was auch nicht vergessen werden sollte. Stuttgart ULLRICH v. WERDER Als Arbeitnehmer kann ich nur sagen, daß es meinem Stand noch nie so gut ging wie jetzt. Deshalb kann der SDS bei uns nicht landen, er predigt leere Phrasen. Diese jungen Leute haben die Not der Kriegs- und Nachkriegsjahre nicht kennengelernt, sondern sind vielmehr realiter Kinder reicher oder neureicher Eltern, weichselbige vor lauter »Geldsorgen« keine Zelt fanden, ihren Sprößlingen eine gute Erziehung und gute Kinderstube zuteil werden zu lassen, denn nicht nur Noblesse oblige, sondern auch Geld oblige. Lübeck GÜNTHER ELFERT Ich möchte vorausschicken, daß ich den Ideologen des SDS, wie zum Beispiel Rudi Dutschke, kein schlechtes Wollen unterstellen will. Zweifellos handelt es sich jedoch bei den SDSlern um Fanatiker, zu denen sich all die gesellen, die ganz einfach Lust am Kampf oder auch am Rowdytum haben. Fanatismus schließt Vernunft aus und trübt stets den Blick für das Reale. Dazu sei noch gesagt, daß im Menschen die Sehnsucht nach Idealen ebenso liegt wie das Kämpferische, das vor allem in der Jugend zum Durchbruch drängt. Beides in vernünftige Bahnen zu lenken, wäre die Aufgabe der Erzieher"
"64","0.7315921485424042","0.7315921485424042","0.7","Score: 7.0/10 - Der Brief thematisiert die Forschungslücke in der Bundesrepublik und verbindet sie mit der mangelnden Anerkennung technischer Bildung. Die Kritik, dass der Beruf von Mathematikern, Physikern und Ingenieuren finanziell und gesellschaftlich nicht attraktiv sei, zeigt eine Angst vor einem Verlust an Fachkräften für die Zukunft. Die Bemerkung, dass man über Goethe und Beethoven Bescheid weiß, aber über Röntgen oder Gauß schweigt, unterstreicht eine gesellschaftliche Wertung, die technische Bildung als weniger wichtig erachtet – eine implizite Angst vor dem Verlust der technologischen Wettbewerbsfähigkeit. Die Hoffnung auf eine bessere Ausbildung und mehr Anerkennung für technische Berufe zeigt eine positive Erwartung an die Zukunft.","Briefe","1969-03-09","https://www.spiegel.de/politik/schwarze-kunst-a-21ae958a-0002-0001-0000-000045849720?context=issue","(Nr. 9/1969, Titel über die Forschungslücke) Herzlichen Dank für diesen Denkzettel, von dem es nicht genug geben kann. Münster ERHARD SCHRAMEYER Im Interesse unserer Zukunft war dieser Artikel der wichtigste und aktuellste seit Jahren. Wünschenswert wäre, daß weitere überzeugende Argumente und Prognosen, Leserbriefe bekannter Experten und so weiter dafür sorgen, daß dieses Thema nicht wieder ruht. Bremen OTTO BECKMANN Was Sie für Kurzsichtigkeit oder sogar Dummheit gehalten haben, ist nämlich näher betrachtet ein wohldurchdachtes Programm der Bundesregierung zur Erhöhung der europäischen Sicherheit. In spätestens zwanzig Jahren wird dank der immensen Weisheit des Vorsitzenden Schorsch kein Mensch, nicht einmal »die ach so bösen Leute aus der DDR, mehr Lust verspüren, über uns arme Deutschen herzufallen, ganz einfach, weil es sich nicht mehr lohnt. Das nenne ich Voraussicht. Efferen (Nrdrh.-Westf.) WOLFPETER RITTER Wenn es nicht so absurd wäre, würde ich vorschlagen, im Jahre 1970 die Milliarden Mark, die die Bundeswehr verschlingt, einzusetzen in den Etat für Lehre und Forschung. Ob die Herren vom SDS dann endlich zufrieden sind? Hamburg KARL UPADER Sie wollen bitte alles daransetzen, diese Titelgeschichte als Manuskript für eine Fernseh-Reportage beim Deutschen Fernsehen, Erstes oder Zweites Programm, durchzudrücken. Auf diese Weise werden auch breiteste Schichten des Volkes, insbesondere der Wähler, erfahren und erkennen, warum es in Deutschland Apo, SDS, NPD und den Bund der Steuerzahler gibt. Landshut (Rhl.-Pf.) ERICH PFEFFER Es wäre noch ganz besonders auf die Mängel im Bildungswesen hinzuweisen. Technische Bildung wird überhaupt gesellschaftlich noch kaum als Bildung anerkannt. Man bezeichnet sie als Ausbildung. Als Bildungsfächer gelten nur die Fächer der klassischen humanistischen Bildung. Dabei war zum Beispiel Latein auch einmal ein reines Ausbildungsfach. Aus Ausbildung wurde Bildung, und heute ist anscheinend mancherorts Einbildung daraus geworden. Emden (Nieders.) HELMUT KETZSCHER Sie schreiben, daß unsere Forschungslücke wohl zum größten Teil auf Unvermögen des Managements und fehlende staatliche Hilfe zurückzuführen sei. Ein weiterer wichtiger Faktor scheint mir folgender zu sein: Der Beruf eines Mathematikers, Physikers, Chemikers und Ingenieurs ist finanziell und gesellschaftlich nicht besonders anziehend. Obwohl an den Gymnasien neben Literaturgeschichte, Musik und Kunsterziehung ebenso Mathematik, Physik und Chemie gelehrt wird, man also erwarten könnte, daß jeder gebildete Mensch in allen sechs Gebieten über ein gewisses Grundwissen verfügt, stellt sich doch der Alltag ganz anders dar. Man würde als Banause und Ignorant gelten, würde man Goethe, Beethoven und Dürer kaum dem Namen nach kennen und Werke von ihnen überhaupt nicht. Kommt aber die Sprache auf Röntgen, Liebig oder Gauß, so setzt allenthalben unbeholfenes Schweigen ein"
"65","0.7214363813400269","0.7214363813400269","0.7","Score: 7.0/10 - Der Text thematisiert die Automatisierung in der Industrie, insbesondere im Zusammenhang mit der Produktion von Waren wie Elektrorasierern und Haushaltsgeräten. Der Brief von H. E. Reisner (Frankfurt) stellt klar, dass die deutsche Fertigung heute so weit automatisiert ist, dass die einstige deutsche Wertarbeit durch Maschinen ersetzt wurde. Dies impliziert eine Ängstigung vor der Verdrängung menschlicher Arbeit durch Technik. Gleichzeitig wird die Kritik an überhöhten Handelsspannen und Preisen geäußert, was auf wirtschaftliche Veränderungen durch technologische Entwicklung hindeutet. Die Befürchtung, dass die menschliche Arbeit durch Automaten ersetzt wird, ist erkennbar. Die Hoffnung auf technologische Fortschritte ist indirekt vorhanden, da die Automatisierung als technologischer Fortschritt dargestellt wird. Der Text zeigt daher eine affektive Dimension bezüglich technologischen Wandels, auch wenn er nicht explizit von 'Computern' spricht.","Briefe","1964-06-30","https://www.spiegel.de/politik/muster-ohne-wert-a-489f9c6b-0002-0001-0000-000046174043?context=issue","Endlich einmal eine SPIEGEL-Titelreportage, in der Sie »das eigene Nest« nicht beschmutzen. Ibbenbüren (Nrdrh.-Westf.) JOSEF MACHUN Sie haben das Thema von vielen Seiten beleuchtet, konnten es aber doch nicht ausleuchten. Der Grund: Man muß sich davor hüten zu verallgemeinern. Von Marktstudienreisen nach rund fünfzig Ländern weiß ich, daß der eine Händler über Waren aus Germany schimpft, der Nachbar aber schon alles, was Germany oder Alemani ist, mit Hochachtung lobt. Wenn Meinungsforschung schon hierimLande problematisch ist, was Sie mit Ihrer SPIEGEL-Umfrage, bei hundert Händlern selbst feststellten («... keiner konnte die Beschwerden konkretisieren""), wieviel problematischer wird das erst auf weltweiter Ebene. Außerdem ist alles relativ: Ich habe beobachtet, daß wir bei aller Abflachung des Wertbegriffes »Made in Germany« noch immer besser im Kurs stehen als alle unsere Konkurrenten. Frankfurt H. E. REISNER Ich halte es für verfehlt, Betrachtungen darüber anzustellen, ob Waren »Made in Germany« japanischen qualitativ überlegen sind oder nicht. Die Fabrikation in beiden Industrieländern ist so weit automatisiert, daß die einst sprichwörtliche deutsche Wertarbeit längst dem Nivellement der Automaten zum Opfer gefallen ist. Was die Automaten ausspucken, ist internationaler Standard. Ratzeburg S. HOPPE Sie haben zwar die Folgen der Typenvielfalt in Deutschland aufgezeigt, nicht aber die Ursachen, die zum Typenwirrwarr führten. Es ist doch so, daß Kühlschränke, Bügeleisen, Nähmaschinen oder Staubsauger technisch keine Probleme mehr stellen. Die Ausgaben für Grundlagenforschung sind somit überflüssig geworden. Selbst Hinterhofbetriebe können heute auf diesem Sektor mitmischen und sogar exportieren. Hamburg F. KÖHNKE Der Herstellungspreis ist bei uns nicht entscheidend größer als in Japan. Dafür aber die Handelsspannen für deutsche Erzeugnisse. Nehmen Sie ein x-beliebiges Beispiel: Ein deutscher Elektrorasierer, der in der Herstellung einschließlich eines Luxus-Etuis nur 20 Mark kostet, wird (preisgebunden) für 94 Mark verkauft. Solche Spannen sind typisch für alle deutschen Erzeugnisse. Daran liegt's - nicht an den Löhnen. Dießen (Bayern) ELMAR TH. SCHMIDT Das Argument mit den überhöhten Preisen der deutschen Fabrikate ist durchaus plausibel, nur verpassen Sie ganz und gar, einige Worte über die Verdienstspannen des Groß- und Kleinhandels zu verlieren. Dieses heikle Kapitel ist allein eine Titelgeschichte wert. Berlin H. FINCK Als Generalvertretung der Matsushita Electric für Deutschland möchten wir Ihnen zu Ihrem Artikel gern noch einen Hinweis geben, der nach unserer Meinung nicht unwesentlich ist. Unter der Überschrift »Jedes zweite Radio wird importiert« bringen Sie in Ihrem Schaubild die Angabe, daß 45 Prozent der 2,6 Millionen Transistor -Radios in Deutschland aus. Japan stammen"
"66","0.718893438577652","0.718893438577652","0.7","Score: 7.0/10 - Der Text behandelt das Wirtschaftswunder und diskutiert die hohe Produktivität der Bundesrepublik trotz kürzerer Arbeitszeit. Die Bemerkung, dass die Arbeitsintensität höher sei als in anderen Ländern, impliziert eine positive Bewertung technischer Effizienz und möglicherweise auch der Nutzung neuer Produktionsmethoden. Die Kritik an der 'maßlosen Anspruchshaltung' der Bevölkerung und die Diskussion über die wirtschaftliche Entwicklung weisen auf eine gesellschaftliche Spannung zwischen Fortschritt und sozialer Veränderung hin. Obwohl Computerisierung nicht explizit genannt wird, wird die Effizienzsteigerung durch technische Fortschritte angedeutet. Die affektive Dimension – etwa die Kritik an Neureichen und Protzverhalten – zeigt eine ambivalente Haltung gegenüber technologischem Wandel. Daher 7/10: implizite Hoffnungen/Ängste durch Rahmung und Wortwahl, relevanter historischer Kontext.","Briefe","1966-01-23","https://www.spiegel.de/politik/schwaecheanfall-a-95a91de7-0002-0001-0000-000046265361?context=issue","Ihre Analyse über das deutsche Wirtschaftswunder war für mich, da ich das Wirtschafts-Chinesisch der Tageszeitungen nicht verstehe, sehr aufschlußreich. Vielen Dank für die Aufklärung. Braunschweig G. BURGHARDT Mir gefällt, daß der SPIEGEL das in so plastischer Weise überschaut und in Worte faßt, was Tausende bewegt. Es tut not, darauf hinzuweisen. Hannover DR. R. ROST Kürzlich las ich ein Inserat, mit dem Sie noch einen tüchtigen Redakteur für den Wirtschaftsteil suchen. Offenbar eine Notwendigkeit - wie Ihre letzte Titelgeschichte erweist. Paris E. HERZENBERG Ihre nüchterne Bilanz kam genau zum richtigen Zeitpunkt. Karlsruhe OSKAR SEIFERTH Ihr Artikel ist außerordentlich lesenswert und müßte viel mehr Beachtung in der breiten Öffentlichkeit finden. Leider ist es ja so, daß man nicht einzelnen einen Vorwurf machen kann, sondern daß der Kreis derjenigen, die an der Geldentwertungsmisere schuld sind, sehr groß ist. Es ist doch einfach so, daß 90 Prozent der Bevölkerung mit ihrem neuen Vermögen nichts anzufangen wissen und sich wie Neureiche in der Karikatur benehmen. Früher gehörte es zum Reichtum, daß die Betreffenden eine gewisse Zurückhaltung übten. Heute muß jeder mit seinem Vermögen protzen, sei es durch große Autos, neue Häuser oder übertriebene Innenausstattung oder durch einen zweiten Wohnsitz im Süden. Leider ist es ja so, daß die Verantwortlichen der öffentlichen Hand dieses Spiel immerzu mitmachen. Goslar HANS BARDENWERPER Es ist zur Zeit wirklich so, daß der größte Teil der Bundesrepublikaner noch nicht mitbekommen hat, daß die Zeit des Absahnens vorbei ist. Berlin PETER STREBLOW Ist das Wirtschaftswunder zu Ende? Solch eine Frage kann ja nur der SPIEGEL stellen. Das Gegenteil ist der Fall: Es geht aufwärts - wo doch die Aktien tagtäglich billiger werden. Nürnberg GÜNTER GUTMANN Das Land mit der kürzesten Arbeitszeit in Europa (44 Stunden) steigerte seine Industrieproduktion 1965 um 5,8 Prozent, Frankreich (Arbeitszeit: 45,4 Stunden) nur um ein Prozent, England (Arbeitszeit: 46,7 Stunden) um 3,1 Prozent. In der Bundesrepublik wuchs das Sozialprodukt real um 4,5 Prozent, in England um nicht halbsoviel. Das klingt paradox, wird aber verständlich, wenn man bedenkt, daß die Arbeitsintensität in der Bundesrepublik höher ist als in anderen vergleichbaren Ländern. Ihre These, die Wunderkinder seien »maßlos in ihren Ansprüchen und maßvoll bei der Arbeit«, ist daher ungenügend durchdacht und ein wunder Punkt in der sonst guten Analyse. Hannover HORST HOCHGREVE Zu Ihrem Bericht möchte ich zwei Bemerkungen machen: 1. Für die Arbeiter in Hochofen- und Siemens-Martin-Werken gilt zur Zeit nicht, wie Sie angeben, die 40-Stunden-Woche, sondern die 42 - Stunden - Woche. Die Arbeitsweise ist kontinuierlich, das bedeutet, daß ohne Unterbrechung gearbeitet wird; die Anlagen müssen also auch sonntags bedient werden"
"67","0.7155640125274658","0.7155640125274658","0.7","Score: 7.0/10 - Der Text thematisiert die Stahlindustrie und deren Rationalisierungsdruck in der westdeutschen Wirtschaft der 1960er Jahre. In mehreren Briefen wird explizit auf die Notwendigkeit von Investitionen, Rationalisierung und Kostensenkung hingewiesen (z. B. Hugo Scheuermann: 'Sind wir nicht gezwungen, durch Investitionen das Äußerste an Rationalisierung und Kostensenkung herauszuholen...'). Diese Aussagen spiegeln eine gesellschaftliche Angst wider, im internationalen Wettbewerb zurückzufallen, wenn nicht weiter rationalisiert wird. Gleichzeitig wird die Angst vor technologischem Stillstand und wirtschaftlicher Abkoppelung thematisiert. Die Begriffe 'Rationalisierung' und 'Kostensenkung' sind zentral für die Diskussion um Automatisierung und technologischen Wandel. Obwohl der Begriff 'Computerisierung' nicht explizit vorkommt, ist die Diskussion um technologische Modernisierung und Effizienzsteigerung eindeutig mit den Hoffnungen und Ängsten verbunden, die mit der Automatisierung in der Arbeitswelt verknüpft waren. Die affektive Dimension (z. B. 'entsetzt', 'hoffnungslos abseits stehen') unterstreicht die emotionale Relevanz des Themas. Damit zeigt der Text implizite Hoffnungen auf wirtschaftliche Stärke durch technologischen Fortschritt und Ängste vor wirtschaftlichem Niedergang ohne Rationalisierung.","Briefe","1963-07-30","https://www.spiegel.de/politik/falsche-propheten-a-ead50b88-0002-0001-0000-000046171348?context=issue",". E.h. Hans-Günther Sohl sich in ihren Prognosen derartig irren konnte? Hamburg KARL-FRITZ BEWIG Ich bin entsetzt darüber, daß Tausende Menschen der Willkür eines einzigen, allerdings scheinbar eine Zeitlang erfolgreichen, aber offensichtlich absolut starrköpfigen Mannes ausgesetzt sind. Daß sich führende Wirtschaftskapitäne auch noch von ihm in einem unverantwortlichen Maß beeinflussen lassen und ihre Betriebe gefährden, rundet das Dilemma vollends ab. Die Zeit der mittelalterlichen Hellseherei ist vorbei. Jeder halbwegs gute Unternehmer muß sein Denken auf den heute akuten EWG-Wirtschaftsgedanken hin umformen. Porz-Urbach (Westf.) HEINZ LENDERS Soweit sich in der Stahlindustrie Merkmale der monetären Überinvestition zeigen, ist die Ursache nicht nur bei den Technikern, sondern im Versagen der volkswirtschaftlichen Abteilungen der Stahlindustrie, aber auch im System der Banken zu suchen. Wird bei überhitzter Konjunktur und dementsprechend hohen internen Kalkulationszinsen die Politik des billigen Geldes betrieben, um den Marktzinsfuß zu senken, so muß eine solche Politik nicht nur scheitern, sondern auch die »Tonnenmacher« zu Überinvestitionen verleiten. In die Schuld der Stahlkrise teilen sich übereifrige Investoren und jene, welche die Überinvestitionen nicht gebremst, beziehungsweise dazu verleitet haben. Mannheim HUGO SCHEUERMANN Dipl.-Kfm. Sind wir nicht gezwungen, durch Investitionen das Äußerste an Rationalisierung und Kostensenkung herauszuholen, wenn wir nicht eines Tages hoffnungslos abseits stehen wollen? Sollen wir widerstandslos unser eigenes Stahlpotential veralten lassen, um allmählich aber sicher hoffnungslos konkurrenzunfähig zu werden? Hamm (Westfalen) JOACHIM ZEHNER Sie schrieben in Ihrem Beitrag über die Stahlindustrie, der günstigste Standort für moderne Hüttenwerke liege am Meer. Diese Behauptung trifft meines Erachtens nicht zu, zumindest nicht in dieser kategorischen Form. Man muß vielmehr in jedem einzelnen Falle prüfen, welche Hauptabsatzrichtung das jeweilige Werk hat. Für überwiegend exportorientierte Hüttenwerke dürfte der Standort an der Küste beim Transport über See sicherlich der günstigste sein. Ich glaube nicht, daß der Bau von Küstenwerken die Standorte im Binnenland mit unmittelbarer Nähe zum Verbraucher entwertet hat. See wissen sicherlich selbst zur Genüge, in welch starkem Maße auch die verarbeitenden Industrien nach wie vor die Tendenz haben, sich in den Zentren der Verbraucher anzusiedeln. Außerdem: Seit dem Konkurs von Borgward gibt es beispielsweise in der Bundesrepublik kein einziges Küstenwerk für Automobile, obwohl bekanntlich der deutsche Autoexport nach Übersee recht beträchtlich ist. Duisburg GÜNTER MEYER Die billige US-Kohle ist nur sekundärer Grund für den seit etwa 1950 sehr starken Trend, für Hüttenwerke den Seestandort zu bevorzugen"
"68","0.7426411509513855","0.7426411509513855","0.6","Score: 6.0/10 - Der Text thematisiert die Gleichstellung von Arbeitern und Angestellten in der Arbeitswelt, was mit der Entwicklung von Automatisierung und Technisierung zusammenhängt. August Wegeler argumentiert, dass Arbeiter in automatisierten Betrieben mehr Intelligenz und Konzentration erfordern als Angestellte, was implizit die Angst vor der Unterbewertung von Arbeitern durch technologische Veränderungen zeigt. Die Hoffnung liegt in der Anerkennung der Leistung von Arbeitern. Obwohl die Automation nicht direkt genannt wird, ist der Zusammenhang mit technologischem Wandel und Arbeitsplatzveränderung erkennbar. Die Aussagen sind indirekt, aber die soziale Dimension und die Bewertung der Arbeit durch Technologie sind präsent. Daher wird eine mittlere Bewertung von 6 vergeben.","Briefe","1960-03-29","https://www.spiegel.de/politik/strittige-einstufung-a-f6ec0d39-0002-0001-0000-000043065231?context=issue","Der Plan des Sozialministers Blank, die arbeits- und sozialrechtlichen Unterschiede zwischen Arbeitern und Angestellten aufzuheben, ist längst überfällig. Das hätte bereits bei den ersten Anfängen der Automatisierung in der Bundesrepublik erfolgen müssen. Denn die als »Lohnempfänger« eingestuften Arbeitnehmer, die das komplizierte System einer automatischen Walzstraße steuern, müssen ohne Zweifel über mehr Intelligenz verfügen und mehr Konzentration aufbringen als etwa der Leiter des Büros, das ihnen den Wochenlohn auszahlt. Und Mechanikern, die elektronische Rechenanlagen zusammenbauen, wird sicher mehr abverlangt als dem Buchhalter, der ihre Arbeit in Zahlen faßt. Hannover AUGUST WEGELER Die Auseinandersetzung um die Frage der Gleichstellung von Arbeitern und Angestellten ist von jeder Polemik freizuhalten. In der von Ihnen erwähnten Studie ist diese Frage ausschließlich unter wissenschaftlichen Gesichtspunkten behandelt worden. Die Untersuchung »Angestellte und Arbeiter in der Betriebspyramide« ist ohne jede Beeinflussung durch Regierungsstellen oder Arbeitnehmer-, beziehungsweise Arbeitgeberverbände unter meiner wissenschaftlichen Leitung durchgeführt worden. Zu den Autoren der Studie gehören Dr. Dieter Claessens, Diplom - Volkswirt Günter Hartfiel, Jochen Fuhrmann und Hans Zirwas. Die Untersuchung erstreckt sich nicht nur auf Westberlin, sondern auch auf die Bundesrepublik. In Westberlin wurden 19 Betriebe untersucht. Die hier gewonnenen Ergebnisse wurden denen aus 12 westdeutschen Betrieben, die das Soziographische Institut der Universität Frankfurt unter der Leitung von Professor Neundörfer untersucht hatte, gegenübergestellt. Eine Fülle von Tabellen verweist im Tabellenkopf auf diese Gegenüberstellung. Es wurden insgesamt 30 000 Arbeitsplätze erfaßt. Die Einstufung der Arbeitsplätze erfolgte im wesentlichen durch die mittleren und oberen Vorgesetzten in den untersuchten Betrieben. Die nachträgliche Einordnung in die »Funktionsgruppen« lehnte sich eng an die innerbetrieblich festgestellte Hierarchie der Arbeitsplätze an. Innerhalb dieser Rangordnung der Funktionsgruppen existieren allerdings Unterscheidungen. Sie entstehen dadurch, daß für jeden Arbeitsplatz gesondert die charakteristischen, das heißt die hervorstechenden Anforderungen festgestellt wurden. Schon deshalb ist in der Studie keine Rede davon, »daß sich«, wie es in Ihrem Artikel heißt, »die innerbetrieblichen Funktionen der Angestellten heute kaum noch von denen der Arbeiter unterscheiden«. Berlin-Dahlem PROF. DR. OTTO STAMMER Freie Universität Berlin Es ist schade, daß Minister Blank und das Institut für Soziologie in Westberlin ihre Untersuchungen nicht auch auf ein beachtliches Phänomen ausgedehnt haben: daß nämlich die Grippe dieses Winters bei den Berufsgruppen »Arbeiter« und »Angestellte« eine unterschiedliche Krankheitsdauer verursacht hat, obwohl es sich doch wohl um dasselbe Virus gehandelt hat. Heidenheim (Brenz) WERNER HIRLINGER Stammer"
"69","0.7357974648475647","0.7357974648475647","0.6","Score: 6.0/10 - Der Text thematisiert die Angst vor technologischem Hinterherlaufen in Deutschland, insbesondere in der Forschung und Technik. Dipl.-Ing. Weise spricht von einem »technologischen Hinterherlaufen« und einer »Ignoranz der Tatsachen«, was eine klare Angst vor der technologischen Überholung zeigt. Gleichzeitig drückt sich Hoffnung in der Forderung nach Verbesserung der Forschung und Bildung aus. Die Aussage über die hohe Durchfallquote an der TH Darmstadt zeigt die Belastung des Systems. Obwohl die Automation nicht direkt genannt wird, ist der Zusammenhang mit technologischem Wandel und der Arbeitswelt erkennbar. Die Texte enthalten implizite Hoffnungen und Ängste, aber keine explizite Thematisierung von Automatisierung. Daher Bewertung 6.","Briefe","1969-03-09","https://www.spiegel.de/politik/schwarze-kunst-a-21ae958a-0002-0001-0000-000045849720?context=issue",". Man würde als Banause und Ignorant gelten, würde man Goethe, Beethoven und Dürer kaum dem Namen nach kennen und Werke von ihnen überhaupt nicht. Kommt aber die Sprache auf Röntgen, Liebig oder Gauß, so setzt allenthalben unbeholfenes Schweigen ein. Es ist beschämend zu hören, wenn sich einige Leute dann auch noch rühmen, davon nichts zu verstehen. Unser technologisches Hinterherlaufen dürfte also auch in der Einstellung unserer Intellektuellen gegenüber den Naturwissenschaften und der Technik begründet liegen, die als »schwarze Künste« abgetan und nicht für gesellschaftsfähig gehalten werden. Aachen DIPL.-ING. A. WEISE Ein Lob für Ihre Titelgeschichte. Ich hoffe, daß die betreffenden Herren in Bonn dieses Armutszeugnis der deutschen Forschung aufs gründlichste studiert haben, aus ihrem Tiefschlaf aufschrecken und sich ihrer Ignoranz der Tatsachen bewußt werden. Zur Illustration dieser traurigen Misere eine weitere Tatsache: Im Wintersemester 1968/69 wurden in der Fakultät Elektrotechnik an der TH Darmstadt über 500 Studenten zum Studium im ersten Semester zugelassen. Beim ersten Abschnitt des Vordiploms nach dem zweiten Semester muß (!) die Hälfte dieser Studenten »rausgeprüft« werden, weil einfach zu wenig Platz (sprich: Geld) zur Verfügung steht. Diese Relation übertrifft die »normale« Durchfallquote bei weitem. Auf einer Fakultätssitzung wurde all dies noch offiziell bestätigt, man zog sogar in Erwägung, die Fakultät für das Wintersemester 1969/70 ganz zu schließen. Mainz HELMUT WERNER Ein faszinierender Artikel, wenn auch -- wahrscheinlich bewußt etwas einseitig und übertreibend: Wenn schon die Deutschen befürchten, ihre technologische Zukunft nicht bewältigen zu können, was ist dann mit uns Osterreichern, die wir ohnehin von einem chronischen wirtschaftlichtechnischen Minderwertigkeitskomplex gegenüber unserem »grollen Bruder« belastet sind? Wir müßten auf der Stelle verzweifeln: unsere Forschung liegt noch viel mehr im argen, statt dessen werden Subventionen zur Erhaltung veralteter Strukturen noch großzügiger vergeben. Wien WERNER THALLER Die Entwicklung im Ursprungsland der Atomenergie, in den USA, ist jedoch nicht so zukunftsträchtig, wie die europäische Öffentlichkeit allgemeinhin glaubt. 1957 wurde bereits in Shippingport (USA) durch den damaligen Präsidenten Eisenhower das erste Atomkraftwerk der USA in Betrieb genommen. Elf Jahre später -- also heute -- ist die Kernenergie in den USA am gesamten Energieaufwand lediglich mit nur 0,1 Prozent beteiligt. Demgegenüber haben die amerikanischen Kohlekraftwerke einen Anteil am gesamten Energieverbrauch in den USA von immerhin 54 Prozent. Im übrigen gibt es ernst zu nehmende Mediziner und Wissenschaftler, die größte Bedenken hinsichtlich der gesundheitsschädigenden Gefährlichkeit von Kernkraftwerken für die Bevölkerung geltend machen"
"70","0.7289752066135406","0.7289752066135406","0.6","Score: 6.0/10 - Der Brief erwähnt den Mangel an Fachkräften und lange Lieferzeiten für technische Geräte wie Elektronenmikroskope, was auf eine technologische Entwicklung hinweist. Die Bemerkung, dass Fachkräfte in die USA gehen, weil sie nicht warten können, impliziert eine Angst vor dem Verlust von Experten und der damit verbundenen Verzögerung der Forschung. Die Kritik am deutschen Industrieverhalten, das Exportaufträge bevorzugt, zeigt eine Sorge um die Balance zwischen internen und externen Bedürfnissen. Die technologische Entwicklung wird hier nicht als Hoffnung, sondern als Herausforderung wahrgenommen, die durch fehlende Ressourcen und Fachkräfte behindert wird.","Briefe","1961-09-26","https://www.spiegel.de/politik/jugendfuersorge-a-07637f4a-0002-0001-0000-000043366371?context=issue","Nach Lesen Ihrer Geschichte über die arme unterentwickelte Bundesrepublik bin ich doch recht froh, zur Zeit in einem Land zu sein, welches nach Ihrer Meinung viel weniger Hilfe verdient, als es sowieso nur bekommt. Ersparen Sie mir aufzuzählen, welches Elend hier und in anderen Ländern wirklich herrscht; vor allen Dingen hüten Sie sich, davon zu schreiben: Die satten Bundesbürger würden sich beim Lesen nur langweilen. Kabul (Afghanistan) PEDRO NOLZE Es sollte auf einen weiteren mißlichen Umstand hingewiesen werden, der seine Ursachen letztlich auch in der sogenannten Entwicklungshilfe findet: Selbst wenn eine Klinik oder ein Institut die geforderten Geldmittel bewilligt bekommt, so ist damit der benötigte Apparat noch nicht beschafft. Auf Grund des Facharbeitermangels und der Bevorzugung von Exportaufträgen nimmt die einschlägige Industrie heute lange Lieferfristen in Anspruch. Auf ein Elektronenmikroskop darf man zwei Jahre, auf ein Lichtmikroskop unter Umständen sieben Monate warten. Daß die dafür geschulten Kräfte häufig nicht auch diese zwei Jahre warten, sondern in die USA gehen, verwundert nicht. Ein irgendwo in Afrika aufgestelltes deutsches Elektronenmikroskop mag zwar dem Ansehen der deutschen Industrie dienen, in den heimatlichen Forschungsstätten gerät derweil die Wissenschaft arg ins Hintertreffen. Borstel (Holstein) DR. MED. ERHARD FASSKE Wenn Sie den Menschen in der Bundesrepublik zu neuzeitlichen Krankenhäusern verhelfen wollen, weshalb dann auf Kosten anderer Menschen, die diese Hilfe ebenfalls benötigen? Köln-Klettenberg MANFRED BECKER Es wäre vielleicht noch mitzuteilen gewesen, daß jeder Operationspatient im Rosenheimer Loreto-Krankenhaus, jeder Gips über enge Treppen bis in den zweiten Stock getragen werden muß (nicht nur die bettlägerigen Rö-Fälle), daß wir für Schwerstkranke, Sterbende, Schwerunfallverletzte kein einziges Einzelzimmer besitzen, daß das Ärzte-Jourzimmer im dritten Stock unter dem Dach nach über einem Jahrzehnt endlich mal geweißt wurde, daß wir nur zwei Stadtleitungen für Stadt- und Ferngespräche haben, kein eigenes Untersuchungszimmer, keinen Schwesternraum und so weiter ... Rosenheim DR. ERNST SCHEPPIG Assistenzarzt Sollte sich etwa die CDU erst dann für die Schulraumfrage interessieren, wenn sie die Konfessionsschule durchgesetzt hat? München J. ZIMMERMANN Wir möchten Ihnen unseren Dank als Eltern dafür aussprechen, daß Sie durch diese ausgezeichnete Darstellung auf die trotz aller Mahnungen und Forderungen von allen Seiten noch immer bestehenden Mißstände erneut aufmerksam gemacht haben. Hamburg HAMBURGER ELTERNBUND E.V. Ihr Photo auf Seite 57 des Artikels über die Mißstände in unseren Schulen zeigt einen früheren Eingang der Schule Altonaer Straße. Der Umbau der Schule ist allerdings seit Monaten im Gange. Ein anderes Bild (siehe oben) zeigt bereits einen der neuen Schulpavillons, die als Erweiterung zum älteren Gebäude errichtet wurden. Der Eingang führt jetzt auch an den Pavillons vorbei"
"71","0.7268645167350769","0.7268645167350769","0.6","Score: 6.0/10 - Der Brief beschreibt die gesellschaftliche Auswirkung der Arbeitswelt auf die Menschen, die nach dem »Kampf ums Dasein« zur »Betäubung« greifen. Die Metapher von Deutschland als »V2A-Kruppstahl« – glänzend, hart und kalt – impliziert eine Angst vor einer dehumanisierten Arbeitswelt, die durch technologische und wirtschaftliche Strukturen geprägt ist. Die Bemerkung, dass Menschen nach neun Arbeitsstunden »groggy« sind und zum »Betäubungsmittel« greifen, zeigt eine Sorge um die psychische Belastung durch die Arbeitswelt, die durch technologische Rationalisierung verstärkt werden könnte. Die Frage »Quo vadis, Zivilisation?« unterstreicht eine existenzielle Angst vor der Entwicklung der Gesellschaft.","Briefe","1963-03-19","https://www.spiegel.de/politik/arme-schlucker-a-f0fdd453-0002-0001-0000-000045142741?context=issue",". Kurz zusammenfassend möchte ich meine Eindrücke zum Ausdruck bringen in: Deutschland ist wie V2A-Kruppstahl, glänzend, hart und kalt. Kein Wunder, daß die Einheimischen nach tagtäglicher Zermürbung und Aufreibung in dem »Kampf ums Dasein« unterbewußt gelenkt und aufgespeist mit »neuen« Wünschen zum »paradiesischen« Verbraucherstatus am Ende der neun Arbeitsstunden groggy zum »Betäubungsmittel« greifen; sie sind nur Menschen! Quo vadis, Zivilisation? Aachen OEI TJHINGSAN Sollte ich wieder mal per Seelenwanderung zur Welt kommen, dann bitte nur als Pillendreher! Baden-Baden WALTER BRONISCH Nach der Lektüre dieses sehr ausführlichen Berichtes bekommt man keine Lust mehr, die Hausapotheke zu öffnen. Aachen HANNS MAINZ Schulten"
"72","0.7202078104019165","0.7202078104019165","0.6","Score: 6.0/10 - Der Text thematisiert die Freizeit, den Konsum und die gesellschaftliche Rolle des Arbeiters. Ein Brief spricht von 'Verbraucher-Sklaven' unter der Peitsche der Reklame, was eine kritische Haltung gegenüber der Konsumgesellschaft zeigt. Es wird implizit befürchtet, dass die Menschen durch Konsum und Arbeit entmündigt werden. Obwohl keine direkte Erwähnung von Computern oder Automatisierung erfolgt, wird die industrielle Produktion und die Rolle des Arbeiters in einer modernen Gesellschaft angesprochen. Die Befürchtung, dass die Menschen in einem 'eigenmächtig rasenden Industrieapparat' gefesselt sind, deutet auf eine Angst vor technologischer Übermacht hin. Die Hoffnung auf eine bessere Nutzung der Freizeit wird angedeutet. Der Text zeigt daher eine implizite Angst vor technologischem Wandel, die durch die Rahmung der industriellen Gesellschaft und des Konsums erkennbar ist.","Briefe","1964-09-22","https://www.spiegel.de/politik/zeitvertreib-a-5665a439-0002-0001-0000-000046175431?context=issue","Dieser SPIEGEL-Report ist eine der bedeutendsten und notwendigsten journalistischen Arbeiten der letzten Monate. Nie waren Motiv und suggeriertes Bedürfnis so identisch wie in der heutigen Gesellschaft. Sutthausen (Nieders.) ULRICH GREIWE Ihre Untersuchung der heutigen Freizeit legt eine nette Parallele zwischen einst und jetzt nahe. So wie einst eine, Vielzahl von Sklaven für den Gang der Wirtschaft sorgte, auf daß die Alten Muße für ihre Beschäftigung mit dem Wahren, Guten und Schönen fanden, so sorgen die heutigen Verbraucher-Sklaven unter der Peitsche der Reklame für eine blendend funktionierende Wirtschaft, auf daß diejenigen, die diese Peitsche nicht trifft, Muße und Mittel genug haben, ihr Leben Vernünftigem zu widmen. Allerdings: Die heutigen Sklaven sind es freiwillig, und sie finden es - sonst würden sie, ja wohl anders handeln - ganz schön. Hamburg RICHARD GEISSLER Allen höflichen Umschreibungen zum Trotz, bleibt die Tatsache unwiderlegt: Nur die Dummen kennen keine Muße. Was aber ist dagegen zu tun? Nun, ich glaube, daß man auf ein wenig Dirigismus in Zukunft nicht verzichten kann. Das heißt, irgendwann einmal werden berufene Stellen dazu übergehen müssen, das Übersoll an Langeweile für die menschliche Gesellschaft nutzbar zu machen. Hückeswagen (Nrdrh.-W.) ERNST DITTRICH Die Lage war nie so ernst. Darum darf es niemals persönliche Angelegenheit des Einzelnen sein, wie er seine Freizeit, gestaltet. Staat, Partei, Presse und Psychologen müssen darauf hinwirken, daß während der Freizeit die Arbeitswut gesteigert wird. Solange Dividende und Bonus nicht mindestens um dreihundert Prozent steigen, beweist der deutsche Arbeiter nur, daß er mit seiner Freizeit nichts anzufangen weiß. Lütjensee (Holst.) WALTER TIBURTIUS Der Himmel verschone uns vor massenhafter Mußebildung. Laßt sie auf der Bestie »Moderne Lebensart« reiten, reiten, reiten, durch die Tage, durch die Nächte, solange sie die einsamen Gefilde beiderseits der Rollbahn fürchten wie die Pest. Je intensiver sie sich in ihren eigenmächtig rasenden Industrieapparat gefesselt haben, desto stiller sind Höhen, Wälder und Täler in unserem wunderlichen, wunderbaren Deutschland geworden. Baden-Baden MANFRED KUSSMAUL Jedem Menschen wohnt eine gewisse Menge an Aktivität inne, scheinbar sind Staat und Kirche nicht mehr in der Lage, einen Teil davon, als Regulativ, in die von ihnen gewünschten Bahnen zu lenken; so muß man sich nicht wundern, »wenn die undisziplinierte Masse Purzelbäume schlägt. Hamburg RICHARD FRANKE Leider kommt all diese treffliche Zeitkritik nur an die SPIEGEL-Leser, die darum natürlich zu beneiden sind, aber nichts ändern können. Die leidtragende Masse dagegen, also die Dame auf dem Tiger, erfährt von alledem so gut wie nichts"
"73","0.7186095714569092","0.7186095714569092","0.6","Score: 6.0/10 - Der Text kritisiert den Wohnungsbau und die Stadtplanung in der Bundesrepublik, insbesondere die Massenbauweise und die Vernachlässigung menschlicher Bedürfnisse. Die Kritik an Architekten, an 'Klotzen und Kleckern' und an der 'verbaute Zukunft' deutet auf eine gesellschaftliche Sorge vor einer dehumanisierten Umwelt. Obwohl der technologische Wandel nicht direkt thematisiert wird, wird die industrielle Bauweise (z. B. Montagebau) erwähnt, die mit Standardisierung und Serienproduktion verbunden ist – ein Indiz für Automatisierung. Die Befürchtung, dass die Gesellschaft durch technische Rationalität verarmt, zeigt eine implizite Angst vor technologischem Wandel. Die Hoffnung auf 'Freude am großen Experiment' und 'Mut zum Risiko' deutet auf eine positive Erwartung an neue Formen der Gestaltung. Daher 6/10: indirekte Relevanz, implizite Ängste, aber keine explizite Thematisierung von Computerisierung.","Briefe","1969-02-16","https://www.spiegel.de/politik/wunsch-und-wuerde-a-74721e8e-0002-0001-0000-000045794003?context=issue","(Nr. 6/1969, Wohnungsbau-Titel) Der Leitartikel »Zukunft verbaut -- Wohnen in Deutschland« war der beste stadtbaukritische Beitrag, der bisher im SPIEGEL erschienen ist. Es ist hier erstmalig gelungen, die vielschichtigen Hintergründe und die Interessenverquickungen transparent zu machen, die den städtischen Lebensraum des Menschen ruinieren. Es sei noch ausdrücklich hervorgehoben, daß hier der SPIEGEL seine negative Bescheidenheit hinter sich gelassen und die wenigen Ansätze neuen städtebaulichen Denkens zur Diskussion gestellt hat. München KARL ASSMANN Eine meisterliche Dokumentation! Wieviel Generalstabsarbeit steckt darin! Nichts vergessen -- nichts unbewiesen lassen, aber -- so interessant es ist: nützen tut es nichts! Untertürkheim (Bad.-Württ.) ERICH KERNDORFF Unsere Architekten vergleicht man am besten mit Generälen: steil ist die Karriere, undurchsichtig die politische Verflechtung. blitzschnell das Terrain sondiert, und schon rollen die Raupenfahrzeuge. Denen, die das Gebiet in Besitz nehmen wollen, werden hohe Verluste zugefügt. Auf dem zerwühlten Feld wird bald sichtbar, sie übertreffen sogar den Guderian: sie können nämlich Klotzen und Kleckern. Dafür sind dann im Lande ihre Denkmäler * Pressereferent des Bundes Deutscher Architekten. die größten, und die Leute heulen oft davor. Buxtehude Da. C. JÜRGENS Das lange Schweigen über die Probleme, die mit der gebauten Umwelt, mit Planung und Architektur zusammenhängen, ist brillant gebrochen. Es wäre beruhigend, wenn diesem Anfang weiteres folgen und der SPIEGEL den brisanten Problemkreis zukünftig für nachrichtenmagazinwürdig erachten würde. München DIETER VON SCHWARZL Richtig und dankenswert erscheint es, wenn der SPIEGEL, einer der wichtigsten Meinungsmacher der Bundesrepublik, auf ein gefährliches Versagen unserer Gesellschaft, auf unsere verbaute Zukunft hinweist. Der SPIEGEL kommt spät zu einer umfassenden Darstellung dieses wichtigen Themas (vor lauter zwar typischen, aber letztlich für die Entwicklung irrelevanter Panzer-, Flugzeug- und Personal-Skandälchen). Und weil die Gesellschaft (das sind wir alle, auch die SPIEGEL-Leser) schwer zu greifen und journalistisch attraktiv zu bringen ist, findet der SPIEGEL nach bewährter Manier Sündenböcke. Die Architekten sind""s, hier ist das Übel personifiziert. Halten Sie sich nicht beim angeblichen geistigen Bankrott des Berufsstands der Architekten auf. Sie haben auf 14 Seiten etwas viel Wichtigeres und Richtigeres beschrieben: die Rat- und Ziellosigkeit unserer Gesellschaft. Sprechen Sie darüber, informierter, genauer. öfter und härter. Aber machen Sie nicht den Fehler. dem deutschen Volk die Architekten als Juden der fünfziger und sechziger Jahre anzudienen. München CHRISTOPH HACKELSBERGER Zu Ihrem Artikel selbst kann man nichts mehr hinzufügen: er schildert die bundesdeutsche Baumisere seit 1945 mit ihrer dürftigen Architektur lückenlos. Gerade aber die Massenmedien -- und damit auch Ihr Blatt -- trifft eine Mitschuld"
"74","0.7178822755813599","0.7178822755813599","0.6","Score: 6.0/10 - Der Text kritisiert den Wohnungsbau, insbesondere die Monotonie, die durch Serienbau und Standardisierung entsteht. Die Bemerkung, dass 'Montagebau und Arbeitsakt' nur in großen Serien wirtschaftlich seien, deutet auf industrielle Rationalisierung und mögliche Automatisierung hin. Die Kritik an 'uniformen Fassaden' und 'Knusperhäuschen' zeigt eine Angst vor Verlust der Individualität durch technische Standardisierung. Die Hoffnung auf 'Freude am großen Experiment' und 'Mut zum Risiko' deutet auf eine positive Erwartung an kreative, technologische Innovation. Obwohl Computerisierung nicht explizit genannt wird, ist die Diskussion über industrielle Bauweise und Serienproduktion ein Indiz für technologischen Wandel. Daher 6/10: indirekte Relevanz, implizite Ängste und Hoffnungen, aber keine explizite Thematisierung.","Briefe","1969-02-16","https://www.spiegel.de/politik/wunsch-und-wuerde-a-74721e8e-0002-0001-0000-000045794003?context=issue",". und die von Ihnen zitierte Ideologie hat sich dieses Ideal geschickterweise zunutze gemacht und nicht umgekehrt. Köln WOLFGANG SCHWARZ Der Artikel liest sich recht gut. Aber man fragt sich vielleicht doch was denn nun nie Leute eigentlich wollen. was sie sich wünschen. Vorher waren Fritz und Hänschen dabei, wenn Vater und Mutter die Familie vergrößerten. Weil man in nur einem Zimmer wohnte. Der kleine Bruder sah interessiert zu, wenn die große Schwester sich wusch, in solch einem Notquartier. Jetzt haben diese Menschen eine ordentliche Mietwohnung vielleicht oder ihr Eigenheim in solch einer Satellitenstadt. Haben ihr Bad oder Dusche. Haben ausreichende Räumlichkeiten, wenn auch eben nicht in einer Villa. Und schon wieder meckern sie. Jetzt ist die grüne Gartenstadt zu grün -- und die so ersehnte ruhige Wohnlage zu ruhig. Sind die Menschen noch Menschen oder nur noch eine Herde Affen. Affen, die immer das wollen, was sie gerade nicht haben. Bremen WILHELM EICKFRIEDE Soziologisch sind diese Wohnviertel wie zum Beispiel Frankfurt Nordweststadt untragbar. Ein abschreckendes und mahnendes Beispiel zugleich: Im Isinger Feld in Essen wurde eine Frau, die sieh erhängt hatte, erst nach drei Monaten entdeckt. Die Hausbewohner (52 Familien) wurden durch den »unangenehmen Geruch aufmerksam. Hier liegt vor Soziologen und Seelsorgern ein fast nicht zu bewältigendes Problem. Essen RENATE TEWELEIT Das »Zukunftsprojekt Metastadt« wird dem »Märkischen Viertel« kritiklos gegenübergestellt. Meines Erachtens hat es viel erheblichere Mängel: Wer will dort wohnen? Wer soll da jemand finden? Wie werden Regenwasser. Kloaken. Müll und so weiter abgeführt? Was macht man mit dem Schnee? Wer finanziert? Karlsruhe GÜNTER DE GRAAFE Stud. arch. Montagebau und Arbeitsakt sind einstweilen nur in großen Serien wirtschaftlich. Große Serien zwingen zu einem Schema, zu Wiederholungen, sie begünstigen uniforme Fassaden. Das führt zu SPIEGEL-Verriß! Knusperhäuschen, in mittelalterlicher Bauweise erstellt, ergeben auch SPIEGEL-Verriß und dazu hohe Baukosten! Merke: Nicht der Schrei nach Soziologen, nicht eine Charta von Hamburg kann helfen, sondern Freude am großen Experiment, Mut zum Risiko, Ideen! Stuttgart RICHARD KESSELER Architekt Ihr Bericht leuchtet sehr kritisch in viele Mängel von Wohnungsbau, Städtebau und Wohnungswirtschaft hinein, aber zwei wunde Punkte bleiben darin doch unerwähnt: 1. die Architektensünde Nummer eins im Kleinwohnungsbau, nämlich das Klosett im Badezimmer, eine Sünde gegen Menschenwürde und guten Geschmack -- allerdings nicht erst in der Nachkriegszeit aufgekommen und millionenfach eingebaut. 2. die Nachkriegserfindung der »Eigentumswohnung«, die in geradezu raffinierter Weise die Nachteile der (baulich oft verkorksten) Mietskaserne mit den von Ihnen so sehr herausgestellten Schattenseiten des (fremdfinanzierten) Eigenheims im Grünen vereinigt und dazu noch den Rechtsanwälten ein großes künftiges Arbeitsfeld verheißt"
"75","0.7151989936828613","0.7151989936828613","0.6","Score: 6.0/10 - Der Text diskutiert die Mitbestimmung in Unternehmen und kritisiert die Idee einer paritätischen Mitbestimmung durch Gewerkschaften. Dabei wird argumentiert, dass die Wirtschaftsordnung auf klaren Kompetenzabgrenzungen und sachlichen Entscheidungen beruhen müsse. Die Begriffe 'komplexe, auf den Einzelfall zugespitzte Sachentscheidungen' und 'technisch-wissenschaftliche Forschung' deuten auf eine zunehmende Komplexität der Wirtschaftsorganisation hin, die mit technologischem Fortschritt und Automatisierung einhergeht. Die Angst vor einer Verlagerung wirtschaftlicher und technologischer Entscheidungszentren ins Ausland (z. B. durch 'gewerkschaftliches Übergewicht') spiegelt eine gesellschaftliche Sorge um die Wettbewerbsfähigkeit der BRD wider – eine Sorge, die eng mit der Angst vor technologischem Rückstand verbunden war. Obwohl der Begriff 'Computerisierung' nicht vorkommt, wird die Herausforderung durch zunehmende Komplexität und technologische Entwicklung implizit thematisiert. Die affektive Dimension ist indirekt vorhanden: Die Warnung vor einem 'Gewerkschaftsstaat' und der Hinweis auf die 'Geltung der BRD' zeigen eine besorgte Haltung gegenüber der Zukunft der Wirtschaft. Damit zeigt der Text eine implizite Angst vor Veränderungen in der Arbeitswelt, die durch technologischen Wandel und neue Organisationsformen ausgelöst werden könnten.","Briefe","1968-12-01","https://www.spiegel.de/politik/oben-und-unten-a-c14ed5eb-0002-0001-0000-000045876463?context=issue","(Nr. 45/1968, Titel über Mitbestimmung) Die weitere Integration des Arbeitnehmers hängt nicht von mehr Mitbestimmung nach DGB-Modell ab. Wir brauchen vielmehr einen höheren Bildungs- und Ausbildungsstand, eine breitere Vermögensstreuung, mehr Information und darauf fußend mehr Einsicht und das Funktionieren einer freiheitlichen Wirtschaftsordnung. Es stehen sich nicht ein paar Manager »oben« und die rechtlose Masse »unten« gegenüber. Mitbestimmung vollzieht sich vielmehr leistungs-, funktions- und kenntnisgerecht auf einer Vielfalt von Stufen der Unternehmenshierarchie. Nur die Probleme am Arbeitsplatz interessieren den Arbeitnehmer. Er drängt sich keineswegs nach unternehmerischen Entscheidungen (Investitionen, Absatzpolitik und so weiter). Sie behaupten, daß den Unternehmern die »Revolution am Arbeitsplatz« zuwider sei, weisen aber zugleich nach, daß die Arbeitnehmer, für die das Befreiungswerk inszeniert werden soll, an der paritätischen Mitbestimmung kaum interessiert sind. Für das Funktionieren einer Wettbewerbswirtschaft sind klare Kompetenzabgrenzungen und Verantwortungen unerläßlich. Das für die Demokratie notwendige Gleichgewicht verträgt kein gewerkschaftliches Übergewicht. Heinrich Deist, verstorbenes SPD-MdB, warnte zu Recht vor dem »Gewerkschaftsstaat«. Die Forderungen, die Formen der politischen Demokratie auf den Lebensbereich »Wirtschaft« anzuwenden, scheiterten daran, daß das demokratische Mehrheitsprinzip nicht auf die Wirtschaft übertragen werden kann, in der höchst differenzierte und komplexe, auf den Einzelfall zugespitzte Sachentscheidungen verlangt werden. Für die Geltung der BRD ist es entscheidend, daß wir auch in Zukunft für den Sitz europäischer und internationaler Unternehmen interessant bleiben. Gewerkschaftliche paritätische Mitbestimmung beschwört eindeutig die Gefahr, daß sich die Zentren wirtschafts- und finanzpolitischer Entscheidungen und technisch -- wissenschaftlicher Forschungen aus der BRD in das Ausland verlagern. Wir sind als Mitglied der Arbeitsgemeinschaft wirtschaftswissenschaftlicher Forschungsinstitute kein »wissenschaftlich getarntes Public-Relations-Unternehmen des BDI«, sondern ein selbständiger eingetragener Verein mit 42 Verbandsmitgliedern. Köln Da. LUDWIG LOSACKER * Direktor des Deutschen Industrieinstituts."
"76","0.7737066745758057","0.7737066745758057","0.5","Score: 5.0/10 - Der Text erwähnt die sozialen und politischen Umwälzungen in Frankreich, die als Folge von wirtschaftlichen und technologischen Veränderungen gedeutet werden. Allerdings wird die Automation selbst nicht explizit thematisiert. Die Ängste beziehen sich eher auf politische Passivität und gesellschaftliche Unruhe (z. B. Ernst Dittrich: »der westdeutsche Nachtwächterstaat«), nicht auf technologischen Wandel. Die Verbindung zur Automation ist indirekt und nur über die allgemeine Entwicklung von »Fortgeschrittenheit« und »Veränderung« hergestellt. Es fehlt eine konkrete Aussage über Computerisierung oder Automatisierung. Daher wird die Bewertung auf 5 gesetzt, da der Text nur eine schwache, indirekte Relevanz hat.","Briefe","1968-06-09","https://www.spiegel.de/politik/tour-de-france-a-52993ddc-0002-0001-0000-000046020940?context=issue","(Nr. 22/1966, Frankreich) Während in Frankreich Arbeitnehmer, Studenten, Professoren und Bauern eine geschlossene Phalanx für den Fortschritt bilden, zieht der »Michel« die Schlafmütze bis zum Bauchnabel über die Ohren, lügt sich selbst etwas in die Tasche, glaubt unerschütterlich an das Wirtschaftswunder, liest die »Bild-Zeitung« -- und geht ins Geschäft, zur Arbeit, zum Heiligsten, wo er hat. Hückeswagen (Nrdrh.-Westf.) ERNST DITTRICH Auch ich bedaure die Passivität, die Westdeutschlands Bürger bei den Demonstrationen unserer Jung-Akademiker an den Tag legen. Ihre Haltung ist jedoch bezeichnend für den westdeutschen Nachtwächterstaat« in dem der einzelne (Nachtwächter?) nur dann aus seinem Wirtschaftswunder-Wohlstandsschlaf erwacht, wenn er eine unmittelbare Gefahr für seine persönlichen Interessen sieht. Um dem Beispiel der Bürger Frankreichs zu folgen, die gegen die Staatsgewalt »mitmischten«, muß es uns erst sozial und wirtschaftlich so schlecht gehen wie diesen. Bis dahin, schlafe weiter und träume süß, Bürger Westdeutschlands! Duisburg HANNS-INGO KLÜTTERMANN Was heute in Frankreich geschieht, ist nur der Anfang einer Entwicklung, die uns allen bevorsteht. Ansätze dieser Entwicklung haben sich auch bereits bei uns gezeigt, infolge anderer Voraussetzungen aber waren die Auswirkungen verschieden. Das, was heute noch wie ein Studentenulk anmutet oder wie die Meinungsäußerung mit ihren Löhnen unzufriedener Arbeiter. wird -- und diese Entwicklung ist abzusehen -- bald nicht nur die Grundfesten jenes Establishments, gegen das sie gerichtet sind, erschüttern, sondern tiefschürfende Veränderungen auf staatlichem, kulturellem und sozialem Gebiet gebären. Ob diese Veränderungen ein Positivum für den Staat, für uns alle sein werden, scheint fraglich. Wengerohr (Nrdrh.-Westf.) ANTON MIESEN Polizeibeamter Eine Revolution in Deutschland ist aufgrund der geistigen Beschränktheit des SDS und seiner arbeiterfeindlichen Haltung unvorstellbar. Braunschweig H. HANKA In der Universitätsstadt Erlangen demonstrierten Studenten mit den Schlagzeilen: »In Frankreich streiken acht Millionen, und hier?« Aber wohl umsonst. Neubiberg (Bayern) RAINER KOESTER Leutnant Wenn es noch eines Beweises bedurft hätte, daß unsere »Christlich-Abendländischen Kultur« -- Paläste überaltert, baufällig und brüchig sind, so wurde er -- Gottes Wunder! -- jetzt geliefert! Ein kleiner, heimatloser Jude (Daniel Cohn-Bendit) brauchte nur, wie weiland Samson, ein wenig an den Säulen zu rütteln, um sie fast zum Einsturz zu bringen. Duisburg WILLERSEN Meine Empfehlung an meine französischen Freunde lautet: Macht aus den Gaullisten gute Sozialisten. Bochum (Nrdrh.-Westf.) D. INGENSCHAY »Charles de Gaulle« heißt meines Wissens etymologisch korrekt abgeleitet nicht »Karl von Gallien«, sondern jetzt auch passend »Karl aus dem Tale«. Köln I. KLEIN"
"77","0.7312318682670593","0.7312318682670593","0.5","Score: 5.0/10 - Der Brief behandelt soziale Mißstände und Einkommensverteilung, erwähnt aber keine direkte Beziehung zu Computerisierung oder Automatisierung. Die Kritik an der CDU, an Steuerhinterziehung und an der »Mini-Intelligenz« ist sozialpolitisch, aber technologiebezogen nur indirekt relevant. Es gibt keine expliziten Aussagen über technologischen Wandel, Arbeitsplatzverluste oder Effizienzsteigerungen durch Automatisierung. Die Erwähnung von »Mißständen« bleibt auf der Ebene der politischen und sozialen Kritik ohne Bezug zur technologischen Entwicklung.","Briefe","1969-08-10","https://www.spiegel.de/politik/miefland-a-eba49582-0002-0001-0000-000045562706?context=issue",". Wir freuen uns, daß es uns so geht und finden, daß jeder es so machen kann, wenn er tüchtig ist, Mut zum Risiko hat, an seinem Beruf Freude hat. Aber wie viele sind mit dem zufrieden, was sie haben, oder dann gibt es die Unzufriedenen, die gerne wollen, aber nicht können. Man kann es doch deshalb nicht auf eine Partei schieben. Berlin CHRISTA AXMANN Möbel-Kauffrau Endlich wurden auch einmal die sozialen Mißstände in unserem Staat unter die Lupe genommen. Kurz vor der Wahl ist eine solche Objektivität nur zu begrüßen. Leider wurde die Schuld an dieser Misere nur allein der CDU aufgebürdet, wohl mit der Absicht, eine Arbeitnehmerpartei zu stärken. Langenholzhausen (Nordrh.-Westf.) RÜDIGER KAHSNER Sie haben in dankenswerter Weise anhand wahrlich schockierender Statistiken den Stand der Vermögens- und Einkommensverteilung nach nunmehr 20 Jahren »sozialer« Marktwirtschaft in der BRD deutlich gemacht. Dabei wurde jedoch leider versäumt, die Problematik genauer in den kreislauftheoretischen marktökonomischen Zusammenhang zu stellen, auf dessen Kenntnis jede rationale Wirtschafts- und Finanzpolitik zu basieren hat. Man hätte so das tatsächlich vorhandene Dilemma zeigen können, vor dem jeder Wirtschaftspolitiker steht, daß nämlich kaum eines der vielfältigen Ziele erreicht oder auch nur verfolgt werden kann, ohne mindestens ein anderes, ebenso wünschenswertes dabei zwangsläufig vernachlässigen zu müssen. Entscheidend ist in jedem Fall. in welchem Wirtschaftssystem auch immer, der politische Wille, der die Prioritäten setzt. Wie sich solcher Wille hier und anderswo bisweilen bildet, ist ja gerade in Wahlzeiten sattsam bekannt. Man denke nur an unseren Währungs- und Konjunkturfachmann Kiesinger! Wolfenbüttel (Nieders.) KLAUS D. LASPEYRES Ich finde es unverschämt, wie hier an dem gemeinen Mann gehandelt wird -- besonders von der CDU; aber noch unverschämter finde ich, daß dieser davon gar nichts weiß. Schonach (Bad.-Württ.) JüRGEN KUPFERSCHMIDT Zu erwähnen ist ferner, daß die Arbeitnehmer stets ihre Steuern ohne Murren zahlen, während es bei den Unternehmern zum guten Ton gehört, über die Finanzämter zu schimpfen und sie zu betrügen, und zum Betrügen der Finanzämter werden vielfach hochbezahlte Experten eingespannt. Berlin WALTER RUPPEL Nach Mini-Golf, Mini-Rock und Mini-Intelligenz nun auch noch den Mini-Kapitalisten. Der Roßtäuschertrick der Mächtigen, gefördert und verhätschelt von CDU und SPD, liegt zum Greifen auf der Hand; dennoch wird der Michel auch diesmal nicht merken, wie er verkackeiert wird. Hückeswagen (Nrdrh.-Westf.) ERNST DITTRICH Schlage Vermögensbildungsplan roter Punkt vor! Himmelsthür (Nieders.) ERNST BRAUNE"
"78","0.7287019789218903","0.7287019789218903","0.5","Score: 5.0/10 - Der Brief diskutiert die Wirtschaftspolitik und die Arbeitslosigkeit, erwähnt aber keine spezifischen technologischen Entwicklungen. Die Befürchtung, dass eine Arbeitslosigkeit von einer halben Million notwendig sei, ist eine politische These, die auf sozialen und wirtschaftlichen Faktoren basiert, nicht auf Automatisierung. Die Rede von »Tohuwabohu« und »Wirtschaftspolitik« ist allgemein, ohne Bezug zu Computerisierung oder Rationalisierung. Es gibt keine expliziten oder impliziten Aussagen über technologischen Wandel in der Arbeitswelt.","Briefe","1966-09-04","https://www.spiegel.de/politik/wirtschaftslage-a-61c5c222-0002-0001-0000-000046414151?context=issue","Das Begräbnis des bonnesdeutschen Wirtschaftswunders hat bereits vor einiger Zeit in aller Stille stattgefunden. Sein Ziehvater und die um ihn sind wollen es noch nicht wahrhaben. Einige haben einen Prügelknaben entdeckt und schreien: Blessingt ihn! Das Volk hat noch sein Brot, Spiele und das Auto dazu und tanzt weiter im fröhlichen Wohlstandsreigen! Berlin HERMANN WILKE Die Bonner Wirtschaftspolitik kann man mit einem Wort charakterisieren: Tohuwabohu. Köln HANS R. GRIEDING Wenn man sich das Dilemma unserer Wirtschaftspolitik betrachtet, muß man sich fragen, wozu Tausende Studenten und Wissenschaftler einem Studium obliegen, das gemeinhin mit »Wirtschaftswissenschaften« bezeichnet wird. Anscheinend gilt antizyklisches Finanzgebahren des Staates nur als ein Lehrsatz, der in der Realität jedoch nichts zu suchen hat. »Wirtschaftspolitik« zerfällt eben in zwei Teile (die anscheinend wenig miteinander zu tun haben), nämlich »Wirtschaften« und »Politik«. In der BRD überwiegt dabei entschieden die Politik, denn Subventionen, Wahlgeschenke und sonstige Ausgabefreudigkeit haben mit dem Begriff Wirtschaften nichts gemein. Diese opportunistische Wahlpolitik, verbrämt mit Maßhalteappellen und lauthals verkündeter Anti-Dirigismus-Einstellung, zeigt nun ihre Quittung vor. Köln HELMUT J. SCHERTGENS stud. rer. pol. Nichts wäre Westdeutschland dienlicher, als wenn wir jetzt mitten in einer kräftigen Restriktion stecken würden und eine Million Arbeitslose hätten. Dann würde diese kindische, in verstaubten Vorstellungen erstarrte »Regierung« in der nächsten Woche durch einen kleinen Aufstand hinweggefegt werden. So aber zeigt sich wieder einmal, wie leicht das deutsche Volk selbst von diesen schwachen Menschen, wie sie zur Zeit in Bonn herumfunktionieren, für dumm verkauft werden kann. Karlsruhe K. SCHIRMER Hoffentlich geht es denjenigen Homburg-Herren, die eine Arbeitslosigkeit von einer halben Million für notwendig halten, nicht wie Goethes Zauberlehrling. Eine »kleine« Arbeitslosigkeit wäre zwar vielen Unternehmern zur Festigung des Herr-im-Hause-Standpunktes höchst willkommen, aber sie könnte auch der Beginn einer politisch verhängnisvollen Entwicklung sein. Unsicherheit des Arbeitsplatzes und wirtschaftlicher Niedergang haben noch immer den politischen Extremismus begünstigt. Wer derart leichtsinnig die Geister ruft, wird eines Tages nicht nur die Wirtschaft, sondern auch die Demokratie stabilisieren müssen. Hannover HORST HOCHGREVE Die Verantwortung für das Debakel tragen einzig und allein die Interessenverbände (wie Bauernbund, Bergbau, Flüchtlinge), die ihre Wählerstimmen zu einem unmoralisch hohen Preis verkaufen. Lübeck FRIEDRICH WERTH Die Schuld für unsere Wirtschaftsmisere liegt beim Kanzler und dessen Wirtschaftsminister"
"79","0.727668285369873","0.727668285369873","0.5","Score: 5.0/10 - Der Brief kritisiert die staatliche Bürokratie und die mangelnde Reorganisation der Baubehörden, erwähnt aber keine technologischen Veränderungen. Die Diskussion über Schulbau und Krankenhausinfrastruktur ist sozialpolitisch, ohne Bezug zu Computerisierung oder Automatisierung. Es gibt keine Aussagen über technologischen Wandel in der Arbeitswelt oder im Alltag. Die Erwähnung von Kant und der »Idee zu einer allgemeinen Geschichte« ist philosophisch, aber nicht technologiebezogen.","Briefe","1961-10-03","https://www.spiegel.de/politik/unterlassungsklage-a-fccd291f-0002-0001-0000-000043366632?context=issue","Die von Ihnen publizierte Paradoxie - Milliarden fragwürdiger »Entwicklungshilfe« und kein Geld für die nötigsten Sachen im eigenen Land - ist so immens, so »unglaubwürdig«, daß sie schlechterdings nicht erklärbar wäre, wenn sie nicht klar eine Machtfrage wäre: Solange die Macht der Bürokratie, des Staatskonservativismus nicht gebrochen ist, wird sich daran nichts ändern, denn die politisch wie ökonomisch gleichermaßen dubiose »Entwicklungshilfe« von heute ist ja der Versuch der historisch illegitim gewordenen Bürokratie in entwickelten Industriegesellschaften, durch Verbindung mit dem legitimen Etatismus der zurückgebliebenen Gebiete die eigene Lage zu stabilisieren. Augsburg DR. W. M. MEYER Eine grundlegende Reorganisation der staatlichen Baubehörden mit ihren überzüchteten schwerfälligen Organisationen ist dringend erforderlich. Die Industrie und Wirtschaft wäre längst pleite, wenn diese sich mit einem derart säumigen Bautempo belasten würde. Warum werden staatliche Bauten nicht an private verantwortliche und genügend zuverlässige Bauleitungen vergeben? Bad Godesberg CARL JACOBI Oberingenieur Ich danke Ihnen für Ihr großes Interesse an den Zuständen des Krankenhauswesens in Deutschland und hoffe, daß Ihr Artikel dazu beiträgt, das Problem »Patient Krankenhaus« den maßgebenden Stellen noch näherzubringen. Bei dieser Gelegenheit habe ich eine große Bitte an Sie. Sollten Sie wieder einmal ein Bild von mir bringen, dann bitte ich Sie, das beigelegte Bild zu verwenden. Memmingen (Bayern) DR. R. SOENNING Die Replik des Herrn Professor Zutt auf die Verwunderung des SPIEGEL über die trotz »derart primitiver Unterbringungsverhältnisse« ihre Patienten »aufopfernd« versorgenden »wachhabenden Ärzte« ist ein im Grunde begrüßenswerter Schritt gegen die Pestilenz des Wohlstandsdenkens; etwas peinlich ist dabei nur, daß dieser Verweis von einer Position aus ergeht, die im Wohlstand mit Distanz fröhlich kulminiert. Wuppertal-Barmen HANS G. MEIERS Bei Kant blätternd, stieß ich in der »Idee zu einer allgemeinen Geschichte in weltbürgerlicher Absicht« (1784) auf eine treffliche Äußerung zum unterentwickelten Schulbau in der Bundesrepublik und sonstwo: »Obgleich unsere Weltregister zu öffentlichen Erziehungsanstalten und überhaupt zu allem, was das Weltbeste betrifft, für jetzt kein Geld übrig haben, weil alles auf den künftigen Krieg schon zum voraus verrechnet ist: so werden sie doch ihren eigenen Vorteil darin finden, die obzwar schwachen und langsamen eigenen Bemühungen ihres Volkes in diesem Stück wenigstens nicht zu hindern.« Düsseldorf-Urdenbach WEND FISCHER Wir scheinen nicht das einzige unterentwickelte Land unter den Industrienationen zu sein. Ich zitiere Vance Packards »Die große Verschwendung"": »Im Jahre 1960 fehlten in den USA eine Viertelmillion Klassenzimmer, und in Anbetracht der steigenden Neuzugänge mußte binnen fünf Jahren ein Mindestbedarf von wenigstens einer weiteren Viertelmillion entstehen"
"80","0.72727170586586","0.72727170586586","0.5","Score: 5.0/10 - Der Brief diskutiert den Sozialismus und die Konsumentenideologie, erwähnt aber keine technologischen Entwicklungen. Die Kritik an der »Konsumentenideologie« als falschem Bewusstsein ist sozialphilosophisch, ohne Bezug zu Automatisierung oder Computerisierung. Die Erwähnung von Marx und der »industriellen Reservearmee« ist theoretisch, aber nicht an konkrete technologische Veränderungen in der Arbeitswelt gebunden. Es gibt keine expliziten oder impliziten Aussagen über technologischen Wandel.","Briefe","1964-12-01","https://www.spiegel.de/politik/vorbestellt-a-a6656cc3-0002-0001-0000-000046176162?context=issue",". Marburg DR. K. H. TJADEN Es ist immer wieder bezeichnend, wie Arbeitnehmern Wohlstand in gönnerhafter Weise von denjenigen Kreisen attestiert wird, die der Menge Sand in die Augen streuen möchten, um ihr dann desto ungestörter das Fell über die Ohren ziehen zu können. Genau jenes Gerede vom Maurer im VW gibt dem Ideologiebegriff des alten Marx auch noch nach 100 Jahren recht: Konsumentenideologie als falsches Bewußtsein wird wie ein Schleier über verbesserungsbedürftige Zustände gebreitet. Darmstadt HEINRICH W. LOEWE Schade, daß Sie zum Thema Sozialismus einen Ignoranten schreiben ließen. Wohlstand ist kein Argument gegen Marx. Die Herrschaft des Kapitals zeitigt heute andere Erscheinungsformen als vor 100 Jahren. Bremen HEINRICH HANNOVER In einer vom Grundtenor des Berichts recht abweichenden Wertung - daß Sozialismus eine Sache des vergangenen Jahrhunderts sei - hat Alfred Weber, ein von den Geschehnissen in Deutschland erschütterter liberaler Wissenschaftler, 1946 gesagt: »Das Deutschland der Zukunft wird sozialistisch sein, oder es wird nicht sein.« Wie der Sozialismus des 20. Jahrhunderts aussehen könnte, geht, wenigstens andeutungsweise, aus den wenigen Sätzen Abendroths hervor. Wie die bundesrepublikanische Gegenwart ohne demokratisch-sozialistische Bemühungen aussieht, wird in der gleichen SPIEGEL-Nummer in »Bonn in der Krise« deutlich. Frankfurt DR. HELGA EINSELE Abendroth"
"81","0.7231711745262146","0.7231711745262146","0.5","Score: 5.0/10 - Der Text behandelt politische Unruhen, die Studentenbewegung und Kritik an der etablierten Politik, insbesondere an der Führungselite. Es werden Themen wie Obrigkeitsstaat, Repression, Bürokratie und die Unfähigkeit der Politik zur Selbstkritik angesprochen. Obwohl die Kritik an der 'Obrigkeit' und an der 'bürgerlichen Gesellschaft' existiert, wird kein Bezug zur Computerisierung oder Automatisierung hergestellt. Die Befürchtungen beziehen sich auf politische und soziale Unterdrückung, nicht auf technologische Veränderungen. Es gibt keine konkreten Aussagen über technologische Entwicklung oder deren Auswirkungen auf Arbeitsplätze oder Alltag. Der Text ist daher nur indirekt relevant und zeigt keine erkennbare Verbindung zur Forschungsfrage.","Briefe","1968-05-05","https://www.spiegel.de/politik/ostern-1968-a-7a42f41f-0002-0001-0000-000046039855?context=issue","(Nr. 17 und 18/1968, Studenten) »Ich bekenne mich tief überzeugt, daß das deutsche Volk die politische Demokratie niemals wird lieben können aus dem einfachen Grunde, weil es die Politik selbst nicht lieben kann, und daß der vielverschrieene Obrigkeitsstaat die dem deutschen Volk angemessene, zukömmliche und von ihm im Grunde gewollte Staatsform ist.« Diesen Worten Thomas Manns, gesprochen zur Zeit der Weimarer Republik, ist nichts hinzuzufügen. Oberhausen (Nrdrh.-Westf.) REINHARD SEELIGER Die Hoffnung, daß die Geschehnisse von Ostern wenigstens etwas Bewegung in die bundesrepublikanische Politik bringen, ist gering. Wer Kiesingers patriarchalisch-strafendes Wort zum Sonntag und Schmidt-Schnauzes selbstgefälliges und arrogantes Gebaren (im »Bericht aus Bonn"") gesehen, wer die offiziellen Gutheißungen eines sadistisch-brutalen Polizei-Einsatzes vernommen, kann von Bonns »höheren Verwaltungsbeamten« nichts erwarten, am allerwenigsten Selbsterkenntnis oder gar Selbstkritik. Freiburg (Bad.-Württ.) KLAUS SCHMIDT cand. rer. Pol. Deprimierend ist immer wieder die bornierte und widerliche Überheblichkeit, mit der die meisten Parteipolitiker nach der Oster-»Rebellion« zu den Vorgängen in der Gesellschaft Stellung nahmen. Von wenigen Ansätzen zur Selbstbesinnung und Selbstkritik (Heinemann!) abgesehen, tritt man, nicht nach den Ursachen fragend, sondern die Symptome der Unruhen bekämpfend, weiterhin für eine »Knüpppel-aus-dem-Sack«-Politik ein. Hochstadt (Hessen) HELMUT SCHMIDT stud. rer. pol. Es wird keine Ruhe geben in Deutschland, bis nicht die Auschwitzgeneration der Lübkes, Gerstenmaiers und Kiesingers samt der sich ihnen anbiedernden Hofschranzen der Barzels und Schützen sich auf ihr pensionsgesichertes Altenteil zurückgezogen und den kühlen, intelligenten und modernen Managertypen Platz gemacht haben, die in der Industrie längst die Ruder in die Hand genommen haben. z. Z. London HENRI LEBON Das Wort des Berliner Regierenden Bürgermeisters: »Seht euch diese Typen genau an«, fällt auf das von ihm repräsentierte Establishment zurück. Ein Blick in die Gesichter unserer Führung, neben, welcher rein optisch die Vertreter des SDS wie olympische Götter erscheinen müssen, lehrt, wes Geistes Kind diese Herrschaften sind. Man kann nur jedem empfehlen, sich »diese Typen genau anzugucken«, um zu verstehen, warum Deutschland so tief in der Scheiße steckt. Remagen (Rhl.-Pf.) GERWIN MINRATH stud. phil"
"82","0.7202507257461548","0.7202507257461548","0.5","Score: 5.0/10 - Der Text diskutiert die Hochtechnisierung in der Landwirtschaft, insbesondere die hohen Kosten für Reparaturen und Spezialisten. Es wird erwähnt, dass hochtechnisierte Betriebe anfällig für Störungen sind und dass die Reparaturkosten die eingesparten Löhne übersteigen. Dies impliziert eine Befürchtung vor technologischem Wandel und dessen wirtschaftlichen Risiken. Allerdings wird kein direkter Bezug zur Computerisierung oder Automatisierung hergestellt. Die Kritik bezieht sich auf die wirtschaftliche Unrentabilität von Hochtechnologie, nicht auf digitale Systeme. Es gibt keine konkreten Aussagen über Computer, Datenverarbeitung oder Arbeitsplatzverluste durch Automatisierung. Der Text ist technisch beschreibend und zeigt nur indirekte Relevanz für die Forschungsfrage.","Briefe","1963-12-10","https://www.spiegel.de/politik/ernte-63-a-5799e68e-0002-0001-0000-000046172980?context=issue",". Diese Betriebe sind herrlich anzusehen, sie haben aber leider zwei Nachteile, die ein Besichtiger ohne Kenntnisse nicht sehen kann: - Sie benötigen sehr viel Kapital, und da sich Geld bekanntlich in der Landwirtschaft am wenigsten verzinst - dank der »hohen Preise« -, gibt es nur sehr selten Leute, die ihr Kapital statt in der Industrie in der Landwirtschaft arbeiten lassen. - Hochtechnisierte Betriebe sind äußerst anfällig gegen Störungen. Das Reparaturkonto, das sich hauptsächlich aus sehr hohen Spezialistenlöhnen zusammensetzt, übersteigt in solchen Betrieben das eingesparte Lohnkonto um ein Vielfaches. Bei hochintensiven Veredelungsbetrieben sind die erhöhten Tierarztkosten ein weiterer, sehr beachtlicher zusätzlicher Unkostenfaktor geworden. Amerang KRAFFT FRHR. V. CRAILSHEIM Vor rund 70 Jahren schrieb Gerhart Hauptmann das Schauspiel »Die Weber«. Vielleicht schreibt in rund 70 Jahren vorausgesetzt, daß dann die Menschheit dafür noch aufnahmebereit und -fähig ist - jemand ein Schauspiel »Die Bauern«. Fulda FRITZ KATTIOFSKY Die einen werden sagen: Geht zu Mintrop und seht, wie man's macht, und die andern: da Kollektivierung, hier Konzentration. Der Geist der römischen Väter aber flüstert: So ein göttlicher Politiker waltet, der Depression und kleinlich Mißertrag verbannet von Erden, dann gehet hin, zu bauen Kutels, Schweinetels und auch Kartoffeltels. Und türmet die Gewinne, auf daß die EWG stark werde. So es Ihn aber nicht gibt, haltet euch Hühner, Ochs und auch das Korn. Das Volk wird's euch lohnen. Hamburg GERHARD BORKIET Deutsche Zeitung Hindernis Landwirtschaft: »Seid doch vernünftig - wir sind termingebunden!« Landwirtschaftstitel Bölken"
"83","0.7198326289653778","0.7198326289653778","0.5","Score: 5.0/10 - Der Text kritisiert die Soziale Marktwirtschaft und die Rolle der Arbeitgeberverbände, insbesondere im Kontext der Wirtschaftsentwicklung. Es werden Befürchtungen über soziale Ungerechtigkeit und die Verzerrung der Sozialpolitik geäußert. Allerdings wird kein Bezug zur Computerisierung, Automatisierung oder technologischem Wandel hergestellt. Die Kritik bezieht sich auf wirtschaftliche und politische Strukturen, nicht auf technologische Veränderungen. Es gibt keine konkreten Aussagen über technologische Entwicklung oder deren Auswirkungen auf Arbeitsplätze oder Alltag. Der Text ist rein wirtschaftspolitisch und zeigt nur indirekte Relevanz für die Forschungsfrage.","Briefe","1965-06-08","https://www.spiegel.de/politik/soll-und-haben-a-70a5dbe6-0002-0001-0000-000046272915?context=issue",". Wissen Sie, was erfahrene Kommunisten in Mitteldeutschland sich privat ins Ohr flüstern? Sie sagen: Wir sind baß erstaunt, wie in der freien Wirtschaft der Bundesrepublik der Lebensstandard bei einem Minimum an sozialer Auseinandersetzung steigt und das Beschäftigungsproblem gelöst wird. So die Kommunisten, Herr Hochhuth. Die SED weiß von der Schrittmacherrolle der Arbeitgeberverbände offenkundig nichts. Vieles ist reform- und verbesserungsbedürftig in der Bundesrepublik, auch in der geistigen Aussage mancher Intellektueller. Ganz gewiß. Die Arbeitgeber bestreiten das keinen Augenblick. Aber es ist abgrundtief reaktionär, Herr Hochhuth, Fortschritt und unternehmerische Leistung in der Form zu leugnen, wie Sie es tun. Düsseldorf DR. WERNER MÜHLBRADT Presseabteilung der Bundesvereinigung der Deutschen Arbeitgeberverbände Selten habe ich einen so unkonstruktiven Beitrag zu unserer sozialen Situation wie den Hochhuths gelesen. Wenn er wenigstens - wie es den Tatsachen entsprechen würde - geschrieben hätte: Wir haben noch viele Mängel, weil wir die Soziale Marktwirtschaft bisher nicht konsequent verwirklicht haben: sondern uns immer wieder unsoziale Verstöße gegen die Grundsätze dieser Ordnung leisten. Statt dessen versperrt er sich den Blick für die wirklichen Probleme durch ressentimentgeladene generalisierende Urteile über das politische Verhalten von Unternehmern was genauso falsch ist, wie wenn man alle Publizisten nach Hochhuth beurteilen wollte. So stößt er natürlich nicht zur Sache vor. Gewiß gibt es noch Notstände - weil unsere Sozialpolitik weniger den wirklich Bedürftigen hilft als wahlwirksam möglichst breite Kreise begünstigt und dabei auch die private Lebensversicherung schlechter aufgewertet hat als die soziale Rentenversicherung. Gewiß war auch der .Lastenausgleich nicht zutreffend angelegt - die Währungsreform aber war völlig richtig und war lediglich ein Reflex des realen Vermögensverlustes, den wir Hitler, nicht Erhard zu danken haben (der gerade durch Ablehnung linkssozialistischer Forderungen schon mehr für die Arbeitnehmer und die Armen getan hat, als Hochhuth in seiner Verzerrung zu sehen vermag). Heidelberg WOLFGANG FRICKHÖFFER Vorsitzender der Aktionsgemeinschaft Soziale Marktwirtschaft e.V. Die vielen Beteuerungen von sozialer Gerechtigkeit und klassenloser Gesellschaft sind doch nur bewußte Irreführungen und Ablenkungsmanöver von der bösen Wirklichkeit. Stuttgart DR. WILHELM SCHULZE Wenn man auch einen Artikel wie den von Rolf Hochhuth in unserer »Gesellschaft der Angepaßten« nur begrüßen kann, so gilt doch auch für ihn, was Friedrich Hebbel einmal vom Philister gesagt hat, er habe meist recht, nur nicht in den Gründen. Seine Ausführungen sind voll von Halbwahrheiten und Widersprüchen. Nur einige seien angeführt: 1. Sicherlich ist es richtig, daß zu wenig für die Beseitigung der Elendsquartiere getan worden ist"
"84","0.7193745970726013","0.7193745970726013","0.5","Score: 5.0/10 - Der Text thematisiert die politische und wirtschaftliche Zusammenarbeit westdeutscher Industrie-Direktoren mit dem DDR-Diktator Ulbricht und kritisiert diese als Verrat an der Freiheit und an den Menschen im Osten. Obwohl der technologische Wandel oder die Automatisierung nicht direkt erwähnt werden, wird die industrielle Entwicklung in der Bundesrepublik indirekt angesprochen – insbesondere durch die Kritik an der 'Handelspolitik' und der 'Geschäfte' mit dem Osten. Die Befürchtung, dass wirtschaftliche Interessen die politischen Prinzipien untergraben, zeigt eine gesellschaftliche Angst vor der Verflechtung von Wirtschaft und Macht, aber keine explizite oder implizite Diskussion über Computerisierung oder Automatisierung. Daher wird der Text mit 5/10 bewertet: erwähnt Technologie/Wandel, aber primär deskriptiv und ohne gesellschaftliche Dimension bezüglich Automatisierung.","Briefe","1960-04-12","https://www.spiegel.de/politik/duett-in-leipzig-a-84821b79-0002-0001-0000-000043065369?context=issue","Wenn die Herren von der Ruhr sich so gern mit Herrn Ulbricht unterhalten, so sollten sie sich um einen Posten im Stahlwerk Fürstenberg bemühen. Aber die Vorteile unseres Staates genießen und ihn dann verraten, ist nicht fair. Die Herren wissen doch, daß, die Ostzone vom Abschaum der Menschheit regiert wird, der die Menschen drüben täglich um alles Gute, Schöne und Edle betrügt und belügt. Sind die Geschäfte so wertvoll, daß man diesen Verbrechern nach dem Munde reden muß? Mannheim-Neckarau ROSEMARIE SCHULZE Wenn die Leute in Bonn erkennen würden, daß sie einem Händler-Staat vorstehen, wären sie nicht mehr so schnell mit Schimpfworten für die Manager bei der Hand, die sich mit Ulbricht in ein trautes Gespräch einlassen. Unser Volk bejaht ein politisches Prinzip eben nur so lange, wie es gute Geschäfte garantiert. Die Courtoisie, mit der die Krupp-Direktoren den DDR-Diktator behandelten, mag den Generalstabschefs des Kalten Krieges inopportun erscheinen - handelspolitisch war es sinnvoll. Und wenn die Konjunktur sich einmal wenden sollte, wird in den Schlangen vor den Türen des mitteldeutschen Außenhandelsministeriums auch DP-Schneider aus Bremerhaven zu finden sein. Köln HEINZ BAHL Wir haben wahrhaftig keinen Grund, unseren mitteldeutschen Landsleuten, die in dieser Zeit eine unvorstellbare. Terrorwelle über sich ergehen lassen müssen, in den Rücken zu fallen. Das Gespräch westdeutscher Industrie-Direktoren mit dem SED-Vogt Ulbricht ist, in der Tat eine äußerst gemeine und verantwortungslose Aktion. In dieser Hinsicht ist den-Industrie-Direktoren Manning, Hundhausen und Konsorten sogar Verrat an den Deutschen jenseits der Zonengrenze und an der Freiheit überhaupt vorzuwerfen. Berlin-Wilmersdorf ERDMANN WEYRAUCH Bei der Lektüre Ihres Artikels »Den Teufel begrüßt« ging mir der Hut hoch. Wenn man tagtäglich erlebt, wie der Speck des Wirtschaftswunders aus zukünftigen deutschen Eliteohren quillt und wie sogenannte Bekenner versuchen, die akademische Jugend in die uralten Bahnen traditionsschweren deutschen Denkens zu lenken, wundert man sich allerdings nicht über die politischen Seitensprünge westdeutscher Konzern-Akademiker. Herr Prof. Dr. Rundhausen hat auf der Leipziger Messe ein Musterbeispiel politischer Naivität deutsch-akademischer Titelträger geliefert. Reutlingen FRITZ SCHNEIDER"
"85","0.7184620499610901","0.7184620499610901","0.5","Score: 5.0/10 - Der Text diskutiert die Freizeitgesellschaft und kritisiert die 'totalen Selbstentfremdung des Menschen in der neokapitalistischen Industriegesellschaft'. Die Kritik an der 'unmenschlichen Verhältnisse' und der 'Phänomenologie der Freizeit' deutet auf gesellschaftliche Veränderungen durch industrielle Entwicklung hin. Allerdings wird kein konkretes technologisches Instrument wie Computer oder Automatisierung genannt. Die Befürchtung, dass Menschen durch die Gesellschaft entfremdet werden, ist allgemein und nicht spezifisch auf Technologie bezogen. Die Diskussion ist eher philosophisch und sozialkritisch, ohne konkrete Aussagen über Arbeitsplatzverlust, Effizienz oder technologische Innovation. Daher 5/10: erwähnt technologischen Wandel indirekt, aber primär deskriptiv und ohne gesellschaftliche Dimension bezüglich Automatisierung.","Briefe","1964-09-22","https://www.spiegel.de/politik/zeitvertreib-a-5665a439-0002-0001-0000-000046175431?context=issue",". Ein guter Artikel? Zunächst ja. Doch ich meine, näher betrachtet kaum. Wo findet man hinter diesem Wirrwarr von Informationen und Zitaten den Versuch, das Wesentliche hervorzuheben und die Ursachen etwas tiefer, nämlich im Wandel der sozialen, gesellschaftlichen und religiösen Struktur unserer Zeit zu finden? München HANS-WALTER BERNSAU Die Phänomenologie der Freizeit und die Beschreibung der totalen Selbstentfremdung des Menschen in der neokapitalistischen Industriegesellschaft ist Ihnen tatsächlich sehr gut gelungen. Es ist aber bezeichnend für den SPIEGEL, daß Sie es bei diesen Beobachtungen bewenden ließen und nicht weiter nach den Gründen dieser unmenschlichen Verhältnisse fragten. Freiburg WOLF-DIETER GUDOPP Geschickt ausgewertete, teilweise amüsant kandierte, aber auch manchmal nachdenklich stimmende Freizeit-Statistik, gehalten in oft aufdringlichem Bußpredigerton, der freilich mehr erheiternd als moralisierend wirkt. Was soll's? Bad Oeynhausen HERBERT SCHMIDT Objektivität ist nicht des Deutschen Sache. Sie sind ein echter Deutscher. Reutlingen HARALD STURM »Mitarbeiterbrief« des Deutschen Industrieinstituts Sozialer Fortschritt Freizeit-Titel"
"86","0.718161016702652","0.718161016702652","0.5","Score: 5.0/10 - Der Text diskutiert die Beziehungen zwischen Bonn und Ulbricht, die als 'Freund und Helfer' dargestellt werden. Die Kritik an der 'Dekadenz' und 'Oberflächlichkeit' des Westens im Osten wird thematisiert. Obwohl die industrielle Entwicklung und Wirtschaftswunder angesprochen werden, wird kein technologischer Wandel wie Computerisierung oder Automatisierung erwähnt. Die Befürchtung, dass der Westen durch wirtschaftliche Verhandlungen mit der DDR 'entmenschlicht' wird, ist politisch und moralisch motiviert, aber nicht technologiebezogen. Es gibt keine Aussage über Arbeitsplätze, Effizienz oder technologische Innovation. Daher 5/10: erwähnt Wandel, aber primär politisch und ohne gesellschaftliche Dimension bezüglich Technologie.","Briefe","1964-10-27","https://www.spiegel.de/politik/vergleichsloesung-a-df6d3da6-0002-0001-0000-000046175822?context=issue",". Ein Menschenantlitz durch Photomontage so zu entwürdigen, ist niederträchtig. Ob Ulbricht oder Hitler - beide sind Deutsche. Ich möchte Ihnen nur sagen: Schämen Sie sich. Linz (Österreich) JOSEF LUCKENEDER Die Thesen Benders klingen bestechend. Wer würde es nicht begrüßen, wenn sich durch eine echte Liberalisierung und Humanisierung des Zonenregimes eine wirkliche Entspannung und allmähliche Annäherung zwischen Ost und Weht erreichen ließe? Aber leider spricht die geschichtliche Erfahrung gegen die reichlich kühne Annahme, daß sich ein totalitäres System durch wohlwollende Behandlung, wirtschaftliche Unterstützung und politische Anerkennung grundlegend wandeln läßt. Eher ist das Gegenteil der Fall: Seit zwanzig Jahren hofft der Westen auf eine solche Wandlung, seit zwanzig Jahren ist er verhandlungsbereit und begrüßt jedes Anzeichen einer sogenannten Liberalisierung im Ostblock in der Erwartung, daß sich damit auch die außenpolitische Haltung Moskaus, und seiner Satelliten humanisieren werde. Aber immer wieder folgte auf solche Hoffnungen eine schwere Enttäuschung. Frankfurt WILLI SCHICKLING Ich meine, Herr Bender geht doch von einem wesentlichen Irrtum aus: Die Mentalität der Deutschen und selbstverständlich auch die der Mitteldeutschen Ist nicht die Mentalität der Polen oder Ungarn. Und deshalb wird seine Rechnung nicht aufgehen. Herr Bender sollte es vermeiden, die Bevölkerung Ost -Berlins oder der SBZ zu besuchen. Er würde sich dort wohl nur an die weitgehendst gleichgesinnten SED-Beauftragten wenden dürfen. Ich fürchte, ansonsten wird er feststellen müssen, daß ihn der Mann auf der Straße drüben nicht versteht, und statt »der Flucht in die Kooperation mit der Bevölkerung« wird ihm möglicherweise eine Flucht nach der Po-Operation durch die Bevölkerung beschieden sein. Frankfurt OTTFRED MASCHKE In dem betreffenden Artikel wird erklärt, daß das umlaufende Gerücht, Ulbricht sei 1919 in Leipzig ein Zuhälter gewesen, eine Legende sei. Dies dürfte nicht zutreffen, da er seinerzeit in Leipzig im »Naundörfchen« als Mitgründer der Leipziger KPD ein Lokal innehatte, das nicht nur als Treffpunkt der Kommunisten, sondern auch als »stundenweises Absteigequartier« der in dieser Gasse beheimateten Prostituierten allgemein bekannt war. Essen PAUL WIENOLD Mit der Serie »Bonn - Ulbrichts Freund und Helfer?« hat Ihre Redaktion wieder einmal einen sehr glücklichen Griff gemacht. Dadurch können die aufschlußreichen und interessanten Analysen Peter Benders von hunderttausenden Menschen gelesen werden. Daß man im Osten nicht mehr vom »Goldenen Westen«, sondern vielmehr von der »Dekadenz«, der »Morbidität«, der »Oberflächlichkeit«, der Leere und menschlichen Verarmung in der »kapitalistischen« Welt spricht, sollte man sich hier zu Herzen nehmen. Ulrum (Holland) D.H. WESTERHUIS Da ich in diesem Herbst einige Wochen in Dresden verbracht habe, möchte ich Ihnen für diese ausgezeichnete Serie danken"
"87","0.7178401350975037","0.7178401350975037","0.5","Score: 5.0/10 - Der Text diskutiert die politische Unruhe und die Ideologie von Rudi Dutschke, die als 'Revolution' oder 'Umwälzung der Gesellschaft' beschrieben wird. Die Kritik an der 'intellektuellen Unzufriedenheit' und der 'Resignation' zeigt eine gesellschaftliche Spannung, aber keine Bezugnahme auf technologischen Wandel. Die Befürchtung, dass die Revolution nicht durchführbar sei, ist politisch und nicht technologisch motiviert. Es gibt keine Aussage über Arbeitsplätze, Automatisierung oder Computerisierung. Die Diskussion ist eher ideologisch und sozialkritisch. Daher 5/10: erwähnt gesellschaftlichen Wandel, aber primär politisch und ohne gesellschaftliche Dimension bezüglich Technologie.","Briefe","1967-08-13","https://www.spiegel.de/politik/abc-schuetzen-a-9a8c25fd-0002-0001-0000-000046351630?context=issue",". »Evolution« nicht Revolution. z. Z. Heyst (Belgien) WILHELM SEIDEL O weh, o weh, erst von Thadden und nun Dutschke -- für mich haben Sie die gleiche Wirkung: Mein Magengeschwür brennt mehr als sonst. Kaarst (Nrdrh.-Westf.) JÜRGEN R. KETTLER Als Dutschke neulich in Heidelberg dozierte, waren sie in Massen gekommen, um sich von der Brillanz Dutschkescher Ideologiewörter-Eloquenz beeindrucken zu lassen. Wie sich die Worte doch so soziologisch-gelehrt setzen lassen, raunten die Damen und dachten bei sich, wenn meiner doch nur so reden könnte! Die Kommilitonen erkannten nunmehr ihre gesellschaftliche Aufgabe, Tausende waren für die Idee einer neuen Gesellschaft dazugewonnen. Tags drauf begegneten sie fassungslos den zu verändernden Verhältnissen, denn Dutschke hatte vergessen, ihnen zu sagen, was denn eigentlich zu tun sei. Daß die Diskussion über Umwälzung der Gesellschaft nicht lange wachgehalten werden wird, werden nicht die sogenannten etablierten Kräfte verhindern, sondern die Fähigkeit der Menschen, unter anderem auch immer dann zu ermüden, wenn Monotonien und Stereotypien auf sie einwirken; deswegen wird Herr Dutschke nicht mehr lange mit Erfolg die Umwälzung der Gesellschaft predigen. Heidelberg (Bad.-Württ.) GERHARD RUDNITZKI Es ist ja leicht, jedem Versuch, die bestehenden Verhältnisse zu ändern, seine Aussichtslosigkeit vorzuhalten. Gerade Sie, Herr Augstein, als Herausgeber des SPIEGEL, als eine der wenigen gewichtigen Stimmen der Opposition mit einiger Breitenwirkung, hätten damit Ihren eigenen Absichten (dem »tödlichen Bonner Zyklus« zu entrinnen) und der Sache besser gedient. Denn diese intellektuelle, allgemeine Unzufriedenheit, nahe bei der Resignation -- das ist doch längst ein gutes Möbelstück in der bundesrepublikanischen Puppenstube geworden! Sie nehmen leider die typische väterliche Haltung ein, die da sagt: »Erst zeigt uns mal was Konkretes vor, dann sind wir natürlich dabei!« Und die dabei denkt (oder wie Sie: vorher beweist), daß es dies Konkrete ja doch nicht gibt. Berlin REINHARD RUMMEL Cand. phil. Augstein beweist über mehrere Spalten die Unmöglichkeit einer Revolution zu dieser Zeit in Deutschland, eine Schlußfolgerung, der alle modernen Revolutionstheoretiker zustimmen würden, aber er fragt nicht, ob sie überhaupt wünschenswert sei. Dabei zeigen doch alle seit 50 Jahren um uns herum passierten Revolutionen von unten, von oben oder von außen eines deutlich: Sie produzieren wohl viel Leid und materielle Verluste, ändern aber im Grunde nichts. Nach einer Periode der Unsicherheit, in der sich niemand wohlfühlt, etabliert sich wiederum eine herrschende Schicht, von der vorhergehenden nur dadurch unterschieden, daß ihr das gewachsene Selbstbewußtsein fehlt und sie daher einen unberechenbaren Hang zum Selbstbeweis auf Kosten der Schwächeren hat. Essen DR.-ING"
"88","0.7177261710166931","0.7177261710166931","0.5","Score: 5.0/10 - Der Text kritisiert das Ford-Projekt in Koblenz und die Auswirkungen auf die mittelständische Wirtschaft. Die Befürchtung, dass kleine Betriebe durch Großunternehmen verdrängt werden, zeigt eine Angst vor wirtschaftlicher Konzentration. Die Diskussion über Arbeitskräfte, Qualitätsverlust und Wirtschaftsstruktur deutet auf industrielle Veränderungen hin, aber keine explizite Thematisierung von Automatisierung oder Computerisierung. Die Kritik ist eher wirtschaftspolitisch und nicht technologiebezogen. Daher 5/10: erwähnt technologischen Wandel indirekt, aber primär deskriptiv und ohne gesellschaftliche Dimension bezüglich Automatisierung.","Briefe","1960-08-09","https://www.spiegel.de/politik/furcht-vorm-ford-schritt-a-e0d4de65-0002-0001-0000-000043066431?context=issue","Aktionen, wie Sie sie in Ihrem Bericht über das Scheitern des Koblenzer Ford -Projektes schildern, sind in den Orten an der Tagesordnung, wo lohnintensive Betriebe vorhanden sind. Diese beobachten mit Argusaugen jede wohlgemeinte Entwicklungspolitik von Kommunalbehörden, die auswärtige Betriebe ansiedeln oder durch andere Maßnahmen neue Arbeitsplätze bereitstellen wollen. Nastätten (Taunus) HEINZ HERFELDT Die Bedenken des rheinland-pfälzischen Unternehmerverbandes gegen den Bau einer Ford-Fabrik in Koblenz bestehen zu Recht. Es geht ja nicht so sehr um die Gewinne der größeren einheimischen Firmen, vielmehr sind kleine und mittlere Betriebe in Gefahr. Diese würden ihre besten Angestellten und Arbeiter an das neue Großunternehmen verlieren. Das Ergebnis liegt angesichts des Arbeitskräftemangels auf der Hand: Nach kurzer Zeit schon wird die Qualität der Erzeugnisse geringer, die von mittelständischen Betrieben ausgestoßen werden. Sie werden konkurrenzunfähig. Die Wirtschaftsstruktur verändert sich - nicht gerade zum Guten. Und nur, weil ein Großunternehmen eine egoistische Erweiterungs- und Standortpolitik betreibt. Mainz ERICH ROBLACH Die Ford-Werke können es mit ihrem Koblenzer Projekt nicht sonderlich ernst gemeint haben. Schließlich hätten sie sich ja selbst um das notwendige Gelände kümmern können. Von den Arbeitern verlangt man Beteiligung an den Krankheitskosten; die Mammutunternehmen aber fordern vom Staat, daß er für sie das Feld frei macht und ihnen die Bälle zuspielt. Freiburg (Breisgau) OSKAR MUCHER"
"89","0.7172067761421204","0.7172067761421204","0.5","Score: 5.0/10 - Der Text diskutiert die wirtschaftliche Lage der Arbeitnehmer und die Forderungen nach Gewinnbeteiligung. Die Kritik an der 'seelischen Notlage' der Arbeitgeber und die Befürchtung, dass sie nicht mehr wissen, wer ihre Feinde sind, zeigt eine gesellschaftliche Spannung. Die Diskussion über Gewinne, Dividenden und soziale Forderungen ist wirtschaftlich, aber nicht technologiebezogen. Es gibt keine Aussage über Computerisierung, Automatisierung oder Arbeitsplatzverlust durch Technologie. Daher 5/10: erwähnt Wandel, aber primär wirtschaftlich und ohne gesellschaftliche Dimension bezüglich Technologie.","Briefe","1960-08-02","https://www.spiegel.de/politik/wahlfang-a-869ac9fd-0002-0001-0000-000043066375?context=issue","Wenn ich - ein munterer Maschinenbauer - mal wieder den Arbeitgeber wechseln sollte, werde ich mir bei den Verhandlungen natürlich auch die Bilanz und die letzte Umsatzstatistik sowie exakte Angaben über die Gewinnspanne und die Prognosen der Absatzforscher vorlegen lassen. Schließlich muß ich ja sicher sein, daß mein Brötchengeber am Ende des Jahres in der Lage ist, den Höchstsatz von 312 Mark Arbeiter-Dividende auf den Tisch zu blättern, den Katzers Gesetzentwurf vorsieht. Essen HEINZ MAKOWSKI Auf der einen Seite mahnt man in großväterlicher Manier den Arbeitnehmer, bei seinen sozialen Forderungen Bescheidenheit zu üben, hackt man im Inquisitoren-Ton auf den Gewerkschaften herum - und dann zieht die Regierungspartei kurz vor der Wahl einen Plan aus der Schublade, der dem Metall-Brenner gut anstehen würde. Lüneburg HANNS VERKA Wie kann man die Herren Arbeitgeber in solche seelische Notlage stürzen? Wie sollen sie nun noch wissen, in welchem Lager ihre Feinde stehen? Die bisher übliche Exerzier-Stellung »Die Augen links« scheint nicht mehr auszureichen. Bochum SABINE KAPITULSKI"
"90","0.7159556150436401","0.7159556150436401","0.5","Score: 5.0/10 - Der Text kritisiert die Freizeitgesellschaft und die 'Freizeitgestaltung' als Ausdruck von Entfremdung. Die Befürchtung, dass die Freizeit zur Konsumzeit geworden sei, zeigt eine gesellschaftliche Sorge vor Verlust der menschlichen Werte. Allerdings wird kein technologischer Wandel wie Computerisierung oder Automatisierung erwähnt. Die Diskussion ist eher philosophisch und sozialkritisch. Es gibt keine Aussage über Arbeitsplätze, Effizienz oder technologische Innovation. Daher 5/10: erwähnt Wandel, aber primär deskriptiv und ohne gesellschaftliche Dimension bezüglich Technologie.","Briefe","1964-09-22","https://www.spiegel.de/politik/zeitvertreib-a-5665a439-0002-0001-0000-000046175431?context=issue",". Es ist undenkbar, daß der SPIEGEL, der sich unmißverständlich zum Ziel setzt, eine geistige Elite zu bilden und anzusprechen, von der Zukunft einer Nation, ich vermeide bewußt das Wort »Nachwuchs«, in einem Stil schreibt, als handele es sich um die Züchtung von Borsten- und Federvieh. Spenge (Nrdrh.-Westf.) GÜNTER KIEL Sind Sie der Meinung, daß Artikel solcher Provenienz Ihrem Niveau als Nachrichtenmagazin zuträglich sind? Abgesehen von der allgemeinen Relativität aller sozialkritischen Studien sehe ich das vorliegende Schriebchen als unverdautes Konglomerat bisher nicht verwendbarer Nachrichten an, die, gewürzt mit populär-wissenschaftlichen Darstellungen und Zitaten, gewisse Parallelen mit diesbezüglichen Abhandlungen in Hausfrauenzeitschriften des Händlers an der Ecke aufweisen. Bielefeld RAINER BUCHTA Wahrhaftig ein gefundenes Fressen für Kulturpessimisten. Aber es geht nicht an, die »Währung Freizeitgestaltung« nur in dem Bewußtsein zu sehen, es mit einer hoffnungslos galoppierenden Inflation zu tun zu haben. Der in bekannt einseitiger Manier angelegten Darstellung sollten zur Relativierung all die gegenteiligen Zeugnisse entgegengehalten werden, die der Düsterkeit des Bildes etwas Trostlosigkeit nehmen. Berlin J. C. STRUCKMANN Das Freizeit-Problem existiert letzten Endes doch nur in den Köpfen der Kulturpessimisten, die vor lauter Fleißarbeit selbst nicht in, den Genuß der, ach, so schmerzlich vermißten Muße gelangen. Wenn sie nämlich ihre Zettelkästen mit den erschröcklichen Anzeichen freizeitlichen Abendland-Verfalls respektive »American way of life« -Verfalls mit etwas mehr Muße studieren würden, fiele ihnen vielleicht auf, wie idealtypisch und pauschal ihre Aussagen letzten Endes sind. Aber eine Generation oder gar noch länger zu warten, bis sich die ins Rutschen geratenen alten Wertsysteme neu geordnet haben - das ist wohl etwas zuviel verlangt. Glaubt der Verfasser Ihres Artikels denn tatsächlich, daß der freizeit-bastelnde Angestellte und der freizeit-schwarzarbeitende Maurer wirklich so todunglücklich sind? Es hat doch nicht jeder Mensch dieselben Faktenfilter im Gehirn wie Professor de Grazia und seine Kollegen. München JÜRGEN VOM SCHEIDT Nachdem ich Ihre wirrwarrwissenschaftliche Abhandlung über das Phänomen der »Freizeit in Deutschland« gelesen hatte, habe ich mich geärgert. Die Zeit, die ich zum Lesen des moralinsauren, oberflächlichen Berichts geopfert habe, hat mich sehr gereut in dieser Stunde hätte ich viel lieber Wigg Siegls vorzügliche Karikatur auf dem Titelblatt betrachtet. Die sagt nämlich mehr zum Thema aus als der Text. Hamburg H. NEUMANN Wenn man Ihren Artikel etwas genauer studiert, stellt man fest, in sehr geschickten Übergängen von den englischen Lords und dem Reise-Boom über die alten Griechen und Schiller, Muße -Neurosen und Spaß-Symbolen bis zur Freizeit als Konsumzeit etwas gelesen zu haben. Ein guter Artikel? Zunächst ja. Doch ich meine, näher betrachtet kaum"
"91","0.7159017324447632","0.7159017324447632","0.5","Score: 5.0/10 - Der Text vergleicht die Bundesrepublik mit Schweden und diskutiert den Sozialismus, den Wohlstand und die Lebensqualität. Die Kritik an der 'Entwurzelung des Individuums' und dem 'Kollektivismus' zeigt eine gesellschaftliche Sorge vor Verlust der Individualität. Die Befürchtung, dass der Staat alles vorkaut, deutet auf eine Angst vor übermäßiger Bürokratie und Zentralisierung. Allerdings wird kein technologischer Wandel wie Computerisierung oder Automatisierung erwähnt. Die Diskussion ist eher politisch und sozial, nicht technologisch. Daher 5/10: erwähnt Wandel, aber primär politisch und ohne gesellschaftliche Dimension bezüglich Technologie.","Briefe","1969-10-05","https://www.spiegel.de/politik/viele-schweden-a-8a234b9b-0002-0001-0000-000045520694?context=issue","(Nr. 39/1969, Schweden) Seit drei Jahren bin ich in und arbeite ich für dieses Land Schweden. Ich arbeite gern hier, weil man jungen Fachleuten eher eine Chance gibt als bei uns. Ihr Schwedenartikel ist jedoch unverantwortlich oberflächlich, man könnte meinen, er sei als Wahlhilfe für die deutschen Sozialdemokraten inszeniert. Das Land ist einwohnermäßig klein, flächenmäßig jedoch sehr groß; hier beginnt der Zwiespalt, der Sozialismus hier hat die äußeren Lebensformen ganz gut gesichert, aber zu welchem Preis? Wo ist der Mensch geblieben, Initiative gibt es selten, der Staat kaut alles vor, und der Wohlstand ist zum großen Teil geliehen. Dieses Land ist eine psychologische Studie wert, in den zwischenmenschlichen Beziehungen ein reines Entwicklungsland. Boris (Schweden) HELGE BELEE Chefdesigner Natürlich braucht nicht bezweifelt zu werden, daß es den schwedischen Sozialdemokraten wie keiner anderen Regierung gelungen ist, das Volk zum strebsamen Suchen nach neuen, besseren Horizonten zu beflügeln. Das Bruttosozialprodukt je Einwohner war 1967 in Schweden etwa 54 Prozent höher als in der BRD. Im Zusammenspiel mit der niedrigen Bevölkerungsdichte und der anspruchsvollen Technik dürften dem Land also große wirtschaftliche Ausdehnungsmöglichkeiten offenstehen sowie der jetzige Vorsprung erhalten bleiben. Es kann aber bezweifelt werden, ob sich der Motor dieses Aufschwungs in allen Lebensbereichen positiv auswirken wird. Der Motor, das sind der Kollektivismus und das unbändige Trachten, »toppen« -- die Besten an der Spitze zu sein. Die von Ihnen erwähnten Reformvorschläge zum Eherecht, beispielsweise, sind also eine logische Folge der um sich greifenden Entwurzelung des Individuums. Tyresö (Schweden) JÜRGEN T. HONIG Schweden kenne ich gut. Ich habe selbst dort eine Zeit gelebt und gearbeitet. Ich begrüße fast alles. Aber daß es uns schlechter geht, kann ich nicht gerade behaupten. Liebe hin und Liebe her, das meiste ist nur Gequatsche. Die Schwedin ist ein guter Kamerad und mir persönlich lieber als eine Deutsche. Und so frei von Tabus ist Schweden auch nicht. Es geht teilweise gerechter zu als bei uns. Ich habe zum Beispiel die volle Lohnsteuer zurückbekommen, da ich kein volles Jahr tätig war. Allmersbach (Bad.-Württ.) ECKHARD KRÖNCKE Zu Ihrem Artikel möchten wir Sie beglückwünschen. Endlich einmal ein Beitrag über dieses Land, der objektiv ist und dessen Zahlenmaterial stimmt. Das ist bei deutschen Zeitungs- und Zeitschriftenschreibern wahrlich eine Ausnahme. So können wir leider gar nichts bemäkeln. Das heißt, doch: Der Porno-Shop liegt zweifelsfrei in Dänemark und nicht in Schweden. Ätsch. Hamburg KLAUS HÜCKEL * Schaffen wir zwei, drei, viele Schweden! Bremen KARL-HEINZ KLEINE * Geschäftsführer des Deutsch-skandinavischen Vereins e. V."
"92","0.7158434987068176","0.7158434987068176","0.5","Score: 5.0/10 - Der Text diskutiert den Einmarsch der sowjetischen Armee in die Tschechoslowakei und kritisiert die Politik der Supermächte. Die Befürchtung, dass die Welt in zwei Blöcke geteilt ist, zeigt eine Angst vor geopolitischer Spannung. Die Diskussion ist politisch und ideologisch, aber nicht technologiebezogen. Es gibt keine Aussage über Computerisierung, Automatisierung oder Arbeitsplatzverlust durch Technologie. Daher 5/10: erwähnt Wandel, aber primär politisch und ohne gesellschaftliche Dimension bezüglich Technologie.","Briefe","1968-09-08","https://www.spiegel.de/politik/in-der-nacht-a-b7fc7219-0002-0001-0000-000046477721?context=issue","(Nr. 351988, Titel) Die westliche Welt scheint sich mit dem Kompromiß zwischen Moskau und Prag -- unter welchen Umständen er auch zustande gekommen sein mag -- abgefunden zu haben, sie scheint beglückt zu sein, daß es nicht schlimmer gekommen ist. Aber was ist schlimmer? Duisburg KLAUS PEPPERHOFF Mitgefühl mit der CSSR und eigene Angst übertönten leider die Stimme de Gaulles, der den wahren Grund für die Europäische Tragödie nannte: Jalta! Dort hat Amerika halb Europa an Moskau verschaukelt. Getreu diesem Abkommen standen Amerikas Soldaten an der Elbe still und überließen Prag und Berlin den Russen. 13 Milliarden Dollar gab Amerika Rußland für den Kampf gegen Hitler und Millionen deutscher Kriegsgefangener. Was kann Bonn tun? Nichts! Was kann die Uno tun? Noch weniger! Osnabrück DR. SCHOLZ Der Einmarsch der Russen in die Tschechoslowakei hat nicht nur dem Weltkommunismus, sondern auch dem Panslawismus einen schweren Schlag versetzt und die Tschechen sicherlich vom Panslawismus geheilt. Köflach (Bayern) DR. HERBERT TAX Wer sich jetzt noch hinter Büchern verschanzt, die den Antikommunismus verhöhnen und den Kommunismus verniedlichen, verkennt die entstandene Situation. Es geht hier nicht um kühle analytische Betrachtungen, die etwa von einem Rückfall in den längst überholten Stalinismus sprechen. Für ein Volk ist über Nacht der Kommunismus körperlich geworden: in der Gestalt von Panzern, Maschinengewehren und Bajonetten. Hier wiederholt sich nicht nur Geschichte, hier überschlägt sich eine Politik der Macht und der Einverleibung, welche die Geschichte des Kommunismus ist Remscheid (Nrdrh.-Westf.) KLAUS-UWE FISCHER Verbrecher, Einbrecher und Ganoven kommen meistens in der Nacht! Köln H. JAUSKY Zugegeben, der Einmarsch der kommunistischen »Brudervölker« in der Tschechoslowakei ist abscheulich. Es gibt nun aber noch etwas, das jedem anständigen Menschen das Blut zum Kopfe treibt, und das ist das widerliche Getue der Sudetendeutschen in der Bundesrepublik. Vor knapp drei Jahrzehnten hat diese Bande den anrückenden Hitlerhorden zugejubelt und die tschechischen »Untermenschen« verhöhnt und unterdrückt. Heute flennen diese Brüder um ihre »verlorene Scholle«. Es gehört doch eine gewaltige Dosis Schamlosigkeit dazu, wenn ausgerechnet diese Leute auch heute noch ihren alljährlichen Gedenktag hart an der Grenze der CSSR abhalten. Muri (Schweiz) FRANZ KOBLER Haben Sie jetzt und auch Ihre Korrespondenten in Prag das wahre Gesicht der Russen gesehen? Es wird Zeit, daß Sie umdenken, Sie waren ja immer so begeistert für die Links-Kommunarden. Hamburg H. JANSEN Zu dem Einmarsch der sowjetischen Armee und ihrer Satelliten in die CSSR erklären wir: Die Okkupation sprach deutlich die Blockteilung in der Welt aus. Der Vertrag zwischen der UdSSR und den Vereinigten Staaten zeichnet sich immer deutlicher ab. So wie die Vereinigten Staaten die CSSR verkauft haben, so verkauft die UdSSR andere Länder. Beide »Supermächte« manipulieren die Massen der Welt"
"93","0.7154817283153534","0.7154817283153534","0.5","Score: 5.0/10 - Der Text enthält eine Mischung aus Haushaltsberichten, politischen Kommentaren und einem Werbe-ähnlichen Aufruf für Deutschland als Arbeitsplatz. Die Rede von 'gut wirtschaften und sparen' und der Hinweis auf 'Betriebsklima wie in Florida' sowie 'fünf-Stunden-Tag' und '25-Wochenarbeitswoche' beziehen sich auf Arbeitsbedingungen und Arbeitszeitmodelle, die im Kontext der 1960er Jahre mit der Diskussion über technologischen Wandel und Arbeitsorganisation verbunden waren. Allerdings wird keine explizite oder implizite Thematisierung von Computerisierung oder Automatisierung vorgenommen. Die Erwähnung von 'Rechenkunststücke' und Haushaltszahlen bezieht sich auf Finanzplanung, nicht auf technologische Systeme. Obwohl die Textpassagen auf eine positive Wahrnehmung der westdeutschen Wirtschaft und Arbeitsbedingungen hindeuten, fehlt jeglicher Bezug zu technologischem Wandel, Computerisierung oder deren Auswirkungen auf Arbeitsplätze. Die Aussagen sind daher primär deskriptiv und technisch, ohne erkennbare gesellschaftliche Hoffnungen oder Ängste gegenüber Automatisierung.","Briefe","1966-09-04","https://www.spiegel.de/politik/wirtschaftslage-a-61c5c222-0002-0001-0000-000046414151?context=issue",". Berücksichtigt man diese neue Veranschlagungsart nicht, so - sinkt - das Sollvolumen des außerordentlichen Haushalts um 22,6 Prozent, der Gesamthaushalt Soll 1966 verändert sich gegenüber dem Soll 1965 nur um plus 2,3 Prozent, das Soll 1966 für den Gesamthaushalt übersteigt das Ist 1965 um 5,1 Prozent. Natürlich ergeben sich bis zum Abschluß des laufenden Haushaltsjahres noch Verschiebungen nach oben oder unten, keinesfalls aber in der vom Bundesfinanzministerium angegebenen Höhe. Hier sind einmal mehr unvergleichbare Zahlen miteinander verglichen worden. Solche Rechenkunststücke am untauglichen Objekt sind aber nicht geeignet, die sachlichen Schwierigkeiten zu beseitigen, wie sie ein konjunkturell bedingter Konsolidierungszwang heute mit sich bringt. Wiesbaden - ALBERT OSSWALD Ich halte Herrn Blessing die Daumen und werde meinen Teil zum Erfolg beitragen (viel arbeiten und gut wirtschaften und sparen). Hohenacker (Bad.-Württ) KLAUS THOMSEN Come to Germany when you are allways the Gelackmeierte when you have es nix gebracht of a green Zweig come to Western Germany we are a young team and pensionsberechtigt we have a Betriebsklima like in Florida we have the five Stundenday and the twentyfive works-week we have 115 Feierdays in the year 52 sundays and genau so much samedays we have the world best Krankenschein-System na is this nothing you are unser Mann when you can net so hard dranlangen take it easy when you are vorbestraft es max nix also let's go come to Germany only eines noch: be careful, you darfs no verwechseln western with eastern Germany Mainz HEINZ REUTHER Konjunktur-Titel Die Zeit »Ich denke Sie fahren?« Welt der Arbeit »Machen Sie sich keine Sorgen - Ich habe da ja jetzt ein ganz neues Heilmittel entdeckt!« Osswald * * Hessischer Finanzminister (SPD)."
"94","0.7374606132507324","0.7374606132507324","0.4","Score: 4.0/10 - Der Text kritisiert einen SPIEGEL-Bericht über Deutschland, nicht die Automation. Die Ängste beziehen sich auf nationale Identität, politische Kritik und mediale Darstellung, nicht auf technologischen Wandel. Es wird kein Wort über Computerisierung, Automatisierung oder technologische Entwicklung gesagt. Die Texte behandeln eher die öffentliche Wahrnehmung von Deutschland und die Rolle der Medien. Obwohl die Themen der 1960er Jahre im Hintergrund liegen, ist der Bezug zur Forschungsfrage nicht erkennbar. Daher ist die Bewertung niedrig: 4, da der Bezug nur sehr schwach und indirekt ist.","Briefe","1964-09-01","https://www.spiegel.de/politik/staatsbesuch-a-35e771cc-0002-0001-0000-000046175096?context=issue",". Diese Art »Nestbeschmutzung« ruft bereits Panikstimmung hervor. Das Gebäude der aufgeblasenen Souveränität, der lauten, farbigen Protzerei, Wohlstandsangeberei, der militärischen Fanfarenstöße gerät denn auch jedesmal ins Wanken. Bad Gandersheim (Nieders.) HANS SEEBERG Mister Birnbaum hat, wie mir scheint, und es ist verständlich in seinem Fall, eine ganz persönliche Abneigung gegen alle Deutschen, die das Pech hatten, vor 1945 halbwegs erwachsen zu sein. Logischerweise erscheint somit der ganze' Bericht recht negativ, abgesehen von einigen wohlwollenden Äußerungen über die Jugend und die für die Zukunft so hoffnungsvolle und vielversprechende Klasse der Intellektuellen. Steinhausen (Schweiz) HEDDA NEES Zum Glück sieht Mister Birnbaum ja selber ein, daß sein Bericht über die Entwicklung im Nachkriegs-Deutschland etwas einseitig ist Wem er damit allerdings die Augen öffnen will, ist mir nicht ganz klar geworden. Egal wie es gemacht wird, auszusetzen ist in jedem Fall etwas. Als junger Deutscher in Kanada habe ich es besonders stark empfunden, daß die amerikanische und kanadische Jugend in jeder Beziehung materialistischer ist als ihre Altersgenossen in Deutschland. Toronto (Kanada) R. V. TIEDEMANN Amerika und England haben erreicht, was sie wollten. Sie haben das Nationalgefühl der Deutschen getötet, den Protestantismus geschwächt und uns »veramerikanisiert«. Braunschweig A. NEUNMANN Birnbaum muß die Bundesrepublik mit einer verstellten Optik anvisiert haben. Sonst hätte es dem Soziologen nicht entgehen können, daß in den Gewerkschaften, Schulen und Hochschulen, in Jugendverbänden, Erwachsenenbildungsstätten, in den Parteien (auch in der Regierungspartei), in konfessionellen Akademien, in Redaktionsstuben und sogar bei der Bundeswehr Menschen am Werk sind, von denen man kaum spricht, weil sie keine Knüller zu verkaufen haben, weil es ihnen widerstrebt, mit einer zynischen Diktion Geld zu machen und eine Klitterung von Negativem als die ganze Wirklichkeit auszugeben. Frankfurt DR. MANFRED SCHEIB Das Gefährliche an diesen fliegenden Händlern in Sachen Deutschland ist nicht ihr rasantes Tempo (er klopft Deutschland ab wie ein eiliger Regimentsarzt einen Simulanten), nicht die apodiktische Breitwandattitüde des Endlich-alles-über-Deutschland (die fünfzeilige Auslassung von der absichtlichen Einseitigkeit ist ein Feigenblatt), nicht einmal die methodische Unsauberkeit ihrer »Analysen«. Gefährlich sind sie, weil sie im Ausland das Informationsvakuum füllen, nicht mit Informationen, sondern mit »Impressionen«. Um so schlimmer, wenn dann einige davon sachgerecht sind. Trondheim (Norwegen) PETER RICHTER »Deutschland ist kein Begriff mehr« - das hat Birnbaum sicherlich von SPIEGEL-Verehrern gehört, für die es so gut wie niemals ein »Begriff« gewesen sein dürfte. Der SPIEGEL ist ja - mit freundlicher britischer Nachhilfe - eigens als Tummelplatz dieser merkwürdigen Art von Deutschen gegründet worden"
"95","0.7237460017204285","0.7237460017204285","0.4","Score: 4.0/10 - Der Text thematisiert die wirtschaftliche und politische Trennung zwischen der Bundesrepublik und der DDR, die Wahrnehmung des 'Goldenen Westens' und die Kritik an westdeutschen Medien. Einige Briefe sprechen von Enttäuschung über die westdeutsche Demokratie und der Wahrnehmung der DDR als realistischer. Allerdings wird keine direkte Erwähnung von Computerisierung, Automatisierung oder technologischem Wandel vorgenommen. Die Befürchtungen beziehen sich auf politische und gesellschaftliche Entfremdung, nicht auf Technologie. Es gibt keine konkreten Aussagen über technologische Veränderungen in der Arbeitswelt oder im Alltag. Der Bezug zur Forschungsfrage ist daher schwach und nur indirekt über die Kritik an der westdeutschen Gesellschaft gegeben.","Briefe","1964-10-27","https://www.spiegel.de/politik/vergleichsloesung-a-df6d3da6-0002-0001-0000-000046175822?context=issue",". Ulrum (Holland) D.H. WESTERHUIS Da ich in diesem Herbst einige Wochen in Dresden verbracht habe, möchte ich Ihnen für diese ausgezeichnete Serie danken. Gerade für uns junge Menschen war es so besonders wichtig, wenn wir diesem Leben in der Sowjetzone gegenüberstanden, eigene Beobachtungen bestätigt, offenstehende Fragen erklärt zu bekommen. Da ich bereits 1961 für mehrere Wochen in Dresden weilte, war die Veränderung, die ich diesmal - hinsichtlich Westdeutschlands - innerhalb meines Bekanntenkreises feststellen mußte, für mich besonders erschütternd. Man sieht zwar den großen wirtschaftlichen Unterschied, man anerkennt auch die Bedeutung der äußeren und inneren Freiheit, dennoch sieht man in unserer bundesrepublikanischen Demokratie in der Tat nicht mehr das »Gelobte Land«, und die Mär vom »Goldenen Westen« ist ausgeträumt. Idar-Oberstein GUDRUN JORK Meine Verwandten und Freunde in der DDR haben mich überzeugt, daß die politischen Sendungen des westdeutschen Rundfunks drüben kaum noch beachtet werden. Man hält sie ebenso wie die marxistischen Sprüche der Ulbrichtianer für demagogisches Geschwätz. Köln JOSEFINE FRECHEM Wann, so fragt man sich nur, gehen endlich Massenkommunikationsmittel wie Rundfunk und Fernsehen dazu über zu differenzieren: nicht billig und bissig abzuqualifizieren, sondern verantwortungsvoll zu charakterisieren? Osnabrück JENS WENDLAND Ein Mittel zur Überwindung des deutschen Bürgerkrieges ist zum Beispiel, laut Herrn Barzel, wenn man statt DDR sogenannte DDR sagt und das auch im Schriftlichen anwendet. Auch diese Formulierungskunst des Herrn Barzel in der Panorama-Sendung gehört zu den Dingen, die drüben nur noch ein mildes Lächeln hervorrufen. Ich traue mir ein solches Urteil zu, da ich mit den Verhältnissen dort bestens vertraut bin, weil meine Verwandtschaft ausnahmslos dort wohnhaft ist. Um es auf einen Nenner zu bringen: Die hiesigen »Sonntagsredner« werden in keiner Weise ernst genommen, und zwar nicht erst seit gestern und heute, sondern schon seit geraumer Zeit. Essen SIEGFRIED SCHULT Sie setzen gewollt oder ungewollt Bonn und Ulbricht einträchtig nebeneinander. Das ist gelungen, beide Regierungen haben eins gemeinsam, sie wollten nie ernsthaft eine Wiedervereinigung oder nur unter ihren eigenen Vorzeichen. Denken Sie nur an die beiden Währungsreformen; an die Gründungen der DDR und der Bundesrepublik, an Adenauers Nato-Politik, Aufrüstung und an Ulbrichts Kollektivierung; das waren nur einige Maßnahmen der unmittelbaren Nachkriegszeit, die der leider zu früh verstorbene Dr. K. Schumacher mit Recht als Maßnahme zur Zementierung der deutschen Trennung bezeichnete"
"96","0.721549928188324","0.721549928188324","0.4","Score: 4.0/10 - Der Text diskutiert die politische und gesellschaftliche Lage in der Bundesrepublik, insbesondere die Macht der Bürokratie, die Untertanenmentalität und die Gefahr einer Diktatur. Es werden Befürchtungen über die Unterdrückung der Freiheit und die Macht der Obrigkeit geäußert. Allerdings wird keine Erwähnung von Computerisierung, Automatisierung oder technologischem Wandel vorgenommen. Die Ängste beziehen sich auf politische und ideologische Unterdrückung, nicht auf technologische Veränderungen. Es gibt keine Hinweise auf technologische Hoffnungen oder Ängste. Der Text ist rein politisch und sozial, ohne gesellschaftliche Dimensionen des technologischen Wandels. Der Bezug zur Forschungsfrage ist daher schwach.","Briefe","1966-05-08","https://www.spiegel.de/politik/staatsexamen-a-c31f244d-0002-0001-0000-000046407117?context=issue",". Voraussichtlich wird die Masse unseres Volkes in die Notstandsdiktatur genauso hineintaumeln, wie in alle vorhergegangenen. Presse, Rundfunk, Justiz, Schule und Kirche werden weithin mithelfen, daß alles brav und der »Obrigkeit« ergeben vor sich geht. Wer zur Freiheit und zur Mündigkeit ruft, hat nichts zu lachen. Wohl brennen keine Scheiterhaufen und Gaskammern heute, aber an einigen Haustüren hat es bereits gebrannt. Die Feuerleger sind also unter uns. Was wir endlich erkennen sollten ist dies: Kein Staatssystem kann uns helfen, wenn wir selbst uns nicht wesentlich ändern! Wenn wir uns nicht aus häßlichen, eigensüchtigen und ängstlichen Sklavennaturen in freie Menschen verwandeln. Heiligenmoschel (Rheinl.-Pfalz) WALTER SCHWAB Pfarrer Karl Jaspers beklagt sich darüber, daß die Staatsgesinnung bei uns noch Untertanengesinnung sei, und daß der Bürger nur schimpfe, wenn es für ihn gefahrlos sei. Doch wenn trotzdem einer wagen sollte, aufzustehen, dann ergeht es ihm womöglich so wie Dr. Günter Weigand in Münster. Weingarten (Bad.-Württ.) JOST F. NOLLER Dieses Buch kommt zu spät. Rheydt (Nordrh.-Westf.) GUSTAV GAIDETZKA Aus einer Analyse wird eine Synthese: Karl Jaspers stellt die Macht der organisierten Gesellschaft der Ohnmacht einer unorganisierten Wählerschaft gegenüber, erweist der Macht keine typisch deutsche Reverenz, seziert mitleidlos die Gleichgültigkeit der Machtlosen, apostrophiert den Perfektionismus unserer bürokratischen Legalität - da ist kein moralinsaures Menetekel, nur die Wiederholung einer politisch gedankenlosen Vergangenheit aufgezeigt, in die der »freie« Teil Deutschlands hineingetrieben wird. Fragen wir uns, wer die Treiber sind. Siegen (Nordrh.-Westf.) HANS BASEKOW Sollten wir nicht stolz darauf sein, wenn wir noch treiben können? Ist nicht die beste republikanische Garantie das Bewußtsein, daß wir uns noch die Fähigkeit zum Treibenlassen erhalten haben? Beginnt der Abbau republikanischer Freiheiten nicht dort, wo fremde Mächte das Treibenlassen verhindern, wo ein Volk von Plänen - ob marxistische Manifeste oder formierte Gesellschaften - geleitet werden soll? Noch treibt die Bundesrepublik! Aber wohin verscheucht sie die Windbö, die Karl Jaspers losgeblasen hat? Lüdenscheid (Nordrh.-Westf.) H. MÜLLER Welchen Beitrag leistet heute noch der staatstheoretisierende Philosoph, der Praktikabilitäten und Realitäten unberücksichtigt läßt? Diese Frage ließ sich gegen Plato noch nicht als Kritik vortragen, gegen Jaspers erhebt sie den Vorwurf der Schwärmerei. München H. Joschko Herr Jaspers, ich verbeuge mich tief vor Ihrem Alter und Ihrem Können. Sie haben aber mit Ihrem Aufsatz der sogenannten DDR einen großen Dienst erwiesen und unserer jungen, im Entstehen begriffenen Demokratie einen Schaden zugefügt. Ihr Aufsatz ist nicht ganz objektiv; ich habe den Eindruck, er entstand »wider besseres Wissen« - was immer schlecht ist"
"97","0.7689189910888672","0.7689189910888672","0.3","Score: 3.0/10 - Der Text behandelt die Strukturwandel in der Landwirtschaft und den Verfall der Kleinbetriebe, was mit technologischem Fortschritt zusammenhängt. Allerdings wird die Automation oder Computerisierung nicht explizit erwähnt. Die Angst bezieht sich auf wirtschaftliche und strukturelle Veränderungen, aber nicht auf den technologischen Wandel als solchen. Es fehlt jegliche Thematisierung von Maschinen, Computern oder Automatisierung. Die Aussagen sind rein deskriptiv und technisch, ohne gesellschaftliche Affekte. Daher ist der Bezug zur Forschungsfrage sehr schwach und die Bewertung liegt bei 3.","Briefe","1960-05-10","https://www.spiegel.de/politik/flucht-ins-ungewisse-a-019d3191-0002-0001-0000-000043065627?context=issue","Die Bundesregierung sollte die Maßnahmen beschleunigen, die auf eine Verbesserung der landwirtschaftlichen Struktur Westdeutschlands abzielen. Die Kleinbetriebe, in denen der größte Teil der Arbeit mit der Hand verrichtet wird, haben schlechthin keine Überlebenschance mehr. Im Augenblick aber halten sie nur die Preise für landwirtschaftliche Produkte hoch, denn die Marktpreise orientieren sich immer an den Preisen des Betriebes, der den höchsten Kostenaufwand hat. Stade OTTO BURMEISTER Der Westen treibt den Bauern durch immer weiter fortschreitenden Verfall der Einkommensverhältnisse auch bei strukturell und größenmäßig gesunden Betrieben letzten Endes zur Verzweiflung und Aufgabe des Berufes. Norden (Nordsee) DR. ITZEN Seit fünf Jahren kündigt die Bundesregierung ein Bödenreform- oder Siedlungsgesetz an. Da es bei der Ankündigung bleibt, wird auch in Westdeutschland ein Bauernlegen einsetzen. Die Nutzungsverträge von 16 000 Pachtsiedlern auf 260 000 Hektar laufen ab. Nicht nur in Mitteldeutschland gibt es unbequeme Wahrheiten, sondern auch in Westdeutschland. Mehreren Interessengruppen, die hinter dem Bundestag stehen, kommen die hohen Grundstückspreise ebenso gelegen wie die immer aufs neue gewährten Subventionen. Andere Gruppen lehnen eine liberale Bodenreform ab; weil sie nur durchgeführt werden kann, wenn echte Opfer gebracht werden. Bad Schwartau DR. IVO DANE Die Landwirtschaft und das Handwerk werden vom modernen Industriestaat gezwungen, sich nach besseren Betriebsformen umzusehen. Selbst gefühlsmäßige Werte wie Freiheit und Selbständigkeit, Blut und Boden dürften auf die Dauer eine gesunde Ökonomie wohl kaum ersetzen können. Nacka (Schweden) PETER PFAB"
"98","0.7257826626300812","0.7257826626300812","0.3","Score: 3.0/10 - Der Text behandelt politische und gesellschaftliche Themen wie die Wiedervereinigung, die Rolle von Politikern und die Situation in der DDR, aber erwähnt Computerisierung oder Automatisierung nicht. Die Briefe beziehen sich auf Themen wie Bürokratie, politische Verantwortung, Flucht aus der DDR und gesellschaftliche Kritik an der Politik, jedoch ohne Bezug zur Technologie, Automatisierung oder digitalen Veränderungen. Es gibt keine Hinweise auf technologische Ängste oder Hoffnungen. Der Text ist daher nur indirekt relevant und zeigt keinen erkennbaren Bezug zur Forschungsfrage.","Briefe","1963-04-30","https://www.spiegel.de/politik/der-weg-nach-oben-a-98c2b6a0-0002-0001-0000-000045143232?context=issue",". Kiel LOTHAR MALION In der Titelgeschichte erwähnen Sie auch die Tatsache, daß die offiziellen Regierungsstellen kaum Dissertationen über Mitteldeutschland fördern. Als unmittelbar Betroffener - ich hatte bereits meine Diplom-Arbeit über mitteldeutsche Wirtschaftsprobleme angefertigt und meine Dissertation über aktuelle Fragen der mitteldeutschen Wirtschaftspolitik eingereicht - kann ich diese Feststellung nur bestätigen. Trotz intensiver Bemühungen ist es mir nicht gelungen, staatliche oder private Institutionen für meine Arbeit zu interessieren. Obgleich ich nach dem Studium sehr gerne einen Beruf ergriffen hätte, der mir eine weitere Beschäftigung mit Problemen Mitteldeutschlands ermöglicht hätte, muß ich im. Augenblick meine Bemühungen sowie die sehr zeitraubenden Studien als »Fehlinvestitionen« bezeichnen. Mannheim ECKARDT WANNER Diplomkaufmann In dem eifernden Bemühen, Barzel -Egozentrik bloßzustellen, bediente sich der SPIEGEL so exzentrischer Manieren, daß er dem Nachwuchspolitiker Eigenschaften übelnahm, die noch vor Jahresfrist beim Amtsvorgänger offenbar schmerzlich vermißt wurden: Initiative auf neuen Wegen, harte Politik und nicht nur gesamtdeutsche Repräsentanz. Als bevorzugter Barzel-Schreck werden nun ungeniert alle Ahnherren im Ministerium beschworen, auch wenn sie sonst vom SPIEGEL mit Vorliebe als »gesamtdeutscher Jakob« oder als Symbolfiguren zwar guten, aber letztlich doch schwachen gesamtdeutschen Wollens erwähnt wurden. Wiedenbrück (Westf.) HEINZ FISCHER Man höre und staune: »Schwand dieses Gefühl (bei den Bewohnern der Zone) über Nacht.« Man höre nochmal und staune noch mehr: Der SPIEGEL in Hamburg weiß es! Wirklich tiefe Weisheiten, die da mitunter verzapft werden. Stuttgart PETER FALLER Ihr Artikel über Herrn Barzel war notwendig. Als Sowjetzonenflüchtling empfinde ich, wie vermutlich viele Landsleute aus Mitteldeutschland, diesen militanten Katholiken als Minister für Gesamtdeutschland als einen glatten Affront. Möglicherweise war dies von unserem Herrn Bundeskanzler, der für die Wiedervereinigung noch nie etwas übrig hatte, auch als ein solcher gemeint. Es wäre nunmehr an der Zeit, das Gesamtdeutsche Ministerium aufzulösen, nachdem es nach der unwürdigen Ausbootung des verdienstvollen Ernst Lemmer endgültig seinen Sinn verloren hat. Essen DIETRICH MÖCKEL In Ihrem Titel-Leitartikel beschäftigen Sie sich mit der Person meines Bruders Rainer Barzel und bemühen sich, dessen Entwicklung und Werdegang widerzuspiegeln. Leider haben Sie sich dabei aber eines Zerrspiegels bedient. Man kann ja vieles von den verschiedensten Seiten aus betrachten. Mein Bestreben geht dahin, Ihre Ausführungen über meinen Vater zu berichtigen. Sie schreiben wörtlich: »Der Vater trat in die NSDAP ein und avancierte zum Oberstudienrat.« Richtig ist aber die Beförderung bereits im Jahre 1931 - meines Wissens vor dem Beitritt zur NSDAP - und eine Degradierung im Jahre 1934 - also nach der Machtergreifung"
"99","0.7211797535419464","0.7211797535419464","0.3","Score: 3.0/10 - Der Text beschäftigt sich mit der Wahrnehmung Berlins im Vergleich zu westdeutschen Städten, der kulturellen Identität und der sozialen Struktur in West-Berlin. Es werden Themen wie Vergreisung, Wohnraumknappheit und kulturelle Vielfalt angesprochen. Es gibt jedoch keine Erwähnung von Computerisierung, Automatisierung oder technologischem Wandel. Die Kritik bezieht sich auf soziale und kulturelle Aspekte, nicht auf technologische Entwicklung. Es gibt keine Hinweise auf technologische Ängste oder Hoffnungen. Der Text ist rein sozial und kulturell, ohne gesellschaftliche Dimensionen des technologischen Wandels. Der Bezug zur Forschungsfrage ist daher sehr schwach.","Briefe","1966-10-16","https://www.spiegel.de/politik/stadtbild-a-d124aaea-0002-0001-0000-000046414681?context=issue",". Schon fast drei Jahre befinde ich mich in diesem riesigen Provinznest. Wenn man hier tatendürstig ankommt und glaubt, freudig empfangen zu werden, dann irrt man gewaltig. Vorher glaubte ich an den Slogan: »Berlin braucht jede Arbeitskraft.« Doch dann wird man leicht irritiert durch Fragen, wie: »Was wollen Sie eigentlich hier?« - Wenn man die Deutschen nach ihrer politischen Mentalitat aufgliedern würde, dann gäbe es wirklich drei deutsche Staaten. Hier denkt und handelt man anders. Die Westdeutschen leben hier isoliert und unter sich. Wenn man als Hamburger mit der U-Bahn fährt und hört zwei Bayern ihre Mundart pflegen, dann freut man sich darüber, als wären es heimatliche Klänge. Berlin H. KARSTEN Als Berliner, der seit einem halben Jahr in Dortmund lebt, habe ich einigen Abstand von der Frontstadt und muß Ihnen wohl oder übel zustimmen in Ihrem kritischen Bild. Wichtig erscheint mir ein Satz, in dem Sie Berlin welthaltiger als jede westdeutsche Stadt bezeichnen. Das kann man nur unterstreichen. Viele »Großstädte« hier im Rumpf-Deutschland sind in ihrem Habitus tiefste Provinz. Das Gegenteil macht Berlin so anziehend für junge Menschen, nicht nur die gewonnene Wehrdienstzeit. Wo gibt es so viele Theater, Opern, Bildungsmöglichkeilen? Trotz Ihrer Schwarzmalerei gehen von, Berlin doch noch viele Impulse für Deutschland und die Welt aus. Leider nicht im Fußball, dafür aber bestimmt in der »Umgangssprache«. Dortmund MANFRED MÜLLER Einem in dieser Stadt geborenem und großgewordenern ist es fast schmerzlich, zu Ihrem Berlin-Artikel dreimal »ja« sagen zu müssen. Wahrheiten sind ja nie bequem, aber es war und ist schon lange Zeit, dieser Pseudo-Berlinromantik mit traurigem Mauerblick und anschließendem Kurfürstendammbummel einmal mit klaren Tatsachen in das Gesicht zu sehen. Eine dieser Tatsachen ist die immer mehr in das Auge springende Vergreisung. Dieses Heer alter Damen bewohnt die schönsten und größten Wohnungen in den alten traditionellen Wohnvierteln von West-Berlin - vermietet für fast Wucherpreise die für sie überflüssigen Räume und blockiert mit alten erworbenen Rechten die Vergabe von Telephonanschlüssen für dringendere Aufgaben wie Kaffeeschwätzchen. Jedem Menschen sei der geruhsame Lebensabend gegönnt - nur, gibt es wirklich an diesem Nervenstrang, zwischen Ost und West dafür keine anderen Wohnformen wie diese mit parasitärer Garnierung? Frankfurt GOTTFRIED GERHARD BOUVAIN-SCHLEGEL Wenn man als professioneller Provinzler, Stunde um Stunde auch mit der Zonengrenze konfrontiert, und als Beute-Bayer (wir Franken sind nun mal keine Bayern) nach bestem Wissen und Gewissen einen Vergleich zwischen der heimlichen und der unheimlichen Hauptstadt anstellt, dann fällt, dieser zugunsten von Berlin und der Berliner aus, denen ich eine schier unnachahmliche Originalität im deutschen Stammes-Eintopf bescheinigen muß"
"100","0.7245801687240601","0.7245801687240601","0.2","Score: 2.0/10 - Der Text beschäftigt sich ausschließlich mit der westdeutschen Fluchtbewegung in die DDR, der politischen Situation in der Sowjetzone und der Reaktion der westdeutschen Bevölkerung. Es werden persönliche Erlebnisse, soziale Probleme und die emotionale Belastung durch die Trennung thematisiert, aber keine technologischen Entwicklungen, Computerisierung oder Automatisierung erwähnt. Es gibt keine Hinweise auf technologische Ängste oder Hoffnungen. Der Text ist rein politisch und sozial, ohne gesellschaftliche Dimensionen des technologischen Wandels. Daher ist der Bezug zur Forschungsfrage minimal.","Briefe","1960-05-03","https://www.spiegel.de/politik/gen-ddr-a-7e4bc3a0-0002-0001-0000-000043065590?context=issue",". Ein Vorwärtskommen ist für mich und meine Angehörigen unmöglich. In jeder Beziehung werden wir gemaßregelt. Mein Junge hat Schwierigkeiten politischer Art in der Schule. Meine Tochter 'die gleichen Hindernisse In der Konsum-Verkaufsstelle. Meine Frau, sie war die Glücklichste von uns allen, In ihre Heimat zurückzukehren. sie kann sich hier überhaupt nicht mehr einleben Sie würde lieber heute als morgen alles stehen und liegen lassen, um wieder nach dort zu kommen. Köln-Marienburg DR. CHRISTOPH ANDREAS Beim Statistischen Bundesamt werden als West-Ost-Wanderer nicht nur die Personen registriert, die sich vor ihrem »West-Ost-Trip« in der Bundesrepublik polizeilich abmelden, sondern auch die, die ohne Abmeldung verschwinden. Bei der jährlichen Ausgabe der Steuerkarten im Herbst werden alle bisher Steuerpflichtigen festgestellt, die nicht mehr an der bisher bekannten Adresse wohnen. Über die Meldestellen werden dann Recherchen eingeleitet; ergibt sich hierbei, daß der Gesuchte mit Sicherheit oder mit an Sicherheit grenzender Wahrscheinlichkeit in die DDR gegangen ist, so wird eine Abmeldung von der Meldestelle nachträglich erstellt, und auch diese Abmeldung wird bei der offiziellen Statistik des Bundesamtes in die Zahl der West-Ost-Wanderer aufgenommen. Bad Godesberg DIETRICH POHLMANN Deure Genossen vom Redagzionsgollegjum »der Schbiegel«! Vielen Dank für die Informazionen, die Ihr ändlich als Vorboden des Friedenslagers in der Westzone deren Bewohnern geliefert habt. Bürger der Westzone, gommt wieder in die friedliebende Rebublik! Besonders jetzt, wo sie in der Westberliner Natofiliale behaubden, in vier Dagen hädden über 5000 »Flüchtlinge« die Rebublik verlassen. Berlin W 30 DIETRICH VARMANEK"
"101","0.7827293872833252","0.7827293872833252","0.9","Score: 9.0/10 - Der Text thematisiert explizit Hoffnungen und Ängste gegenüber der Computer-Revolution und der Automatisierung. Konkrete Ängste werden durch die Darstellung des Arbeiters, der dem Computer resigniert den Rücken zuwendet, und durch Zitate wie Norbert Wiener (1947), der vor einer Zukunft warnt, in der Menschen nichts mehr zu verkaufen hätten, deutlich. Gleichzeitig werden Hoffnungen formuliert: Die Mikroelektronik soll Routinearbeiten befreien und qualifizierte Arbeitsplätze schaffen (Dr. Ernst Hofmeister). Professor Hans Taxis sieht die Chance in kreativen, mitmenschlichen Dienstleistungen, die die Elektronik nicht ersetzen kann. Diese Aussagen zeigen eine differenzierte gesellschaftliche Auseinandersetzung mit den Auswirkungen der Technologie auf Arbeitswelt und Alltag.","Briefe","1978-05-14","https://www.spiegel.de/politik/kreativ-und-mitmenschlich-a-65bea2ed-0002-0001-0000-000040615407?context=issue","(Nr. 16/1978, SPIEGEL-Titel »Die Computer-Revolution"") Der Arbeiter in dem Titelphoto dreht dem Ungeheuer von Computer resigniert, die Arme schlapp herunterhängend, den Rücken zu und demonstriert so die Ohnmacht des Menschen. Schon die Hippies rebellierten gegen das Regiment einer von der Maschine determinierten Gesellschaft. Ihre sanfte Rebellion konnte leicht »weggefegt« werden. Der derzeitige Aufstand der jüngeren Generation gegen den »faustischen Handel« weist verzweifelte Züge auf. Hamburg VERONIKA GRUDINSKI Diese Entwicklung nur ein paar Schritte weiter gedacht, müßte es doch ein leichtes sein, Mensch-Maschinen zu bauen, welche die von den Arbeits-Robotern produzierten Güter verbrauchen. Boos (Rhld.-pf.) ERHARD HÖHN Die Maschinenstürmer waren und sind schlecht beraten. Nicht die Automation ist schlecht, sondern das soziale System. Lüchow (Nieders.) CHUBANSHE OUYA Zum Thema »Computer-Revolution« hat der Vater der Kybernetik, Norbert Wiener, schon 1947 (!) hellsichtig geurteilt: Stellt man sich ... diese zweite industrielle Revolution als abgeschlossen vor, so wird das durchschnittliche oder noch geringere menschliche Wesen nichts zu »verkaufen haben, was für irgend jemanden das Geld wert wäre. Die Antwort ist natürlich, daß wir eine Gesellschaft brauchen, die auf menschliche Werte gegründet ist und nicht auf Kaufen und Verkaufen. Düsseldorf VOLKER SCHWEISFURTH 1,2 Millionen Arbeitsplätze seien von 1970-77 wegrationalisiert worden. Das ist eine grobe Irreführung. Die Hauptursache ist konjunktureller Art. Die Mikroelektronik wird uns von Routinearbeiten befreien und höher qualifizierte Arbeitsplätze schaffen -- entsprechend dem ohnehin schon hohen Lohnniveau in unserem Lande, das nur dadurch auch in Zukunft zu halten sein wird. Die neuen Technologien werden eine Umstrukturierung unserer Arbeitsplätze zur Folge haben, aber keineswegs in dem negativen Sinn, wie von Ihnen beschrieben. München DR. RER. NAT. ERNST HOFMEISTER Wenn wir mit Minicomputern mehr und mehr vollautomatische Fabriken schaffen (Beispiel wenn eine Fabrik mit einem Dutzend Arbeitern den gesamten europäischen Bedarf an Glühbirnen produzieren kann), Auto- und Stahlproduktion ohne eine relevante Zahl von Arbeitnehmern auskommen, dann wird auch der überzeugte Anhänger einer Marktwirtschaft zu dem Ergebnis kommen müssen, daß man diese Produktion nicht mehr der Privatwirtschaft überlassen kann. Rationalisiert man also in die Sozialisierung hinein, wenn man sich keine Selbstbeschränkung auferlegt? Stuttgart PROFESSOR HANS TAXIS Die Chance liegt in der kreativen und mitmenschlich orientierten Dienstleistung, die unsere Gesellschaft wohl sehr nötig hat. Diese wird die Elektronik nie ersetzen können. Ob allerdings diese kreative und mitmenschlich orientierte Dienstleistung wirtschaftlich organisiert oder im privaten Bereich (sprich durch geeignete Arbeitszeitverkürzung) geschaffen wird, ist die Frage. Karlsruhe (Bad-Württ.) DR. H"
"102","0.7357484102249146","0.7357484102249146","0.9","Score: 9.0/10 - Der Text thematisiert explizit die Angst vor Arbeitsplatzverlust durch technologischen Wandel. Die Kritik richtet sich gegen die blinden Vertrauen auf Computerprognosen und die daraus resultierenden Überkapazitäten, Kurzarbeit und Massenentlassungen. Die Aussage »Die vorausgesagten Zuwachsraten in vielen Industriebereichen führten zu eklatanten Überkapazitäten, zu einem Kollaps« zeigt eine direkte Verbindung zwischen technologischer Planung und negativen sozialen Konsequenzen. Die Ironie in »The bosses are always right – to the bitter end!« unterstreicht die Frustration und Angst vor einem System, das durch Technologie und Managemententscheidungen Arbeitsplätze vernichtet.","Briefe","1975-08-10","https://www.spiegel.de/politik/nur-noch-gefeuert-a-93b52756-0002-0001-0000-000041471217?context=issue","(Nr. 32/1975, Angestellte) Daß jetzt auch das »Heer der Angestellten« und vorwiegend das Fußvolk unter ihnen, das oft genug den Sand sieben mußte für die naiven Sandkastenspiele der Top-Manager, von Entlassungen betroffen ist, wen wundert's noch. In den Vorstandsetagen glaubten Bosse und Manager den wissenschaftlich verbrämten Prognosen der Politiker, Weisen, Experten. Computerknechten und anderen Säulenheiligen mehr als dem gesunden Menschenverstand. Eine Unmasse der Pläne. Voraussagen. oft mit irrsinnigem Aufwand erstellt, erwiesen sich glatt als Makulatur. Die vorausgesagten Zuwachsraten in vielen Industriebereichen führten zu eklatanten Überkapazitäten, zu einem Kollaps -- auch in preislicher Hinsicht -, zu Kurzarbeit und Freisetzungen (wem nutzt dieses Wort?) in Millionen-Nähe. Wer wagt die Prognose für Herbst/Winter 75/76? Das deutsche Management, vielfach begieriger Nachahmer amerikanischen Businessdenkens, lernt wieder mal um, statt »hire and fire« wird nur noch gefeuert. The bosses are always right -- to the bitter end! -- P. S.: Selbstverständlich trifft obiges auf die Unternehmensführung in meiner Firma nicht zu. Aachen KURT GROMPE"
"103","0.7260011434555054","0.7260011434555054","0.9","Score: 9.0/10 - Der Text thematisiert die Einführung elektronischer Satzherstellung in der Presseindustrie und die damit verbundenen Angst vor Arbeitsplatzverlusten, Lohnverlusten und der Entwertung von Facharbeiterqualifikationen. Die Angst vor der Verdrängung von Facharbeitern durch Technologie ist explizit formuliert: »Meine Kollegen werden ab Januar erhebliche Lohnverluste hinnehmen müssen«, »wer schon 59 ist, wird nicht mehr umgeschult«. Die Kritik an der »hemmungslosen Verdrängung« und der »Maschinenstürmerei« zeigt eine klare Angst vor der Automatisierung und Computerisierung, die Arbeitsplätze vernichtet und Fachkräfte entwertet. Die Forderung nach »gewerkschaftlicher Mitbestimmung« und »menschlichen Arbeitsbedingungen« unterstreicht die Sorge vor einer technokratischen Rationalisierung. Dies ist ein direkter und expliziter Bezug auf technologischen Wandel und seine Auswirkungen auf die Arbeitswelt. Daher wird der Text mit 9/10 bewertet.","Briefe","1978-01-01","https://www.spiegel.de/politik/graphisch-vor-die-hunde-a-3d452643-0002-0001-0000-000040693790?context=issue","(Nr. 52/1977, Presse: Neuartige Elektronik verdrängt in Pressehäusern die Bleisetzmaschinen) Der Artikel vermittelt durch mangelhafte Untersuchung ein schiefes Bild. Schade. Um einiges nachzutragen: Die hektische Umstellung auf elektronische Satzherstellung ist weder gottgewollt noch fordert es wirtschaftlicher Sachzwang. Die »jährlichen 50 bis 70 Konkurse« in der Druckindustrie sind der Preis der Konzentration oder des hemmungslosen Verdrängungswettbewerbs. Mit der neuen Technik haben sie nichts zu tun. Die elektronische Texteingabe und Gestaltungsgeräte können natürlich von jeder Sekretärin bedient werden ebenso wie der SPIEGEL von zwölfjährigen Schülern gemacht werden kann und ebenso wie man die ärztliche Behandlung auch Sanitätern mit halbjähriger Schmalspur-Ausbildung anvertrauen kann. Nur, die Folge wird sein: das Produkt, die Zeitung und Zeitschrift, geht in der graphischen Gestaltung vor die Hunde. Daher fordert die IG Druck und Papier die Übertragung dieser Arbeiten an Facharbeiter. Ich habe keineswegs in dem zitierten Funkinterview erklärt, daß die Tätigkeit an den Bildschirmgeräten »primitiv und monoton« sei. Allerdings: Wenn es nach den Unternehmern ginge, dann bestünde diese Gefahr tatsächlich. Daher fordert die IG Druck und Papier die Aufrechterhaltung qualifizierter und entsprechend bezahlter Facharbeiter und menschenwürdige Arbeitsbedingungen: unter anderem durch Pausen und kürzere Arbeitszeit und so weiter. In welchem Tarifvertrags-Entwurf die IG Druck und Papier hei der Einführung der neuen Technik »gewerkschaftliche Mitbestimmung« fordert, bleibt das Geheimnis des SPIEGEL. Stuttgart DETLEF HENSCHE Industriegewerkschaft Druck und Papier Hauptvorstand Zu dem Artikel, der wahrlich einiger Ergänzungen, um nicht zu sagen Richtigstellungen bedürfte, ein paar Bemerkungen aus der »Praxis"": Meine Kollegen (Drucker, Setzer, Korrektoren) werden ab Januar erhebliche Lohnverluste hinnehmen müssen, sie, Facharbeiter, als solche zum Teil viele Jahre beschäftigt, werden dann mit K-Tarifen (kaufmännisch) abgespeist -- wer schon 59 ist, wird nicht mehr umgeschult. Einige müssen seit über einem Jahr mit der Ungewißheit leben, ob sie 1978 noch einen Arbeitsplatz haben werden. Wenn die streiken, glauben Sie wirklich, die tun's aus »Maschinenstürmerei« oder um die IG Druck und Papier am Leben zu erhalten? Ludwigshafen (Rhld-Pf.) MONIKA SCHLÜTER"
"104","0.7239146828651428","0.7239146828651428","0.9","Score: 9.0/10 - Der Brief thematisiert die Einführung eines digitalen Wählsystems im Fernsprechnetz und kritisiert die 'mißglückte Ausflug in die Zukunft' mit einem Verweis auf die Kosten von zwei Milliarden. Dies ist eine explizite Auseinandersetzung mit technologischem Wandel – hier mit der Computerisierung der Telekommunikation. Die Angst vor technologischen Fehlentwicklungen, Kostenüberschreitungen und der Verzögerung der Einführung moderner Systeme ist deutlich erkennbar. Gleichzeitig wird die Entscheidung, auf digitale Systeme umzusteigen, als 'richtig' und 'im richtigen Moment' bezeichnet, was Hoffnung auf eine erfolgreiche technologische Modernisierung ausdrückt. Die Erwähnung der 'Arbeitsplätze' im Kontext der technologischen Entscheidung zeigt, dass die Auswirkungen auf die Arbeitswelt direkt thematisiert werden. Die Kritik an der 'nicht einmal technischen Laien verzeihliche Fehlschluß' und die Verteidigung der Entscheidung zeigen eine intensive gesellschaftliche Auseinandersetzung mit der Computerisierung.","Briefe","1979-09-30","https://www.spiegel.de/politik/guter-ruf-a-54adf2be-0002-0001-0000-000039868774?context=issue","Die mit dem Titelbild angeprangerten Besetztzustände im Fernsprechnetz zu bestimmten Zeiten des Mondscheintarifs haben mich bereits seit langem veranlaßt, durch weiteren technischen Ausbau und eine Tarifreform Abhilfe zu schaffen. Die neue Tarifstruktur mit einem zeitlich sehr weit ausgedehnten »Billig-Tarif« habe ich bereits dem Verwaltungsrat der Deutschen Bundespost vorgestellt. Die Entscheidung, das analoge elektronische Wählsystem nur noch im Ortsbereich und nicht bei der Fernwahl einzuführen und statt dessen für das Fernnetz ein digitales Wählsystem auszuschreiben, ist bereits zu Beginn des Jahres gefallen. Hinzukommt der nicht einmal technischen Laien verzeihliche Fehlschluß, daß das elektronische Wählsystem die Kapazitätsnöte im Netz lindern helfen sollte. Die Überlastung im Fernwahlnetz hat nur mit dem Tarifniveau und dem bisherigen zeitlich zu knapp bemessenen Mondscheintarif sowie den darauf resultierenden Telephongewohnheiten der Bundesbürger zu bestimmten Tageszeiten (nach 22 Uhr) zu tun. Gerade weil die derzeitige Vermittlungstechnik mit mechanischer Durchschaltung und elektronischer Leitwegsteuerung (EMD) -- übrigens weltweit anerkannt -- äußerst leistungsfähig, zuverlässig und wirtschaftlich ist, konnten wir uns bei der Entwicklung neuer Systeme Zeit lassen. Vielleicht hatte dies allerdings für die deutsche Fernmeldeindustrie, die übrigens mit EMD große Exporterfolge erzielte, die ungünstige Folge, daß der technologische Druck in ihrem Homemarket Deutschland zur Entwicklung der modernsten elektronischen Vermittlungssysteme nicht so groß war wie etwa in Japan und Amerika. Daß der »mißglückte Ausflug in die Zukunft« zwei Milliarden gekostet haben soll, ist völlig frei erfunden. Aus unserer Sicht scheint der Entschluß -- übrigens nach mehrfachem Drängen der Post bei den Entwicklungsfirmen -- statt EWS-F einzuführen, gleich auf die nächste technische Generation, die digitale Vermittlung, umzuschalten noch im richtigen Moment getroffen worden zu sein. Wir sind selbstkritisch genug, uns zu fragen, ob die Entscheidung, die Entwicklung des analogen EWS-F einzustellen, nicht frühzeitiger fallen konnte. Das aber war nicht allein eine Frage der technischen Entwicklung, sondern auch der nüchternen wirtschaftlichen Betrachtung und muß zudem im Zusammenhang mit den Arbeitsplätzen gesehen werden. Durch diese Entscheidung entstehen den Kunden der Post keine Nachteile. Von der Post wird jeder gehört, der einen Beitrag leisten kann. Das angesprochene Kartellverfahren gegen zwölf Telephonfirmen wegen »Wettbewerbswidriger Absprachen« bei der Beschaffung von Telephonapparaten, hei dem unter anderem ein Siemens-Vorstandsmitglied »persönlich Buße« tun mußte, wurde auf Initiative der Deutschen Bundespost in Gang gebracht. Aber das verschweigt der SPIEGEL wohlweislich, wie übrigens auch sonst einiges"
"105","0.7187880873680115","0.7187880873680115","0.9","Score: 9.0/10 - Der Text enthält mehrere explizite Ängste vor einer totalitären Überwachungsgesellschaft, die durch technologische Entwicklungen ermöglicht werden könnte. Die Briefe beziehen sich auf die Polizeireform und die Einführung von »Big Brother«-ähnlichen Kontrollmechanismen. Zitate wie »The Big Brother is watching you!«, »1984 ist nicht mehr weit!« und die Kritik an einem »Polizeistaat« zeigen direkte Angst vor einer technologisch gestützten Überwachung und Unterdrückung. Die Referenz auf George Orwells Roman »1984« ist explizit und symbolisiert eine gesellschaftliche Angst vor der Verlust von Freiheit durch technologische Kontrolle. Dies ist ein klares Beispiel für zeitgenössische Ängste gegenüber technologischem Wandel, insbesondere in der Sicherheits- und Polizeiinfrastruktur. Daher 9/10.","Briefe","1976-08-22","https://www.spiegel.de/politik/achtung-polizei-steinzeit-a-f2c24e2f-0002-0001-0000-000041147173?context=issue",". Nieder-Ramstadt (Hessen) FRITZ A. BRAMMER Damit könnte das zweite Jahrtausend beginnen -- wie gehabt! Göttingen DR. ANNA-ELISABETH STERN Hier geht es gar nicht mehr um mehr Macht für die Polizei oder um die grundgesetzlich garantierten Rechte der Bürger. Hier heißt die Alternative wohl nur noch: Polizeistaat -- ja oder nein. Haben wir nichts aus den Lehren des Hitler-Regimes gelernt? Bonn-Beuel JÜRGEN F. BECKER Mitglied der CDU Ich als junger Mensch (20), wurde zur Kritik erzogen. Jetzt muß ich erleben - das ist traurig -, daß nach nur 31 Jahren wieder jemand im Namen der Freiheit freiheitliche Rechte auslöschen will. Hamburg RÜDIGER SCHLÜTER Soldat George Orwells Roman »1984« erscheint nun doch nicht mehr so utopisch. The Big Brother is watching you! Mühlheim/Ruhr ARMIN STRUNK FRAUKE SCHLÜTER Erschreckend, was dieser Minister denkt und sagt: 1933 und 1984 im Jahre 1976! Bad Oldesloe (Schlesw-Holst.) FRED EPSTEIN 1984 ist nicht mehr weit! Regensburg NORBERT SCHOBER 1984 ist näher als acht Jahre. Es könnte nach dem 3. Oktober beginnen. Hongkong RUDOLF HONNEF Herr Schwarz hat einen neuen Begriff geprägt: der »friedvolle Bürger«. Das ist nicht einfach ein Bürger, der vielleicht phantasievoll ist oder anspruchsvoll, aber zugleich friedliebend. Nein. das ist ein neues Monstrum, so friedvoll wie gedankenleer, daß es keine Fragen stellt. Ein ganzes Volk derart »friedvoller Bürger«? -- grauenvoll. Karlsruhe GISELA BRÜNNER Man kann nur hoffen, daß solche Auswüchse kritische, denkende Menschen hervorbringen. Wahrscheinlicher ist jedoch der geduckte, deutsche Heldenbürger mit dem reinen Herzen. München CHRISTA HEFELE Während Tausende von anständigen Polizeibeamten tagtäglich und allnächtlich mit dem Berufsrisiko rechnen müssen, bemühen sich immer noch Gruppen weltfremder Ideologen darum, das Berufsrisiko von Verbrechern zu vermindern, die sich den Teufel um Menschenleben scheren. Wetter/Ruhr GUSTAV ILLGUTH Da bleibt nur die Hoffnung auf den gesunden Menschenverstand der Polizisten, die bestimmt mehr Ahnung von der Materie haben als Herr Schwarz. Trier MARITA ROEDER-OVERDICK Nunmehr wird auch vielen Polizisten bewußt werden, daß ihr Streben nach einem zivilen, bürgernahen Status schier unglaublich rücksichtslos von Schwarz & Co. auf die paramilitärische und Staatsbüttel-Funktion transformiert werden soll. Taunusstein (Hessen) GERD BEHRENDT Kriminalbeamter Erst unlängst haben Wissenschaftler der Universität Saarbrücken in ihrem Gutachten »Berufsbild der Polizei«, das im Auftrage der Innenministerkonferenz erstellt worden ist, Polizeidienst als sozialen Dienst am Bürger definiert. Dem Minister Schwarz aber scheint es einzig und allein um eine -- im wahrsten Wortsinne! -- schlagkräftige und entsprechend bewaffnete Polizei zu gehen. Bielefeld GÜNTER SCHRÖDER Vorsitzender Landesbezirk Nordrhein-Westfalen der Gewerkschaft der Polizei Es geht dem Minister wohl darum, das Rad der Polizeigeschichte kräftig zurückzudrehen"
"106","0.717370867729187","0.717370867729187","0.9","Score: 9.0/10 - Der Text enthält mehrere explizite Ängste vor einer technologisch gestützten Überwachungsgesellschaft. Die Kritik am BKA, die Beschreibung der »Paßkarte«, die Referenz auf George Orwells »1984« und Walter Jens' »Nein – die Welt der Angeklagten« zeigen eine klare Angst vor der Verlust von Privatsphäre und individueller Freiheit. Die Aussage »Das BKA weiß alles (oder halb oder falsch), verzeiht aber nichts« und die Beschreibung der »obersten Gottheit« des BKA verdeutlichen eine tiefgreifende Angst vor einer technokratischen, datenbasierten Kontrolle. Die poetische Formulierung »Ich lausche, also bin ich / ich schnuffle, also bin ich / ich bohre, also bin ich« symbolisiert die Verinnerlichung von Überwachung. Diese Textpassagen zeigen eine starke gesellschaftliche Angst vor technologischem Wandel, insbesondere in der Sicherheits- und Verwaltungsinfrastruktur. Daher 9/10.","Briefe","1979-06-10","https://www.spiegel.de/politik/1984-a-13cf67e4-0002-0001-0000-000040349920?context=issue",". Herr Herold, treten Sie aus der SPD aus und schließen Sie sich der CSU an, die kann Leute wie Sie brauchen! Gochsheim (Bad.-Württ.) HELMUT LANG Dem anständigen Bürger kann es schließlich egal sein, was über ihn auf irgendeinem schwer zugänglichen Archivband aufgezeichnet wird. Bremerhaven HELMUT WEILAND Nicht nur Zeiten wie in George Orwells 1984« scheinen wir in beunruhigender Weise entgegenzugehen, sondern auch Walter Jens« »Nein -- die Welt der Angeklagten"": Dort kennt auch nur der oberste Richter Aufbau und Funktion des Staatsapparates, und ebenso können sich Angeklagte durch Anklagen eines anderen von ihrer eigenen Anklage befreien. Aachen (Nrdrh.-Westf.) ELISABETH RÜGER Es ist nicht so sehr die Arbeit der dataaholics vom BKA, die mich so wütend macht, es ist vielmehr die gleichgültige Sorglosigkeit, mit der sich die schlafmützige Mehrheit der Bundesdeutschen von einer wildwuchernden Minorität entintimisieren läßt. Neuenstein (Bad.-Württ.) PETER ASSEL War früher die Bezeichnung »made in Germany« eine Auszeichung für deutsche Produkte, so kann sie sich heute -- auch noch auf die Erzeugnisse der Verwaltungen beziehen. Deren entsetzliche Perfektion stellt sicher, daß spätestens 1984 auch »1984« sein wird. Backnang (Bad.-Württ.) ALEX DRUMM Das BKA weiß alles (oder halb oder falsch), verzeiht aber nichts. Es wird zur obersten Gottheit erhoben (echte Chance, das Auto abzulösen), von dessen Orakel das Schicksal vieler Bürger abhängt und in der Zukunft noch viel stärker abhängen wird. Ihnen wird auch keine Persönlichkeitsentwicklung zum Guten hin zugestanden. Eine Erlösung wird den armen Seelen in ihrem irdischen Leben nicht zuteil, es sei denn, durch Bestechung und Beziehung. Die Ideale der Verfassung, die auch meine Ideale sind, sind zum Teufel. wedel (Schlesw.-Holst.) MARTIN MÄDER Die nun abgebildete künftige »Paßkarte« erlaubt bei einem Blick auf den veröffentlichten Entwurf wirklich die Frage, welche Republik gemeint sein mag. Die englische Übersetzung von »Bundesrepublik Deutschland« ist jedenfalls (orthographisch) falsch: Es muß heißen »Republic« und nicht »Republik«. zu Bonn RÜDIGER VON WECHMAR Botschafter bei der uno Lauschen Schnuffler / Bohrer. Ich lausche, also bin ich /ich schnuffle, also bin ich /ich bohre, also bin ich ... Verdacht schöpfen / Verdächtige verfolgen / Gesuchte jagen / noch nicht Gesuchte suchen / noch nicht Verdächtige verdächtigen / auf Verdacht anzeigen Mitmachen / Dabeisein. Sich anständig verhalten / sich so verhalten, wie sich alle verhalten / nicht gegen den Strom schwimmen / nicht anecken / keine eigene Meinung vertreten / die allgemeine Meinung vertreten ... Nicht widersprechen / nicht eigensinnig sein / nicht unbequem sein / nicht anders sein / engstirnig sein ... Stolz sein auf unsere schwarzrotgoldene Leistungsbilanz / deutsch sein / aus deutschem Holz sein / stolz sein"
"107","0.7473483085632324","0.7473483085632324","0.8","Score: 8.0/10 - Der Text behandelt die Auswirkungen technologischen Wandels mit klarer affektiver und evaluativer Dimension. Er thematisiert die Angst vor Arbeitslosigkeit durch technischen Fortschritt (»katastrophalen Freisetzungen«), aber auch die Hoffnung, dass durch erhöhte Produktivität und Nachfrage neue Arbeitsplätze entstehen. Die Argumentation ist nicht nur technisch, sondern bezieht gesellschaftliche Konsequenzen ein: Die Frage, ob man sich gegen den Fortschritt entscheidet, führt zu einer Vervielfachung der Arbeitslosigkeit. Dies zeigt eine bewusste Auseinandersetzung mit den sozialen Auswirkungen der Automatisierung und damit eine implizite, aber deutliche Thematisierung von Ängsten und Hoffnungen.","Briefe","1978-05-14","https://www.spiegel.de/politik/kreativ-und-mitmenschlich-a-65bea2ed-0002-0001-0000-000040615407?context=issue",". Diese wird die Elektronik nie ersetzen können. Ob allerdings diese kreative und mitmenschlich orientierte Dienstleistung wirtschaftlich organisiert oder im privaten Bereich (sprich durch geeignete Arbeitszeitverkürzung) geschaffen wird, ist die Frage. Karlsruhe (Bad-Württ.) DR. H. REMPP Ohne die dem »Fortschritt« innewohnende Erhöhung der Arbeitsproduktivität wären weder die in der Bundesrepublik schon fast zur Gewohnheit gewordenen Erhöhungen der Realeinkommen noch die in den letzten Jahrzehnten durchgeführten Verkürzungen der Arbeitszeit möglich gewesen. Günter Friedrichs und andere namhafte Ökonomen hatten bereits auf den internationalen Arbeitstagungen der Industriegewerkschaft Metall der Jahre 1963, 1965 und 1968 vor den katastrophalen Freisetzungen gewarnt, die der technische Fortschritt zur Folge haben würde, ohne daß diese Prognosen in dem prophezeiten Umfang eintrafen, weil die durch die erhöhten Realeinkommen ermöglichte Steigerung der Güternachfrage die in einer Industrie verlorengegangenen Arbeitsplätze durch neue Arbeitsplätze an anderer Stelle wieder ersetzte. Es gibt keine Erhöhungen der Realeinkommen und damit des Wohlstandes ohne Erhöhung der Arbeitsproduktivität. Es gibt leider auch keine wirtschaftliche Entwicklung ohne vorübergehende Friktions- beziehungsweise Entwicklungsarbeitslosigkeit. Es verliert andererseits aber auch ein Land, in dem (wie etwa in Großbritannien) der Fortschritt künstlich gebremst wird, seine internationale Konkurrenzfähigkeit: es wird rückständig. Wer in einem Land wie der Bundesrepublik, in dem etwa jeder vierte Werktätige für den Export arbeitet, sich gegen den »Fortschritt« entscheidet, riskiert eine Vervielfachung der schon jetzt zu hohen Arbeitslosigkeit. Berlin PROFESSOR DR. JUR. DR. RER. POL. DR. H. C. HELMUT ARNDT"
"108","0.7384806275367737","0.7384806275367737","0.8","Score: 8.0/10 - Der Text thematisiert die sozialen und psychologischen Auswirkungen von Arbeitslosigkeit, die durch technologischen Wandel verursacht werden könnte. Die Briefschreiberin betont, dass der Arbeitsplatz für das Selbstgefühl entscheidend sei und dass Entwurzelung schwere psychische Belastungen verursache. Dies zeigt eine klare Angst vor den menschlichen Folgen der Automatisierung. Gleichzeitig wird kritisiert, dass ökonomische Effizienz über menschliche Würde gestellt wird. Die Argumentation ist nicht technisch, sondern ethisch und sozial ausgerichtet, was eine implizite, aber deutliche Thematisierung von Ängsten gegenüber technologischem Wandel im Arbeitsleben darstellt.","Briefe","1979-01-14","https://www.spiegel.de/politik/velfluchtel-fleiel-malkt-a-137ae9e2-0002-0001-0000-000040351288?context=issue",". Es ist auch unwahrscheinlich, daß ein Markt sich selbst helfen kann, wenn sich auf ihm subventionspralle Auslandskonkurrenten tummeln. Hanau (Hessen) PETER UNVERICHT Die gedankliche Unschärfe dieses Essays verschleiert dessen demagogische Redundanz. Die »Mißerfolge« staatlicher Eingriffe -- Butterberge, Kohlehalden -- sind keine Beweisstücke, sie gehören zur Fragestellung: Sind Eingriffe trotz dieser Nachteile moralisch geboten? Die Erfolge sozial motivierter Eingriffe sind logischerweise nicht im wirtschaftlichen, sondern im sozialen Bereich zu suchen. Sie haben ihren wirtschaftlichen Preis. Die Gebote von Moral und Logik aber scheinen die Autorin nicht zu bekümmern. Sie huldigt einer blutleeren ökonomischen Effizienz und sieht die Einkommenseinbuße als den »eigentlichen Schrecken der Arbeitslosigkeit«. Das ist nachweislich falsch. Der Arbeitsplatz ist für das Selbstgefühl von entscheidender Bedeutung. Der entwurzelte Arbeitnehmer erleidet oft schwere psychische Belastungen. Sozialdemokraten, die den Staat -- zu Renate. Merkleins Bedauern -»lenkend, stützend, planend« eingreifen lassen, scheinen das Wesensmerkmal einer freiheitlichen Ordnung, die Menschenwürde, höher zu veranschlagen als die Autorin. Berlin RODERICH BOES Butterberge und Kohlehalden, Bettenberge und marode Werftindustrie, Arbeitslosigkeit und Probleme des technischen Wandels, immer schnellere Entwicklung der Produktivkräfte und das Nicht-mehr-Schritthalten der Nachfrage -- dies und alle sonstigen wirtschaftspolitischen Schwierigkeiten unserer Tage sind also leicht lösbar! -- Man muß nur dem Rezept der Dame M. folgen: Man nehme: ein bißchen Schumpeter und mehr Marktanpassung, ein wenig Keynes und weniger staatliche Eingriffe, vielleicht noch etwas Lohnverzicht der Arbeitnehmer und natürlich einen kräftigen Schuß Abbau staatlicher Sozialleistungen, damit die Unternehmer vom viel zu hohen Kostendruck befreit werden, schüttle das Ganze ordentlich durch ein Sieb, damit auch der letzte Rest Interventionismus drin hängenbleibe, und schon ist die Welt wieder heil (liberal?), bekommt jeder, was er verdient, und die Stamokaps und die Kloses einschließlich der Gewerkschaften können endlich lernen, wie man »vernünftige« Wirtschaftspolitik macht. Haste was, biste was! Der Arbeiter, dem man im Stahlwerk keine Lohnerhöhung mehr geben kann, braucht schließlich nur in der Käsefabrik eine besser bezahlte Stelle anzunehmen! -- Warum ist der dumme Kerl nur bis heute nicht darauf gekommen? In welchem Land lebt diese Essay-Schreiberin eigentlich? Mönchengladbach JOACHIM HENTSCHEL Sekretär der IG Metall »Wer nie sein Brot mit Tränen aß ...«, der kann so leichtfertig über Arbeitslosigkeit daherreden wie Frau Renate Merklein. Wer selbst einmal arbeitslos war, der weiß darum, daß man daran zerbrechen kann, an den Rand des Geschehens gespült zu sein"
"109","0.7279070317745209","0.7279070317745209","0.8","Score: 8.0/10 - Der Text thematisiert die Arbeitslosigkeit als zentrales gesellschaftliches Problem und kritisiert die fehlende Verantwortung der Unternehmen, die die Beschäftigung entscheiden. Die Angst vor einer zunehmenden Arbeitslosigkeit wird explizit formuliert, und es wird kritisiert, dass die Unternehmer nicht in die Kritik geraten, obwohl sie die entscheidenden Entscheidungen treffen. Dies deutet auf eine Sorge vor einer technologisch bedingten Rationalisierung und Automatisierung, die Arbeitsplätze vernichtet, ohne dass die Verantwortlichen zur Rechenschaft gezogen werden. Die Kritik an der »monopolistischen Konkurrenzform« und der »Wirtschaftspolitik«, die die Unternehmen unantastbar macht, zeigt eine gesellschaftliche Angst vor einer technokratischen, von Maschinen und Systemen geprägten Wirtschaft. Die Angst vor Verlust von Arbeitsplätzen durch technologische Rationalisierung ist hier implizit, aber deutlich erkennbar. Daher wird der Text mit 8/10 bewertet.","Briefe","1977-05-08","https://www.spiegel.de/politik/proletariat-ueberfuettert-a-ad8b6473-0002-0001-0000-000040915591?context=issue","(Nr. 14-17/77, SPIEGEL-Serie über die Ursachen der Arbeitslosigkeit: »Der stille Bürgerkrieg"") Seit Jahren werden die Unternehmer gejagt durch die Gewerkschaften und Sozialisten, Umverteilung, Erbschaftssteuergesetz, Mitbestimmung, Sozialgesetz und viele Gesetze, die alle der Umverteilung dienen und Verteufelung der Gewinne. Und noch heute das Geschrei der Jungsozialisten und gleicher Gruppen. Man muß einigermaßen schwachsinnig sein, zu investieren, wenn alles nur wartet, es nur schnellstens wieder zu kassieren. Man ist zur Zeit nur etwas ruhiger, weil das Kind zur Zeit im Brunnen liegt. Seevetal (Nieders.) ROLF RITSCHER Die Arbeitslosigkeit kann nicht abnehmen, sondern wird weiterhin zunehmen. Schmidt-Apel kann niemand retten -- aus! Hamburg GERHARD GONSCHEROWSKI Den Berg Sinai, der die Lösung dieses schrecklichen Problems beinhalten könnte, hat der SPIEGEL vergessen: »Du sollst nicht begehren deines Nächsten Hab und Gut!« (5. Mose 5). Wenn einige sympathische Leute sich den Karl-Marx-Bart abrasieren und endlich die roten Fahnen archivieren, kommt der nächste Frühling ganz bestimmt. Saarbrücken RUDOLF G. STRAUCH In dem Artikel wird behauptet: »das Recht auf Arbeit, das bislang nur die DDR und alle anderen sozialistischen Länder ihren Insassen zusichern«. Dazu Artikel 24 der Verfassung von Nordrhein-Westfalen: »Im Mittelpunkt des Wirtschaftslebens steht das Wohl des Menschen. Der Schutz seiner Arbeitskraft hat den Vorrang vor dem Schutz des materiellen Besitzes. Jedermann hat ein Recht auf Arbeit.« Ähnlich in den Landesverfassungen von Bayern (Artikel 166), Berlin (Artikel 12), Bremen (Artikel 8), Hessen (Artikel 28), Rheinland-Pfalz (Artikel 53) und Saarland (Artikel 45)!* München MARTIN LANGE Entgegen allen konkreten Erfahrungen wird die Wirtschaftskrise zu einem reinen »politischen Fehlprodukt« zurechtgeboxt. Sie kennt demzufolge auch nur zwei Schuldige: sozial-liberale Regierungspolitik einerseits und beschäftigungs-illusionäre Gewerkschaften, die lediglich als Lohnmaschinerien wirken. Diejenigen, die die Preise setzen, die Beschäftigte einstellen, oder entlassen -- die Unternehmungen selbst -- erscheinen nicht in einem derartigen Krisenszenario. Ihr Verhalten, allenthalben von außen zu stören, wird in unantastbare Funktionsmechanismen versenkt. Wen wundert es da, daß in dieser Serie von monopolistischen Konkurrenzformen und daraus resultierenden Wirkungslosigkeiten der herrschenden Wirtschaftspolitik nicht * Nach Meinung von Verfassungs-Juristen sind diese Verfassungartikel wegen der Tarifautonomie nicht als a b s o l u t e s Recht auf Arbeit zu deuten: man kann nicht über den Preis (Lohn) verhandeln. wenn die Menge (Beschäftigung) fixiert ist, so ein Gutachter. die Rede war. Der dringend notwendigen Suche nach einer effektiven und sozialen »Neuen Wirtschaftslehre« hat diese Serie nicht einmal ansatzweise einen Dienst erwiesen. Bremen PROF. DR. RUDOLF HICKEL Mitinitiator der zum 1"
"110","0.7264544665813446","0.7264544665813446","0.8","Score: 8.0/10 - Der Text thematisiert die Abwertung westdeutscher Arbeiter durch ihre Verhaltensweisen auf einer Baustelle in der DDR, insbesondere durch die Ausbeutung von Material und die unethische Handelspraxis (z. B. Verkauf einer Uhr für 600 Mark). Die Angst vor einer Verlust der menschlichen Würde und der Brüderlichkeit in der Gesellschaft wird explizit formuliert. Die Kritik an der »Unbrüderlichkeit« und der »Zynismus« gegenüber Ostdeutschen deutet auf eine Sorge vor einer technokratischen, profitorientierten Gesellschaft, in der menschliche Beziehungen durch wirtschaftliche Interessen ersetzt werden. Die Angst vor einer Gesellschaft, in der der Mensch nur noch als Ressource betrachtet wird, ist hier klar erkennbar. Obwohl kein direkter Bezug zu Computern besteht, ist die Angst vor einer dehumanisierten, systemgesteuerten Gesellschaft, die durch technologische und wirtschaftliche Rationalisierung ermöglicht wird, deutlich. Daher wird der Text mit 8/10 bewertet.","Briefe","1979-08-05","https://www.spiegel.de/politik/gipfel-der-unbruederlichkeit-a-144a0232-0002-0001-0000-000040348946?context=issue","(Nr. 29/1979, DDR: Westdeutsche Arbeiter auf Montage beim Chemiekombinat Buna II) Wenn das, was über die zum Teil angeführte Verhaltensweise bundesdeutscher Facharbeiter auf der Großbaustelle Buna II nur stellvertretend für unsere Gesellschaft gewertet wird, zutrifft, muß sich die früher sehnsüchtig wahrgenommene Kontaktmöglichkeit der DDR-Bürger mit Bundesbürgern langsam in Ablehnung und Haß verwandeln. Daß »manche sogar im Westmüll nach Verwertbarem forschen«, »ganze Paletten mit Ziegeln zur Seite geräumt werden, nur weil ein Teil der Steine beschädigt ist«, und »natürlich nur die ganzen Zementsäcke genommen werden und die kaputten gleich weggeworfen« wurden und das alles den »Ostdeutschen« die Tränen in die Augen treibt, ist für uns beschämend. Der Gipfel der Unbrüderlichkeit und der uns jahrelang eingepaukten Zusammengehörigkeit ist aber, wenn ein Kollege-West, der Vopo-Strafmandate wie Trophäen sammelt (denn ein ostdeutscher Verkehrspolizist ist à priori Kommunist und an kommunistische Straßenverkehrsordnungen hält sich ein Demokrat niemals, wo kämen wir da hin!), wenn also dieser westdeutsche Arbeiter seinem Kollegen-Ost die Quelle-Digitaluhr (die im Katalog 39 Mark kostet und wer weiß vielleicht aus Ruhla/Thüringen oder Glashütte/Sachsen zu Dumpingpreisen zu uns exportiert wurde) -- für 600 Mark andreht. In jedem orientalischen Basar wird letztlich noch ehrlicher gehandelt als zwischen uns »Brüdern« in Ost und West. So schaffen wir es langsam aber sicher. daß sich die Mitteldeutschen mehr und mehr nach dem Osten orientieren, da hat man zumindest Identität in den Problemen auf menschlicher Ebene und weiß, daß man nicht immer als der über den Löffel barbierte, arme oder dumme Verwandte behandelt wird. Holzkirchen (Bayern) HANS-PETER AST"
"111","0.7246176302433014","0.7246176302433014","0.8","Score: 8.0/10 - Der Brief thematisiert explizit die wirtschaftliche Wettbewerbsfähigkeit der BRD und verbindet dies mit der Arbeitslosigkeit. Die Kritik an hohen Löhnen und der 'Tarifautonomie' als Ursache für Arbeitslosigkeit zeigt eine Ängstlichkeit vor wirtschaftlichen Folgen technologischer und struktureller Veränderungen. Die Erwähnung der 'Ölkrise' und der Abhängigkeit von Importen (z. B. Textilien aus Osteuropa) deutet auf eine Angst vor technologischem Rückstand und Verlust von Arbeitsplätzen in traditionellen Branchen. Die Kritik an 'Nationalökonomen' und die Forderung nach 'billigeren und besseren' Importen spiegeln eine gesellschaftliche Sorge um die Zukunft der industriellen Produktion – ein zentraler Aspekt der Angst vor Automatisierung und globaler Konkurrenz. Die Aussage, dass 'unsere eigenen [Textilien] nicht mehr konkurrenzfähig' seien, zeigt eine direkte Angst vor technologischem Wandel und industrieller Modernisierung.","Briefe","1973-12-30","https://www.spiegel.de/politik/positiv-negativ-nr-51-1973-arbeitslose-a-0ef4fab3-0002-0001-0000-000041871415?context=issue","Einen besseren Indikator für die wirtschaftliche Zukunft der BRD als Ihr Titelbild hätten Sie überhaupt nicht finden können -- negativ!!! Bremen HANS-UWE RASTER So sehen also Ihre negativen Typen auf dem Titelbild aus, ganz schön positiv! Hamburg M. GÖTZE Laut Professor Giersch gehören Spinner, Weber. Kleider- und Schuhhersteller zu Wirtschaftszweigen, die ihre Konkurrenzfähigkeit unwiederbringlich verloren haben. Gleiches hat man schon von der Kohle vor einigen Jahren gefaselt -- und heute? Solche Ansichten zeigen doch meiner Meinung nach das typische Fehlverhalten von Schreibtischstrategen, von Theoretikern, die bis heute auf jede praktische Erfahrung verzichten mußten. Reicht diesen Leuten denn die Ölkrise nicht, die unsere Abhängigkeit vom Ausland in diesem Bereich deutlich zeigt? Wollen wir uns neben Nahrung nun auch bei Bekleidung in eine ähnliche Abhängigkeit geben? Die Hemden aus Jugoslawien, Ungarn, Polen oder aus Asien dürften uns in einigen Jahren teuer zu stehen kommen, wenn man unsere Unfähigkeit ausnutzt, keine Bekleidung für den täglichen Gebrauch mehr herstellen zu können. Man scheint immer wieder zu vergessen, daß es in anderen Ländern Fachleute gibt, die wissen. was ihre Produkte wert sind. Ich finde, wir haben nicht zu viele Textilarbeiter und -Unternehmer, sondern zu viele Nationalökonomen. Man sollte hier einmal nach »billigeren und besseren' Importen Ausschau halten -- unsere eigenen sind anscheinend nicht mehr konkurrenzfähig. Bamberg HANS KARTMANN jr. In dem. SPIEGEL-Interview mit dem Arbeitsminister Walter Arendt wird seitens der SPIEGEL-Reporter behauptet, daß für die Arbeitslosigkeit die Regierung verantwortlich gemacht werde. In der Tat entspricht diese Behauptung der landläufigen Meinung, in Wahrheit aber ist die Regierung nicht für die Arbeitslosigkeit verantwortlich zu machen, zumindest nicht in erster Linie. Die uns drohende Arbeitslosigkeit hat nämlich zunächst einmal ihren Grund darin., daß unsere Wirtschaft zur Zeit leider nicht wettbewerbsfähig ist. Also ist neben der Ölkrise das relativ hohe Lohnniveau ein Grund für die Arbeitslosigkeit Die Regierung hat aber die Löhne nicht festgesetzt. Daraus folgt. daß in erster Linie die Tarifpartner für die drohende Arbeitslosigkeit verantwortlich sind. Im Grunde genommen weiß das auch jedermann.; selbst die Tarifpartner wissen das, aber sie geben es freilich nicht zu. Nun ist jedoch die Regierung nicht völlig schuldlos an der Arbeitslosigkeit, denn die unsere Wirtschaft regelnden Gesetze stammen ja letzten Endes von der Regierung, also auch das Gesetz über die Tarifautonomie. Aber eine Schuld trifft dann nicht die augenblickliche Regierung allein, sondern in gleichem Maße alle früheren Regierungen dieser Bundesrepublik Heidenheim (Baden-»Württ.) DR-ING. GUNTHER LANGE Herr Minister Arendt meint, die Bundesregierung habe die Energiekrise und somit auch deren Folgen »nicht zu vertreten«. Zu vertreten hat jedoch auch eine Regierung nicht lediglich Vorsatz"
"112","0.7220724523067474","0.7220724523067474","0.8","Score: 8.0/10 - Der Brief thematisiert die Gefährdung der Autoindustrie und die Angst vor Arbeitsplatzverlusten durch technologischen Wandel. Die Kritik an der 'Stellmacher-Lobby' und die Ablehnung der 'Sandwich'-Bauweise – einer technisch fortschrittlichen, rechnergesteuerten Fertigung – zeigen eine klare Ängstlichkeit vor der Verweigerung von Rationalisierung und Automatisierung. Die Aussage, dass die Umstellung 'die Ertragslage und Konjunkturresistenz verbessert hätte' und 'Arbeitskräfte von vornherein in anderen Erwerbszweigen ansiedeln können', zeigt eine Hoffnung auf positive Effekte durch technologische Modernisierung. Gleichzeitig wird die Angst vor 'Massenarbeitslosigkeit' und 'Wirtschaftskrisen' durch technologische Stagnation thematisiert. Die Metapher vom 'prallgefüllten und bereits recht dünnwandigen Ballon' drückt die Angst vor einem kollapsartigen Zusammenbruch der Industrie aus, wenn technologischer Wandel nicht erfolgt. Dies ist eine direkte Auseinandersetzung mit den Auswirkungen von Automatisierung auf Arbeitsplätze.","Briefe","1974-03-17","https://www.spiegel.de/politik/duennwandiger-ballon-a-f02e1a54-0002-0001-0000-000041721991?context=issue","(Nr. 10/1974, SPIEGEL-Titel: Gefährdete Autoindustrie -- Mit Tempo 130 in die Flaute) Ob der durch Nachfragemangel bedingte Untergang der Pyramidenbaukunst seinerzeit zu Massenarbeitslosigkeit und Wirtschaftskrisen geführt hat, ist heute wohl kaum noch auszumachen. Jedenfalls trauert heute niemand mehr dieser »Schlüsselindustrie« nach. Dasselbe gilt -- trotz ihrer Bedeutung für den Außenhandel -- für die antike Goldschmiedekunst, deren Rohstoffbeschaffungsmethoden übrigens unsere heutigen Verkehrsunfallzahlen an Unmenschlichkeit weit übertreffen. Jedenfalls sollte es aber angesichts der heute zur Verfügung stehenden technischen und organisatorischen Hilfsmittel möglich sein, Härten auszugleichen, wenn einmal eine Wachstumsindustrie an ihre naturgegebenen Grenzen stößt. Und diese Grenzen sind im Falle der Autoindustrie immer noch sehr weit gesteckt. Aachen PROF. DR. RER. NAT. GEORG RIEDER Was wäre, wenn vor Jahrzehnten die Stellmacher-Lobby durchgesetzt hätte, daß die Produktion von Fuhrwerken nicht gedrosselt, sondern ständig gesteigert werden müsse? Jeder siebte Arbeitnehmer wäre heute direkt oder indirekt von der Pferdewagenproduktion abhängig. Bietigheim-Metterzimmern (Bad.-Württ.) HARTMUT BERNECKER Aus Scheu vor neuen Wegen haben die Automobilhersteller jeder für sich konstruktions- und fertigungstechnische Weiterentwicklungen akzeptiert und Systemumwälzungen vermieden. So wurde 1968 die für einen großen Hersteller damals opportune Umstellung auf die technisch durchdachte und kaufmännisch interessante »Sandwich«-Bauweise (Polyelement-Pressen, rechnergesteuerte Teile-Summierung und Vertikal-Punktschweißung vom Boden bis zum Dach, Klemm-Montage von Frontattrappe, Kotflügel und Stoßfängern) vom Vorstand abgelehnt, nachdem auch ein führender Gewerkschafter wegen der zu geringen Beteiligung des Produktionsfaktors Mensch protestiert hatte. Das Projekt wurde geheimgehalten und abgeheftet. Gerade das Sandwich-Auto hätte die Ertragslage und Konjunkturresistenz der Autohersteller wesentlich verbessert und Arbeitskräfte von vornherein in anderen Erwerbszweigen ansiedeln können. Mülheim (Nrdrh.-Westf.) MANFRED ZEIDLER »Gefährdung der Arbeitsplätze« -- das ist der Knüppelausdemsack, mit dem einfallslose Manager das Volk und die Regierung in Angst und Schrecken versetzen wollen. Lachhaft! Auf den Mond fliegt man, im Weltall rotiert man herum; aber leise, ungiftige Autoantriebe sind noch lange nicht produzierbar. Angeblich! Wuppertal EDELTRAUD SCHEFFLER Neue Autofabriken werden sich als Fehlinvestitionen erweisen, und es wäre sinnvoller, die Mittel dafür in Forschung und Entwicklung neuer Produkte und damit in die Erhaltung von Arbeitsplätzen zu investieren. Je länger man noch versuchen wird, diesen kranken Giganten wie einen schon prallgefüllten und bereits recht dünnwandigen Ballon noch stärker aufzupumpen, desto lauter wird eines Tages der Knall, beziehungsweise desto folgenschwerer wird eines Tages der völlige Kollaps sein"
"113","0.7190789580345154","0.7190789580345154","0.8","Score: 8.0/10 - Der Brief von Professor Karl Steinbuch thematisiert explizit die gesellschaftlichen Auswirkungen der Technikentwicklung. Er spricht von der Notwendigkeit einer bewussten Steuerung der technischen Entwicklung durch die Gesellschaft, fordert eine »Antiproduktion« und ein Recycling-System, um die »Wegwerf-Gesellschaft« zu vermeiden. Er warnt vor einer unkontrollierten Nutzung von Materie, Energie und Information und betont, dass die Verfahren der Naturwissenschaft und Technik nicht nur zur Produktion, sondern auch zum Abbau von Abfällen genutzt werden müssen. Diese Aussagen zeigen klare Hoffnungen auf eine verantwortungsvolle, nachhaltige Techniknutzung und zugleich Ängste vor einer unkontrollierten, zerstörerischen Entwicklung. Die Begriffe wie »falsch programmiert« und die Kritik an Tofflers »Wegwerf-Gesellschaft« verdeutlichen eine affektive Dimension. Daher 8/10.","Briefe","1971-09-12","https://www.spiegel.de/politik/ende-der-zukunft-a-93965517-0002-0001-0000-000043144120?context=issue","(Nr. 37/1971, Umwelt) Ihr Bericht über R. Proskes ausgezeichnete Sendung »Suche nach der Welt von morgen« mit dem Untertitel »Ende unserer Zukunft« hat einen fatalistischen Schluß: »... wie Menschen etwas dazulernen: durch Sterben«. Es kann so kommen, aber es muß nicht so kommen, wenn wir nicht resignieren und sachverständig handeln. Es kommt zuerst darauf an, die Öffentlichkeit über Fakten zu unterrichten -- hierfür hat sich der SPIEGEL in den letzten Jahren dankenswerterweise stark eingesetzt, aber es kommt dann auch darauf an, für wirksame Abhilfen zu werben. (Hierzu habe ich in dem Buche »Mensch, Technik, Zukunft« einiges ausführlicher dargestellt): Informationstheoretiker und Autor: »Falsch programmiert«. * Wir müssen alle publizistischen, erzieherischen und politischen Möglichkeiten nutzen, daß mit Materie, Energie und Information sparsam und sorgsam umgegangen wird. Was A. Toffler so leichtfertig als »Wegwerf-Gesellschaft« propagiert hat, muß unter allen Umständen vermieden werden. * Die Verfahren der Naturwissenschaft und Technik dürfen nicht nur -- wie bisher beinahe ausschließlich -- zur Produktion, also zur Herstellung von Gütern, sondern müssen ebenso intensiv zum Abbau der unbrauchbaren Güter benutzt werden (""Antiproduktion""). Abfälle dürfen nicht mehr unkontrolliert irgendwo deponiert werden, sondern müssen in einem möglichst kurzen Kreislauf der Wiederverwendung zugeführt werden (""recycling""). Diese Antiproduktion kann nicht durch private Motivation aufgebaut werden, hier muß die Gesellschaft die technische Entwicklung steuern. Ettlingen (Bad.-Württ.) PROFESSOR DR.-ING. KARL STEINBUCH"
"114","0.7399686276912689","0.7399686276912689","0.7","Score: 7.0/10 - Der Text thematisiert die Auswirkungen technologischer Entwicklung – hier den Atomenergiebau – auf die Arbeitswelt. Die Briefschreiberin äußert Ängste vor kapitalintensiven Produktionsweisen, die langfristig Arbeitskräfte freisetzen und die Arbeitswelt verändern. Sie kritisiert, dass die Gewerkschaften dabei die Forderung nach Veränderung der Arbeitswelt in den Hintergrund drängen. Dies zeigt eine implizite Angst vor Arbeitsplatzverlust durch technologischen Wandel, verbunden mit einer kritischen Haltung gegenüber der sozialen Ausrichtung der Technologie. Die Wortwahl (»Arbeitsplätze gehen flöten«) und die kritische Rahmung verdeutlichen eine affektive Dimension.","Briefe","1977-03-20","https://www.spiegel.de/politik/arbeitsplaetze-gehen-floeten-a-73a5c955-0002-0001-0000-000040941728?context=issue","(Nr. 11/1977, Arbeitsplätze) Die Aussage der IG Bergbau und Energie: Höherer Stromverbrauch in der Zukunft bedeutet jetzt forcierten Kernkraftwerksbau und so die Schaffung und Erhaltung von Arbeitsplätzen. zeigt eine gefährliche Tendenz zur Abkehr von gewerkschaftlichen Prinzipien. Hier setzt man sich nicht nur zugunsten von Wirtschaftsexpansion und Profitinteresse über die Forderung nach menschlicher Umwelt und sozialer Gerechtigkeit hinweg, sondern fördert auch verstärkt kapitalintensive Produktionsweisen, die langfristig Arbeitskräfte freisetzen. Die gewerkschaftliche Forderung nach Veränderung der Arbeitswelt tritt total in den Hintergrund, auch wenn diese Veränderung kommen wird: Durch die Konzentration von Investitionen und Staatssubventionen auf den Atomenergiebereich werden die anderen Wirtschaftsbereiche weniger Mittel erhalten, Forschung und Innovation dort gehen zurück, die Situation in diesen Bereichen verschlechtert sich, die Arbeitsplätze gehen flöten. Freiburg ULRICH MARTIN DRESCHER"
"115","0.7342739999294281","0.7342739999294281","0.7","Score: 7.0/10 - Der Text thematisiert die Angst und Belastung von mittelständischen Unternehmern durch Bürokratie und wirtschaftliche Strukturen. Die Metapher des »Ur-Christen aus Neros Zeiten« und die Rede von »Ausgebeuteten«, die bis zum Herzinfarkt ausgebeutet werden, zeigen eine starke affektive Dimension. Obwohl die Technologie nicht direkt erwähnt wird, wird implizit die Angst vor einem korrupten System, das durch moderne Verwaltung und Wirtschaftsstrukturen entsteht, deutlich. Die Kritik an »Formal-Kretins in den Bürokratien« und der »amorphe Haufen mißtrauischer Einzelgänger« deutet auf eine gesellschaftliche Angst vor technokratischen und bürokratischen Systemen, die mit der Automatisierung und Rationalisierung verbunden sein könnten.","Briefe","1978-02-12","https://www.spiegel.de/politik/das-establishment-kassiert-ab-a-cd7d1935-0002-0001-0000-000040616361?context=issue","(Nr. 4/1978, Unternehmer: Peter Brügge über mittelständische deutsche Unternehmer und ihre Ängste) Ihr Report räumt erfreulicherweise mit einigen weit verbreiteten Traumvorstellungen über die goldene Freiheit des selbständigen Unternehmers auf. Insofern ist Ihnen für die richtige Darstellung der uns nur zu bekannten Erschwernisse und Belastungen zu danken. Insgesamt weckt Ihr Artikel aber den fälschlichen Eindruck von ausschließlich weinerlich und fatalistisch gestimmten Unternehmern. Münster MARTIN LEICHT Bundesvorsitzender des Bundesverbandes Junger Unternehmer (BJU) Ihr Vergleich mit den Ur-Christen aus Neros Zeiten ist nicht so abwegig. Nur heute sind die Methoden feiner geworden. Die Ausgebeuteten werden lange anhaltend gemolken, ausgesaugt. Ihre Leistungsfähgkeit und zum großen Teil ihr Leistungswille wird durch zunehmenden Streß bis zum Herzinfarkt, körperlichen Zusammenbruch einem korrupten System dienstbar gemacht. Das Establishment kassiert ab, die Unterdrückten müssen für Nachschub sorgen. Eine saubere Demokratie. Dieses System züchtet geradezu Wirtschaftsverbrechen und Terrorismus. Giessen RUDOLF G. HAUSMANN direkt Betroffener. 18 Mitarbeiter Der Artikel wäre eine Titelgeschichte wert gewesen. Der informative Teil des Artikels verbarg sich jedoch zu sehr im gewählten anachronistischen Rahmen (Bild und Text), der die gesellschaftspolitische Brisanz mehr verschleierte als vordergründig ins Bewußtsein rückte. Immerhin beschäftigt der »amorphe Haufen mißtrauischer Einzelgänger mit Katakombengefühl« mehr als die Hälfte aller Arbeitnehmer. Hannover ELMAR BREHM Rechtsanwalt, Aktionsgemeinschaft wirtschaftlicher Mittelstand (AWM), Landesverband Niedersachsen Das Beste, was seit Jahren im SPiE-GEL stand! Wir haben Tränen gelacht über die Aberwitzigkeit der Formal-Kretins in den Bürokratien. Wistedt (Nieders.) B. ECKHOFF Im Namen nicht unternehmerisch tätiger Freunde Ich bin erfreut darüber, daß im SPIEGEL die Problematik kleiner und mittlerer Unternehmen angesprochen wird. Diesem Artikel könnte man reihenweise Gleichartiges hinzusetzen. Regensburg (Bayern) KONRAD AUNKOFER Schreinerei Vielleicht interessiert Sie die Meinung eines Unternehmensberaters, der vorwiegend mit mittelständischen Unternehmern zu tun hat. Sieht man von den statistisch nicht relevanten Glücksrittern ab, die sich gesundgestoßen haben, bleibt das Gros der gewissenhaften Gelackmeierten. Die Gesellschaft hat den Herrenreiter in der Nase, so sehr sich der auch abplagt auf der Mähre. Eching (Bayern) FREIHERR VON USLAR-GLEICHEN Kommunikationsberatung Der Artikel von Peter Brügge ist zwar in der Sprache des 19. Jahrhunderts geschrieben, trägt aber seine Überschrift »In die Ecke gedrängt und verfolgt« nicht zu Unrecht"
"116","0.7296536564826965","0.7296536564826965","0.7","Score: 7.0/10 - Der Text enthält explizite Kritik an der Macht von Industrieunternehmen, die durch wirtschaftliche Interessen die Demokratie untergraben und die Gemeinden ausbeuten. Die Angst vor einer »Siemensstadt« oder »Eckeshausen« als Namensvettern zeigt eine Sorge vor der Übermacht von Industrie und Kapital, die die lokale Identität und Selbstbestimmung untergräbt. Diese Angst ist eng mit der Automatisierung und Industrialisierung verknüpft, da sie auf die Verlagerung von Entscheidungsmacht von der Gesellschaft auf Unternehmen und technokratische Strukturen hindeutet. Die Kritik an der »Wachstums-Ideologie« und der »Industrieansiedlung um jeden Preis« zeigt eine gesellschaftliche Angst vor einer technokratisch geprägten, wirtschaftsdominierten Welt. Obwohl kein direkter Bezug zu Computern besteht, ist die Angst vor technologischer und wirtschaftlicher Kontrolle durch große Unternehmen klar erkennbar. Daher wird der Text mit 7/10 bewertet.","Briefe","1972-03-19","https://www.spiegel.de/politik/arme-gemeinden-a-25fd8388-0002-0001-0000-000042945001?context=issue","(Nr. 10/1972, Industrie-Ansiedlungen) Nach Ihrem Bericht über die Methoden deutscher und anderer Unternehmen. den Gemeinden zu ihren Gewerbesteuern zu »verhelfen«, habe ich in bezug auf die Firma Eckes im besonderen die Konsequenzen gezogen und bin von »Chantré« auf Brennspiritus umgestiegen. Eichstetten (Bad.-Württ.) KLAUS HEKKING Wenn man Ihren Bericht über den Einfluß von Industrieunternehmen auf kleine wie große Gemeinden im Zusammenhang mit dem letztlich erschienenen über »Kapitalkonzentration -- Ende der Marktwirtschaft« sieht, dann wird es nicht mehr lange währen und »Siemensstadt« (das es in West-Berlin schon lange gibt) wird in »Eckeshausen« (früher Nieder-Olm) oder »Essoheim« (früher Ingolstadt) legitime Namensvettern erhalten. Berlin REINHARD KÖRNER Parlamentarier, Politiker und Beamte als willenlose Laufjungen, Zubringer und Erfüllungsgehilfen der Industrie: So also sieht die Karikatur einer Demokratie aus, maßgeschneidert nach den Vorstellungen des Kapitalismus. Das ist eindeutig kriminell, nicht nur hart am Rande. Überdies eine Bestätigung der Baader-Meinhof-Gruppe. Hückeswagen (Nrdrh.-Westf.) ERNST DITTRICH Auf die Dauer wird nur eine völlige Neuordnung die Lösung bringen können: das Regionalparlament. Und zwar »Region« als einzige Untergliederung des Bundes. Das bedeutet, daß sowohl die Länder als auch die (überholte) Gemeindeselbstverwaltung verschwinden werden. Immer mehr Rechte der Länder gehen an den Bund über; auch die letzte heilige Kuh, die Schulpolitik, steht (mit Recht) auf der Abschußliste. 2000 wird die dritte Ebene Europa heißen, also Europa -- Bund -- Region. Kasse? EGBERT WENZEL Eine Gesellschaft mit privatem Reichtum und öffentlicher Armut zu sein, ist nicht mehr nur unmoralisch, sondern erweist sich allmählich als lebensbedrohlich. Nur zu gerne ließ sich der Bürger einreden, daß die Erhöhung seines privaten Wohlstandes das höchste Gut sei, an Stelle einer ausgewogenen Verbesserung der allgemeinen Lebensbedingungen. Dies führte zur Wachstums-Ideologie, dem grundlegenden Glaubensbekenntnis unserer Gesellschaft. Wachstum ist schlechthin etwas Gutes, alles andere ist nebensächlich. Eine logische Folge davon ist die Industrieansiedlung um jeden Preis. Das trägt vielfach irrationale Züge, wenn man bedenkt, daß das Geld schließlich zur Verbesserung der Lebensbedingungen der Einwohner dienen sollte. Wöschbach (Bad.-Württ.) Dr. L. TRUNKO Der SPIEGEL hat es endlich herausgefunden: Wir kommunalen Wirtschaftsförderer sind also doch recht einfältige Deppen, die sich von jedem Firmenmanager übers Ohr hauen lassen und öffentliche Mittel den unersättlichen Industriegiganten sinnlos in den Rachen schmeißen, nur um Gewerbesteuern in die Gemeindekassen zu leiten. Was dem SPIEGEL bei seiner Kolportage entgangen zu sein scheint, ist die Tatsache, daß bei den kommunalen Bemühungen zur Wirtschaftsförderung und Strukturverbesserung seit Jahren fast ausschließlich die Schaffung guter und zukunftssicherer Arbeitsplätze im Vordergrund steht"
"117","0.72653529047966","0.72653529047966","0.7","Score: 7.0/10 - Der Text thematisiert die Angst vor einer kinderfeindlichen Gesellschaft, in der Menschen als »Menschenmaterial« kalkuliert werden – als Soldaten, Arbeitskräfte und Rentenzahler. Diese Sorge ist eng mit der Angst vor einer technokratischen, rationalisierten Gesellschaft verbunden, in der der Mensch als Ressource, nicht als Individuum betrachtet wird. Die Kritik an der »Militärs- und Wirtschaftsplanung«, die den Menschen nur als Produktionsfaktor sieht, deutet auf eine Angst vor einer technologisch geprägten, dehumanisierten Gesellschaft hin. Die Angst vor einer Zukunft, in der der Mensch nur noch als Teil eines Systems existiert, ist hier implizit, aber klar erkennbar. Die Sorge vor einer Gesellschaft, die den Menschen nur noch als Arbeitskraft sieht, ist eng mit der Angst vor Automatisierung und Computerisierung verknüpft. Daher wird der Text mit 7/10 bewertet.","Briefe","1972-08-06","https://www.spiegel.de/politik/numerus-clausus-geloest-a-82d71975-0002-0001-0000-000042920115?context=issue","(Nr. 31/1972, Baby-Baisse) Wohltuend unterscheidet sich ihre Abhandlung »Baby-Baisse und volle Kassen« von dem üblichen Gezeter Westdeutscher Presse-Erzeugnisse zu diesem Thema. Weder wird der Hungertod als Rentner an die Wand gemalt noch werden Ängste vor chinesisch-indischen Menschenwogen heraufbeschworen, unter denen das »Abendland« begraben werde, falls nicht in Bälde wieder mehr Kinder geboren würden. Winterlingen (Bad.-Württ.) HELMUT MAIER Welches Kind möchte überhaupt noch auf eure Welt kommen? Denn anscheinend gibt es nur noch Menschen, die fragen: Ist es nicht zu mühsam, rentiert es sich überhaupt, ist es nicht zu teuer mit Kindern ... Heute sind wir nicht bloß kindfeindlich, sondern ja so weit. daß wir eben einfach keine Kinder mehr zu »machen« brauchen, wenn sie uns zu lästig sind -- sie kosten Geld und Mühen, mit Kindern hat man nämlich keine Zeit, seinen Bauch und sein Auto zu pflegen. Hamburg SUSE MARIENFELD Schülerin Diese kühne Behauptung ist kaum zu glauben: Noch niemals hatten sie (die Deutschen) soviel Geld, Zeit und Platz für ihren Nachwuchs wie heute. Phrasen dieser Art im Stil der »Bild«-Zeitung dienen nicht der Klärung der Sachlage. sie verfälschen eher die tatsächliche Situation, bedenkt man dabei die zunehmende Tendenz der berufstätigen Frau und die immensen Schwierigkeiten in unserem so sozialen, aber kinderfeindlichen Staat! Hamburg HEIDEMARSE REINHART Ich vermisse jedoch politische und soziologische Aspekte des Problemes. Wie sich geschichtlich belegen läßt, sind Gesellschaften, in denen ältere Jahrgänge dominieren, in ihren Herrschaftsstrukturen verknöchert. Die relativ wenig Jugendlichen haben in diesen Gesellschaften kaum Chancen, die bestehenden Machtstrukturen in Frage zu stellen. 1. Einmal leben sie in einer vorwiegend aus Alten bestehenden Umwelt, die sie korrumpiert und sie schließlich, dank ihrer zahlenmäßigen Überlegenheit. sich assimilieren kann. 2. Politische Forderungen der Jugend können von Alten niedergestimmt werden (vergleiche das Wahlverhalten der älteren Jahrgänge in der BRD). Längerfristig gesehen dürfte deshalb hauptsächlich die CDU/CSU von der Geburtenbaisse profitieren. Brüssel (Belgien) H. TEUBNER Wenn man sich die sachlich-herabwürdigende Form vergegenwärtigt. in der über Gebärfreude, Säuglingsnachschub und Durchschnittsleistung der Ehepaare berichtet wird, so scheinen wir nicht mehr weit von dem Begriff »Menschenmaterial entfernt zu sein. Das beweist auch die Tatsache, daß sowohl in den Planspielen der Militärs als auch der Wirtschaft und der Staatsbürokratie der Mensch nur noch als Soldat. Arbeitskraft und Rentenzahler von morgen kalkuliert wird. In unserer Zeit einem Recht Ungeborener auf Leben zur Geltung zu verhelfen, grenzt an Zynismus. Marl (Nrdrh.-Westf.) NORBERT BALZER Na also! Damit wäre das Problem »Numerus clausus« ja erledigt"
"118","0.7250567376613617","0.7250567376613617","0.7","Score: 7.0/10 - Der Text thematisiert indirekt Ängste vor gesellschaftlichem Wandel und Verlust traditioneller Werte, insbesondere durch die Nostalgie als Reaktion auf eine 'nüchterne', rationalisierte Moderne. Die Kritik an der 'rationalisierten Alltag' und die Verbindung von Nostalgie mit einer 'verflossenen Pionier-Zeit' deuten auf eine affektive Reaktion auf technologischen und gesellschaftlichen Wandel. Die Erwähnung von Rudi Augstein als 'fortgeschrittenen Nostalgiker' und die Kritik an der 'sentimentalen Beschwörung vergangener Moden' zeigen eine ambivalente Haltung gegenüber der modernen, technisierten Gesellschaft. Obwohl keine direkte Rede von Computern oder Automatisierung erfolgt, spiegelt die Kritik an der Rationalisierung und der Verdrängung von Individualität und Authentizität zeitgenössische Ängste vor einer technokratischen, entmenschlichten Gesellschaft – eine zentrale Angst im Kontext der Computerisierung und Automatisierung.","Briefe","1973-02-11","https://www.spiegel.de/politik/waberlohe-a-62fa0829-0002-0001-0000-000042648928?context=issue",". von denen einer die Nostalgie ist. München HELMUT WIESENT Die Nüchternheit unserer Tage ist beklemmend; kein Wunder also, daß die Nostalgie und die damit verbundenen Reminiszenzen an bestimmte Vorgänge im Menschen einen Regenerationsfaktor darstellt. Brackwede (Nrdrh.-Westf.) HANS-JOACHIM HEULE Das Räkeln im Kitsch-as-catch-can-Wohnungsstil ist eine mit Plüsch und Rüschen verbrämte Vogel-Strauß-Politik, deren Ursache primär die noch immer oligarchisch strukturierte Arbeitswelt ist. Sobald als Interieur-Ideale wieder nüchterne, klare Formen und Linien dominieren, kann mit großer Wahrscheinlichkeit die Epplersche Forderung auf Schaffung der Voraussetzungen für die Leistungsmotive« die sich an höherer Lebensqualität orientieren, als erfüllt angesehen werden. Bühlertal (Bad.-Württ.) GÜNTHER BURK Wenn Sie kritisieren, daß »die entenschwanzfrisierten Lederjacken der Rock""n""Roll-Band »Sha-Na-Na' den Fernsehpreis von Knokke gewinnen«. dann verstehen Sie diese Band, die übrigens beim Mammutfestival von Woodstock vor den kritischen Augen von 300 000 Besuchern spielte, nicht. Waldshut (Bad.-Württ.) KLAUS HUBER Es war kaum zu erwarten, daß Sie dein Abgang Ihres Herausgebers aus dem rationalisierten Alltag deutscher Tagespolitik einen größeren Beitrag widmen würden. Überraschend nur, ihn stilvoll verpackt im Kulturteil unter der Überschrift »Jene Sehnsucht nach den alten Tagen« zu finden. Für viele mag es überraschend gewesen sein: Rudi Augsteins Weg vom »ehemals radikalen Neinsager« zum »fortgeschrittenen Nostalgiker«, seine Heimkehr nach Hamburg als Flucht in die »hausgemachte Krimskrams-Romantik« der Brandstwiete, wo er nun wohl hoch über der grauen Elbe sitzt und »melancholisch an den Rosinen aus dem großen Kuchen der Vergangenheit« knabbert. Zu den Beständen, von denen unsere Spätkultur mangels jeder Möglichkeit für eine von der FDP mitgestaltete bessere Zukunft zu leben haben wird, gehört eben auch die verflossene Pionier-Zeit eines deutschen Nachrichten- Magazins. Was den Leser im SPIEGEL künftig häufiger noch als heute schon erwarten soll, haben Sie selbst dezent anzudeuten versucht: denn »mit der sentimentalen Beschwörung vergangener Moden und Marotten« kommen natürlich auch die trivialen Lesewonnen der frühen Adenauer-Zeit zu neuem Ansehen. Moritz kramt schon nach den alten Pfeilen! Am Problem effektiver Vermarktung werden Sie sicher nicht scheitern! Berlin WINFRIED SÜHLO"
"119","0.7229178547859192","0.7229178547859192","0.7","Score: 7.0/10 - Der Brief thematisiert die Angst vor einem Überangebot an Akademikern und die Schwierigkeiten bei der Arbeitsplatzsuche, was auf eine gesellschaftliche Sorge um die Zukunft der qualifizierten Arbeitskräfte hinweist. Die Kritik an der 'Bildungslawine' und die Forderung nach einer Umorientierung der Bildungspolitik zeigen eine Ängstlichkeit vor strukturellen Veränderungen in der Arbeitswelt. Die Aussage 'selbst mit Abitur kein Studienplatz, selbst mit Hochschulabschluß kein Arbeitsplatz' drückt eine klare Angst vor dem Verlust von Chancen durch technologischen und wirtschaftlichen Wandel aus. Die Ironie in 'Tausche Abiturzeugnis gegen Gesellenbrief' unterstreicht die gesellschaftliche Unsicherheit. Obwohl keine direkte Rede von Computern oder Automatisierung erfolgt, ist die Angst vor der Unzulänglichkeit der Bildungssysteme im Kontext der modernen Arbeitswelt – also im Kontext von Automatisierung – zentral. Die Textstelle zeigt eine implizite Angst vor technologischem Wandel, der die traditionellen Karrierewege untergräbt.","Briefe","1973-09-09","https://www.spiegel.de/politik/mal-besser-haben-a-b970f069-0002-0001-0000-000041911207?context=issue","(Nr. 34/1973, Akademiker) Zufällig hatte ich als Zulassungsarbeit für die wissenschaftliche Prüfung des Gewerbelehramtes im Sommersemester 1973 eine Prognose mit dem Thema »Der Bedarf an Diplom-Ingenieuren in der Bundesrepublik Deutschland im Jahre 1980« erarbeitet. Ich kann daher Ihre Aussagen für die Diplom-Ingenieure der technischen Fachrichtungen. unter den in meiner Bedarfs-Prognose gemachten Annahmen, bestätigen. Varrel (Nieders.) GÜNTER WICHA Darf ich drei SPIEGEL-Zitate vor Augen führen? Ausgabe 50/1964, Seite 73/74: »Im Wirtschaftswunderland »erhält der größere Teil der Jugend', wie der Frankfurter Pädagoge Friedrich Edding signalisierte, »keine faire Chance, sich entsprechend seiner besonderen Begabung zu bilden.« Ausgabe 25/1973, Seite 50: »Das Abiturzeugnis genießt noch immer ein hohes Ansehen Für sich genommen, hat dieses Papier weniger Wert als der Gesellenbrief eines Handwerkers, der immerhin sofortigen Broterwerb in seinem Beruf ermöglicht« Ausgabe 34/1973, Seite 23: »Schon jetzt ... haben viele Jungakademiker »Schwierigkeiten, einen »adäquaten Arbeitsplatz zu finden'.« Zugegeben, seit 1964 hat sich etwas geändert: Die Chance ist einigermaßen fair geworden. Aber selbst mit Abitur kein Studienplatz, selbst mit Hochschulabschluß kein Arbeitsplatz? Darf ich für Juli 1974 ein Inserat aufgeben?: »Tausche Abiturzeugnis gegen Gesellenbrief.« Eichelsbach (Bayern) ARMIN HEIN Ein Überangebot von Akademikern und Abiturienten auf der einen Seite, ein Fehlbestand in den qualifizierten Handwerksberufen andererseits. Es ist billige Konjunkturpolitik, wenn der SPIEGEL die Schuld an der in allen deutschsprachigen Ländern rollenden Bildungslawine der jeweiligen Regierung zuschiebt! Ein Teil der »Hauptschuldigen« sitzt wohl immer noch in der SPIEGEL-Redaktion. Wien DR. HERMANN HOPP"
"120","0.7204027473926544","0.7204027473926544","0.7","Score: 7.0/10 - Der Brief thematisiert den Rückstand der Bauindustrie in der Technisierung und Rationalisierung im Vergleich zu anderen Branchen. Die Kritik an der 'Industrialisierung des Bauens' und die Aussage, dass die Lohnkosten nicht durch Technisierung ausgeglichen werden konnten, zeigen eine klare Angst vor technologischem Rückstand. Die Erwähnung von 'Rationalisierungs- und Technisierungs-Rückstand' und die Forderung nach Förderung der Bautechnik deuten auf eine gesellschaftliche Sorge um die Zukunft der Branche. Die Angst vor 'hohen Mieten' und 'Belastungen für Eigenheime' ist direkt mit der wirtschaftlichen Wirkung von Technisierung verbunden. Die Aussage, dass Bauunternehmen 'weder ehrbares Handwerk noch moderne Industrie verkörpern', zeigt eine Angst vor der Verdrängung traditioneller Arbeitsweisen durch technologische Modernisierung. Die Textstelle zeigt eine implizite Angst vor Automatisierung, die die Arbeitswelt verändert.","Briefe","1976-10-17","https://www.spiegel.de/politik/bahrdt-weder-handwerk-noch-industrie-a-8ba11051-0002-0001-0000-000041125142?context=issue","In der öffentlichen Diskussion wird meist auf die steigenden Bodenpreise hingewiesen, ferner auch auf die hohen Gewinne, die Bauunternehmen zum mindesten in Zeiten eines Bau-Booms machen können. Zu wenig wird die Hauptursache berücksichtigt. Während die Mehrzahl der anderen Branchen die steigenden Lohnkosten durch Technisierung und organisatorische Rationalisierung insoweit ausgleichen konnten, daß die Preise nicht schneller stiegen als die Einkommen (was bedeutet: im Verhältnis zum Realeinkommen blieben die Preise stabil oder sanken), war dies im Baugewerbe trotz aller Bemühung um eine »Industrialisierung des Bauens« offenbar nicht möglich, jedenfalls nicht in dem Maße wie anderswo, wenn man vom Dienstleistungsbereich absieht. Da gemäß den Gesetzen des Arbeitsmarktes die Löhne und Gehälter im Bauwesen aber ebenfalls stiegen, fressen die Mieten und Belastungen für Eigenheime einen um so höheren Teil des Einkommens, je später sie gebaut sind. Spricht man Baufachleute auf den Rationalisierungs- und Technisierungs-Rückstand ihres Gewerbes an, so reagieren sie oft empfindlich. Das hätten sie nicht nötig. Die Ursachen liegen teils in branchentypischen Gegebenheiten der Produktion, vor allem aber auch in der übergroßen Konjunkturabhängigkeit der Bauindustrie, in der große Investitionen in den Maschinenpark und so weiter, die lange Zeit brauchen, um sich zu amortisieren, gefährlich werden können. Ein Bauunternehmen muß fähig sein, in kürzester Zeit schrumpfen und wieder expandieren zu können. Das geht nur. wenn sie relativ personalintensiv produzieren. Wenn die öffentliche Hand die in dem SPIEGEL-Bericht behandelten Probleme lösen will, muß sie mehr als bisher die Entwicklung der Bautechnik fördern. Strukturverbesserungen im Baugewerbe ermöglichen und für eine Stetigkeit der Auftragslage sorgen. Sonst bleiben die meisten Bauunternehmen in einem Zustand, in dem sie weder ehrbares Handwerk noch moderne Industrie verkörpern. Göttingen PROF. DR. W P. BAHRDT Soziologisches Seminar der Georg-August-Universität"
"121","0.7172735631465912","0.7172735631465912","0.7","Score: 7.0/10 - Der Text kritisiert die Rationalisierung in der Presseindustrie durch teure Investitionen und die damit verbundene Arbeitsplatzverluste. Die Frage »Sollte man nicht endlich beginnen, mehr und mehr an arbeits- und beschäftigungsintensive Verfahren zu denken?« zeigt eine klare Angst vor der Arbeitsplatzvernichtung durch technologische Rationalisierung. Die Kritik an der »teuren Investition«, die »Arbeitskräfte wegzurationalisieren«, und die Warnung, dass die Zeche später von Gesellschaft und Staat getragen wird, verdeutlichen eine gesellschaftliche Sorge um die Auswirkungen der Technologie auf die Arbeitswelt. Die Verbindung zu Entwicklungsländern als Vorbild zeigt auch eine Hoffnung auf eine menschenzentrierte Technikentwicklung. Die affektive Dimension ist erkennbar (»die Zeche wird später getragen«), aber die Technologie wird nicht explizit als Computerisierung oder Automatisierung bezeichnet. Daher 7/10 – implizite Hoffnungen und Ängste mit klarer gesellschaftlicher Dimension.","Briefe","1976-06-13","https://www.spiegel.de/politik/zeitung-und-bildschirm-a-93017247-0002-0001-0000-000041170715?context=issue","(Nr. 20-21/1976, Pressetechnik; Nr. 22/ 1976, Medien: Die elektronische Revolution bestimmt die Zukunft der Presse. Das Fernsehen vermag -- siehe Druckerstreik -- die Zeitung nicht zu ersetzen) Sollte man nicht endlich beginnen, mehr und mehr an arbeits- und beschäftigungsintensive Verfahren zu denken, als durch teure Investitionen noch mehr Arbeitskräfte wegzurationalisieren. Vieles geschieht heute nur eines kurzfristigen Erfolges wegen, die Zeche wird später durch Gesellschaft und Staat getragen werden müssen. In der dritten Welt versucht man seit Jahren trotz des technischen Fortschritts hinsichtlich der Arbeitsverfahren Kompromisse zu finden, heute bereits ernst zu nehmendes Modell auch für die Bundesrepublik. Ouagadougou (Republik Obervolta) PETER ED. WEINSTABEL Dipl.-Ing. Zunächst einmal möchten wir für das Verständnis danken, das Sie für die zeitraubende Feature- und Magazin-Arbeit des Fernsehens aufbringen, zugleich jedoch darauf hinweisen, daß die Produktionsmöglichkeiten erheblich komplizierter sind. So dauert die Arbeit für ein Feature von 45 Minuten Länge mit Recherchen, Drehen und Schnitt in der Regel gut ein Vierteljahr. Es vergehen also nicht nur Tage. Darüber hinaus erfolgt die Programm-Planung im Gemeinschaftsprogramm der ARD allgemein 8 bis 10 Monate im voraus. Berlin PETER KRÖGER Sender Freies Berlin Pressestelle"
"122","0.7171672284603119","0.7171672284603119","0.7","Score: 7.0/10 - Der Text thematisiert die Entwicklung des Gesundheitswesens, insbesondere die Gemeinschaftspraxis und die Rolle von Bürokratie. Die Kritik an der »langen Wartelisten« und der »großen Bürokratie«, die durch Sozialisierung entsteht, deutet auf eine Angst vor einer technokratischen, bürokratischen Verwaltung, die durch technologische Systeme unterstützt werden könnte. Die Aussage »Der Arbeitsmarkt wird entlastet, da neben der Stellenvermehrung eine gewaltige Bürokratie aufgebaut werden muß« zeigt eine ambivalente Haltung: Hoffnung auf Entlastung, aber Angst vor bürokratischer Überlastung. Obwohl keine direkte Erwähnung von Computern oder Automatisierung erfolgt, ist die Kritik an der Bürokratisierung und der Verwaltungstechnik als Reaktion auf technologischen Wandel interpretierbar. Die affektive Dimension ist erkennbar (»40 Stunden ohne high speed dann genug!«). Daher 7/10 – implizite Hoffnungen und Ängste bezüglich technologischen Wandels in der Verwaltung.","Briefe","1975-05-18","https://www.spiegel.de/politik/beginnt-der-geifer-zu-fliessen-a-5a13d627-0002-0001-0000-000041496515?context=issue",". Denn was kann man schließlich schon für lumpige 240 Mark monatlich verlangen. Mir kommen die Tränen. Wehe dem, der krank ist. Köln HANNELORE BERNARDY Es bricht einem das Herz, wenn man an die armen, ausgebeutelten »Ärzte« denkt, die den Patienten durch Maßnahmen wie Gehaltskürzungen zu besserer Gesundheit verhelfen wollen. Doch wie hilft man den armen, total überarbeiteten »Ärzten«? Wie wäre es mit der Verstaatlichung des Gesundheitswesens? Berlin GÜNTER ANDERLIK Arbeiter Sie sollten sich nicht so aufregen! Wir werden in absehbarer Zeit auch ohne Ihre Bemühungen ein sozialisiertes Gesundheitswesen haben. Das ist zwar dann noch teurer und im günstigsten Fall auch nicht besser als das jetzige, aber zumindest die finanzielle Seite fällt nicht mehr so auf, und die Ärzte werden endlich weniger verdienen. Als Ausgleich sind 40 Stunden ohne high speed dann genug! Auch sonst kann zu einer Sozialisierung nur geraten werden: Der Arbeitsmarkt wird entlastet, da neben der Stellenvermehrung eine gewaltige Bürokratie aufgebaut werden muß. -- Der Arzneimittelverbrauch wird -- ganz in Ihrem Sinne -- durch die langen Wartelisten sinken, da viele Beschwerden, wie in früheren Zeiten. inzwischen auch ohne Behandlung abgeklungen sein werden. Hannover PROF. DR. DR. MED. C. HEIDSIECK Facharzt für Kieferchirurgie Bei einem Besuch und Unfall in der DDR mußte ich dort ärztliche Hilfe in Anspruch nehmen. Es ist für einen »satten« Bundesbürger beschämend. Mir wurde dort schnell, gut und unbürokratisch geholfen. Die Ärzte verdienen auch nicht wenig, haben aber Zeit für den Patienten. Düsseldorf GUNTHER BAUER Der Trend zur Gemeinschaftspraxis (noch bis 1969 von den Standesgremien verboten) ist eindeutig. In der Gemeinschaftspraxis hat der Arzt mehr Zeit und braucht keine finanziellen Einbußen hinzunehmen, weil rationalisiert wird. Wir haben, einzig in der Bundesrepublik, mit Kliniken, 26 Ärzten und dem Vertrauensärztlichen Dienst eine Laborgemeinschaft, die dem Arzt draußen auf dem Lande die gleich wertvollen und qualitätsgesicherten Befunde auf den Tisch bringt wie dem Klinik-Chef. Jeder kann sich auf die Befunde des anderen verlassen, und bei fraglichen Fällen kann durch den engen Kontakt zwischen Praxis und Klinik optimale Klärung erfolgen. -- Und wenn Sie schreiben, daß weder Regierung noch Opposition Rezepte zur Eindämmung der Kosten hätten, so muß ich dem widersprechen. Die »Kommission Gesundheitspolitik beim Parteivorstand der SPD in Bonn« hat fundierte Vorstellungen formuliert, die gemeinsam mit den Beteiligten ausgefeilt (nicht ausgefeilscht) werden müssen und uns dann einen bedeutenden Schritt voranbringen werden. Bad Salzuflen (Nrdrh.-Westf.) DR. MED. W. H. KAHLERT Facharzt für Innere Medizin Gemeinschaftspraxis im Ärztehaus"
"123","0.7399347126483917","0.7399347126483917","0.6","Score: 6.0/10 - Der Text erwähnt Technologie indirekt, indem er die westdeutsche Gesellschaft als rückständig und gegenwärtigfeindlich darstellt. Die Beschreibung von Menschen, die ständig vor einem Bildschirm sitzen, lesen, sich Bilderfolgen ansehen und in »Wohnwagen« leben, kann als kritische Metapher für die Abhängigkeit von Technologie gedeutet werden. Obwohl keine direkte Rede von Computerisierung oder Automatisierung erfolgt, wird durch die satirische Darstellung eine gesellschaftliche Angst vor technologischem Wandel und Entfremdung vom Alltag deutlich. Die Aussage ist indirekt relevant, aber nicht explizit thematisiert.","Briefe","1979-02-25","https://www.spiegel.de/politik/erstaunliche-tendenzen-a-0b262e6a-0002-0001-0000-000040350948?context=issue","Folgende Zeilen habe ich dem iranischen Nachrichtenmagazin »Eulenspiegel« entnommen und bitte Sie, sie sich hinter den Spiegel zu stecken: In Westdeutschland zeigen sich in letzter Zeit erstaunliche Tendenzen: Die Menschen dort wollen mehr und mehr in der Vergangenheit leben. Nachdem sie vor einigen Jahren alle Kleider abgeschnitten hatten, tragen sie jetzt wieder ganz lange und altmodische Sachen. Andere wollen gar nicht mehr lesen, sondern starren Tag für Tag in einen Kasten, der ihnen Bilder liefert. Wieder andere haben offenbar das Lesen verlernt und gucken sich ständig Bilderfolgen an, wie sie in den steinzeitlichen Höhlen zu finden sind. Einige -- oder nein: fast alle sehnen sich nach der Zeit der Völkerwanderung zurück und schwärmen einmal oder mehrere Male im Jahr in alle Himmelsrichtungen aus, um andere Länder »fest in deutsche Hand« zu bekommen. Auch hier zeigt sich ihre extreme Gegenwarts- und Zivilisationsfeindschaft: Viele leben in Blechhütten, »Wohnwagen« genannt, und ziehen wie Nomaden von Ort zu Ort. Anderen ist das noch nicht genug, sie laufen den ganzen Tag nackt umher. Zu Hause angekommen, zeigen sie dann statt Trophäen merkwürdige Dinge vor, die sie leidenschaftlich sammeln und Souvenirs nennen. Eine große Menge der Deutschen würden am liebsten im alten Rom leben. Wie damals verlangen auch sie nach »Brot und Spielen« und ziehen daher einmal in der Woche in die Arenen, um dort ein merkwürdiges Schauspiel zu genießen, bei dem 22 Leute nicht mit Waffen, sondern alle nur mit einem einzigen Lederball kämpfen. Auch die Zauberei ist wieder im Kommen. Leute, die ganz merkwürdig angezogen sind, füllen bei ihnen die großen Hallen und machen Musik, die die Leute in einen unwürdigen Rausch versetzt. Die Zauberer werden von den Deutschen »Stars« genannt. Als ausländischer Beobachter kann man da nur sagen: Es ist höchste Zeit, daß der Islam diesem rückständigen Land endlich einmal Kultur und Fortschritt bringt. Gerolstein FRANZ-JOSEF NETT"
"124","0.731099545955658","0.731099545955658","0.6","Score: 6.0/10 - Der Text thematisiert tiefgreifende gesellschaftliche Ängste vor einer Zukunft, in der die Vernunft und Planung die menschlichen Emotionen, Gefühle, Liebe und Glauben verdrängen könnten. Die Angst vor einer totalen Planung der Gesellschaft – von der Familienplanung bis zur Weltraumplanung – deutet auf eine existenzielle Sorge vor einer technokratischen, rationalisierten Welt hin, die durch technologische und planerische Systeme ermöglicht werden könnte. Obwohl kein direkter Bezug zu Computern oder Automatisierung besteht, wird die Angst vor einer dehumanisierten, planbasierten Gesellschaft deutlich, die mit der Entwicklung von Technologie und Systemen einhergehen könnte. Die Wortwahl (z. B. »reine Vernunft«, »Gefühlsregung tabu«) und die Rahmung der Zukunft als dystopisch zeigen eine implizite Angst vor technologischem Wandel. Daher wird der Text mit 6/10 bewertet.","Briefe","1973-01-21","https://www.spiegel.de/politik/verrat-der-konservativen-a-567cd33a-0002-0001-0000-000042713773?context=issue",". Düsseldorf CARL-HEINZ RUDAT Die Wachstumsmisere setzt sich selbst irgendwann Grenzen, und sei es durch die eigene Unwirtschaftlichkeit. Wenn wir nur inzwischen einige maßgebliche Wachstümler politisch abschießen können, ist schon etwas gewonnen. Düsseldorf BARROWS MUSSEY Das Fazit Ihres Artikels über Übervölkerung, Umweltverschmutzung und so weiter ist doch dieses: »Wenn wir auf unserer Erde nicht sofort die reine Vernunft walten lassen, gibt es eine Katastrophe« Aber wie kann man heute an die Vernunft des Menschen glauben? Man braucht sich doch bloß umzusehen. Vom Schlachtfeld auf der Straße bis hin zum Schlachtfeld in Vietnam wobei man seine eigene Unvernunft nicht ausschließen darf (obwohl die schönsten Stunden die der Unvernunft waren und ohne diese das Leben sehr traurig ist). Wenn man Ihren Artikel gelesen hat, ist es beinahe unverantwortlich, noch Kinder in die Welt zu setzen, die dieses alles ausbaden müssen (man sollte es trotzdem tun). Wenn eines Tages tatsächlich -- und das muß bald geschehen -- das Zeitalter der reinen Vernunft hereinbrechen sollte, wenn alles nur noch geplant wird, von der Familienplanung über künstliche Geburten bis hin zur Weltraumplanung, wo jede Gefühlsregung tabu ist, wo Liebe und auch Haß. wo Glaube (Gott und viele Dinge im Leben und in der Natur kann man nicht mit Verstand und Vernunft begreifen) und Freude am Leben und am Arbeitsplatz nicht vorhanden wären, ist das Leben dann noch lebenswert? Buchholz Nieders.) GERHARD KLENKE Die Saurier starben aus, da sich ihre Umwelt zu ihrem Nachteil veränderte. Die Menschen werden, dank ihrer Intelligenz. aussterben, da sie ihre Umwelt zu ihrem Nachteil verändert haben. Romrod (Hessen) HERBERT KUNZ Es passiert mir in der letzten Zeit sehr oft, daß ich mit den statistischen Daten. die zur Untermauerung von Argumenten benutzt werden, nicht einverstanden bin. Ich habe politische Ökonomie studiert und daher weiß ich, daß die Handhabung dieser Daten manipulierbar ist. Vor 25 Jahren. im statistischen Seminar, spukte folgender Witz: die SU hat, im zehnten Jahr ihres Bestehens. die ersten fünf Lokomotiven gebaut; im Bericht des ZK hieß es dann, die Produktion von Lokomotiven wurde in den ersten zwei Fünf-Jahres-Plänen um 500 Prozent gesteigert. Frankfurt RAIMUND GORNOWICZ"
"125","0.72748863697052","0.72748863697052","0.6","Score: 6.0/10 - Der Text thematisiert die Angst und den Druck, den die Bildungsreform auf Schüler ausübt, insbesondere durch die Forderung nach Chancengleichheit und Leistungsmaximierung. Die Angst vor Frustration, Entmutigung und dem Mangel an Mut wird explizit genannt. Obwohl kein direkter Bezug zu Computern oder Automatisierung besteht, wird die Angst vor einer überforderten, leistungsorientierten Gesellschaft deutlich, die durch technologische und systematische Rationalisierung in Bildung und Arbeit begünstigt werden könnte. Die Kritik an der »Emanzipationspädagogik«, die den jungen Menschen Widersprüchlichkeiten vorwirft, ohne ihm Orientierung zu geben, deutet auf eine Sorge vor einer dehumanisierten, systemgesteuerten Erziehung, die durch technologische und soziale Veränderungen ermöglicht wird. Die Angst ist implizit, aber klar erkennbar. Daher wird der Text mit 6/10 bewertet.","Briefe","1976-07-11","https://www.spiegel.de/politik/widersprueche-saeckeweise-a-508dee86-0002-0001-0000-000041170623?context=issue","(Nr. 23/1976, SPIEGEL-Titel »Schulangst; Nr. 27/1976, Briefe) Der seit Beginn der Bildungsreform propagierte Begabungsbegriff hat zu falschen Hoffnungen und Erwartungen geführt, die die Schüler erheblich belasten. Kernstück der Bildungsreform war die Propagierung der »Chancengleichheit«. Die angeborene Intelligenz eines Menschen war bedeutungslos, die Förderung durch Gesellschaft und Schule sollte alles vermögen. Es wurde übersehen, daß Chancengleichheit immer nur heißen kann: Gleichheit der Voraussetzungen, aber nicht Gleichheit der Ergebnisse. Mit der Propagierung eines als total machbar gekennzeichneten Begabungsbegriffs wurden bei Eltern und Schülern Hoffnungen und Erwartungen geweckt, als könnten alle Kinder alle Abschlüsse erreichen und letztlich auch alle auf der Stufenleiter des Erfolges die höchste Sprosse erklimmen. Diese falschen Hoffnungen und Erwartungen können mit einer Fata Morgana verglichen werden. Diese Fata Morgana hat nun ihre passende Wüste von Frustrationen gefunden. Der Erwartungshorizont der Eltern orientiert sich verengend und immer einseitiger an dem Erreichen höherer Abschlüsse durch ihre Kinder. Es versteht sich von selbst, daß die Schüler, häufig getrieben von dem an sieh berechtigten Wunsch der Eltern, einem Erwartungsdruck und einer Erwartungsangst ausgesetzt waren und sind, die kaum zu beschreiben ist. Die aufgrund der übertriebenen Erwartungen bestehenden Drucksituationen der Schüler werden durch die Emanzipationspädagogik noch verstärkt, weil der Heranwachsende permanent mit der Widersprüchlichkeit der bestehenden Gesellschaft konfrontiert wird. Ich bin kein Verfechter des Mythos von der »heilen Welt«. Aber es gibt in dieser Gesellschaft durchaus noch vertretbare Wertvorstellungen. Die Schule von heute verzichtet im wesentlichen auf die Vermittlung eines verbindlichen Menschenbildes. Mir scheint es unverantwortlich zu sein, dem jungen Menschen auf seiner Suche nach seiner eigenen Sinngebung wenig Hilfestellung zu bieten und ihm statt dessen die Widersprüchlichkeit säckeweise »frei Haus« zu liefern. Wenn wir es nicht verstehen, den Schüler auch an »in sich Abgeschlossenem« und »Sinnvollem« zu orientieren, tragen wir massiv zu seiner Entmutigung und Mutlosigkeit bei. Und was ist Angst anderes als der Mangel an Mut? Ich werde eine unabhängige Kommission berufen, die sich -- zusammengesetzt aus Schülern, Eltern, Lehrern, Psychologen und Medizinern -- mit den vielfältigen Problemen zu befassen hat und gezielte Verbesserungs- und Veränderungsvorschläge vorlegen wird. Die Öffentlichkeit wird in vollem Umfang informiert. Hannover DR. WERNER REMMERS Niedersächsischer Kultusminister"
"126","0.7220363914966583","0.7220363914966583","0.6","Score: 6.0/10 - Der Text thematisiert die Kritik am Wachstum, an der Konsumgesellschaft und an der 'Unmenschlichkeit' des Fortschritts. Die Angst vor Umweltzerstörung, 'Absatzgier' und 'Profitsucht' zeigt eine gesellschaftliche Sorge um die Folgen technologischen Fortschritts. Die Kritik an der 'Heiligen Allianz von Träumern, Predigern, Privilegierten' und die Frage, ob die Wachstumsbeschränkung die Diskussion um Gleichheit aufwirft, deutet auf eine ambivalente Haltung gegenüber technologischem Wandel. Obwohl keine direkte Rede von Computern oder Automatisierung erfolgt, spiegelt die Kritik an der 'Wachstumsbeschränkung' und der 'Konsumidiotie' eine gesellschaftliche Angst vor einer entmenschlichten, technokratischen Gesellschaft. Die Begriffe 'Wachstumsfetischismus' und 'chaotische Fehlentwicklungen' zeigen eine implizite Angst vor der Kontrolle durch Technologie und Wirtschaft. Die Aussage, dass 'die konservative Oberschicht um die letzten Flecken Natur bangt', unterstreicht die gesellschaftliche Spannung zwischen technologischem Fortschritt und ökologischer Vernunft.","Briefe","1973-01-21","https://www.spiegel.de/politik/verrat-der-konservativen-a-567cd33a-0002-0001-0000-000042713773?context=issue","(Nr. 2/1973, SPIEGEL-Titel über Wachstum) Es fehlt noch das neue, ebenfalls absturzwillige Großraumflugzeug (auf Ihrem Titelbild). Bei seinem Absturz wird es Menschen regnen. Berlin KLAUS SPLIETHOFF Es tut mir leid, aber Herrn Degkwitz' Titelentwurf entspricht in keiner Weise den Vorschriften des Deutschen Abwasserverbandes. Zudem ist er eine Verunglimpfung des Klempnerhandwerks. So schlampig arbeiten wir nicht. Allensbach J. GILDHOFF Der Baum der Zerstörung, der auf dem Titelbild über der Eigenheimidylle wuchert, scheint -- so jedenfalls will es die dazugehörige Geschichte weismachen -- so schlimm auch wieder nicht zu sein. Leider geht es aber nicht nur darum, wieviel Tonnen Schwefeldioxid in den Himmel gepumpt werden (was gewiß teuflisch genug ist), es geht doch in erster Linie um die Ursachen, die diesen Wachstumsfetischismus etablieren halfen, um Absatzgier und Profitsucht. Was not tut, sind nicht nur Entgiftungsanlagen für Industrieabfälle, sondern auch der Kampf gegen die Konsumidiotie, von der viele offensichtlich befallen sind, eine Umorientierung der Produktion auf Dinge, die der Bevölkerung nützt. nicht der Industrie. Ein zweites: Die »Heroen des Fortschritts«, die Unternehmer, Manager und so weiter, die hauptsächlich für die chaotischen Fehlentwicklungen verantwortlich sind, haben mehr Möglichkeiten, den Folgen eben dieser Entwicklungen zu entrinnen als einer, der gerade seinen Lebensunterhalt verdient. Darum ist es auch kein Widerspruch, wenn ausgerechnet die konservative Oberschicht um die letzten Flecken Natur bangt (wenn auch nichts für deren Reservierung tut). Genau dieses Verhalten nannte Carl Amery einmal den »Verrat der Konservativen«. Regensburg ERNST ENDT Unsere BRD-Einkaufs-, Freß-, Sauf-, Rauch- und Wegwerfgesellschaft wird langsam einsehen müssen, daß Wohlstand, Wachstum und Fortschritt nur für einen sehr hohen Preis zu haben sind. Bonn Willi HERFS Ich bin sicher nicht gemeint ... ich fühle mich nicht betroffen! Ich habe ein relativ gutes Einkommen, eine schöne Wohnung (mit »erstklassiger« Ehefrau und Kind), Kühlschrank, Gefriertruhe, Farbfernsehen, Waschmaschine, Kleinauto (Kadett), Wohnwagen, Plattenspieler und einiges andere mehr. Es geht mir gut! Trotzdem habe ich durchaus nicht das Gefühl, im Wohlstand zu ersticken; im Gegenteil, ich -- oder besser gesagt, wir -- haben noch genügend Wünsche offen, die an den fehlenden »Pfennigen« scheitern. Mainz HANS KÖHLER Eine Heilige Allianz von Träumern, Predigern. Privilegierten will die kleinen Leute hindern, zu tun, was im Leben Spaß macht, um elitäre Positionen zu sichern! Der SPIEGEL hat es entdeckt und bringt es fertig, Zusammenhänge zu zersplittern, ernsthafte Fragestellungen zu personifizieren: wie gehabt. Ob nicht auch der Gedanke das Team durchzuckte, daß die Wachstumsbeschränkung am ehesten die Diskussion um Gleichheit oder Privilegien aufwirft? Oder hat man an die Anzeigen von »Höher-Schneller-Weiter« gedacht"
"127","0.7191165685653687","0.7191165685653687","0.6","Score: 6.0/10 - Der Text thematisiert die Krise im Bildungswesen der BRD, insbesondere die Spannungen zwischen Theorie und Praxis, Lehrer- und Schülerverhalten sowie die Frage nach der angemessenen Schülerzahl. Obwohl keine direkten Aussagen über Computerisierung oder Automatisierung gemacht werden, wird implizit die Angst vor einer zunehmenden Entfremdung von der realen Schulsituation und der Überforderung durch strukturelle Probleme deutlich. Die Kritik an der »Fach-Idioten«, »Theorie-Idioten« und »Ideologie-Idioten« zeigt eine besorgte Haltung gegenüber vermeintlich unangemessenen Veränderungen im Bildungssystem – möglicherweise auch als Reaktion auf technologische oder organisatorische Neuerungen. Die affektive Dimension ist erkennbar, aber die Verbindung zu technologischem Wandel bleibt indirekt und schwach. Daher 6/10.","Briefe","1972-04-09","https://www.spiegel.de/politik/zuviel-freiheit-a-b3f7c4a7-0002-0001-0000-000042953812?context=issue",". Und damit wird das Problem für ökonomische Interessen unlösbar. Büchenbach (Bayern) PHILIPP DEMLING Ansprüche und Wirklichkeiten im Bildungswesen der BRD klaffen derart weit auseinander, daß es immer dringlicher erscheint« eine grundlegende Bildungsreform durchzuführen. Dabei genügt es beileibe nicht, den administrativ-organisatorischen Bereich, die Bildungsinhalte und die Methodik zu reformieren. Bei den Lehrern selbst sollte dieser Prozeß beginnen, der zu einer Änderung führen muß. Nur eine veränderte Bewußtseinslage vermag die drohende Resignation zu überwinden. Bonn FRANK BERGER Alle Beteiligten, Eltern, Schüler, Lehrer, können Ihnen für die Analyse »Die Autoritätskrise der westdeutschen Schule« nicht genug danken. Leider werden ja wieder die Falschen diesen Artikel lesen und verstehen, diejenigen nämlich, die ohnehin die Ursachen der Misere kennen. Bünde (Nrdrh.-Westf.) HANS-WALTER BECKER Lehramisanwärter Die ohnehin bestehende Konfliktsituation Schule heute wird durch drei Idioten noch verschärft: 1. den Fach-Idioten: häufig auf Lehrerseite zu finden, überbewertet sein eigenes Fach und zieht sich bei notwendigen Neuerungen hinter seine Scheuklappen zurück. 2. den Theorie-Idioten: zeichnet sich durch mangelnde Kenntnis der grauen Schulwirklichkeit aus; seine imposant klingenden Theorien, häufig an nie zu erreichenden Idealfällen konstruiert, lassen den notwendigen Praxisbezug fehlen. Oft über Parteikarriere in Entscheidungsposten emporgefallen; z. Teil in der Lehrerausbildung tätig (Beispiel Studienseminarleiter), hilft er dann dem jungen Lehrer in bewundernswerter Weise, den clash Schultheorie/Schulpraxis noch zu vergrößern. 3. den Ideologie-Idioten (Teilmenge von 2.): zunehmend auch auf Schülerseite zu finden; schafft mit oft pauschalem, nicht relativiertem Transfer zum Teil überholter oder nicht ausgegorener Ideologien verantwortungslose Entweder-oder-Generalisierung und bezeichnet dies als progressiv. Nicht unbedingt Deutschlands Schüler, vielmehr diese drei, so scheint mir, haben zur Zeit zuviel Freiheit. Gießen HELMUT WEBER Studienrat Ich habe eine vierte Jahrgangsklasse mit 53 Schülern und Schülerinnen zu unterrichten. Meine Erfahrung zur Frage nach »zuviel Freiheit?« läßt weder eine pauschal positive noch eine pauschal negative Beantwortung zu. Denn die Frage nach der Freiheit und den Freiheiten, die sich Schüler gegenüber ihren Lehrern nehmen dürfen bzw. nehmen dürfen sollten, stellt sich in einer Klasse mit über 50 Schülern so absolut anders als in einer Klasse mit unter 30 Schülern, wie sich das nur der vorstellen kann, der sich täglich vor diese Frage gestellt sieht, einmal in dem überschaubaren Rahmen des einen Falles und ein andermal im regelrechten Massenbetrieb des zweiten Falles. Die Meinungen und Feststellungen über die adäquate Schülerzahl pro Klasse sind zwar nach wie vor geteilt"
"128","0.7174731492996216","0.7174731492996216","0.6","Score: 6.0/10 - Der Text kritisiert die Bildungsreform und die Unfähigkeit des Systems, Neuerungen wirksam umzusetzen. Es wird über die Ungeborgenheit von Lehrern und die Fehlentwicklung von Bildungssystemen gesprochen. Die Kritik an der »vorsorglichen« Überfüllung der Ausbildung mit Inhalten deutet auf eine Angst vor einer überforderten, mechanisierten Bildung. Die Forderung nach einem breiten Weiterbildungssystem könnte auch als Reaktion auf technologischen Wandel interpretiert werden, der neue Qualifikationen erfordert. Die affektive Dimension ist erkennbar (»ich vermisse«, »hängt in der Luft«), aber die Verbindung zu Computerisierung oder Automatisierung bleibt implizit und nicht explizit. Daher 6/10 – implizite Angst vor gesellschaftlichen Veränderungen durch technologische Entwicklung.","Briefe","1975-02-02","https://www.spiegel.de/politik/kostenfaktor-unter-vielen-a-3a276a78-0002-0001-0000-000041561026?context=issue",". Die Folge sind die vielen Ausgeflippten, die sinnlos Protestierenden, Anarchisten, Aggressiven und die Kriminellen. Der Lehrer hat heute nicht mehr die Möglichkeit, sich als Pädagoge zu betätigen. Keiner der jetzt Richtlinien gebenden Akademiker hat eine solche Ungeborgenheit in der Schule erlebt. Schlangenbad (Hessen) CHRISTA GINSBERG Ich vermisse im SPIEGEL-Gespräch die Frage nach dem Bezug Dr. Hentigs »Kollegsystems« zum angelsächsischen »Collegesystem«, das mit dem berufsfähigen »Bachelor«-Grad abschließt und ein Jahr Gymnasium mit drei Jahren Grundstudium zusammenführt. Princeton (USA) JOACHIM MESSER Dipl.-Phys. Princeton University Während v. H. davon redet, daß neue Curricula erprobt werden sollen, sind diese Entwicklungen in Frage gestellt. Im Moment sieht es sogar so aus, daß die ganze Idee aufgegeben werden soll, da wir keinen Anspruch auf H-Stellen haben. Somit wären wir nur eine gymnasiale Oberstufe (Sekundarstufe II) und nicht, wie geplant, eine Institution, die diese Oberstufe mit dem Grundstudium verbindet. Oerlinghausen (Nrdrh.-Westf.) ANDREA HEISSENBERG Im Auftrag von 11 Kollegiaten Das Verfahren, vorsorglich möglichst alles bereits in die Schul- und Berufsausbildung zu stopfen, läuft sich fest. Darum bringen viele Neuerungen in der Schule, die an sich durchaus vernünftig sind, doch keine spürbare Verbesserung. Wir brauchen ein qualifiziertes Weiterbildungssystem, das neben seinen eigenen Aufgaben auch jenen Bildungsbedürfnissen genügt, deren Befriedigung in der Jugend nicht möglich ist oder mißlingt. Ohne den Ausbau unseres Bildungssystems durch ein breites Weiterbildungsangebot, das überall öffentlich gewährleistet wird, hängt jede Bildungsreform buchstäblich in der Luft. Oldenburg (Nieders.) PROF. DR. WOLFGANG SCHULENBERG"
"129","0.7332015931606293","0.7332015931606293","0.5","Score: 5.0/10 - Der Text thematisiert gesellschaftliche Kritik an der BRD, insbesondere an der Verlust von Persönlichkeit am Arbeitsplatz und an der Dominanz des Konsums. Es gibt eine implizite Kritik an der Arbeitswelt, die mit der Entwicklung von Technologie und Systemen zusammenhängen könnte, aber es wird keine explizite Erwähnung von Computerisierung, Automatisierung oder technologischem Wandel vorgenommen. Die Ängste beziehen sich eher auf soziale und ideologische Veränderungen als auf technologische. Daher wird der Text mit 5/10 bewertet, da er technologische Entwicklung nur indirekt und ohne klare Verbindung zur Forschungsfrage anspricht.","Briefe","1973-04-15","https://www.spiegel.de/politik/o-genossen-a-66eb5fe1-0002-0001-0000-000042645436?context=issue",". Noch mehr »Reisende in Bürgerglück« würden es uns schwermachen, unterdessen geduldig weiter zum Zwecke unserer Bildung den SPIEGEL zu lesen. Berlin WOLFGANG BRINKMANN Horcht auf, o Genossen vom SPIEGEL und andere, was heute und jetzt Ungeheuerliches geschehen: Aus Millionen von Blinden ist einer sehend geworden! Erleuchtet hat ihn die Gnade des Herrn. Möge der Herr ihn schützen, denn er waget zu künden, was niemand will sehen, obgleich offenbar es doch allen! Gemach, doch Genossen! Wer wird ihm schon glauben, dem Frechling, der zerstört die geliebten Gespenster der geistigen Krüppel? Hamburg K. LIPPACHER Mehr Essays von Horst Krüger, bitte schön! Berlin KARIN SCHILLING Die blinde Ideologiehörigkeit der modernen Linken zeigt sich auch in der naiven Vorstellung, daß man nur möglichst viel enteignen müsse, damit alles besser wird. Schließlich zeigen uns doch die sozialistischen Staaten, insbesondere die Volksdemokratien, daß die Unterdrückung der Menschen und ganzer Völker sowie Streikverbot und Schwäche des Wirtschaftssystems zum Wesen sozialistischer Staaten gehören. Berlin RAINER BUCHHOLZ Das war der beste Artikel, den ich in letzter Zeit im SPIEGEL gelesen habe. Erstaunlich ist nur, daß er in Ihrem »linksliberalen« Blatt überhaupt veröffentlicht wurde. Mir scheint, es geht wieder aufwärts mit Ihnen! (Und mit uns). Bielefeld CLAUS SPILKER Es wäre nur zu fragen: Weshalb immer dieser ermüdende Gegensatz? Reformen oder sozialistische Revolution? Systemkritik muß noch keine totalpauschale Ablehnung der Gesellschaft der BRD bedeuten. Daß radikal sein heißt die Probleme an der Wurzel anfassen, gilt noch immer. Durchgreifende Reformen werden im zähflüssigen Brei der Gesetzgebung nur gelingen, wenn von engagiert-kritischen Gruppen der »Intelligenz« zum Angriff geblasen wird. Die Masse ist träge und ein Intellektueller immer zornig. Wildtal (Bad.-Württ.) NICOLAS BAUSCH Das »Verhaßte« an diesem System ist für mich, daß die Menschen immer mehr an Persönlichkeit verlieren, ihnen am Arbeitsplatz in den seltensten Fällen Persönlichkeit zugestanden wird, und für die Freizeit keine Hilfen und Möglichkeiten (finanziell und zeitlich) zur Verwirklichung ihrer selbst geboten wird. Einzige Befriedigung: Konsumieren. Frankfurt ARNO PREUSSER Der vom Autor erwartete Dreck fällt dem Werfer vor Lachen aus der Hand. Steinheim (Nieders.) HEINZ-HARTMUT GRAF Es bleibt zu hoffen, daß Krügers intellektuelle Freunde ihn für dieses Essay nicht auslachen, sie sollten ihm erklären, warum der Marxismus auch noch ein bißchen was anderes ist als traurige Gesichter in Brünn und Schwerin. Elon College (USA) PETER PETERS Sie sprechen mir aus dem Herzen! Auch ich kann diese Leute nicht verstehen, die ewig über unseren Staat meckern. Schließlich ist doch alles in bester Ordnung. Uns geht es gut. Unser Wirtschaftssystem befriedigt mindestens neunzig Prozent der Menschen hierzulande wie noch nie; das haben Sie sehr schön gesagt"
"130","0.7288295328617096","0.7288295328617096","0.5","Score: 5.0/10 - Der Text diskutiert politische und ideologische Themen wie die deutsche Einheit, den Sozialismus und die Rolle der DDR. Es gibt eine kritische Auseinandersetzung mit der westdeutschen Gesellschaft, die sich auf Wohlstand und Ordnung konzentriert, während große gesellschaftliche Veränderungen wie die Einheit ignoriert werden. Obwohl die Angst vor einer veränderten Gesellschaft und der Widerstand gegen soziale Umbrüche deutlich ist, wird kein direkter Bezug zu Computerisierung, Automatisierung oder technologischem Wandel hergestellt. Die Kritik bezieht sich auf politische und ideologische Strukturen, nicht auf technologische Entwicklung. Daher wird der Text mit 5/10 bewertet, da er technologische Ängste oder Hoffnungen nur indirekt und ohne klare Verbindung anspricht.","Briefe","1978-01-15","https://www.spiegel.de/politik/beschaemend-fuer-den-westen-a-94994f99-0002-0001-0000-000040693609?context=issue",". Koblenz REINHOLD SCHROCK Die unscharfe, zum Teil gefühlsbeladene Art, die Dinge zu sehen (""alle Menschen Brüder«, Nathan der Weise und so weiter), hindert die Autoren des »Manifests« auch daran, die Möglichkeit ins Auge zu fassen, daß ihr System wiederum in einer Diktatur enden könnte. Sie bieten keinerlei Garantien dafür an, wie dies vermieden werden soll. In den Ländern des »realen Sozialismus« gab es anfangs ganz ähnlich klingende kommunistische Parteiprogramme, die nur die Täuschung der Bevölkerung zum Ziel hatten und in dem Augenblick Makulatur wurden, als die Kommunisten fest im Sattel saßen. Nun soll dieses Spielehen auch im Westen wiederholt werden. Wir sind gewarnt, denn: Kommunisten bleiben -- Kommunisten! Norderstedt (Schlesw-Holst.) H.-J. CASPAR Die Forderung der DDR-Widerständler nach rationaler, nicht nach gläubiger Analyse gesellschaftlicher Prozesse und die Verpflichtung zur sozialen Gerechtigkeit gegen asoziales Schmarotzertum und für einen kämpferischen Humanismus in einem wiedervereinigten sozialistischen Deutschland gilt auch für die gesellschaftlichen Verhältnisse in der Bundesrepublik Deutschland. Es war nach 1948 das »Verdienst« von Adenauer und Ulbricht, die antifaschistischen Gemeinsamkeiten der deutschen Arbeiterklasse und Intelligenz als konkrete Politik verhindert zu haben, kräftig unterstützt von ihren jeweiligen Siegermächten. Verwunderlich nicht, wenn diese Gedanken einer »neuen« nationalen und sozialistischen Politik jetzt aus der DDR kommen; in der Bundesrepublik sind sie zu tief verschüttet, um evident zu werden. Goslar (Nieders.) PETER ECKARDT 32 Jahre nach Kriegsende ist die deutsche Teilung keineswegs zu einer unwiderruflichen Tatsache geworden. Im Gegenteil« Wir stehen jetzt erst am Anfang einer großen nationalen demokratischen Bewegung, die sich für ein unabhängiges, neutrales sozialistisches Deutschland einsetzt. Dabei sollte uns zum Nachdenken veranlassen, daß die Impulse der Einheitsbewegung gerade aus dem Teil Deutschlands kommen, wo nur unter den schwierigsten Bedingungen eine freie politische Meinungsäußerung möglich ist. Von unserer Seite wurde bisher wenig getan, um der deutschen Einheit näherzukommen. Offenbar ist noch in Teilen der westdeutschen Bevölkerung das Bedürfnis nach Ruhe und Ordnung und weiterer Vermehrung des wirtschaftlichen Wohlstandes absolut vorrangig und läßt sich nicht mit den großen Veränderungen, die eine auf die Einheit Deutschlands gerichtete Politik mit sich bringen wird, vereinbaren. Das Manifest des Bundes Demokratischer Kommunisten beruft sich auf die gemeinsame deutsche Geschichte, auf die Revolution von 1848, in der ein einiges und freies Deutschland, ein deutsches Parlament gefordert worden ist. Damit geben die Oppositionellen einen Denkanstoß, der zu einer geistigen Erneuerungsbewegung führen kann, die sich über ganz Deutschland ausbreitet. Diese Chance sollten wir nutzen"
"131","0.7272515594959259","0.7272515594959259","0.5","Score: 5.0/10 - Der Text vergleicht die Wirtschaftssysteme der DDR und der BRD und kritisiert die Planwirtschaft der DDR, insbesondere die Sozialisierung von Verlusten. Es gibt eine kritische Sicht auf die Effizienz und Transparenz der Wirtschaft, aber keine Erwähnung von Computerisierung, Automatisierung oder technologischem Wandel. Die Diskussion dreht sich um wirtschaftliche Systeme und Planung, nicht um Technologie. Obwohl die Planwirtschaft mit computergestützten Systemen in Verbindung gebracht werden könnte, wird dies nicht thematisiert. Daher wird der Text mit 5/10 bewertet, da er technologische Entwicklung nur indirekt und ohne klare Verbindung anspricht.","Briefe","1974-10-27","https://www.spiegel.de/politik/nicht-so-rosarot-a-7db29c98-0002-0001-0000-000041652070?context=issue","(Nr. 41/1974, SPIEGEL-Report über die ostdeutsche Planwirtschaft) Eine gesunde Wirtschaft erkennt man daran, daß es Pleiten gibt. Sie sind Indiz dafür, daß Verluste nicht sozialisiert werden. In der DDR-Wirtschaft hingegen wird der kleinste Planfehler von der Gesamtheit getragen und die Verluste automatisch sozialisiert, so daß die Krisen dieses Systems lediglich anders in Erscheinung treten. Kiel (Schlesw.-Holst.) PETER FRAHM Im Großen ist Ihr Artikel ziemlich objektiv und nicht so rosarot gefärbt wie heute leider viele Presse- und Fernsehberichte über die DDR. Aber wer hat Ihnen bloß erzählt, daß die Durchschnittseinkommen der DDR-Haushalte in den letzten zehn Jahren um 55 Prozent auf rund 1200 Ost-Mark stiegen? Meine Schwester, 40 Jahre alt, vollakademische Lehrerin, verdient monatlich unter 900 Mark brutto; mein Schwager, Architekt, 42 Jahre, verdient 1150 brutto, und das schon seit vielen Jahren. Düsseldorf CHRISTIANE BRIESKORN"
"132","0.7255882024765015","0.7255882024765015","0.5","Score: 5.0/10 - Der Text thematisiert die Situation von Gastarbeitern in Deutschland und kritisiert Vorurteile und Ausgrenzung. Es gibt eine Kritik an der menschlichen Behandlung von Ausländern, aber keine Erwähnung von Computerisierung, Automatisierung oder technologischem Wandel. Die Diskussion dreht sich um soziale Integration, Rassismus und wirtschaftliche Ausbeutung, nicht um Technologie. Obwohl die Arbeitswelt erwähnt wird, ist der Bezug zu technologischem Wandel nicht erkennbar. Daher wird der Text mit 5/10 bewertet, da er technologische Entwicklung nur indirekt und ohne klare Verbindung anspricht.","Briefe","1970-11-01","https://www.spiegel.de/politik/schon-allerlei-a-4a2a988d-0002-0001-0000-000044303051?context=issue","(Nr. 43/1910, SPIEGEL-Report über Gastarbeiter) Zugegeben, die Situation der ausländischen Arbeitskräfte in Deutschland ist trostlos, und es wäre zu begrüßen, wenn es wenigstens gelänge, dem skandalösen Mietwucher den Garaus zu machen. Wie aber stellt sich die Lage in anderen Industriestaaten dar, in der Schweiz, Frankreich, England? Sind die Gastarbeiter dort gern gesehen? Weshalb also machen wir uns schlechter, als die anderen sind? Düsseldorf JOSEF TIEHALSCHKE Daß Arbeiter in Deutschland ihre Familien mitbringen können, ist ja schon allerlei. Was das von Powell sehr beeinflußte England angeht, sind die Zustände in Orten wie Wolverhampton und Birmingham sehr erheblich schlimmer. Moges (Schweiz) F. GOWER So viele Deutsche also denken so schlecht über zirka zwei Millionen Mitarbeiter? Das hätte ich nicht gedacht! Aber nicht alle Verbände und Organisationen tun nichts oder das Falsche für die Betreuung der »Gastarbeiter« in Deutschland. Ich kenne das Diakonische Werk in Bremen, das seit zehn Jahren bemüht ist, an unserer Seite mit allen Mitteln zu stehen. Sommerferien in Langeoog für gemischte Gruppen von Deutschen und Griechen zusammen, seit einer Reihe von Jahren Müttergenesungskuren mit Kindern zum Harz und Wochenendveranstaltungen mit lehrreichen Vorträgen von sachkundigen Personen über brennende Probleme sind ein Teil einer liebevollen Kette von Betreuung, die ganz bestimmt nicht für »dumme« und »inzivilisierte« Menschen bestimmt ist. Bremen ANNA PETRIDOU Hier haben wir es mit einem Problem zu tun, das seit eh und je menschliches Zusammenleben lenkt. Gestern waren es die Sklaven, heute die Neger oder andere in Armut lebende Menschen. Es ist das Problem der klassengeprägten Gesellschaft, der menschlichen Ungleichheit und Ungerechtigkeit. Dem satten Bürger geht es gut. Er gibt dem Schwächeren zwar etwas ab, fordert jedoch mehrfaches zurück, so wie es sich für einen guten Geschäftsmann gehört, um als guter Christ und ordentlicher Staatsbürger bestehen zu können. Merzen (Nrdrh.-Westf.) BENNO MERTENS Als ein Ausländer, kein Gastarbeiter, der seit zehn. Jahren in diesem Lande lebt, kann ich nur sagen: Die breite Masse der Deutschen ist saublöd, hat viele Vorurteile und ist wahnsinnig beschränkt. Von der Gastfreundschaft ist nicht die Rede, und man begegnet Ausländern mit viel Mißtrauen. Selbstverständlich sind die Gastarbeiter zum großen Teil »primitiv«, aber die deutschen Arbeiter, die bei uns irgendwo in Asien schaffen müßten, wären genauso primitiv. Damit muß man rechnen. Sonst soll man sie nicht nach Deutschland einladen. Stuttgart A. ZARHAMAD Wie das Wort »Gast""arbeiter bis zum Widersinn strapaziert werden kann, beweist folgender Fall: In Augsburg gibt es mehrere Lokale, an denen Schilder aushängen »kein Zutritt für Gastarbeiter«"
"133","0.7255307734012604","0.7255307734012604","0.5","Score: 5.0/10 - Der Text beschreibt die harten Arbeitsbedingungen in der Lehrlingszeit und kritisiert die Ausbeutung von Jugendlichen. Es gibt eine Kritik an der Arbeitswelt, aber keine Erwähnung von Computerisierung, Automatisierung oder technologischem Wandel. Die Beschreibung der langen Arbeitszeiten und der schlechten Bedingungen bezieht sich auf traditionelle, manuelle Arbeit, nicht auf technologische Veränderungen. Obwohl die Angst vor einer dehumanisierten Arbeitswelt deutlich ist, ist der Bezug zu Technologie nicht erkennbar. Daher wird der Text mit 5/10 bewertet, da er technologische Entwicklung nur indirekt und ohne klare Verbindung anspricht.","Briefe","1970-05-10","https://www.spiegel.de/politik/untermieter-a-d8152f42-0002-0001-0000-000044943680?context=issue",". 26 (herausgegeben vom Institut für Weltwirtschaft, Kiel) doch so weit geklärt, daß viele eingreifende Reformen eine ausreichende Basis gehabt hätten. Forschungslücken dienen allzu oft als Alibi für politische Untätigkeit. Berlin PROFESSOR DR. FRIEDRICH EDDING Direktor am Institut für Bildungsforschung In der Max-Planck-Gesellschaft Die über mangelnde Ausbildung klagenden Lehrlinge sind unter anderem bei kostenlosen Fachabenden und Sonder-Lehrgängen in Fachstudios auch nicht anwesend Kaldenkirchen (Nrdrh.-Westf.) PAUL MOORS Was müssen die Lehrlinge heute für zarte Seelen haben. Es ist uns wohl allen klar, daß es in einem metallverarbeitenden Betrieb nicht wie in einem Mädchenpensionat zugeht. Ohrfeigen würde ich auch nicht dulden, aber etwas seelisches Standvermögen muß man in diesen Jahren haben. Viele Handwerksbetriebe bemühen sich heute verzweifelt um Nachwuchs. Mannheim H. G. POLLINGER Ich bin im 70. Lebensjahr und will Ihnen ein bißchen erzählen von unserer wirklich schamlos ausgenutzten Lehrzeit. Gearbeitet haben wir oft von früh 5 Uhr bis nachts 11 bis 12 Uhr, jawohl! Wir waren nur zwei Lehrlinge, und das Dienstmädchen half uns öfter beim Umgraben und beim Pflanzenpikieren, auch sonntags! Bad Reichenhall ALOIS WOLENSKY"
"134","0.7247894704341888","0.7247894704341888","0.5","Score: 5.0/10 - Der Text erwähnt die betriebliche Berufsausbildung, den 'Numerus clausus für Lehrlinge' bei Siemens und die Diskussion um die Qualifikation von Auszubildenden. Diese Themen sind relevant für die Arbeitswelt und den technologischen Wandel, da sie auf eine Veränderung der Ausbildungsstrukturen und mögliche technische Rationalisierung im Handwerk und in der Industrie hindeuten. Allerdings erfolgt die Diskussion primär technisch und deskriptiv, ohne explizite Hoffnungen oder Ängste gegenüber Computerisierung oder Automatisierung zu thematisieren. Die Beteiligung von Siemens als Unternehmen, das technische Ausbildungssysteme einsetzt, ist nur indirekt relevant. Es fehlt jegliche affektive oder evaluative Dimension bezüglich technologischen Wandels.","Briefe","1974-07-21","https://www.spiegel.de/politik/undeutlicher-bildungsbegriff-a-24b22ada-0002-0001-0000-000041659863?context=issue","(Nr. 28/1974, SPIEGEL-Titel »Schulentlassen -- arbeitslos?"") Sinnvolle Veränderungen sind notwendig, überspannte Erwartungen wecken aber ist gefährlich. Da läßt auch die »neue« Bundesregierung nicht hoffen. Berlin SIEGFRIED NEUFELD ... Es muß daher in Erinnerung gerufen werden, daß bis heute für die betriebliche Berufsausbildung und damit auch für ihre Misere allein Industrie, Handwerk und ihre Kammern verantwortlich sind. Die unter der Verantwortung der Wirtschaft nun vom SPIEGEL geschilderte »Katastrophe« der betrieblichen Ausbildung wird die Sozialdemokratische Partei zu einer energischen Anstrengung im Interesse der arbeitenden Jugend veranlassen. Hamburg DR. ROLF MEINECKE Vorsitzender der Arbeitsgruppe Bildung und Wissenschaft der SPD-Bundestagsfraktion Welchen konkreten Informationsgehalt sehen Sie zum Beispiel in der Aussage, daß in Berufsschulen fragwürdige Inhalte mit fragwürdigen Methoden gelehrt würden. Können Sie einen einzigen menschlichen Handlungsbereich nennen, für den die Aussage über die Fragwürdigkeit von Ziel und Mittel nicht zutrifft? Köln GOTTFRIED ADOLPH Oberstudiendirektor Bezirksseminar für das Lehramt an berufsbildenden Schuten II Von 32 vorgesehenen Stunden des Blockunterrichts in Köln fallen 10 wegen Lehrermangels aus, der Rest besteht aus vier Stunden Religion und Politik und einem teilweise völlig überholtem Lehrstoff. Bonn KAY MILNER Banklehrling Sie haben Siemens als eine der Firmen genannt, die einen »Numerus clausus für Lehrlinge« eingeführt hätten. Die »gute Tradition«, von der Sie sprechen, halten wir nach wie vor aufrecht. Das heißt: 90 Prozent unserer Auszubildenden im Elektrobereich kommen von der Hauptschule, nur etwa zehn Prozent haben mittlere Reife. Von den 484 Jugendlichen, die wir im Raum Mün- * Diakon Reimer erhielt von der Evangelischen Kirchengemeinde die Kündigung. u. a. weil er offene Jugendarbeit betrieb. Rocker integrierte, die mit Motorrädern über den kirchlich gepflegten Rasen« fuhren. Gerüchte umgingen, Jugendliche würden in den Häusern der Kirche »haschen, bumsen und unter die Treppe scheißen« und der Besuch des Kindergottesdienstes »rapide« zurückging. (Information der Interessenvertretung für den kirchlichen Dienst in der Ev. Kirche von Hessen-Nassau.) ehen für das kommende Jahr eingestellt haben, besitzen 46 die mittlere Reife. Insofern ist Siemens eher als Gegenbeispiel zu Ihrer Aussage geeignet. München UWE LIEBIG Siemens AG Zentralbereich Personal Sie greifen den berühmt-berüchtigten Boykott-Aufruf des Drogisten-Fachblattes auf. Für meine Person kann ich nur feststellen, daß ich mir den Komfort eines Lehrlingsboykotts nicht leisten kann, denn ich bin fest entschlossen, meinen Berufsstand zu erhalten, der auch heute noch nichts von seiner Attraktivität eingebüßt hat. Wuppertal URSULA HEUMANN Inhaberin der Drogerie Heumann Es hat uns verwundert, warum der SPIEGEL seine Leser nicht über die veröffentlichte Reformkonzeption eines Teils der »Zunft der Berufsforscher« informiert hat"
"135","0.7204590141773224","0.7204590141773224","0.5","Score: 5.0/10 - Der Brief thematisiert die Entlassung qualifizierter Architekten und die Abwanderung in öffentliche Verwaltungen, was auf eine Veränderung der Arbeitswelt hinweist. Die Kritik an der 'Strukturänderung' und der 'Verlagerung der Planungsaufgaben' zeigt eine Sorge um die Qualität der Planung und die Zukunft der freiberuflichen Architektur. Obwohl die Rede von 'Rationalisierung' und 'Qualität' an technologische Veränderungen erinnert, erfolgt die Diskussion primär über strukturelle Veränderungen in der Bauwirtschaft. Es gibt keine explizite Thematisierung von Computern, Automatisierung oder digitalen Planungssystemen. Die Angst vor Verlust von Planungskompetenz und Freiheit ist vorhanden, aber nicht direkt mit technologischem Wandel verbunden. Die Textstelle ist daher nur indirekt relevant und beschreibt den Wandel technisch, ohne affektive Dimension.","Briefe","1974-08-25","https://www.spiegel.de/politik/entlassene-architekten-a-8a1e1805-0002-0001-0000-000041651399?context=issue","(Nr. 34 1974, SPIEGEL-Gespräch mit Bundeskanzler Schmidt) Wir sind gleichfalls der Meinung. daß sich die Bauwirtschaft auf ein geringeres Volumen im Wohnungsbau einstellen muß. Volkswirtschaftlich bedenklich ist, daß zahlreiche qualifizierte Architekten entlassen werden oder ihren Beruf aufgeben müssen. Dadurch werden eingespielte Planungsteams zerschlagen, die bei zukünftigen Bauaufgaben dringend benötigt werden. Gerade jetzt erfordern die Forderungen nach mehr Qualität und Vielfalt bei der Gestaltung mehr Planung. Planungsalternativen in bezug auf Funktion, Gestaltung und Wirtschaftlichkeit sind besonders wichtig. Geringer Mehraufwand für Planung bringt erhebliche Einsparungen bei Bauinvestitionen ohne Qualitätsminderung mit sich. Besonders bedenklich ist die sich abzeichnende Abwanderung der in freiberuflichen Büros tätigen Architekten in öffentliche Bauverwaltungen. Eine solche »Strukturänderung« mit der Folge zunehmender Verlagerungen der Planungsaufgaben von freien Architekturbüros auf Behörden oder überdimensionierte Planungsorganisationen ist volkswirtschaftlich nicht vertretbar und macht die Erfüllung berechtigter Forderungen nach vielfältiger Gestaltung unseres Lebensraumes immer unwahrscheinlicher."
"136","0.7197083830833435","0.7197083830833435","0.5","Score: 5.0/10 - Der Text behandelt politische Gespräche zwischen Ost und West, insbesondere das Treffen in Kassel, und thematisiert die Ost-West-Beziehungen, die deutsche Einheit und geopolitische Spannungen. Es werden jedoch keine expliziten Hoffnungen oder Ängste bezüglich Computerisierung, Automatisierung oder technologischen Wandel in der Arbeitswelt oder im Alltag geäußert. Die Diskussion ist rein politisch und ideologisch geprägt, ohne Bezug zu technologischen Entwicklungen. Daher wird der Text mit 5/10 bewertet, da er technologische Themen nur indirekt und ohne gesellschaftliche Affektivität berührt.","Briefe","1970-06-07","https://www.spiegel.de/politik/gewichtsverlust-a-069d8230-0002-0001-0000-000045439677?context=issue",". Außerdem würde das durch ihre Isolierung nur gestärkte kämpferische Bewußtsein abgebaut. Die DDR und ihre Diplomaten in Washington, Paris und London, nicht zuletzt in New York und Bonn wären gezwungen, sich objektiver mit der westlichen Welt auseinanderzusetzen. München GÜNTHER BUDDELMEYER Nachdem in fast 20 Jahren Herrschaft der Berufschristenpartei diese unverbindlichen Pflichtübungen nur dazu da waren, sich in Erinnerung zu halten, glauben diese Herren doch selbst nicht, daß sie von der Mehrheit unserer Landsleute In der DDR noch ernstgenommen werden. Gräfelfing (Bayern) ROLF POHLENZ Hoffentlich ist der DDR klar, daß sie nur mit Brandt verhandeln kann. Düsseldorf OTTO H. FRODT Vielleicht haben sich Brandt und Stoph viel besser verstanden, als sie zugeben dürfen, denn ein kommunistisches Deutschland kann sich die UdSSR ja nicht leisten. Hamburg WALTER F. RICKMERS Gemessen an den Dimensionen und Perspektiven, die den Erdbewohnern in den letzten Jahren durch die anbrechende planetarische Epoche eröffnet sind, könnte das Treffen in Kassel -- in dessen Bereich der so törichte und kurzsichtige Mensch seine Erde in zwei Teile »spaltete« -- fast wie ein »Witz« in unserem ungeheuren, kosmischen Weltgeschehen erscheinen. Man sollte über die Ost-West-Gespräche eine solche moderne Erkenntnis stellen. Viele kleine Steine, die am Wegrande einer neuen, großen Zeit liegen und unsere Politiker -- hüben wie drüben -- -- dauernd auf ihrem beschwerlichen Marsch nach dem großen Ziel, das »Friede auf Erden« lautet, hindern, wären dann nicht mehr vorhanden. Wenn nur ein Bruchteil von jener geistigen Anstrengung, die der Mensch für den Griff nach den »Sternen« mobilisierte, auch für eine beiderseits befriedigende Lösung des Ost-West-Problems aufgeboten würde, hätte das augenblicklich in diesem Problem enthaltene, noch so schwerwiegende Wort »unmöglich« beträchtlich an Gewicht verloren. Wolfsburg Louis KUMMER Aus Stophs wiederholtem Erfurter »Alles oder nichts«, mit Kasseler Zusatzforderung gesellschaftlicher Umwandlung (das heißt Kommunismus) in der Bundesrepublik einen Silberstreifen herauslesen zu müssen ist, frei nach Bismarck, der Alpdruck der Koalition. Radolfzell (Bad.-Württ.) DR. GEYER Kassel wurde nicht nur zum Fiasko, sondern zum politischen Bankrott der Anbiederungspolitik. Vom Erhabenen zum Lächerlichen ist nur ein Schritt! Berlin GÜNTHER ULERICH Wer von zwei Treffen (Gesprächen), zu deren Realisierung 25 Jahre benötigt wurden, in 1/100 der Zeit (= 0,25 Jahre 3 Monate) irgendwelche konstruktiven Ergebnisse erwartet oder gar fordert, ist in seiner Arroganz (ich bitte bei der Interpretation dieses Ausdrucks die »Dummheit« und »Vermessenheit« nicht zu unterschlagen) nicht mehr zu überbieten. Hamburg R"
"137","0.7186902165412903","0.7186902165412903","0.5","Score: 5.0/10 - Der Text kritisiert die Architektur und Planung des ländlichen Raums, insbesondere die »pseudo-modernen Neubauten« und die Verdrängung von menschlichen Bedürfnissen durch kommerzielle und technokratische Planung. Es wird über die Verlust von Identität und Ästhetik in der Landschaft geklagt, und es wird von »Batterie-Behausungen« und »Konsum-Käfigen« gesprochen. Obwohl technologische Entwicklung (z. B. schlüsselfertige Bauten) erwähnt wird, geschieht dies primär in einem kritischen, ästhetischen Kontext. Es gibt keine explizite Thematisierung von Computerisierung oder Automatisierung, und die Kritik ist eher an der Planung und dem Kapitalismus als an der Technologie selbst ausgerichtet. Daher 5/10 – deskriptive Kritik ohne gesellschaftliche Affektivität bezüglich Technologie.","Briefe","1976-05-02","https://www.spiegel.de/politik/manhatten-mit-landluft-a-6523df4c-0002-0001-0000-000041251977?context=issue",". Saalfelden (Österreich) HANS PETER KOECK Die beschriebene nachteilige Entwicklung der Dorf-Architektur konnte sich nur unter der Bedingung entwickeln, daß »städtisches« Kapital im ländlichen Raum angelegt wurde. Bleibt nun dieses Kapital aus, und vieles deutet darauf hin, so bleibt zu fragen, welche Funktionen der ländliche Raum überhaupt noch wahrnehmen kann. Fehlen also in dieser unklaren Situation die Mittel für schlechte Dorf-Architektur, so bleibt zu befürchten, daß auch die Mittel für gute Dorf-Architektur fehlen -- will heißen, daß bestenfalls der gegenwärtige Zustand der ländlichen Räume zementiert werden kann. Eine Umkehr zum Besseren erscheint kaum möglich. Darmstadt BERND HARTZ Dipl.-Ing. / Stadtplaner Herr Bode hat keine Achtung vor den Bedürfnissen des Bauherrn, etwa seinem Wunsch, bei Tage ohne künstliches Licht lesen, schreiben, kochen oder nähen zu können. Ihm geht es bevorzugt um einen äußeren Anblick entsprechend seinem als alleinseligmachend betrachtenden Geschmack. Er ist der geborene Baubeamte, sein Traum ist, anzuordnen, wo er nicht zu bezahlen und Fehler nicht zu vertreten braucht. Münsing (Bayern) FRITZ RANKE Einer der widerlichsten und häßlichsten Baustoffe ist der Glasbaustein. Gelsenkirchen MANFRED DRESSLER Architekt Was heißt: »Harakiri auf dem Lande?« Wenn ich quer durch Ulm laufe, werde ich beim Anblick der pseudo-modernen Neubauten von der Schwermut geplagt, und Harakiri-Gefühle befallen mich. Ulm JOHANNES ScHMITZ-LOHHM Theatermakler Als Ausgleich wird Kopfstein-Pflaster aus Holland und Dänemark importiert und werden Ännchen-von-Tharau-Idylle angelegt, wie in Hamburg in der Mönckebergstraße. Nach Feierabend kehren wir dann in unsere Batterie-Behausungen und Konsum-Käfige zurück. Hamburg ERICH KRON Knapp 30 Jahre demokratischer Planungsfreiheit -- die Planungshoheit dem Bürgermeister und dem Bürger -- beeinflußt durch Werbung und kleinbürgerliches Denken! Jeder Bauherr sein eigener Architekt! Generalunternehmer (wozu brauchen wir einen Architekten?) bieten landauf -- landein schlüsselfertig jedes Bauwerk für jeden Platz! Das Einordnen in eine »vielschichtig strukturierte Umwelt« ist unbekannt, »Gestaltung« ist ein Fremdwort, auch bei Planungsbehörden, das kostet ja nur Geld! Ich hoffe nur, daß diesem Artikel weitere folgen werden. Berlin WOLF-RÜDIGER BORCHARDT Architekt (Schinkelpreis 1976)"
"138","0.7186728119850159","0.7186728119850159","0.5","Score: 5.0/10 - Der Text behandelt politische Ängste vor einer Linkspartei-Mehrheit und die Angst vor einer kommunistischen Diktatur, insbesondere durch die Satire über einen hypothetischen »Rote Sieg«. Es werden Befürchtungen über politische Häftlinge, Deportationen und die »rote Armee« geäußert. Diese Ängste sind jedoch ideologisch und politisch geprägt, nicht technologisch. Es gibt keine Erwähnung von Computerisierung, Automatisierung oder technologischem Wandel. Die Angst richtet sich auf politische Systeme, nicht auf Technologie. Daher 5/10 – nur indirekte Relevanz, keine explizite Thematisierung.","Briefe","1972-12-03","https://www.spiegel.de/politik/alles-in-ordnung-a-8862dc61-0002-0001-0000-000042763066?context=issue",". Wer auch nur die niederen Weihen des Franz-Josefinums empfangen hat, weiß, daß Kurpfuscher die Wirtschaft zwar fest in die Hand nehmen, aber nicht in den Griff bekommen werden. Heidenheim (Bad.-Württ.) GUNTER STRAUSS Das Wahlergebnis und das Singen der Internationale beim Fackelschein zur Siegesfeier für Brandt und Scheel in Bonn signalisiert die beginnende Hinwendung der westdeutschen Wähler zum Osten. nachdem Westmächte und frühere Bundesregierungen die Verwirklichung der deutschen Einheit vernachlässigt haben. Warum sollte nicht das Heil aus dem Osten kommen können. selbst wenn man dazu aus der Nato austreten müßte«! Gummersbach (Nrdrh.-Westf.) PAUL ASUGA Zur Bundestagswahl fiel mir folgende Satire ein: Nun ist es soweit. Die Roten haben gewonnen. Der Untergang steht uns allen bevor. Weh dem, der das falsche oder noch gar kein Parteibuch hat. Er sollte sich schleunigst das richtige besorgen. Auf jeden Fall darf man ab jetzt nicht mehr so verwegen sein und seine Mitmenschen nicht mit »Genosse« anreden. Es wird bereits von politischen Häftlingen und Deportationen gemunkelt. Moskau soll Sibirien angeboten haben. Die Funktionäre blasen zum Endkampf. Die rote Armee lauert schon, um hilfreich einzugreifen. Hitler war ein Waisenknabe gegen das, was auf uns zukommt, Die CDU/CSU hatte schon recht mit ihrem roten Faschismus. Doch das Volk hat es nicht anders verdient, schließlich hat es sich freiwillig in die Knechtschaft und Unfreiheit begeben. In den letzten freien Wahlen entschied es sich für den Sozialismus, der wie jeder halbwegs intelligente Mensch weiß, das Verderbnis ist. Ob die CDU/CSU noch in diesem Jahr ververboten wird? St. Augustin (Nrdrh.-Westf.) HORST WINKLER Wenigstens einer, der die Zeichen der Zeit richtig deutet, auch wenn es Hausmeier Ehmke ist: »Kinder. ihr erlebt den Untergang des Abendlandes.« Nur, ein anderer wußte es schon vorher. Sachsenheim (Bad.-Württ.) HANS E. STEIHNER Die Bundestagswahl ist vorüber der Ausgang ist für mich das große Aufatmen. Denn: Er hat bewiesen, daß sich das Volk der Bundesrepublik zum ersten Mal nach Kriegsende in seiner Mehrheit für Menschlichkeit und Vernunft entschieden hat. Die Alpträume, daß es dazu nicht fähig sein könnte. sind vorbei. Die Mehrheit der BRD hat bewiesen, daß sie die Zirkusvorstellungen im Bundestag sowie die gefährlich an Emotionen des Abgrunds rührende Wahlkampagne der Opposition klar und eindeutig ablehnt. Sie hat bewiesen, daß sie sich sehr wohl Gedanken gemacht hat über alles, was während der ersten Legislaturperiode der sozialliberalen Regierungskoalition geschah, sowohl Gedanken über das viele Positive der Regierungskoalition, als auch über das Negative -- um nicht zu sagen Unfaire, ja Schmutzige -- der Opposition. Die klare Antwort, die das bundesdeutsche Volk gab, ist ein großes Glück und sehr erleichternd. Nun beginne ich. mich wirklich zu Hause zu fühlen"
"139","0.7178816199302673","0.7178816199302673","0.5","Score: 5.0/10 - Der Text diskutiert die Rezeption von Solzhenizyns Werk »Der Archipel GULAG« und die politische Debatte über den Kommunismus. Es werden Ängste vor totalitären Systemen und die moralische Verantwortung der westdeutschen Gesellschaft thematisiert. Obwohl die Diskussion über Überwachung und Unterdrückung eine gewisse Parallele zu technologischer Kontrolle haben könnte, wird dies nicht explizit angesprochen. Die Angst richtet sich auf politische Systeme, nicht auf Technologie. Es gibt keine Aussagen über Computerisierung oder Automatisierung. Daher 5/10 – technische Themen werden nur indirekt und ohne gesellschaftliche Affektivität angesprochen.","Briefe","1974-01-20","https://www.spiegel.de/politik/stein-bewegt-a-7f5307d5-0002-0001-0000-000041810865?context=issue","(Nr. 1-3/1974, Solschenizyn: »Der Archipel GULAG«; Augstein: »Solschenizyn oder die Ehre Gottes"") Warum mischen die Deutschen sich immer in die Angelegenheiten anderer Länder? Dieses beschlagnahmte Manuskript, wieviel Prozent interessiert das? Wichtig ist: wie geht es wohl in unserer Wirtschaft weiter. Wie kommt Deutschland von den hohen Bodenpreisen herunter und von den überhöhten Baupreisen. Nellingen (Bad.-Württ.) KLARA KRUSE Solschenizyn hat dem sowjetischen System einen Fausthieb versetzt. Vielleicht hat er dadurch den Stein bewegt. dessen Aufprall der Unterdrückung des Menschen und seines Geistes -- nicht nur in der Sowjet-Union -ein Ende bereiten wird. Kempenfeldrom (Nrdrh.-Westf.) HEINER HILDEN Weil auch wir Nichtkommunisten noch einen großen Nachholbedarf haben, da bei uns christliches Glaubensbekenntnis und tägliche Praxis, insbesondere im wirtschaftlichen Konkurrenzkampf, in keiner Weise übereinstimmen, schlage ich vor, mit der gleichen Akribie alle Verbrechen und Untaten, die jemals zur Ausübung von persönlicher und wirtschaftlicher Macht begangen wurden, in einem dicken Buch aufzuzählen. Esslingen (Bad.-Württ.) GERTRUD ROST Es wäre die traurigste Bilanz des Jahrhunderts, wenn die Deutschen über Solschenizyn das eigene brutale System der Hitlerzeit vergessen würden. Einbeck (Nieders.) F. CESTNIK Solschenizyn verweist auf die Westdeutschen, die bislang nach seiner Rechnung 86 000 politische Verbrecher richten dürften. Mindestens 250 000 Funktionäre will er vor Gericht gestellt wissen. Nicht gerade bescheiden. Berlin DR. A. RICHARD KETTLER Ihr Elaborat, Herr Augstein, wirkt wie ein erbärmlicher, peinlich mißlungener Eiertanz eines neudeutschen »Demokraten«, mit den obligaten Kratzfüßen nach allen Seiten, vor der totalitären Gewalt der Sowjetmachthaber und der Gestalt des aufrechten, dieser Gewalt unterworfenen Mannes, der Furcht und Hilflosigkeit vor dem Terror der kommunistischen Weltbeglücker überwunden hat und sich auf jede Gefahr hin ohne Winkelzüge zu den demokratischen Ideen der Freiheit und Menschenwürde bekennt. Darmstadt HANS J. REINKOWSKI* Ein Versuch, in Moskau einen »Prager Frühling« zu inszenieren, meint Augstein, werde »den Zusammenbruch des Sowjetregimes mit sich bringen«. Das wäre »zu gefährlich«! Gefährlich für wen? Doch nur für diejenigen, die keine echte gesellschaftliche Alternative zu bieten wagen. Hamburg J. SCHUMANN Stalinistischer Terror soll nicht gerechtfertigt. die Sowjet-Union nicht glorifiziert werden. Aber es ist ein Affront gegenüber dem sowjetischen 250-Millionen-Volk, wenn man sein Land nach * Hans J. Reinkowski, 73, nach eigenem Bekunden »temperamentvoll-politisch im Geist, von liberal-sozialer Gesinnung und Verehrer Adenauers«, Herausgeber des »Darmstädter Echos« und Verfasser einer Novelle (""Der gestohlene Gott). Solschenizyn beurteilt. Sozialismus wertet man nach den Lebensbedingungen der Masse und nicht nach der Meinung eines reaktionären Schriftstellers"
"140","0.7176666855812073","0.7176666855812073","0.5","Score: 5.0/10 - Der Text thematisiert die soziale Ungerechtigkeit in Lateinamerika und die Angst vor Gewalt als Antwort auf strukturelle Missstände. Es wird über die »nutznießerische Oberschicht« und die »gekauften Verteidiger« gesprochen, und es wird die Notwendigkeit von Gewalt zur Veränderung der Gesellschaft diskutiert. Obwohl technologischer Wandel nicht direkt erwähnt wird, könnte die Kritik an der kapitalistischen Wirtschaftsordnung indirekt auf technologische Produktionsverhältnisse verweisen. Allerdings gibt es keine explizite Thematisierung von Computerisierung oder Automatisierung. Die Angst ist sozial-politisch, nicht technologisch. Daher 5/10 – deskriptive Kritik ohne gesellschaftliche Dimension bezüglich Technologie.","Briefe","1970-09-13","https://www.spiegel.de/politik/sehnsucht-nach-django-a-5ddb2dd0-0002-0001-0000-000044906546?context=issue",". Die kämpfenden Priester stehen allein, vom Hauptquartier in Rom kommt keine Hilfe. Wuppertal KURT LEHMANN Als vollgefressener, täglich mit Warenanpreisungen berieselter Bundesbürger ist man manchmal in Versuchung zu sagen: Das Leben auf diesem Erdball ist doch eine ganz angenehme Sache. Vergessen sind die Erlebnisse der jungen Jahre, die Zeiten der Weltwirtschaftskrise Ende der zwanziger, Anfang der dreißiger Jahre, in denen man mit knurrendem Magen arbeitslos auf den Landstraßen Europas herumirrte, herumbettelte und nicht wußte, ob man im Obdachlosenasyl noch ein Nachtlager finden würde. Fast vergessen waren auch Haß und Zorn, den man damals gegen die Besitzenden und Reichen hegte, die über das arbeitslose, nichtsnutzige Pack die Nase rümpften. Der SPIEGEL-Bericht über das elende Vegetieren und Sterben der besitzlosen Massen in den lateinamerikanischen Ländern hat mich wieder wachgerüttelt. Gegen diesen unmenschlichen Gesellschaftszustand ist mit Reden und Beten nichts getan. Da hilft wirklich nur noch Gewalt. Anders ist der nutznießerischen Oberschicht und den gekauften Verteidigern dieses Gesellschaftszustandes nicht beizukommen. Dortmund WERNER KLANN So tragisch der Tod des Grafen Spretiauch war, man wird ihn aus einer anderen Perspektive sehen müssen, wenn man sich mit der unhaltbaren Situation Südamerikas näher befaßt. Rüsselsheim (Hessen) GÜNTHER SCHART Wer am Montag nach Lektüre des SPIEGEL über die Verhältnisse in Brasilien beunruhigt war, dem war am Mittwoch schon geholfen, sofern er Leser des »Wiesbadener Tagblattes« ist: Was dort geschieht, ist also bei weitem nicht dem Elend in Biafra oder Vietnam vergleichbar, sondern dem »Wilden Westen«, Traumland aller Buben von fünf bis 50. Leute, die sich samt ihren Familien an Großgrundbesitzer verkaufen, suchen »Abenteuer« und ein »vages Heil« und ziehen deshalb natürlich undankbar und abenteuerlustig, wie solche Leute nun einmal sind, auch von den schönsten Farmen wieder weiter, »wenn es ihnen nicht mehr paßt«. Man kennt das ja von »Ponderosa« und »Big Valley«. Wie gut ist es doch, wenn man sich nicht allein auf den SPIEGEL verläßt und sich vor allem nie zu früh beunruhigt! Wehen (Hessen) KLAUS SPORY Statt Misereor, DED und göttlichen Eingriff habe ich bei der Lektüre ständig Django herbeigesehnt! Frankfurt KARL-HEINZ WEIDENHAMMER"
"141","0.739891916513443","0.739891916513443","0.4","Score: 4.0/10 - Der Text behandelt die Auswirkungen der Gastarbeiterfrage und der Migration, nicht aber Computerisierung oder Automatisierung. Es werden soziale und wirtschaftliche Probleme diskutiert, wie Überbevölkerung, Umweltprobleme und soziale Spannungen. Obwohl die Themen Arbeitswelt und gesellschaftlicher Wandel angesprochen werden, ist die Verbindung zur Technologie oder zum technologischen Wandel nicht erkennbar. Die Aussagen sind rein sozial- und migrationspolitisch, ohne Bezug zu Automatisierung oder digitalen Technologien.","Briefe","1971-12-12","https://www.spiegel.de/politik/gigantische-ausbeutung-a-b58386f7-0002-0001-0000-000044914616?context=issue",". Das Verhältnis der Industriestaaten zur Dritten Welt, der sogenannten unterentwickelten, entspricht Ihrer Darstellung der Gastarbeiterfrage. In den letzten 200 Jahren wurde die Dritte Welt immer ärmer und die »entwickelte« Welt immer reicher, durch systematische Ausbeutung der ersteren. Das kapitalistische System, als dessen größte Tugend stets seine Wandelbarkeit gepriesen wird, hat keine Mittel und Wege zur Lösung des Nord-Süd-Problems hervorgebracht, ja es tut, seiner »unwandelbaren« Natur entsprechend, alles, um es täglich schwerwiegender zu machen ... und sich selbst damit zugrunde zu richten. Mailand HANS DEICHMANN Was nützt es zu wissen, daß in Cavindir niemand sagen kann, wie viele Einwohner es genau sind? Soll das etwa bestätigen, was wir »Aufgeklärten« schon längst wissen, nämlich, daß die Türken, Süditaliener, Portugiesen, Spanier und Griechen ignorant; faul und ein bißchen blöd sind? Soll ich in Weinkrämpfe ausbrechen, weil Frau Fatma von ihrem in Deutschland arbeitenden Mann einen Kassettenrecorder, eine Reiseschreibmaschine und ein Kind anstelle der ersehnten Karotten, Waschmittel und Anti-Baby-Pillen bekommt? Kiel YVES LEMAY Vor Jahren argumentierte die kanadische Einwanderungsbehörde mit der Theorie -- Jeder Einwanderer schafft innerhalb von zwei Jahren einem neuen Einwanderer einen Arbeitsplatz -- für ihre Politik. Bei vorwiegend mittel- und besitzlosen Einwanderern mit enormen Konsumbedürfnissen eine durchaus sinnvolle Denkungsweise einer Behörde, die einen menschenleeren Kontinent bevölkern und erschließen will. Wo liegt der Sinn bei der ohnehin schon überbevölkerten Bundesrepublik? Laufend höhere Steuereinnahmen werden gewiß die Defizithaushalte speisen, und die Geschäftswelt wird immer mehr umsetzen und höhere Gewinne erzielen. Aber auf lange Sicht wird die deutsche Gesellschaft unlösbaren Sozial- und Minderheitenproblemen gegenüberstehen, von den wachsenden Umweltproblemen einer immer mehr bevölkerten Asphalt- und Betonlandschaft, von all ihren Nebenerscheinungen ganz zu schweigen. Fort Lnuderdale (Florida, USA) HANS J. RAAB Lupenrein (Nr. 48/1971, SPIEGEL-Gespräch mit Peter Homann) Zweifellos sind die derzeitigen Verstöße der Mitglieder der Baader-Meinhof-Gruppe gegen unser geltendes Strafrecht eine Folge ihrer Situation. Wie wär's eigentlich mit einer Amnestie? -- ich glaube, Schmid und auch Schelm würden dann noch leben, und vielleicht wären weitere Tote zu vermeiden. Besigbeim (Bad.-Württ.) WERNER METZGER Es ist der deutschen Polizei zu empfehlen, die Fahndung nach der Baader-Meinhof-Gruppe einzustellen und sich psychotherapeutisch gegen ihren »Baader-Meinhof-Gruppen-Wahn« behandeln zu lassen. Wenn jemand, der steckbrieflich von Interpol gesucht wird, neben fünf Polizisten in einer Sauna sitzt und diese anschließend als freier Mann verläßt, so zeugt das doch von einer gewissen Unfähigkeit der deutschen Ermittlungsbehörden. vierheim (Hessen) E"
"142","0.7346008121967316","0.7346008121967316","0.4","Score: 4.0/10 - Der Text diskutiert Bevölkerungsentwicklung, Geburtenraten und die Integration von Ausländern. Es werden gesellschaftliche Ängste vor einem Bevölkerungsschwund und einer »Überfremdung« thematisiert, aber keine technologischen Aspekte. Obwohl die Themen Arbeitswelt und Zukunft der Gesellschaft angesprochen werden, ist der Bezug zur Automatisierung oder Computerisierung nicht erkennbar. Die Aussagen sind demographisch und kulturell, nicht technologisch orientiert.","Briefe","1975-04-13","https://www.spiegel.de/politik/aufgeschoben-aufgehoben-a-83936eab-0002-0001-0000-000041558860?context=issue",". Die Deutschen sterben dann nicht aus, sondern kommen auf den Hund. z Z. Vaduz WERNER STEPPAT stud. soz. Immer mehr Frauen melden den Anspruch auf Beruf und Familienleben an. Sie fordern Service-Häuser: In ihnen wird .die Freiheit der Lebensgestaltung auch für Mütter verwirklicht. Es geht darum, die Kernfamilie mit eigenem Haushalt zu erhalten, aber gleichzeitig den Müttern die Möglichkeit zu geben, sich -- wenn sie es wünschen -- auch außerhalb des Hauses zu betätigen. Saarbrücken HILDE KRATZ Wer Kinder als »Fehlinvestitionen« und »nutzlose Fresser« betrachtet, sollte nicht vergessen, daß auch er eines Tages alt wird und dann Rente beansprucht. Köln HELFRIED JESCHKE Vater von vier Kindern Unser Staatsministerium hat keine »Voraussage« und keine »Prognose« aufgestellt, sondern ausdrücklich nur eine Berechnung unter Zugrundelegung bestimmter Daten vorgenommen. Diese Modellrechnungen ergeben, daß von der Mitte der neunziger Jahre an ein rapider Bevölkerungsschwund einsetzen wird, sofern die Fruchtbarkeit nicht wieder erheblich ansteigt. Diese Konditionalaussage ist ebensowenig eine »Horror-Vision« wie etwa ein Verkehrsschild, das eine gefährliche Kurve ankündigt; in beiden Fällen soll rechtzeitiger Hinweis Schaden verhindern. München HEINZ SCHMIDT Bayerisches Staatsministerium für Landesentwicklung und Umweltfragen Auf keinen Fall zeugt es von Weitsichtigkeit, wenn man bei leichtem Absinken einer bestehenden Überpopulation gleich die Utopie eines aussterbenden Volkes an die Wand malt. Wir sollten das Schrumpfen freudig begrüßen. Verschwinden oder vermindert würde das Überbevölkerungssyndrom aus Aggression, Streß, Kriminalität, Neurosen und Ähnlichem. Gießen JOCHEN TAMM stud. bio. Wer will seinen Kindern schon Sorgen, Verzicht und Ärger aufladen. Ex oriente lux. Diesen alten lateinischen Spruch werden Sie kennen; von Osten kommt die Erleuchtung, von Osten wird uns noch einiges widerfahren. München KLAUS-DIETER SIEGMANN Sie haben das Extreme noch nicht einmal geschildert! In Berlin-Kreuzberg beträgt der Ausländeranteil ungefähr 25 Prozent, der Anteil der Geburten bei Ausländern aber 1974 bereits 64,4 Prozent (1973: 56,7 Prozent). Wird in sechs Jahren in 50 Prozent der Grundschulen türkisch gesprochen? Wenn wir unsere Gastarbeiter in Kreuzberg wirklich integrieren, dann dürfte der Bürgermeister nach drei Legislaturperioden einen anatolischen Vater haben. Bestimmt kein »Untergang des Abendlandes«! Soll aber dazu »ex oriente lux« jubiliert werden? Berlin DR. MED. K. H. FRIED Medizinaldirektor So, nur Gastarbeiter sorgen noch für einen Baby-Überschuß. Und warum sind die Babies nicht die Deutschen bei Geburt? In dem Fall hättet ihr mindestens einige frischen Genes gekriegt. Unsere Astrid ist »made in Germany«, (Giessen, wo ihr Jugo-Papa ein Tierarzt wurde) aber zur Welt kam sie in sonnigen Kalifornien und ist kein Gastarbeiter-Kind. Los Angeles DR"
"143","0.7218541204929352","0.7218541204929352","0.4","Score: 4.0/10 - Der Text thematisiert die politische Situation in der DDR und die Fluchthilfe, aber nicht die Computerisierung oder Automatisierung. Die Diskussion dreht sich um politische Freiheit, Menschenrechte und den Zustand des sozialistischen Systems. Obwohl die DDR als 'Totalitarismus' und 'Unmenschlichkeit' dargestellt wird, ist dies keine Auseinandersetzung mit technologischem Wandel. Die Erwähnung von 'Fluchthilfe' und 'Menschenhandel' bezieht sich auf politische Flucht, nicht auf technologische Veränderungen. Es gibt keine Verbindung zwischen den Themen und der Arbeitswelt, dem Alltag oder der Automatisierung. Die Textstelle ist thematisch irrelevant für die Forschungsfrage, da sie sich ausschließlich mit der politischen Situation in der DDR beschäftigt.","Briefe","1973-09-02","https://www.spiegel.de/politik/fluchthilfe-a-cd977854-0002-0001-0000-000041911402?context=issue","(Nr. 34/1973, SPIEGEL-Titel) Auch Sie sehen in der DDR die Inkarnation der Unmenschlichkeit und des Totalitarismus. Das manifestiert sich schon in Ihrem Titelbild. Der Stacheldraht und der schwarze Untergrund sind repräsentativ für den sozialistischen Unterdrückungsapparat, der dem menschlichen Individuum keine Möglichkeit zur persönlichen Entfaltung läßt. Das Wort »Fluchthilfe« und das Inserat werden so zum einzigen Ausweg aus diesem »inhumanen System« hochgespielt. Friedrichstal (Bad.-Württ.) HANS STAMMEL Die gesamtdeutschen Verhandlungen bringen nur Erleichterungen für die Westdeutschen; und solange dies sich nicht ändern wird, ist es nur zu begrüßen, daß es noch Fluchthilfeorganisationen und Fluchthelfer gibt, die für Geld ihr Leben aufs Spiel setzen. Geld kann man ersetzen; auch wenn es für viele schwer wird, das Geld aufzubringen, so sollte man doch jenen, die ihr Leben dafür einsetzen, ein Denkmal setzen, anstatt ihnen »Mißbrauch der Transitwege«, »schamlose Geschäfte«, »Menschenhandel« und »Zweifel an den Motiven« vorzuwerfen. Wir sollten Lieber eine westdeutsche Fluchthilfeorganisation gründen und zu Spenden aufrufen, damit jene Helfer wirklich geschützt und versorgt werden. Braunschweig GERHARD WORLING Ich finde es unverantwortlich. wenn eine kleine Gruppe Geschäftemacher unter Ausnutzung des Transitabkommens Personen zu Höchstpreisen von einem Teil Deutschlands in den anderen bringt. Diese Handvoll Leute sollten nicht das kaputtmachen, worauf alle Bundesbürger über 20 Jahre gewartet haben, nämlich den freien Zugang von und nach West-Berlin. Berlin MATTHIAS NEUMANN An der Grenze wird drüben auf jeden geschossen, der rüber will und jetzt kommen unsere Paragraphenheinis und meinen, denen sei alles erlaubt -- uns aber nicht. Allenbach (Rhld.-Pf.) HANS BOCKEMUEHL Menschenhandel oder Caritas sind Begriffe, die jenseits der Denk- und Verhaltensweise von Fluchthelfern liegen, die Geschäftsleute außerhalb der Legalität sind und ohne nationales Verantwortungsbewußtsein handeln. Hannover ERNST SOMMER Ich war mit Ihrem Bericht ganz zufrieden. In der Tendenz ist er eine wichtige politische Leistung. Lassen Sie mich nur zum Fall Harry Seidel eine verbürgte Geschichte erzählen, die für ihn charakteristisch ist: Unter der Heidelberger Straße hindurch hatten Harry Seidel und einige Freunde einen Tunnel gegraben. Harry hatte den Durchbruch gemacht in den Keller eines Hauses, aber damit alles sicher geht, bedurfte es noch des Bündnisses eines Hausbewohners. Harry hatte einen geeigneten Kandidaten gefunden, einen Mann, der sich aus West-Berlin Lebensmittelgeschenke für seine kleinen Kinder von Verwandten zuwerfen ließ. Harry hatte Bananen bei sich und rief: »Kannste die gebrauchen?« Antwort: »Bring sie rüber«, Harry: »Ich komme.« Fünf Minuten später klingelte es an der Wohnungstür des Ost-Berliners, und Harry streckte, als die Tür sich öffnete, Bananen entgegen. Der Mann wurde blaß"
"144","0.718114972114563","0.718114972114563","0.4","Score: 4.0/10 - Der Text erwähnt wirtschaftliche Wachstumsprozesse und die Rolle der Gewerkschaften im Stahlarbeiterstreik, aber es gibt keine Bezugnahme auf Technologie, Computerisierung oder Automatisierung. Die Diskussion dreht sich um wirtschaftliche Zusammenarbeit in Europa und die Auswirkungen von Streiks. Es fehlt jeglicher Hinweis auf technologischen Wandel oder dessen Auswirkungen auf Arbeitsplätze. Die Verbindung zu der Forschungsfrage ist nur sehr schwach und rein wirtschaftlich. Daher 4/10 – schwacher thematischer Bezug ohne gesellschaftliche Dimension.","Briefe","1979-01-21","https://www.spiegel.de/politik/streiken-fuer-europa-a-194871a7-0002-0001-0000-000040351084?context=issue",". Dies kann erreichbar sein durch verstärktes Wachstum in Frankreich. Eine Verminderung des deutschen Wachstums müßte aber dasselbe bewirken, und so gesehen könnte das Bemühen der Gewerkschaften (im Stahlarbeiterstreik) doch ein wichtiger Beitrag zur Einigung Europas werden. Jülich (Nrdrh.-Westf.) DR. A. MAAS"
"145","0.7449252605438232","0.7449252605438232","0.3","Score: 3.0/10 - Der Text enthält keine erkennbare Thematisierung von Computerisierung, Automatisierung oder technologischem Wandel. Die Briefe behandeln hauptsächlich politische und moralische Kritik an der Führungsschicht in der Bundesrepublik, Korruption, die DDR, und gesellschaftliche Verhältnisse. Obwohl der Text im selben Heft wie andere Beiträge zur Computer-Revolution erscheint, wird die Forschungsfrage nicht angesprochen. Es gibt keine Verbindung zwischen Technologie und gesellschaftlichen Hoffnungen oder Ängsten.","Briefe","1978-01-22","https://www.spiegel.de/politik/auch-im-westen-nichts-neues-a-e1c98871-0002-0001-0000-000040694156?context=issue",". Mein schönster Traum war ein deutsch-deutsches Miteinander. Natürlich, es war ein Traum. Ravensburg (Bad.-W(irtt.) CHRISTOPH VON SCHWERIN Abgeändertes zeitloses Zitat: »Die Honeckers und Schmidts kommen und gehen, das deutsche Volk aber bleibt bestehen!« Lübeck UDO GIGGER kein Chaot Der Anstoß zur großen Sammelbewegung, einer Alternative zur SPD, ist gegeben. Es sieht aus, als könnte man bald wieder guten Gewissens nach Deutschland kommen. Kibbutz Ha'Ogen (Israeli ANDREAS GRAF »Korruption, wohin man blickt.« Im weitesten Sinne würde ich sagen: Auch im Westen nichts Neues. Straubing (Bayern) HELMUT DUDEK Wenn man diesen interessanten Artikel gelesen hat, dann tun sich auch bei uns in der Bundesrepublik, vornehmlich in der SPD und den aus ihren Reihen stammenden Gewerkschafts-Funktionären, Bundes-, Landes- und Städtepolitikern, Bankdirektoren und mit ihnen verbundenen Ministern Parallelen auf, die nachdenklich machen. Rosenheim (Bayern) ERIKA FLoSS Warum in die Ferne schweifen, wenn das Bayernland so nah! Dort, wo das Spezitum nur so grassiert, im Dunstkreis der »Kapfis« und Aloise, sind gewiß ebenfalls die tollsten persönlichen Bereicherungen an der Tagesordnung. Und was »Lüla« betrifft: Auch wir hier in der Bundesrepublik hatten und haben unsere »Lülas« beziehungsweise »Lüfras«, die sich sogar nicht scheuen, das gesamte Parlament zu belügen -- und darüber hinaus noch so manch andere Lügenprinzen, die die kritiklose Masse der Arbeiter und Angestellten mit frisierten »Tatsachen«-Meldungen Tag für Tag in Millionenhöhe »aufklären«. Fassen wir es kurz: Menschen bleiben Menschen, ob in Ost, ob in West -- und wer die Macht hat, nutzt sie aus und läßt sie die Machtlosen spüren. Ganz besonders die Deutschen! Stuttgart GUNTHER TRJEDWINDI In Ihrem Kommentar zu dem Manifest meinen Sie, daß die west-deutsche Volksmeinung eher »permissiv« sei gegenüber moralischen Qualitäten der Führungsschicht als die ost-deutsche, die da eher puritanisch denke. Angesichts der von Ihnen genannten Ein-. kommen (oder sagt man besser »Profite«?) des Herren Poullain meine ich: Die meisten Menschen der Bundesrepublik sehen das nicht permissiv, sondern sehr zynisch. Wie in der DDR! Eine gesamtdeutsche Stimmungslage! Braunschweig DR. HANNS WALTER BENDER Ich vermisse bei dem Beitrag die Forderung nach Enteignung des Großkapitals und Großgrundbesitzer sowie die Abschaffung der Institution Kirche. Köln WOLFGANG, ERICH UND ELVIS HAHN Ich traue meinen Augen nicht: Wurden wir, die aus dem Osten kommen, ob Solschenizyn' ob ich selber, nicht jahrelang mit dem diffamierenden Begriff »Kalter Krieger« bedacht, nur weil wir bis in die Wortwahl haargenau dasselbe Urteil über den Kommunismus fällten wie jetzt die kommunistische Opposition in der DDR? Ich kann meine Schadenfreude über die Tatsache kaum verhehlen, daß durch dieses Manifest und seine Feststellungen all jene Kritiker als schlichte Dummköpfe entlarvt wurden"
"146","0.7382656931877136","0.7382656931877136","0.3","Score: 3.0/10 - Der Text behandelt allgemeine gesellschaftliche Ängste und Unzufriedenheit in der Bundesrepublik, insbesondere in Bezug auf die SPD, die Regierung und die politische Kultur. Es werden Themen wie Inflation, Angst vor Kommunismus, politische Unzufriedenheit und soziale Spannungen diskutiert. Obwohl die Angst vor Veränderung thematisiert wird, ist der Bezug zur Computerisierung, Automatisierung oder technologischem Wandel nicht erkennbar. Die Ängste sind politisch und kulturell, nicht technologisch motiviert.","Briefe","1974-04-28","https://www.spiegel.de/politik/diffuses-bild-a-d11a6e1c-0002-0001-0000-000041751371?context=issue","(Nr. 16/1974, SPIEGEL-Titel »Die Ängste der Deutschen«; SPIEGEL-Gespräch mit der Juso-Vorsitzenden Heidemarie Wieczorek-Zeul über das Dilemma der Sozialdemokraten) Wer Angst unterstellt, erhält Angst als Antwort. Hannover PETER KRÜGER Jedenfalls ist das Strickmuster des Fragengewebes leicht zu durchschauen: auf Buhmann-Behauptungen (""Verstaatlichungen«, »Radikale«, »Gewalt« und »Terror"") buht der Befragte zurück und deutet auf die da oben an der Regierung. St. Augustin (Nrdrh.-Westf.) MONIKA VON ALEMANN-SCHWARZ DR. ULRICH VON ALEMANN Die Umfrage wurde doch bestimmt überwiegend in Niederbayern durchgeführt. Anders kann ich mir dieses Ergebnis nicht erklären. Frankfurt UDO JUNG Wenn die tumbe, teutsche Mehrheit mit Tetzlaff-Ideologie die Anstrengungen und Erfolge der sozialliberalen Koalition nicht begreift, wünsche ich der »dußlichen Kuh« einen Strauß (Struthio camelus) als Bundeskanzler. Ellerbek (Schlesw.-Holst.) ULRICH GREEN Ob Sie und Ihre Kassandra wohl Tomaten auf den Augen haben? Was sich da zeigt, ist doch vor allem die Unzufriedenheit unserer Bangebürger mit dem Zustand der Zufriedenheit. Klausdorf (Schlesw.-Holst.) WERNER MENSKI Seit Jahren bin ich ein SPD-Wähler, und muß auch gestehen, in den letzten Monaten enttäuscht zu sein. Ich sehe persönlich aber den Hauptgrund in den schlechten Ratgebern, sprich Ministern wie Lauritzen, Ehmke, Jahn und Eppler, die tagtäglich auf den Bundeskanzler einreden. Baunatal (Hessen) WULF WAGNER Die SPD ist heute mehr denn je eine linkslastige schiefe Ebene, auf der ein Teil ihrer Anhänger in den Sozialismus abrutscht ... Jedem gewissenhaften Deutschen muß Angst und bange sein, wenn Brandt einem Breschnew gegenübersteht. Hürth-Hermülheim (Nrdrh.-Westf.) DR. HERBERT KUTSCHERA Obgleich die rapide Abnahme der Kaufkraft des Geldes eine Erscheinung der gesamten westlichen Welt darstellt, haben es die christlichen Leute verstanden, den deutschen Bundeskanzler zum Erfinder der Inflation zu küren. Und siehe da -- der ängstliche Deutsche der Inflation, Michel, glaubte auch dieses. Niemand soll sich daher wundern, wenn bei dieser Narkotika die Angsthasen zu springen beginnen. Wolfsburg (Nieders.) LOUIS KUMMER Sind die Jusos aufrichtig der Meinung, daß sie diese Interessen entschieden und wenn nötig radikal vertreten können, brauchen sie sich nicht aus der SPD »rausschmeißen« zu lassen (Vogel), sondern müssen sich an einer neuen sozialistischen Arbeiterpartei profilieren. Marienheide (Nrdrh.-Westf.) JOSEF SVEHLA Wer mit Kommunisten Solidarität üben will (zum Beispiel im Solidaritätskomitee für Chile oder bei der Initiative gegen die sogenannten Berufsverbote), kann nicht gleichzeitig Solidarität sozialdemokratischer Organisationen oder Mitglieder oder Vorstände erwarten. Ansbach (Bayern) WOLFGANG LIST Für die SPD gibt es nur die eine Alternative, nämlich die Ankündigung ihres Vorsitzenden, Maßnahmen gegen unbotmäßige Linke durchzuführen, wahr zu machen und nicht in einer Taktik der Verharmlosung zu verharren"
"147","0.7357385158538818","0.7357385158538818","0.3","Score: 3.0/10 - Der Text behandelt die Diskussion um »biologisches Bauen« und alternative Baupraktiken, einschließlich Erdstrahlen und Astrologie. Obwohl technologische Aspekte wie Elektrifizierung erwähnt werden, ist der Fokus auf mystische und alternative Lebensweisen gerichtet. Es gibt keine Thematisierung von Computerisierung oder Automatisierung. Die Angst oder Hoffnung bezieht sich nicht auf technologischen Wandel, sondern auf Umwelt- und Gesundheitsängste. Der Bezug zur Forschungsfrage ist schwach und indirekt.","Briefe","1979-08-26","https://www.spiegel.de/politik/auch-palmstroem-nervoes-a-187b8116-0002-0001-0000-000040348642?context=issue","(Nr. 32/1979, Architektur: Unter westdeutschen Architekten grassiert ein Modewort: »Biologisch bauen"") Zur Klage von Dr. Werner Kaufmann über »epidemieartige Nierenbeckenentzündung entlang von elektrifizierten Bahnstrecken im südlichen Serbien« kann ich nur ergänzend feststellen, daß in Deutschland mit dem zahlenmäßigen Rückgang der Störche auch die Zahl der Geburten abgenommen hat. Mönchengladbach (Nrdrh.-Westf.) BRIGITTE WELTER ... darf ich Ihnen mitteilen, daß ich schon lange als Wünschelrutengänger Erdstrahlen, Wasseradern und Reizstreifen orte. Verblüffend war die Tatsache, daß Personen an Krebs gestorben sind, die sich längere Zeit auf solchen Zonen aufhielten, wie mir von den Angehörigen berichtet wurde. Es ging dabei hauptsächlich um das Bett, das Sofa, den Fernsehsessel und den Platz am Eßtisch. Da gibt es nur eins: »Umstellen«. München RUDOLF RUEFF Beratender Ingenieur für Bauwesen ZDI Der Saulus Dietrich mit seinen modischen Akupunkturtesten soll Anhängern für teures Geld bauen, was sie nicht besser verdienen. Nur möge er die Welt von seinem neuesten Größenwahn, einer Biostadt mit 800 000 Einwohnern, verschonen. Was als Einzelerscheinung ganz lustig und erträglich ist, ist in solchem Ausmaß eine öffentliche Gefahr. Bonn DR. INGEBORG FLAGGE Geschäftsführerin des Bund Deutscher Architekten (BDA) Hierzu hat sich auch Morgenstern unmißverständlich geäußert: Palmström ist nervös geworden; darum schläft er jetzt nach Norden. Denn nach Osten, Westen, Süden schlafen, heißt das Herz ermüden. (Wenn man nämlich in Europen lebt, nicht südlich in den Tropen.) Solches steht bei zwei Gelehrten, die auch Dickens schon bekehrten -- und erklärt sich aus dem steten Magnetismus des Planeten. Palmström also heilt sich örtlich, nimmt sein Bett und stellt es nördlich. Und im Traum, in einigen Fällen, hört er den Polarfuchs bellen. Mittelschefflenz (Bad-Württ.) FRITZ GOTZLIEB HEYER"
"148","0.720396101474762","0.720396101474762","0.3","Score: 3.0/10 - Der Text thematisiert die politische Entwicklung in den USA und die Angst vor einer totalitären Machtübernahme. Die Kritik an der 'Wahrscheinlichkeit einer möglichen totalitären Machtübernahme' und die Beschreibung der USA als 'zugrunde gegangen' sind politische und ideologische Aussagen, die jedoch nicht mit der Computerisierung oder Automatisierung in der westdeutschen Gesellschaft verbunden sind. Die Angst vor 'Sklavenverwandlung' und 'bürgerlichem Nichtsein' ist eine metaphysische Angst vor politischer Unterdrückung, nicht vor technologischem Wandel. Es gibt keine Verbindung zu Arbeitsplätzen, Alltag oder technologischer Entwicklung in der BRD. Die Textstelle ist thematisch irrelevant für die Forschungsfrage, da sie sich ausschließlich mit der politischen Lage in den USA beschäftigt.","Briefe","1970-08-02","https://www.spiegel.de/politik/danse-macabre-a-fe374293-0002-0001-0000-000044418193?context=issue","(Nr. 29/1970, USA -- »O Gott, was ist los mit uns"") Ihre Darstellung ist meines Erachtens die umfassendste Analyse unseres Schmelztiegels, in dem der Schmelzprozeß sieh seit Jahren rückläufig vollzieht. Die Zukunft sieht besorgniserregend, ja hoffnungslos aus. Wie stark besorgniserregend, kann ich als Deutschamerikaner beurteilen, der die Entwicklung der letzten sechs Jahre in verschiedensten Großstädten der USA verfolgen konnte. Cleveland (USA) KLAUS-PETER HINZE Ich habe Furcht vor der Tatsache, daß die Wahrscheinlichkeit einer mögliimmer glaubhafter und denkbarer wird. Meine Landsmänner kenne ich gut genug, um zu wissen, daß sie es niemals dulden könnten, ihre komfortablen, kurzsichtigen, aber falschen Vorstellungen von den Wirklichkeiten in Amerika vernichten zu lassen. So was dulden sie ja sowieso nicht -- auch wenn sie ihre Freiheit dafür opfern müßten. Denn man dürfte gar behaupten, sie finden das bürgerliche Nichtsein ganz schön angenehm; daher würden sie nichts spüren, wenn sie in Sklaven verwandelt würden. Als Amerikaner bedaure, betrübe und entsetze ich mich, daß ein einmal so großes und beneidenswertes Land sich so schnell zugrunde gehen lassen konnte oder durfte. Teheran (Persien) VIRGIL WILLIAMS Anton Dvorák läßt die »Eindrücke und Grüße aus der Neuen Welt«, wie er seine Sinfonie selbst nannte, im »Alllegro con fuoco« enden. Wahrscheinlich hielte er heute einen »Danse macabre« als letzten Satz für angemessener. Aufgrund persönlicher Erfahrungen, die ich innerhalb eines dreimonatigen Aufenthaltes in den USA sammeln konnte, halte ich es für sehr wichtig, daß die Gloriole, die bei uns noch immer jene Chiffre »USA« umschwebt, endlich der Entmythologisierung zum Opfer fällt. Tübingen (Bad.-Württ.) KLAUS PETER HARTMANN Die lärmende Konfettiparade der Bauarbeiter ist nur der erste Teil des »Festzuges"": Lautlos folgt ihm die Geisterarmee der 44 000 loten GIs von Vietnam. Für sie stehen nur der barhäuptige Abraham Lincoln und die Freiheitsstatue am Straßenrand. Und beide weinen. Quickborn (Schl.-Holst.) ERNST DIEDERICHS * In New York am 20. Mai 1910. chen totalitären Machtübernahme drüben durch etwa einen Wallace-Sieg immer glaubhafter und denkbarer wird. Meine Landsmänner kenne ich gut genug, um zu wissen, daß si niemals dulden könnten, ihre komfortablen, kurzsichtigen, aber falschen Vorstellungen von den Wirklichkeiten in Amerika vernichten zu lassen. So was dulden sie ja sowieso nicht -- auch wenn sie ihre Freiheit dafür opfern müßten. Denn man dürfte gar behaupten, sie finden das bürgerliche Nichtsein ganz schön angenehm; daher würden sie nichts spüren, wenn sie in Sklaven verwandelt würden. Als Amerikaner bedaure, betrübe und entsetze ich mich, daß ein einmal so großes Land sich so schnell zugrunde gehen lassen durfte. Teheran (Persien) VIRIL WILLIAMS"
"149","0.7363112568855286","0.7363112568855286","0.2","Score: 2.0/10 - Der Text diskutiert die politische Frage der Wiedervereinigung Deutschlands und die Angst vor einer wiedervereinigten, abgerüsteten Republik. Es werden geopolitische und wirtschaftliche Ängste thematisiert, aber keine technologischen. Die Aussagen beziehen sich auf Militär, Neutralität und internationale Beziehungen. Es gibt keinen Bezug zu Computerisierung, Automatisierung oder technologischem Wandel in der Arbeitswelt oder im Alltag. Der Text ist rein politisch und irrelevant für die Forschungsfrage.","Briefe","1978-01-22","https://www.spiegel.de/politik/auch-im-westen-nichts-neues-a-e1c98871-0002-0001-0000-000040694156?context=issue",". Aber so viel Zeit bleibt leider nicht mehr, um Land und Leute zwischen Oder und Rhein vor dem endgültigen Aus zu bewahren. Wiesbaden HORST BÄRWALD Journalist Warum soll heute nicht mehr möglich sein, was Moskau 1952 bot: Wiedervereinigung und Neutralisierung Deutschlands? Ein nur konventionell bewaffnetes Deutschland ist nicht mehr gefährlich! Im Gegenteil, es böte sich als Angelpunkt für eine intensivere Kooperation von Ost und West. Neuss (Nrdrh.-Westf.) KLAUS P. LÜCKE Dipl-Kfm. Ein wiedervereinigtes Deutschland unter einem ökonomisch-politischen System, welches sich ernsthaft um den menschlichen Sozialismus bemüht? Das wäre schon etwas. Schade ist nur. daß weder Helmut Schmidt noch Erich Honecker, weder »Kapitalisten« noch »Kommunisten« in Ost und West damit einverstanden sein können. Nicht nur wegen der Erhaltung des Status quo und der damit verbundenen Macht, sondern wohl auch deshalb, weil dann die übrige Welt dazu aufgefordert werden würde, wieder einmal am deutschen Wesen zu genesen. Scarborough (Kanada) DR. RUDOLF HEYDELOFF, PHD. Selbst wenn dieses vereinigte Deutschland abgerüstet wäre, würde es doch noch genug (wirtschaftliche) Ängste verbreiten. Die oft gehörte Meinung, andere Völker könnten diese Wiedervereinigung gar fördern, gehört ins Kapitel reinen politischen Wunschdenkens. Fribourg (Schweiz) PAUL J. DIETSCHY Pharmaeien resp."
"150","0.7203157246112823","0.7203157246112823","0.2","Score: 2.0/10 - Der Text thematisiert die politische Situation in der UdSSR und die Kritik an der westdeutschen Hetze gegen den Sozialismus. Die Diskussion dreht sich um die Sowjetunion, ihre Politik, ihre Waffenarsenale und die Vergleichbarkeit mit der BRD. Es gibt keine Erwähnung von Computerisierung, Automatisierung, Arbeitsplätzen oder technologischem Wandel in der westdeutschen Gesellschaft. Die Textstelle ist rein politisch und ideologisch, ohne Bezug zur Forschungsfrage. Die Aussage, dass Breschnew weniger verdient als ein deutscher Zahnarzt, ist eine wirtschaftliche Vergleichsangabe, die jedoch nicht auf technologische Veränderungen zielt. Die Textstelle ist thematisch irrelevant und enthält keine gesellschaftliche Wahrnehmung von technologischem Wandel.","Briefe","1976-04-04","https://www.spiegel.de/politik/gewisse-vorstellungen-a-a2aece7d-0002-0001-0000-000041279899?context=issue",". Auch ich verurteile neubürgerliche Privilegien in einem sozialistisch konzipierten Staat. Wie ich auch den Absolutheitsanspruch eines Staates ablehne, der sich -- und da unterscheidet er sich nicht von den bürgerlichen Demokratien -- als »die Summe seiner Bürger« versteht. Koblenz HERBERT HOLZING, BDG Grafik & Design Daß die geschilderten Depravationen keine der sozialistischen Perspektive immanente Zwangslogik repräsentieren, sondern aus den spezifischen russischen Revolutionsbedingungen und ihren Emanationen resultieren, sollte -- für Eingeweihte -- ebenso evident sein*. Mülheim (Nrdrh.-Westf.) U. BAUERMEISTER Man darf nunmehr politisch ziemlich alles, nur nicht: an der UdSSR ein einziges gutes Haar lassen! Sogar die Kommunisten etlicher Länder lassen sich ja in diesen Trend hineinzwingen. Wählen kann man aber nur das geringere Übel, und -- im Vergleich zur USA -- ist die UdSSR das geringste Übel. Die sich ausbreitende Hetze trägt außerdem zur Verwirklichung des Dritten (und letzten) Weltkrieges unbezweifelbar im hohen Maße bei. Endkede (Schweden) HILDE RUBINSTEIN Der Linkspublizist der »Weltbühne«, Kurt Hiller, hat in der Weimarer Republik ein »Deutsches Herrenhaus« des Geistes gefordert. Di& Sowjets haben ein solches Herrenhaus in Form von Politbüro und Obersten Sowjet, was dem Liberaille Smith nicht schmeckt. Übrigens verdient Breschnew weniger als jeder deutsche Zahnarzt. Karlsruhe PAUL HILBERT Die Sowjetmenschen haben ihre Politik ganz auf Frieden getrimmt und dabei ein Waffenarsenal aufgebaut, das den Erfolg der Politik garantiert. Es wäre eine glückliche Sache zum Wohl des deutschen Volkes, mit diesen Politikern der UdSSR, zum Wohl der deutschen Nation ganz im Sinn Konrad Adenauers zusammenzuarbeiten. Krefeld KLAUS ROBERT RACKFAHL Ingenieur * Übersetzung: Daß die geschilderten Verschlechterungen kein inneres Gesetz ausdrücken, das der auf den Mitmenschen gerichteten Zielvorstellung entspricht, sondern sich aus den besonderen Bedingungen des Umsturzes in Rußland ergeben, sollte Eingeweihten ebenso klar sein. (Red.) Der deutsche Angriff gegen die Sowjet-Union von 1941 richtete sich als völkerrechtlich statthafter Präventivkrieg gegen einen Nachbarn, dessen Führung fest entschlossen war, Deutschland auf alle Fälle zu einem ihr genehmen Zeitpunkt noch während des Zweiten Weltkrieges anzugreifen, worauf unter anderem die erkennbar gewordenen Vorbereitungen hinwiesen. Garmisch-Partenkirchen (Bayern) PROF. DR. BOLKO FREIHERR VON RICHTHOFEN Nach der SPIEGEL-Serie ist die UdSSR das am schlechtesten verwaltete Land mit verderbten Prominenten und mit einem diebischen und ungehorsamen Volk. Die Deutschen müssen völlig dumm sein, daß sie von diesem Volk und dieser Regierung besiegt wurden. Stalingrad hat nicht bei allen gewisse Vorstellungen ausgerottet. Auriliac (Frankreich) EUGÉN MARTRES"
