Jahrgang,Ausgabe,nr_in_issue,date,Artikeltitel,Untertitel,Schlagworte,Text,URL,Autoren,Month,Year,Month_name,word_count,char_count,has_computerisation,is_leserbrief,year,decade,period
1950,5,40,1950-02-01,Briefe,Koketterie,,"Im SPIEGEL Nr. 2/50 wird berichtet, daß der arme Krankenpfleger Heinrich Noll, durch seine Aehnlichkeit mit Adolf Hitler, sich bald nicht mehr sehen lassen kann. Meiner Ansich nach kokettiert Herr Noll mit dieser Ähnlichkeit, um vielleicht eines Tages von einem tüchtigen Filmmanager geholt zu werden. Karlsruhe FRITZ TREIBMANN Dr. jur. et rer. pol.",https://www.spiegel.de/politik/koketterie-a-e1d42a6c-0002-0001-0000-000044446409?context=issue,,2,1950,February,53,349,True,True,1950,1950s,1950-54
1950,5,56,1950-02-01,Briefe,Leerkraft,,"Das von Ihnen in Nr. 3/50 veröffentlichte Eingesandt des stud, paed. Norbert Wagner, »Pädagoge« hat mich so beeindruckt, daß mir die beiliegenden Zeilen aus der Feder bzw. der Schreibmaschine flossen: Ein stud. paed. ist sehr empört. wenn er das Wort »Lehrkraft« hört Auch der »Schulrat« - - Dunnerkiel - ist als »Aufsicht« ihm zuviel! Der »Beamte« ihn beengt, trotzdem der Pension empfängt. Was wird unser stud paed. sagen über die Lehrkörper-Fragen«? »Lehranstalt« und »Lehrplan« sind diesem Pädagogen-Kind zweifellos verhaßt und bitter. Künftiger Erziehungsritter wird er mit der »Lehrzunft« lehren in der »Lehrerkunft« nach der »Achtjahr-Lehrmonie«. Hoffentlich wird nicht zu früh dieser stud. paed. losgelassen. »Leerkraft« würde sonst wohl passen. Bückeburg POLDI FRITZE",https://www.spiegel.de/politik/leerkraft-a-435d557f-0002-0001-0000-000044446426?context=issue,,2,1950,February,112,776,True,True,1950,1950s,1950-54
1950,34,41,1950-08-23,Briefe,Oho Durchlaucht!,,"Leopold Prinz zu Schaumburg-Lippe erlaubt sich, mich deshalb als sudetendeutschen Landsmann mit Anführungszeichen zu bezeichnen, weil in der kürzlichen Veröffentlichung im SPIEGEL (Nr. 31, Briefe) die Schreibweise der Orte im Sudetenland nicht richtig wiedergegeben sein soll. Typisch für seine Durchlaucht ist, daß er zur näheren Kennzeichnung der sudetendeutschen Orte die tschechische Bezeichnung hinzufügt, die uns, die wir schon vor den Zeiten der Tschechoslowakei in Böhmen lebten, immer als ein Fremdkörper erschienen ist und die wir deshalb nie benutzt haben. Durchlaucht behauptet, daß es im Egerland nur Königsberg an der Eger und Königswart bei Marienbad gegeben habe. Durchlaucht muß sich sagen lassen, daß das Dorf Königswerth an der Eger im Bereich der Bezirkshauptmannschaft Falkenau an der Eger eine der ältesten Ortschaften des Egerlandes ist. Die Gründung geht nach der Sage auf Kaiser Heinrich II. und seine Gemahlin, die Kaiserin Kunigunde, zurück, nach der auch die Kirche des Dorfes noch heute heißt. Sowohl die Britannia-Kohlenwerke AG. wie die Egerländer Bergbau AG. hatten ihren Sitz in Königswerth, Bezirk Falkenau an der Eger. Durchlaucht sei das Studium alter Landkarten des Gebietes empfohlen. Durchlaucht bemängelt ferner die Schreibweise des Ortes Seestadtl mit dl. Ich bedauere, daß der Druckfehlerteufel sich in meiner Erwiderung an mehreren Stellen eingeschlichen hat, einmal bei der unrichtigen Schreibweise von Seestadtl, zum anderen bei der Jahreszahl, denn mein Großvater ist nicht 1884, sondern 1864 nach Graupen gekommen. Durchlaucht benützt die Gelegenheit, darauf hinzuweisen, daß als Verkehrsminister ein Fachmann notwendig sei, und bezieht sich dabei auf die unter Adolf Hitler tätigen Minister, Freiherr von Eltz-Rübenach und Dorpmüller. Aus der Weimarer Zeit vermag er eine entsprechende Persönlichkeit nicht zu benennen, und ich lege keinen Wert darauf, in einem Atem mit Männern genannt zu werden, die unserem verflossenen Führer gedient haben. Mich würde aber interessieren, wie sich denn Durchlaucht einen Fachmann als Verkehrsminister vorstellt. Soll der Mann Eisenbahner, Binnenschiffahrtsmann, Automobilfachmann, Spezialist für Reedereiangelegenheiten und Fachmann in Luftfahrtsfragen gleichzeitig sein? Gehört er nur einer dieser Gruppen an, dann ist er wegen Einseitigkeit als Verkehrsminister nach meiner Meinung nicht brauchbar. Dagegen ist es zweifellos von Bedeutung, daß an der Spitze des Verkehrsministeriums möglichst ein Ingenieur steht. Dabei ist nicht uninteressant, daß z. B. der derzeitige Generaldirektor der französischen Staatseisenbahnen ebenso wie ich Bergingenieur ist. Wegen meiner Zugehörigkeit zur sudetendeutschen Landsmannschaft empfehle ich Durchlaucht, sich mit seinem Vetter, dem Erbprinzen Georg Moritz von Sachsen-Altenburg in Verbindung zu setzen oder mit seinem Bruder, Prinz Friedrich, die beide wiederholt Gäste im Hause meiner Eltern waren und von der Schule her mit uns befreundet sind. Im übrigen empfehle ich Durchlaucht, sich vor derartigen Briefen eingehend erleuchten zu lassen, damit derartig unerfreuliche Pannen nicht wieder passieren. Bonn Dr. Ing. SEEBOHM Bergassessor a. D. Bundesminister für Verkehr Der Druckfehlerteufel betreffs Seestadtl hat sich nicht in die Setzmaschinen des SPIEGEL eingeschlichen, sondern in die Schreibmaschine in der Kanzlei des Herrn Bundesverkehrsministers. - Red.",https://www.spiegel.de/politik/oho-durchlaucht-a-9d838bfc-0002-0001-0000-000044449531?context=issue,,8,1950,August,469,3393,True,True,1950,1950s,1950-54
1951,3,26,1951-01-16,Briefe,Ebene,,"Auf die faustdicken Lügen und Widersprüche des Herrn Lucian Kozminsky (Protokoll des SPIEGEL-Ausschusses in Nr. 51) eingehen zu wollen, dürfte sich wohl erübrigen. Der Landesvorsitzende der Bayernpartei, Dr. Josef Baumgartner, hätte dieses Schauspiel dem deutschen Bundestag und der jungen deutschen Demokratie besser erspart. Ueber Kozminsky hier noch ein Wort zu verlieren, wäre zu schade. Ich müßte ihn verklagen, nehme jedoch davon Abstand, da auch der zuständige Gerichtsvollzieher in München von einer von mir anwaltschaftlich betriebene Pfändung Abstand genommen hat und ich daher zu seinen Verleumdungen auch noch Auslagen übernehmen müßte. Im übrigen fühle ich mich von seinen Aeußerungen nicht betroffen, auch dann nicht, wenn sie der Landesvorsitzende der Bayernpartei wörtlich von ihm, allerdings ohne Beifall, auf einer schlecht besuchten Wahlversammlung übernommen hat. Für uns junge Bayern und Deutsche bleibt es in einem Zeitpunkt, in dem die Remilitarisierung Westdeutschlands zur Debatte steht, jedenfalls von Interesse, Dr. Baumgartner und Kozminsky auf einer Ebene zu treffen. Man kann Bayern und Deutschland zu so einer Verbindung nur beglückwünschen. Schwandorf Dr. EDUARD MAIER Rechtsanwalt. Meine Antwort (zu dem Brief des Konsuls Dr. Wilhelm Schmidhuber im SPIEGEL vom 3. Januar 1951): Sollten Sie, Herr Konsul, wirklich bei all den für Sie so turbulenten Ereignissen der letzten Monate den Vertrag vom 21. März 1950 mit mir vergessen haben? Diesen Vertrag, der doch gerade auf Ihre persönlichste Initiative zurückging? Nun, ich habe mich gesichert, denn ich kannte Sie ja damals schon! Ich habe das Original, mit Ihrer Schreibmaschine geschrieben, sehr wohl deponiert. Die Abschrift ist gerade an den Vorsitzenden des SPIEGEL-Ausschusses, Herrn Dr. Semler, am 22. 12. 50 abgegangen. Waren Sie s. Z. nicht begeistert, als ich Ihnen, Herrn Donhauser und Herrn v. Aretin DM 100 000. - zur persönlichen Verfügung gestellt habe, damit Sie mir bei der Erlangung von Ausfuhrlizenzen durch Ihren persönlichen Freund, Ministerialrat Graf vom Bonner Wirtschaftsministerium behilflich sind? Sollten Sie nicht ein Entgelt für die Beschaffung der Lizenz erhalten, wie es im letzten Absatz unseres Vertrages vorgesehen war? Sie wissen sehr wohl, daß ich nicht als Lockspitzel zu Ihnen kam, denn Sie kennen sehr genau die wahren Hintergründe meines Besuchs bei Ihnen. Im übrigen war dieser Vertrag ein gewöhnlicher kaufmännischer Provisionsvertrag. Er war nur etwas ungewöhnlich für einen früheren Politiker der Bayernpartei, einen Konsul Dr. Schmidhuber. Nun, wenn Sie ein Ehrenmann sind, dann machen Sie unverzüglich die Anzeige, von der Sie im SPIEGEL behauptet haben, Sie hätten sie bereits gemacht. Sie wissen sehr wohl, daß dies unwahr ist, wie alle ihre früheren Behauptungen, Sie hätten gegen mich Strafantrag gestellt, unwahr waren. Aber ich werde nun bald gegen Sie Strafanzeige erheben. Ich warte nur noch, ob Sie den Mut haben werden, mir zuvorzukommen. Ich jedenfalls pflege meine Ankündigungen wahr zu machen. Die Oeffentlichkeit wird über das Ergebnis erstaunt sein. München LUCIAN KOZMINSKI",https://www.spiegel.de/politik/ebene-a-f5f7540a-0002-0001-0000-000029191912?context=issue,,1,1951,January,457,3117,True,True,1951,1950s,1950-54
1951,20,20,1951-05-14,Briefe,Landeskredite,,"(Nr. 19/51, Wirtschaft) In Ihrem obigen Artikel sagen Sie auf Seite 35, Spalte 1 Abs. 7: »Dem Flüchtlingsministerium blieb verborgen, daß die Bücher unvollständig waren, denn Oberregierungsrat Glatzel und Wirtschaftsprüfer Dr. Kotterba ließen sich von Seegert nur dessen Pläne vortragen, nicht jedoch die Bücher der Firma vorlegen.« Sicherlich hat Ihr Reporter sich redlich bemüht, die Vorgänge aufzuklären. Trotzdem darf ich feststellen: Für die Besprechung mit der Firma Seegert einschließlich Betriebsbesichtigung standen mir etwa 1½ Stunden zur Verfügung. Bereits durch einen kurzen Einblick in die Geschäftspapiere der Firma Seegert stellte ich deren Insolvenz fest. Hierüber habe ich schriftlich berichtet. Bei dieser Sachlage erübrigte sich eine - im übrigen zeitlich gar nicht durchführbare - Nachschau in die Geschäftsbücher der Firma. Es war lediglich von mir der Rahmen für eine Sanierung der Firma durch die geplante Kredithilfe zu skizzieren. Ich habe schriftlich eine Reihe von Auflagen vorgeschlagen für den Fall, daß der geplante Kredit gewährt werden sollte. Einzelheiten der weiteren Entwicklung des Kreditgeschäfts sind mir nicht bekannt. Allgemein ist bei nüchterner Betrachtungsweise folgendes zu sagen. Auch vollständige und rechnerisch richtig geführte Geschäftsbücher bieten keinen absolut sicheren Schutz gegen Kreditbetrug. Zu seiner Feststellung gehören vielmehr meist Erhebungen außerhalb des Kreditnehmer-Betriebs. So lange es Kredite gibt, wird es auch Kreditausfälle geben. Schon die alten Römer kannten diese Tatsache (siehe »foro cedere« und »a foro fugere« - »pleitemachen""). Vielleicht interessiert der Hinweis, daß das Land Niedersachsen den bisher niedrigsten Prozentsatz an Ausfällen öffentlicher Kredite im Bundesgebiet aufweist. Hannover Dr. Alfons Kotterba",https://www.spiegel.de/politik/landeskredite-a-bcedfd67-0002-0001-0000-000029193945?context=issue,,5,1951,May,245,1797,True,True,1951,1950s,1950-54
1951,35,24,1951-08-28,Briefe,Kempner,,"(Nr. 31/51, Hohlspiegel). Vom kriminalistischen Standpunkt aus ist zu dem Dokument festzustellen: 1. Das Papierformat entspricht nicht dem in Deutschland fabrikmäßig hergestellten und behördlich verwendeten Din-Format. 2. Die Währungsfestsetzung »Reichsmark in Gold« war in Deutschland niemals üblich. Falls in Sonderfällen tatsächlich metallisches Gold angewiesen wurde, hieß es »Gold im Werte von...« (entsprechende Währung). 3. Der Reichsminister des Aeußeren unterzeichnete »Ribbentrop«, nicht gez. Ribbentrop. 4. Die Ortsangabe »Westfalen« ist sinnlos und war niemals üblich an Stelle des tatsächlichen Orts der Ausfertigung. 5. Die Schreibmaschinen-Type war in Deutschland ungebräuchlich. Sie findet sich auf Maschinen angelsächsischer Fabrikation. Bemerkenswert ist das Fehlen der Umlaute! Berlin-Hermsdorf Siegmund A. Wolf",https://www.spiegel.de/politik/kempner-a-ef45b00c-0002-0001-0000-000029194677?context=issue,,8,1951,August,104,830,True,True,1951,1950s,1950-54
1951,38,28,1951-09-18,Briefe,Kempner,,"(Nr. 31/51, Hohlspiegel, und Nr. 35/51, Leserbriefe) Mit dem im SPIEGEL wiedergegebenen Faksimile der Zahlungsanweisung Reichsaußenminister Ribbentrops über 250 000 »Reichsmark in Gold« hat es dennoch seine Richtigkeit. »Cicero« albanischer Kammerdiener von Sir Knatchbull-Hughessen, britischem Botschafter in Ankara, erhielt tatsächlich die 250 000 RM, zwar nicht »in Gold«, wohl aber in Pfund- und Dollarnoten: fürstliche Belohnung für ein allerdings auch einmaliges Spionage-Meisterstückchen. Er hatte seinem Herrn den Safeschlüssel aus der Hosentasche geklaut und den SD-Attaché der deutschen Botschaft, Ludwig Moyzisch, regelmäßig mit den wichtigsten britischen Staats- und Kriegsgeheimnissen beliefert. Sir Knatchbull hat diesen Tatbestand nach dem Kriege, als Moyzisch seine Erinnerungen veröffentlichte, auch - allerdings höchst widerwillig - zugeben müssen. SPIEGEL-Leser Wolfs kriminalistische Einwände sind irrig: Das Faksimile gibt nur einen Ausschnitt aus dem Din-Papierformat wieder. Reichsmark »in Gold« bedeutet »in Devisen«. Die Schreibmaschinentype ist die der »Führerschreibmaschine« - besonders große Buchstaben, damit ER sie ohne Brille lesen konnte. Daß eine solche Maschine, wie sie im Auswärtigen Amt mehrfach verwendet wurden, auch bei der Zahlungsanweisung benutzt wurde, ist eher ein Beweis für die Echtheit des Dokuments. Die Umlaute fehlen keineswegs. Die Schreibfehler hat »Saturday Evening Post« seinerzeit selbst erklärt: das Dokument war von einem des Deutschen unkundigen Retuscheur zur Klischierung vorbereitet worden, da einzelne Buchstaben verblaßt waren. Uebrigens hat auch die französische Zeitschrift »Constellation« das Faksimile in seiner verfälschten Form aus der »Saturday Evening Post« übernommen. Letztere hat später, als Proteste deutschsprachiger Leser einliefen, den Originaltext gebracht. Das Dokument ist also echt. Echter jedenfalls als die Dollar- und Pfundnoten, die »Cicero« von Ludwig Moyzisch bekam. Die waren nämlich von Heinrich Himmlers KZ-Geldfälscherteam fabriziert worden. Vielleicht war das der Grund, warum man in Berlin die dafür gekaufte Ware auch nicht für vollwertig hielt, obwohl sie erstklassig war, wie wir heute wissen. Bonn M. Tullius Das Dokument, durch das Ribbentrop aus dem Devisenschatz des Auswärtigen Amtes 250 000 Reichsmark in Gold für die Aktion »Cicero« zur Verfügung stellte, ist echt und seine Echtheit durch mehrere AA-Beamte bestätigt. Leider ist die von der »Saturday Evening Post« in Philadelphia gemachte Abschrift, die auch im SPIEGEL abgedruckt wurde, voll von Fehlern; die »Saturday Evening Post« hat dies mit Bedauern ihren vier Millionen Lesern nachträglich mitgeteilt. Ueber die Zahlungen in der Sache »Cicero« gibt es eine interessante Korrespondenz zwischen AA und Gestapo. Beide Behörden wollten zwar den Erfolg der »Cicero«-Aktion für sich in Anspruch nehmen. Als aber das Geld dem SD-Beamten Moyzisch nach Ankara zur Bezahlung des Albaneos Cicero - alias Danielo Ulysses - geschickt werden mußte, versuchte jede der beiden Behörden, daß die andere aus ihrem Devisenschatz möglichst viel hergebe. Schließlich einigten sich Kaltenbrunner und Ribbentrop auf die Hälfte, Ribbentrop gab diese Anweisung von seinem Zug aus, der den Code-Namen »Westfalen« führte. Deshalb ist diese Zahlungsanweisung wie viele andere Dokumente mit Ortsangabe »Westfalen« unterzeichnet. Philadelphia-Frankfurt/Main Robert M. W. Kempner Großer Kriminalist Wolf, die kriminalistische Widerlegung der Zahlungsanweisung für Spionage-Zwecke ist nicht sehr stichhaltig. Wieso sind in der Maschinenschrift keine Umlaute? Ich zähle drei ü. Wenn das oe in Schroeder gemeint ist, so ist dies eher ein Beweis für die Echtheit, denn der Ministerialdirektor im Auswärtigen Amt Hans Schroeder schreibt sich tatsächlich mit oe. Bei der abgebildeten Zahlungsanweisung ist weder eine deutsche noch eine amerikanische Schreibmaschine verwendet worden. Es handelt sich offensichtlich um aufgeklebte Streifen eines Telegrafieschreibers. Daß es sich um einen Fernmeldetext handelt, geht einwandfrei aus den Tippfehlern hervor, die wohl auch der schlechtesten Stenotypistin nicht durchgegangen wären, z. B. »dan« statt den, »hiarmit« statt hiermit, »vergstegt« statt vorgelegt oder verständigt u. a. Damit erklärt sich auch die merkwürdige Unterzeichnung. Die Original-Anweisung ist vom Minister unterzeichnet worden, der Kontrollabzug des Fernmelders ist ihm wahrscheinlich als Buchungsbeleg nochmals wegen der hohen Summe vorgelegt und dann ganz korrekt mit »gez. Ribbentrop« abgezeichnet worden. Die Bezeichnung »Westfalen« sagt nichts über den Ort, sondern ist der typische Deckname für Sonderzüge bzw. Stabsquartiere. Der Zug von Hermann Göring hieß Asien, was ja auch gerade keine Ortsbezeichnung war. Hamm/Westf. D. Müller-Grote Mindestens in Punkt 5 haut Herr Wolf gewaltig daneben. Die Schrifttype ist sogar ein sehr markanter Beweis dafür, daß das Schriftstück auf einer deutschen Maschine, nämlich einer Breitwagenmaschine vom Fabrikat Naumann und Seidel »Ideal« geschrieben wurde. Diese Maschine mit den charakteristischen winzigen Schriftzeichen und dem auf der rechten Seite eingravierten »REICHSEIGENTUM« war in vielen deutschen Behörden anzutreffen. Stuttgart Georg P. Peters",https://www.spiegel.de/politik/kempner-a-c3ebce0f-0002-0001-0000-000029194812?context=issue,,9,1951,September,711,5247,True,True,1951,1950s,1950-54
1951,45,32,1951-11-06,Briefe,Adamic,,"(Nr. 39/51, USA) Sollten die New Jersey-Polizisten bei ihrem »stärksten Mordverdacht« womöglich einer Spur nachrennen, die vielleicht gar keine ist? Sie legen den vier Worten in Adamics Schreibmaschine (""Jetzt ist es Zeit"") große Bedeutung bei. Deuten die Worte ... auf einen völligen Zusammenbruch Adamics hin, wird gefragt. Schon möglich. Viel wahrscheinlicher aber ist, daß es sich um den Anfang des Standard-Übungssatzes aller US-Stenotypistinnen (""Now is the time for all good men to come to the aid of their country«, deutsch: Jetzt ist es Zeit für alle braven Bürger, ihr Vaterland zu unterstützen) handelt. Dieser Satz ist allen Amerikanern, die irgendwann und irgendwie etwas mit der Schreibmaschine zu tun gehabt haben, sozusagen in Fleisch und Blut übergegangen. Und es ist durchaus möglich, daß entweder der Ermordete selbst sich mit diesem Satz »warm schreiben« wollte, oder daß einen völlig Unbeteiligten die zufällig herumstehende Schreibmaschine zum Tippen reizte. Denn daß ausgekochte politische Mörder eine Visitenkarte hinterlassen, erscheint selbst von Berlin aus unwahrscheinlich. Berlin-Grunewald P. Müller",https://www.spiegel.de/politik/adamic-a-a486439b-0002-0001-0000-000029195082?context=issue,,11,1951,November,162,1128,True,True,1951,1950s,1950-54
1952,28,42,1952-07-08,Briefe,Schrift-Vergleich,,"(Nr. 25/52, Deutschland) Ihre Veröffentlichung hat bei vielen Lesern, mit denen ich darüber sprach, große Empörung ausgelöst, und zwar nicht etwa Empörung über Ihren Bericht, sondern über die tieferen Ursachen, die zur unrechten Verurteilung des Herrn Altroggen führten. Ohne hier auf viele Einzelheiten eingehen zu können, möchte ich gern wissen, ob gegen die drei sogenannten Schriftsachverständigen inzwischen ein Verfahren eingeleitet wurde. Auf Grund dieser sogenannten Gutachten kam das Gericht zu einem Fehlurteil. Es wäre ferner festzustellen, welche Gebühren diese Herren für ihr Gutachten vom Staat (dem deutschen Steuerzahler) erhielten. Wurden diese Herren inzwischen aufgefordert, diese zu Unrecht bezogenen Gebühren zurückzuzahlen? Noch unverständlicher bleibt es, daß der »Obergutachter«, Herr Prof. Dr. G. Bohne, nochmals zu einem Gutachten aufgefordert wurde, wobei er sicherlich ein weiteres, mindestens zehn Schreibmaschinenseiten langes Gutachten verfassen wird, das sich wahrscheinlich so widersprechen wird, daß es zumindest ausreicht, weitere Gebühren zu kassieren, die ebenfalls der deutsche Steuerzahler bezahlen muß. Da nach Prof. Dr. Bohne die heutige schriftvergleichende Wissenschaft in ihrer Basis derart gefestigt ist, daß ein Gutachten der Beweiskraft eines Fingerabdrucks gleichkomme, müßte dieser Fachmann zusammen mit seinen Kollegen die Konsequenzen ziehen und schleunigst eine andere Tätigkeit aufnehmen, die zumindest nicht geeignet ist, Menschen unschuldig zu verurteilen. Berlin-Schöneberg Herbert Werner Zu Ihrem Artikel über den Fall Altroggen dürfte folgender Bericht interessieren, der in der Zeitschrift »Die Medizinische« (Jahrgang 1952, Heft Nr. 23, Seite 809) erschienen ist: Wie ist vom ärztlichen Standpunkt die Graphologie zu beurteilen? Anfrage Dr. L. in E. Meiner Anfrage liegt folgender Tatbestand zugrunde: Ein mir seit 20 Jahren ärztlich und privat bekannter 35jähriger Mann, der sich bis jetzt im Leben stets erfolgreich behauptet hat, ist zur Zeit (seit einem Monat) ohne Stellung. Der Betreffende ist von gutem Aussehen, korrekten Manieren und vor allen Dingen charakterlich in keiner Weise anzutasten, bieder, anständig und offen. Er bewarb sich vor kurzer Zeit um eine gehobene Stellung in einem Fabrikbetrieb und wurde von dem Chef dieser Fabrik in alles eingeweiht, und der Anstellungsvertrag sozusagen unter Dach und Fach gebracht. Zum Schluß der Verhandlung erklärte der Chef jedoch, er hielte sehr viel von der Graphologie und er möchte, bevor er einen endgültigen Beschluß fasse, ein graphologisches Urteil anfordern. Nach einigen Tagen wurde meinem Patienten mitgeteilt, daß eine Anstellung auf Grund des graphologischen Urteils leider nicht in Frage käme. Mir persönlich ist diese Angelegenheit unverständlich. Wie ich jetzt erfahren habe, sollen schon mehrere große und sogar auch kleinere Firmen Anstellungen nur vornehmen, wenn ein graphologisches Urteil eingeholt worden ist. Dies wurde mir auch vom Arbeitsamt bestätigt, es soll sich um eine staatlich anerkannte Wissenschaft handeln. Ich persönlich halte in diesem Falle das graphologische Urteil für vollkommen verfehlt und unzutreffend. Dem ist wohl nichts mehr hinzuzufügen. Heidelberg Dr. med. B. Fleiß Die Behandlung des »Falles Altroggen« durch die Post- und Gerichtsbehörden steht leider nicht vereinzelt da, zeigt aber in erschreckender Weise die Mißstände und Fehlerquellen in der Justiz auf. Das Erschütterndste ist nicht das totale Versagen der sogenannten Schriftsachverständigen und die bei der Begutachtung angewendete bodenlose Leichtfertigkeit, sondern nach meiner Ansicht die Tatsache, daß in dem nunmehr anhängigen Verfahren gegen den wirklichen Täter vom Gericht dieselben »Sachverständigen« mit der Erstattung der Gutachten beauftragt worden sind. Wenn man diese Versager schon nicht vor Gericht stellt, dann sollte man sie wenigstens zum Teufel jagen, um weitere Verbrechen durch sie unmöglich zu machen. Statt ihre Fehlgriffe offen zuzugeben, machen sie jetzt Eiertänze. Die instinktlosen Richter sollte man zumindest ins Grundbuchamt versetzen, wo sie keinen Schaden mehr stiften können. Ein uneingeschränktes Lob verdient allein der wackere unerschrockene Kripo-Wachtmeister Runge. Von seiner Beförderung hat man noch nichts gehört. Frankfurt/M. Dr. Wolfgang Zarnack",https://www.spiegel.de/politik/schrift-vergleich-a-18634761-0002-0001-0000-000021977339?context=issue,,7,1952,July,595,4315,True,True,1952,1950s,1950-54
1953,2,26,1953-01-06,Briefe,Hitlers Erben,,"(Nr. 49/52, Bücher) Das Verfahren, in dem sich der Schweizer Literatur-Agent Genoud und der deutsche Athenäum-Verlag um die Verlagsrechte an Hitlers »Tischgesprächen« stritten, wurde von der 4. Zivilkammer des Landgerichts Düsseldorf durch folgendes Urteil beendet: Das Gericht wies die Klage des Schweizers zurück; der hatte seine im Pariser Flammarion-Verlag in französischer Sprache herausgegebenen Tischgespräche als sein alleiniges rechtmäßiges Verlagseigentum angesehen. Das Gericht stellte fest, daß Adolf Hitlers Privat-Testament als sogenanntes Militär-Testament anzusehen und daß es deswegen unerheblich sei, ob das Testament mit der Hand oder - wie tatsächlich geschehen - mit der Schreibmaschine geschrieben worden sei. In der Begründung zu dieser Entscheidung wurde ausgeführt, daß die in Testamentsform vollzogene Abdankung Hitlers erst im Augenblick seines Todes wirksam geworden sei. Bis zu seinem Selbstmord sei Adolf Hitler noch Oberbefehlshaber und damit auch Wehrmachtsangehöriger im Sinne der Vorschriften über das Wehrmachtstestament gewesen. Auch könne die Rechtsgültigkeit des Privat-Testaments unmöglich davon abhängig gemacht werden, ob es zufällig kurz nach oder kurz vor dem politischen Testament von Hitler unterschrieben worden sei. Hitler habe durch die nach Tag und Stunde genau übereinstimmende Datierung der beiden Testamente zu erkennen gegeben, daß beide Testamente im gleichen Augenblick wirksam werden sollten. Auch der Versuch des Literatur-Agenten Genoud, Hitlers Testament als eine politische Wahnidee hinzustellen, wurde durch das Gericht vereitelt. Selbst wenn gewisse pathologische Veränderungen bei Hitler vorhanden gewesen sein sollten, hätten sie jedoch die strafrechtliche Zurechnungsfähigkeit oder die zivilrechtliche Geschäftsfähigkeit nicht beeinträchtigt. Als Erben hatte Adolf Hitler die NSDAP, als Nacherben den Dönitz-Staat eingesetzt. Beide von Hitler im Testament benannten Erben bestanden nach Ansicht des Gerichts zur Niederlegung des Testaments noch. Durch den späteren Fortfall des Dönitzstaates sei das Vermögen Hitlers keineswegs an die Leibeserben - die bei München lebende Stiefschwester des »Führers«, Paula Hitler - zurückgefallen. Aus diesem Grunde könne Literatur-Agent Genoud von ihr kein Urheberrecht an Hitlers Tischgesprächen erworben haben. Der Streit ist damit zugunsten des deutschen Athenäum-Verlages entschieden worden. Düsseldorf Eva Windmöller",https://www.spiegel.de/politik/hitlers-erben-a-66aa4927-0002-0001-0000-000025655543?context=issue,,1,1953,January,317,2423,True,True,1953,1950s,1950-54
1953,47,19,1953-11-17,Briefe,Briefe,,"SOWJETUNION (Nr. 46/1953, Ausland) Deinem gut fundierten Artikel »Sowjetunion - Genosse Verbraucher ist da« möchte ich noch einige Tatsachen hinzufügen, die teils als Ergänzung, teils als Unterstreichung dienen sollen. Das Anwachsen der Staats- usw. Bürokratie läßt sich auch zahlenmäßig erfassen, wenigstens was die Oberschicht betrifft. Diese betrug nämlich vor dem Kriege rund neun Millionen. Boris Meißner weist nun in seinen Angaben über die soziale Struktur der Sowjetunion nach, daß unter Berücksichtigung ähnlicher Maßstäbe wie für die Zahl vor dem Kriege die jetzige Oberschicht rund 18 Millionen beträgt. Entsprechend ist natürlich auch die mittlere Funktionärsschicht angestiegen, in der die von Dir geschilderte Sucht nach Bequemlichkeit und Eleganz vorhanden ist. Ich möchte hieraus aber noch einen weiteren Schluß ziehen: Dieser Schicht ist durch die sich kaum noch verändernde Oberschicht die Möglichkeit genommen, weiter aufzusteigen, wie das vor Jahren noch möglich war; denn einen noch breiteren Überbau verträgt selbst das schon hinreichend unwirtschaftliche Sowjet-System nicht. Diese mangelnde Aufstiegsmöglichkeit aber ist ein weiterer Grund für die herrschende Unzufriedenheit. Nach den von Dir richtig zitierten Angaben Chrutschews sind 14,8 Millionen Kühe in privater Hand. Das ist nun nur insofern »erstaunlich«, als es nicht mehr Kühe sind. Denn hier handelt es sich um die Stalinschen »Individualkühe«, von denen jeder Kolchosenbauer eine besitzen sollte. Danach müßten es also wenigstens 40 Millionen Kühe sein ... Der Kolchosenbauer erhält übrigens keinen Tagelohn, er ist Teilhaber seines Kolchos. Jährlich nach der Ernte wird der Gewinn ausgeschüttet, von dem er seinen Anteil in Naturalien und Geld erhält. Dagegen ist der Arbeiter auf dem Sowchos Lohnempfänger. Deinem schönen Beispiel über den Kundendienst in der Sowjetunion möchte ich noch ein anderes beifügen: Will man in Charkow ein Paar Kinderschuhe kaufen, so gibt es dafür in der Ssumsker Straße ein Geschäft mit reicher Auswahl. Wenn man aber ein geeignetes Paar gefunden hat und es bezahlen will, dann ergibt sich eine unerwartete Zeremonie. Der Verkäufer entfaltet ein großes mit Schreibmaschine beschriebenes Blatt, auf dem verschiedene Spalten (Artikel: ..., Geschenke: ... usw.) eingetragen sind, und man erfährt, daß man die Schuhe nur mit den dazugehörenden »Geschenken« erhält. Wenn man z. B. den Posten Nummer 35 kauft, so bekommt man für sein Kind: Federhalter, Tagebuch, Poesiealbum, Toiletteseife usw. als sogenanntes »Geschenk«, das natürlich bezahlt werden muß. Bei uns nennt man so etwas, weniger zartfühlend, Koppelungsgeschäfte ... München Wladimir Lentschewsky KOMMISS (Nr. 43/1953, Deutschland) Für Ihren SPIEGEL-Spieß haben wir eine interessante Neuigkeit: Die lieben alten Knobelbecher sind wieder da. Demokratische Abweichungen von den früheren Kommiß-Gurken: Schnallen an den oberen Schaftenden und Gummi- statt der nägelbeschlagenen Ledersohlen. Es geht zwar das Gerücht, nur bis zur endgültigen Verwirklichung der EVG solle leisegetreten und danach wieder mit genagelten Schuhen kräftig und laut marschiert, werden - sicherlich eine böswillige Verleumdung Goslar Heinrich Allwardt Walter Martin ENTNAZIFIZIERUNG (Nr. 44/1953, Briefe) Die Vernunft habe gesiegt, die Entnazifizierung sei beendet, frohlockt SPIEGEL-Leser Meidinger in seinem unter »Spruchkammer-Stock« veröffentlichten Brief. Er frohlockt zu früh. Es gibt noch andere Fußangeln für die Heimkehrer als die Entnazifizierung. So ist z. B. in Hessen immer noch das 1949 beschlossene Gesetz in Kraft, wonach bei Beamten und Anwälten ohne Rücksicht auf einen etwaigen Spruchkammerbescheid die politische Vergangenheit nachzuprüfen ist und eventuell die Berufsausübung untersagt werden kann. Die hessische SPD-Regierung hat sich bisher stets gegen die Aufhebung dieser und ähnlicher dem Grundgesetz widersprechenden Sonderbestimmungen ausgesprochen. Frankfurt (Main) Dr. Horst Zuckmann UNIFORMEN (Nr. 45/1953, Briefe) Langsam wagen sie sich wieder hervor, unsere Uniform-Fetischisten. Herbert Münchow und seine Deutsche Reichsjugend in einer der HJ nachgeäfften Maskerade zeigte DER SPIEGEL bereits (vorletzte Umschlagseite der Nr. 45/1953). Hier ein neues würdiges Beispiel des anscheinend unausrottbaren Hanges zu vor- und nebenmilitärischer Kostümierung: Am 24 und 25. Oktober 1953 auf der Tagung der »Faschistischen Internationale« in Holzminden (dortiger Landrat: Karl Naumann, ein Vetter des Dr. Werner Naumann!) war u. a. der Führer der »Wiking-Jugend«, Walter Matthaei aus Bückeburg, in Uniform zu sehen. Bielefeld Anton Ulrich SOZIALDEMOKRATIE (Nr. 46/1953, Deutschland) ... Es ist durchaus nichts gegen die Überlegungen einzuwenden, welche der Berichterstatter in dem Artikel »Sozialdemokratie - Im roten Turm« anstellt, ob man sie nun billigt oder nicht. Schlimm ist nur, daß in der Statistik »Der rote Rutsch in Lübeck« auf Seite 8 der gleichen Nummer das prozentuale Stimmergebnis von SPD und KPD einfach addiert wird ... Die kommunistischen Stimmen lassen sich getrost unter »Sonstige« einreihen ..., wenn sie nicht für sich allein stehen können ... Fürth (Bayern) Fritz Rupprecht ASTROLOGIE (Nr. 41 und 45/1953, Briefe) ... Keiner charakterologischen Wissenschaft ist es möglich, derartig feine und detaillierte Charakterzüge und Schicksalsumrisse eines Menschen herauszuarbeiten, wie der Astrologie. Dem SPIEGEL-Leser Dr. med. F. W. Rosenmeyer (Nr. 45/1943, Briefe) wäre durchaus etwas mehr Respekt vor ... jener Wissenschaft anzuraten, die seit Jahrhunderten die größten Geister in ihren Bann gezogen hat und hinter der mehr steckt als billige Wahrsagerei oder die Profanierung der leider aus unseren Blättern nicht mehr wegzudenkenden wertlosen »Horoskop-Ecken« ... Koblenz (Rhein) Hanns Schwarz FUSSGÄNGER (Nr. 46/1953, Deutschland) Dem Regierungsrat Dr. Julius Schönhofer, der nach Ihrem Artikel »Nehmt doch die Straßenbahn« ein glühender Fürsprecher der Autoindustrie ist, sind anscheinend die 40 Verkehrstoten je Tag noch nicht genug, daß er sich bemüht, die Verkehrsdichte auf den Straßen noch zu erhöhen Wie kommt man dazu, die wachsende Pkw-Produktion als Faktum zu nehmen, nach dem sich alles zu richten hat?! ... Dank der Aufhebung der Geschwindigkeitsbeschränkung und infolge der jetzt schon sehr hohen Verkehrsdichte in den Straßen unserer Städte stehen wir - die lästigen Auchbenutzer der Straße - vor dem Überqueren der Fahrbahn am Straßenbord und können singen: »Ich stehe im Rinnstein und warte ...« Die Losung für uns heißt: »Fußgänger aller Länder vereinigt Euch! Wahrt Eure heiligsten Rechte!« Minden (Westfalen) Werner Feistkorn",https://www.spiegel.de/politik/briefe-a-9e1967a9-0002-0001-0000-000025657991?context=issue,,11,1953,November,931,6641,True,True,1953,1950s,1950-54
1955,17,22,1955-04-19,Briefe,Bundespräsidenten-Ss,,"(Nr. 11/1955, Hohlspiegel) Im Hohlspiegel der Nr. 11 vom 9. März behaupten Sie, daß der Name des Herrn Bundespräsidenten richtig Heuss und nicht Heuß geschrieben würde. Ich kann Ihnen darin nicht beipflichten, selbst wenn Sie sich auf ein Ihnen vorliegendes Autogramm stützen. Daraus würde höchstens hervorgehen, daß sich Professor Heuss bei seiner Unterschrift der lateinischen Schrift bedient und das Doppel-s einer Ligatur vorzieht. Wie schreibt man, wie schreibt oder möchte Professor Heuss seinen Namen geschrieben haben in deutscher Schrift? Wie erscheint er in Fraktur? Etwa Heuss (Frakturschrift mit 2 Lang-s) oder Heuss (mit Lang-s plus Rund-s)? Doch wohl nicht. - Das Problem heißt nicht Heuß oder Heuss, sondern schlicht ß oder ss. Und es taucht erst auf, seitdem die Schulreformen nach dem ersten Weltkrieg die Unterschiede zwischen deutscher und lateinischer Schreibschrift zu verwischen begannen. Antiqua-Sätze, die nur s und keine Ligatur enthielten, ebenso Schreibmaschinen ohne Ligatur taten das ihrige... Köln DR. PHIL. HEINRICH KRAUSE",https://www.spiegel.de/politik/bundespraesidenten-ss-a-dc72d3e5-0002-0001-0000-000031969942?context=issue,,4,1955,April,154,1053,True,True,1955,1950s,1955-59
1955,22,14,1955-05-24,Briefe,Brentano,,"(Nr. 21/1955, Bonn) In Ihrer Voreingenommenheit gegenüber dem künftigen Außenminister Heinrich von Brentano übersehen Sie, daß die Brentanos seit 150 Jahren zur geistigen und politischen Aristokratie Deutschlands gehören. Sowohl die Dichter (Clemens und Bettina von Brentano) als auch die Politiker (Lorenz und Lujo) waren im vergangenen Jahrhundert bekannte Persönlichkeiten. Der Vater Heinrichs von Brentano war Reichstagsabgeordneter (Führer des Zentrums) und hessischer Minister, der ältere Bruder Clemens ist zur Zeit Botschafter in Rom, der jüngere Bernard ein bedeutender Schriftsteller und Dichter. Auch das blutmäßige Erbe seiner italienischen und französischen Vorfahren wird der neue Außenminister nicht verleugnen können. Sollte das alles nicht eher zu Hoffnungen als zu pessimistischen Voraussagen berechtigen? Gießen PAUL STEINBERG Brentano ist ein eiskalter Rechner, in seinen Reden wirkt er oft zynisch, arrogant und snobistisch. Er wird es schwer haben, Widerhall beim Volk zu finden. Koblenz HORST WILLRODT",https://www.spiegel.de/politik/brentano-a-f8fcf5c7-0002-0001-0000-000031970357?context=issue,,5,1955,May,139,1024,True,True,1955,1950s,1955-59
1955,33,11,1955-08-09,Briefe,Roboter,,"(Nr. 31/1955, Industrie) In Ihrem Artikel »Die Roboter sind unter uns« (oder noch schlimmer: »Die Revolution der Roboter"") haben Sie, finde ich, diesmal nicht die verschiedenen Meinungen so wohl assortiert, wie ich es bei Ihnen gewohnt bin. Ich vermisse diejenigen Meinungen, die glauben, daß die Arbeitslosigkeit vielleicht gar nicht so schreckliche Formen - fünf bis sechs Millionen in USA - annehmen wird ... Vermutlich wird der Kreis der automatisierungsreifen Fabrikationsvorgänge zu weit gezogen ... und die Schnelligkeit des Umstellungsprozesses überschätzt. Vergesse man nicht, daß selbst im modernsten und kapitalkräftigsten Industrieland der Welt über die Hälfte der verwendeten Maschinen heute noch auf der Technik von 1945 (und vorher) und daß rund ein Fünftel - zumindest in wesentlichen Industriezweigen - auf den Erkenntnissen des Jahres 1935 fußen. Es werden strukturelle Wandlungen eintreten, denn Automatisierung stellt qualitativ andere Anforderungen an den Menschen. Massenarbeitslosigkeit aber scheint kein notwendiges Ergebnis. Gleichermaßen denkbar und mit manchem Argument zu begründen erscheint eine allmähliche Erhöhung der Produktivität, die die Kaufkraft hebt und eventuell sogar gewisse Arbeitszeitverkürzungen erlaubt - jedoch kaum in einer solchen Größenordnung, daß dadurch eine Diskussion über die Bedenklichkeit von zuviel Freizeit entfacht werden muß ... Frankfurt HARTMUT SACHS Diplom-Kaufmann »Sekretärinnen, die ihren Beruf nur als Nebenbeschäftigung bis zur Heirat ausüben, werden künftig keine Chance mehr haben. Gefragt sind nur noch perfekte Büromaschinenwärter ...« - so steht es bei Ihnen zu lesen. Es darf Ihrem Berichterstatter einmal gesagt werden, daß Sekretärinnen mit der von ihm geschilderten Berufsauffassung keine Sekretärinnen sind, sondern Aushilfskräfte. Zum anderen hat Ihr Büroschreck (und alle, die obige These vertreten) offenbar keine Ahnung von den Arbeitsvorgängen eines Büros; sonst müßte er wissen, daß sich gerade die Tätigkeit der von ihm geschmähten Sekretärin weitgehend der Technisierung entzieht, bzw. daß die Technik hier nie mehr als willkommene Hilfsmittel bieten kann. Hamburg VERA OELKERS Ich finde es großartig, daß die Menschen immer mehr von ihren unangenehmen Arbeiten befreit und für andere, wichtigere und schönere Aufgaben frei gemacht werden. Meschede IRMGARD KAHLING Vielleicht haben Herr Watson und Robotergenossen bald das Vergnügen, Mediziningenieure und -techniker anstellen zu können. Es wäre dann allerdings den jetzigen Medizinstudenten dringend zu raten, ab sofort Vorlesungen an der Technischen Hochschule zu belegen, um nicht ins Hintertreffen zu kommen ... In der Tat: Wir gehen herrlichen Zeiten entgegen! Gingen DR. MED. FRITZ BAUMGARTEN Das von Ihnen so gründlich studierte wichtige Zeitproblem der Automation hatte ich bereits vor einiger Zeit durch die Lektüre eines hervorragend geschriebenen Buches kennengelernt: »Die Roboter sind unter uns« von Rolf Strehl*). Vielleicht interessiert die SPIEGEL-Leser, die sich - durch Ihren Aufsatz angeregt - noch eingehender mit dem Thema der Automation auseinandersetzen wollen, dieser und folgender Hinweis: Wie ich vor einigen Tagen erfahren habe, ist das von Ihnen erwähnte Buch des Roboter-Professors Wiener »The Human Use of Human Beings« jetzt unter dem Titel »Mensch und Menschmaschine« in deutscher Sprache erschienen**). Hannover DR.-ING. H. NIEBYLL Merke: Die »Druckknopf-Fabrik« stellt ausschließlich her Druckknöpfe. Aber: Die »Knopfdruck-Fabrik« braucht keine denkenden Köpfe. Boostedt HERBERT SCHIWEK *) Rolf Strehl: »Die Roboter sind unter uns«, Gerhard Stalling Verlag, Oldenburg (Oldbg.), 50 Abbildungen, 320 Seiten, 12,80 Mark. **) Norbert Wiener: »Mensch und Menschmaschine«, Alfred Metzner Verlag, Frankfurt (M), 212 Seiten, 12,50 Mark. Ihr sehr interessanter Artikel über Walter Reuther und die automation zeigt, wie jetzt auch in den bisher noch einigermaßen freien Demokratien die Gewerkschaftsführung leider immer mehr in die Staatsführung eingreift; daß wirklich freies Unternehmertum und freies Arbeitertum immer mehr unterdrückt werden und wir mit Riesenschritten einem neuen staatlichen Zunfttum mit allen seinen Freiheitsbeschränkungen, wie Ausschaltung der Anwendung neuer Erfindungen, Ausschaltung persönlicher Unternehmerinitiative usw., entgegengehen. Die dummen Theorien der Gewerkschaften werden uns, wenn ihnen nicht Einhalt geboten werden kann, sehr bald in ein neues Mittelalter ... zurückwerfen. Hamburg JOHANNES P. H. MEYER Das geschickte Eintreten Reuthers für die menschliche Arbeitskraft gegen das drohende Gespenst der Vollautomatisierung sollte den europäischen Gewerkschaftsführern Vorbild und Ansporn sein. Hier ist ihr Aufgabenbereich. Darauf sollten sie ihre ganze Kraft konzentrieren, nicht um als Maschinenstürmer tätig zu werden, sondern um mit aufgeschlossenem Geist dieses gewaltigste soziale Problem der Gegenwart und Zukunft lösen zu helfen. Düsseldorf GEORG HOWALD",https://www.spiegel.de/politik/roboter-a-ba2ae6d6-0002-0001-0000-000031970927?context=issue,,8,1955,August,674,4964,True,True,1955,1950s,1955-59
1955,39,9,1955-09-20,Briefe,Roboter,,"(Nr. 31/1955, Industrie, und Nr. 33/1955, Briefe) Ihre Darstellung in »Automation - Die Revolution der Roboter« könnte den Eindruck erwecken, als seien die Elektronenroboter über Nacht in die amerikanischen Fabriken eingebrochen und hätten dort kurzerhand ihre Automation-Revolution gemacht. Zu leicht wird vergessen, daß der Weg zum elektronisch gesteuerten Fließband über viele Vorstufen der Produktionsrationalisierung führte. Nicht wenige dieser Stationen hat auch die deutsche Industrie längst hinter sich gebracht. Man sehe sich nur eine der meist ebenfalls elektronisch gesteuerten, kontinuierlichen Walzstraßen an, die inzwischen von zahlreichen westdeutschen Firmen aufgestellt wurden. Sehr anschaulich zeigt ein farbiger Werkfilm der Mannesmann AG, Düsseldorf, den ich kürzlich sah, wie diese modernen Maschinen ganz im Sinne Ihres Watson-Zitates »den menschlichen Geist befreien, indem sie ihm langweilige Routinearbeit abnehmen«. - Wenige Arbeiter stehen an den schweren Gerüsten. Gelassen überwachen sie, wie die glühenden Stahlblöcke von den Schrägwalzen erfaßt werden, durch das geschickte Zusammenwirken von Druck und schraubender Bewegung in der Längsachse zum Rohr aufbrechen und schließlich glatt gewalzt werden. Regiert wird der komplizierte Mechanismus moderner Walzstraßen von einem einzigen Mann am Steuerpult, einer Art Kommandobrücke voller Knöpfe und Hebel. Der Mannesmann-Film »Vom nahtlosen Rohr« verdeutlicht eindrucksvoll, daß unsere Industrie auf dem Wege zur Automation nicht allzu weit hinter dem Berge ist, und erfüllt seine Aufgabe, die oft komplizierten Vorgänge auch dem Laien verständlich darzubieten, in hervorragendem Maße. Bonn OTTO THIEME",https://www.spiegel.de/politik/roboter-a-7ea99add-0002-0001-0000-000031971222?context=issue,,9,1955,September,223,1680,True,True,1955,1950s,1955-59
1955,41,5,1955-10-04,Briefe,Briefe,,"TITEL-ANREDE (Nr. 38/1955, Beamte) Es ist ist äußerst tröstlich zu wissen, daß es in unseren Verwaltungen noch Kerle wie Herrn Hoppe gibt. Es ist aber unlogisch von ihm, jemandem den akademischen Titel zuzubilligen, nur weil »er sich für den Doktor schwer angestrengt hat«. Die große Staatsprüfung des höheren Beamten, also des späteren Regierungsrates, ist im allgemeinen bekanntlich schwieriger als die Doktordissertation ... An und für sich wäre gegen Titelanreden nichts einzuwenden, wenn jeder überdurchschnittlich begabte Beamte in unserem Staat die Möglichkeit hätte, in die höhere Laufbahn aufzusteigen. Das ist aber allem Gerede zum Trotz nicht der Fall. Als Beamter des gehobenen Dienstes kann Herr Hoppe durch eine sogenannte Aufstiegsprüfung, wenn es sie überhaupt gibt, schwerlich weiterkommen ... Husum ROBERT MULTHAUPT Es gibt im gehobenen Zolldienst nur wenige Beamte, die ihre Laufbahn als Oberinspektoren beenden; wer keinen Klecks in der Personalakte hat und nicht auf eigenes Verlangen oder durch unglückliche Umstände in den entscheidenden Jahren der Laufbahn von einem Oberfinanzdirektionsbereich in einen anderen versetzt worden ist, hat wohl in der Regel gute Aussichten, mindestens als Amtmann abzugehen. Im Falle Hoppe aber möchte ich prophezeien, daß er als Oberinspektor pensioniert werden wird. Was er getan hat, tut in einer »preußischen« Verwaltung niemand ungerochen. Vergessen Sie nicht einen Vermerk im Rückspiegel, wenn er doch noch Amtmann werden sollte. Hameln EDUARD SCHOHR Man soll den Oberzollinspektor Herrn Hoppe auf einen Schild heben dafür, daß er einer der Seltenen ist, an dem sich die Titelsucht die »Hörner""*) abstößt! Konstanz F. A. WITTIG Wenn ein taktloser Zöllner Differenzen mit seinem Vorgesetzten hat, so sollte das eine Angelegenheit seines Dienstvorgesetzten oder allenfalls ... des demokratisch gewählten Beamtenausschuses seiner Dienststelle sein ... Berlin GREGOR HASSREITER ... Wenn ein junger Referendar in Nordrhein-Westfalen (nur von dort weiß ich es mit Sicherheit) ... ans Gericht *) Der Vorgesetzte des Oberzollinspektors Paul Hoppe ist Regierungsrat Hans-Heinz Hörner. kommt, dann unterschreibt er - anläßlich der Zeremonie seiner amtseidlichen Verpflichtung - ein Schriftstück, in dem ihm unter anderem auferlegt wird, jeden Beamten mit Titel anzureden. (Er wird dafür entschädigt - man spricht ihn selbstverständlich mit »Herr Referendar« an.) Im Hinblick auf sein künftiges Assessorexamen hält er sich selbstverständlich streng an die Vorschrift ... Hamburg-Othmarschen KLAUS MAY Der besonders bei uns in Deutschland kultivierte Brauch, den beamteten oder akademischen Mitmenschen nur mit seinem Titel anzureden (""Guten Tag, Herr Doktor!"") ist ein überlebter Zopf, der endlich einmal fallen sollte ... Wie wäre es mit einem herzhaften Kompromiß? Titel und Name: »Guten Morgen, Herr Doktor Müller!« - Anerkennung verdienter Würde und moderner Zug zum Menschlichen sind darin vereint. Das hätte natürlich auch bis zum höchsten Vertreter des Staates, eingeschlossen eine künftige Wehrmacht, zu gelten ... Frankfurt WILM ENGE ... In erster Linie werden Titel angewandt, weil es in Deutschland eine achtbare Anrede wie »Monsieur«, »Sir«, »Signore« usw. nicht gibt, man aber oft dem Angeredeten seine Reverenz erweisen möchte ... Nichts anderes ist der Titelgebrauch gegenüber Vorgesetzten innerhalb der Beamtenschaft, ohne daß es dabei darauf ankommt, ob der Vorgesetzte älter oder klüger ist als der Untergebene. Mag in vielen Fällen diese Sitte abbaureif sein, so kann sie nur von oben nach unten abgebaut werden, d. h. der jüngere Regierungsrat sollte den ihm unterstellten Oberinspektor bitten, von dem Titelgebrauch abzusehen, vorausgesetzt, daß der Oberinspektor, wie Paul Hoppe, nicht durch sein anmaßendes Wesen andere vor den Kopf stößt. Mag Herr Hoppe auch die fachlichen Qualitäten haben, um in den höheren Dienst aufzusteigen und selbst einmal Regierungsrat zu werden - genügend Taktgefühl scheint er mir dafür nicht mitzubringen. Hannover R. SPOHN SCHMEISSER-PROZESS Meinen herzlichen Glückwunsch zum gut überstandenen Schmeißer-Prozeß, bei dessen Ende Sie ja wohl materiell von dem Inhalt des Artikels nichts zurückgenommen haben. Leider kommt der biedere Bundesbürger um die von Herrn Jaene versprochenen Knüller, die doch sicher recht aufschlußreich gewesen wären. Es fehlt eben ein Spiegel für den SPIEGEL. Winnenden ULRICH WILDERMUTH stud. med. AUFRICHTIGE GLÜCKWÜNSCHE ZUM ERFOLGREICHEN ABSCHLUSS DES SCHMEISSERPROZESSES IN HANNOVER München DR. MERTEN Rechtsanwalt Ich nehme an, daß Sie über die Affäre, die mit Ihrem Artikel »Am Telefon vorsichtig« begann und mit den Adenauer-Telefonaten des Herrn Professors Dahs nach Bonn endete, sicherlich eine abschließende Würdigung folgen lassen. Als Titel für diesen Artikel schlage ich Ihnen vor: »Am Telefon nachsichtig!« Düsseldorf WILLI KREITERLING Ich bin gebügelt: Jetzt backst Du auch schon kleine Brötchen? Ist denn in unserer gesegneten Demokratie keiner mehr zu retten? Mach'' Dir doch bitte einmal klar, daß nicht nur ich brennendes Interesse daran habe, zu erfahren, wie''s weitergegangen wäre. Dieser Abgang war denn doch etwas zu offensichtlich »der Not (des Bloßgestelltwerdens) gehorchend, nicht dem Triebe (die Wahrheit ans Licht zu bringen)«. Für meine Begriffe von Reinlichkeit wird Wäsche nicht dadurch sauber, daß man sie zusammenrollt und in eine Kiste steckt. Wenn es sich noch lohnt, wird jeder ein beschmutztes Hemd waschen oder waschen lassen. Lohnte sich''s nicht mehr, oder nimmt man an, auch mit dunkelweißem Hemd noch bewundert zu werden? Werde ich beleidigt, verzichte ich auf Strafverfolgung doch nur dann, wenn ich befürchte, am Ende selbst der Geleimte zu sein. Oberhausen HERMANN MEYER FÜR MEINEN BEGRIFF HABEN SIE DEN PROZESS TURMHOCH GEWONNEN. Berlin HANS BUCKWITZ Dieser Prozeß wird noch einmal eine Rolle spielen, wenn sich seiner die Propaganda einer radikalen Partei bemächtigen wird, er ist so zu einer Zeitbombe mit Spätzündung geworden. Niebüll DR. MED. K. PREUSS Nachdem Sie vor längerer Zeit schon einmal schrieben, daß man versucht habe, auf kaltem Wege durch eine Generalamnestie die betrübliche Affäre Schmeißer aus der Welt zu schaffen, was anscheinend nicht geglückt ist, erleben wir nunmehr diesen Skandalprozeß, bei dem offensichtlich vertuscht worden ist, was im Interesse der Allgemeinheit aufgeklärt werden muß. Und nur das hat ja der SPIEGEL vor mehr als drei Jahren gefordert mit dem Schlußsatz: »Niemand hat das, was Konrad Schmeißer vor amtlichen Stellen behauptet (nämlich in Kehl, Offenbach und Wiesbaden), bisher zum Anlaß genommen, ihn wegen dieser Behauptung zur Rechenschaft zu ziehen.« Da aber der ehemalige Agent Schmeißer seine Behauptungen auch jetzt nicht vor Gericht zurückgenommen hat, stimmen sie also! Obgleich der Herr Bundeskanzler das damals hätte wissen müssen, hat er die Beschlagnahme der SPIEGEL-Nummer vom 9. 7. 1952 betrieben, anscheinend also nur zu seiner eigenen Freude, um dem SPIEGEL zu schaden, denn das sprach aus seinen damaligen Worten: »Und wenn es nur 20 000 Mark sind, es freut mich auch.« Anders als Palmström kommt der deutsche Staatsbürger zu dem Ergebnis: Nein, kein Traum war das Erlebnis, weil, so schließt er messerscharf, doch sein kann, was nicht sein darf. Und wann steigt nun Ihr Prozeß vor dem Bundesverfassungsgericht? Mülheim (Ruhr) WILHELM BANNIER HERZLICHE GLÜCKWÜNSCHE ZUM TOTALEN ERFOLG IN HANNOVER Dortmund WOLFGANG SCHUCHT Rechtsanwalt Pfui Teufel! Da stinkt''s - Bei Ihnen wie in Bonn. Stuttgart-W. Erich Rupp HERZLICHEN GLÜCKWUNSCH Frankfurt a. M. HERMANN JOST Ich wäre Ihnen außerordentlich dankbar, wenn Sie mir die nun schon berühmt-berüchtigte SPIEGEL-Nummer mit dem »Schmeißer-Artikel« übersenden könnten. Ich würde diesen sehr gern einmal lesen und ihn dann meiner SPIEGEL-Sammlung einverleiben, zumal diese »rumorende Masse« in Hannover zu einer so »lahmen« Explosion kam. Wiesbaden WOLFF FLEISCHER Hiermit bestelle ich den SPIEGEL, Ausgabe vom 9. 7. 1952. Berlin HORST TRINKAUS Nachdem der sogenannte Schmeißer-Prozeß beendet ist, kann auch die Beschlagnahme der SPIEGEL-Ausgabe, die Anlaß zu diesem Prozeß war, nicht mehr aufrechterhalten werden. Darmstadt-Eberstadt LUDWIG HILLGÄRTNER Die Staatsanwaltschaft hielt es in ihren Anträgen zur Einstellung des Schmeißer-Prozesses nicht für nötig, die Freigabe der beschlagnahmten Exemplare der Ausgabe vom 9. 7. 1952 zu verfügen oder sich auch nur zu diesem Thema zu äußern. - Red. Derartige Prozesse sind mehr oder minder Racheakte oder auch Reinwaschungsversuche amtlicher Stellen, die für diese den Vorteil haben, sehr billig zu sein. Selbst wenn ein solcher Racheakt mißlingt, zahlt der Steuerzahler die Kosten. Grundsätzlich wird beamteten Zeugen die Aussagegenehmigung verweigert. Hamburg H. C. BREMER Wieso übernimmt das Auswärtige Amt die Kosten von 4000, - DM, die der Flug des Dr. Strom gekostet hat? Düsseldorf HUBERTUS NEHRING JR. Jetzt bin ich auf die nächste Nr. des SPIEGEL gespannt. Es ko ... mich schon an, nun auch in Ihrer Zeitschrift das dumme Geschwafel von »höherer staatspolitischer Einsicht« lesen zu müssen. Schade, die letzte Eiche im deutschen Blätterwald fiel den 51 Prozent zum Opfer! Moers SIEGFRIED GRÖSCHEL Den Schmeißer-Prozeß haben die homerischen Kontrahenten ja hervorragend geschmissen. Essen-Stadtwald SIEGERIED LEVY Wann wird der Film »Schmeißer« mit Gustaf Gründgens in der Hauptrolle gedreht? Ist die übrige Rollenbesetzung schon bekannt? Ein todsicheres Auslandsgeschäft! Hannover-Linden ERNST SOMMER HAUSHALTSGERÄTE (Nr. 30/1955, Werbung) Zu Ihrem Beitrag »Erhards Verbrauchswelle« in Heft Nr. 30 stelle ich fest, daß ich die mir in diesem Beitrag in den Mund gelegten Gedanken weder wörtlich noch inhaltlich geäußert habe. Von einer in Abwesenheit des Bundeswirtschaftsministers angeblich von mir geübten Kritik ist mir nichts bekannt. Das Familienministerium ist im Gegenteil seit langem um Erleichterung der Beschaffung von arbeitssparenden Haushaltsgeräten zur Entlastung unserer Hausfrauen bemüht. Bonn DR. WUERMELING Bundesminister Die Information des SPIEGEL stammt von Teilnehmern der Kabinettssitzung, in der Minister Wuermeling sich über das Konsumförderungs-Programm Professor Erhards äußerte. Die Gesprächspartner des Ministers Wuermeling haben offenbar als eine Ablehnung der Erhardschen Pläne verstanden, was als Befürwortung gemeint war. - Red. JENS DANIEL (Nr. 38/1955; Nr. 39/1955) Wer nun immer noch glaubt, über die Nato in das wohlzubereitete Bett der Wiedervereinigung zu fallen, dem ist beinahe wohl kaum noch zu helfen. Hat man diese Überzeugung nicht augenscheinlicher aus den westdeutsch-sowjetischen Gesprächen gewinnen können? - Gibt es denn einen idealeren Staat als die Bundesrepublik, der Regierung von Ost-Berlin als Steigbügelhalter die internationalen Salons zu öffnen? Täuschen wir uns nicht, wir werden über kurz oder lang mit den Vertretern der sowjetzonalen Regierung ins Gespräch kommen - ob uns die Männer passen oder nicht - , oder aber wir werden auf unabsehbare Zeit auf eine Wiedervereinigung verzichten müssen. Das mag manch einer mit bitterer Ironie schlucken, aber leider, leider sind wir an der heutigen Situation nicht ganz unbeteiligt, so liegt sie, nicht anders. Bochum H. WOLFGANG KLAUS Mitglied der Ev. Akademie Westfalen Jens Daniels Artikel »Die Quittung« und »Nach Tisch« können wir in Berlin unter dem gemeinsamen Titel »Berlin hat keine Chance mehr« zusammenfassen. Das ist die reale und harte Wirklichkeit, die wir dem größten Staatsmann seit Bismarck zu verdanken haben. Jens Daniel hat leider recht, wenn er in Sachen Wiedervereinigung dem Kanzler Vorwürfe machen muß, und wir Berliner schließen uns an. Jetzt müßte Minister Kaiser seinen Abschied nehmen wie einst Heinemann, als er die Militärpolitik der Bundesregierung nicht mehr mitmachen wollte. Aber wer hat denn noch Mut zur Wahrheit und zu seinen Fehlern? Berlin bleibt ohne Chance! Berlin-Tempelhof WERNER KEGLER FRANKFURTER ALLGEMEINE (Nr. 40/1955, Presse) 1. Ich habe nicht lamentiert, daß der Kanzler nicht schon drei Jahre früher den Koffer für Moskau gepackt habe. 2. Ich habe Herrn Dombrowski nicht geschrieben, wenn man mir Vorschriften machen wolle, dann könnte ich die Verantwortung nicht mehr tragen. Ich habe ihm geschrieben, wenn etwas Neues gefordert werde, wenn ich also meinen Kurs ändern solle, müßte ich zurücktreten. Dann ist mit 3:2 Stimmen mein politischer Kurs verworfen worden. Mein Rücktritt war also kein »Fehler«, sondern für einen Journalisten, der auf die Sauberkeit seines Berufes Wert legt, eine Selbstverständlichkeit. 3. Ich habe niemals zugesagt, nach Tokio zu gehen. Das war ein Vorschlag meiner Kollegen, auf den ich mir die Entscheidung vorbehalten habe. Oberursel (Taunus) DR. PAUL SETHE Es ist ja sehr bedauerlich, daß Herr Sethe über seine Kritik an Bonn gestolpert ist. Adenauer kann nicht genug kritisiert werden. Aber schließlich hätten Sie auch vermerken müssen, daß Sethe in anderer Beziehung sehr unkritisch ist. In keinem anderen ernst zu nehmenden Blatt und von keinem anderen prominenten Leitartikler wurde der öde wilhelminische Nationalismus so gepäppelt wie durch Sethe in der FAZ. Seine Verherrlichung der primitiven Bismarck-Aufwertung durch den schweizerischen Oberlehrer v. Muralt, seine Vergötzung des politisch recht fragwürdigen Freiburger Professors Ritter - sie waren doch nicht mehr zu ertragen! Nein, es ist schon ein Segen, daß die Zeitung sich von diesem Herausgeber getrennt hat. Stuttgart DR. HANS FRANK MOSKAU-REISE (Nr. 39/1955, Moskau) Um der Gerechtigkeit willen muß doch einmal festgestellt werden, daß der Herr Bundeskanzler nicht der erste gewesen ist, der sich um die Freilassung der noch festgehaltenen deutschen Kriegsgefangenen in der Sowjet-Union mit Erfolg bemüht hat. Derjenige, der als erster von einer Moskaureise einige tausend Kriegsgefangene mit nach Hause brachte, war kein Geringerer als der umstrittene Kirchenpräsident D. Martin Niemöller. Selbst der verstorbene Bundestagspräsident Dr. Hermann Ehlers nannte es auf dem Leipziger Kirchentag eine unerklärliche Ungerechtigkeit, daß seinerzeit die westdeutsche Presse diese Tat Niemöllers einfach totgeschwiegen und statt dessen ihn mit Hohn und Verachtung für sein Eintreten für die Kriegsgefangenen gestraft hat. Wenn man die Ausführungen Dr. Karl Silex'' liest, kann man nicht umhin, die Frage zu stellen, warum man mit der Lösung dieses menschlich so dringenden Problems bis heute gewartet hat, den Gefangenen somit noch weitere 3S Jahre Kerker zumutete und dies alles aus rein politischen Gründen. Mir erscheint diese Nachordnung menschlicher Erfordernisse hinter politisch-diplomatische Grundsätze für die Politik einer »christlichen Partei« in höchstem Grade unverständlich. Hinte/Ostfrld. THEODOR IMMER Wie viele Millionen hat eigentlich die Fahrt nach Moskau wieder gekostet? Nehru fuhr nur mit einer Aktentasche nach Moskau. z. Zt. Hamburg DR. ZUBEIL Besonders verdienstvoll schienen mir die Schilderungen der Tätigkeit Carlo Schmids. Dieser Politiker, der in wahrstem Sinne des Wortes ein Staatsmann ist, hat wieder einmal seine überragende Qualität bewiesen, diesmal sogar auf dem internationalen Parkett. Nun sucht man einen Botschafter für Moskau. Wäre es nicht das vernünftigste, Professor Schmid zu schikken? ... In der Regel sehen die Sowjets zwar sozialdemokratische Politiker nicht sehr gern ..., aber Schmid bestätigt als Ausnahme die Regel. Er verstand sich sowohl mit dem »Proleten« Chruschtschew wie mit dem »Lateiner« Malenkow und dem »Trinker« Bulganin ... Wenn von der bundesdeutschen Mission etwas erreicht werden kann - Schmid wird es erreichen. Seine Berufung könnte sogar die angeblich so heiß herbeigesehnte Verbesserung der Beziehungen zur SPD herbeiführen: erstens, weil ein Sozialdemokrat einen wichtigen Posten bekäme, zweitens, weil Ollenhauer seinen schärfsten Konkurrenten um die Gunst der Massen endlich los wäre. München H. PAUL Wie gut der SPIEGEL in seiner letzten Moskau-Reportage die Atmosphäre getroffen hat, beweisen die Aufnahmen der Wochenschau. Bulganins weltmännisches Benehmen zeigt, daß die Sowjet-Union die Epoche des Bürokraten Molotow und des ein wenig täppisch wirkenden Parteifunktionärs Chruschtschew überwunden hat. Bremerhaven HEINZ MOELLER KUGELSCHREIBER (Nr. 35/1955, Industrie) Der Aufsatz über die Kugelschreiberindustrie ist teilweise dahin falsch verstanden worden, als hätte die Firma BELLMANN & Co. in Ansbach sich mit den Inhabern der Kugelschreiber-Patente nicht oder noch nicht geeinigt. Allerdings war BELLMANN von allen fortsetzungslizenzberechtigten Firmen die letzte, die den neuen Lizenzvertrag mit dem Inhaber der wichtigsten Kugelschreiber-Patente unterschrieben hat. Gemäß dieses Vertrages gehört BELLMANN ab 1. 7. 1955 zu denjenigen Firmen, deren Kugelschreiber und Schreibminen in Deutschland patentrechtlich nun nicht mehr angegriffen werden ... Sie haben in Ihrem Aufsatz zutreffend herausgearbeitet, daß es sich bei dem neuen Lizenzvertrag vor allem um einen kaufmännischen Entschluß handelte. So betrachtet, fühlt sich BELLMANN nicht als Verlierer. Ansbach BELLMANN & Co.",https://www.spiegel.de/politik/briefe-a-d454c3d2-0002-0001-0000-000031971301?context=issue,,10,1955,October,2459,17155,True,True,1955,1950s,1955-59
1955,48,23,1955-11-22,Briefe,Briefe,,"MOSKAU-NACHLESE (Nr. 46/1955, Bonn) Man sollte meinen, daß entsprechend den geführten »Verhandlungen« auch »gehandelt« wird. Im Falle der Moskau-Verhandlungen muß sich der objektive Beobachter einigermaßen wundern: ▷ Der vereinbarte Botschafteraustausch wurde von Bonn offensichtlich sehr dilatorisch behandelt. ▷ Laut SPIEGEL-Bericht appellierte die deutsche Delegation hinsichtlich der Freigabe der Kriegsgefangenen an die Großherzigkeit und Großmut der Verantwortlichen im Kreml - und dies mit Erfolg! Ist in irgendeiner Rede oder Verlautbarung für diese Großherzigkeit auch nur beiläufig gedankt worden? Im Gegenteil, es waren bei den Begrüßungen oft recht nationalistische Mißtöne zu verzeichnen. ▷ Nach früheren Reden des Bundeskanzlers sollte die Freigabe der Gefangenen der Prüfstein für die Ehrlichkeit des angeblich guten Willens der Sowjets sein. Ist der erfolgte Beweis auch nur mit einem Wort gewürdigt worden? ▷ Laut Zeitungsberichten war dem Kreml in Moskau zugesichert worden, auf Grund der russischen Akten kriminelle Fälle von deutschen Gerichten aburteilen zu lassen. Nach Freigabe der ersten Gefangenen-Kontingente wurde erklärt, alle Gefangenen werden freigelassen und gerichtliche Verfahren kommen nicht mehr in Frage. Ergo: Hat der deutsche Partner im Sinne der geführten Gespräche gehandelt? Fühlt sich der Kreml vielleicht aus diesen Gründen auch nicht mehr an seine Zusagen gebunden und stoppt deshalb die Heimkehrer-Transporte? - Abgesehen von der moralischen Verpflichtung, die die Unterhändler aus Bonn für das deutsche Versprechen zu tragen haben, mögen sie daran denken: Noch ca. 5000 Gefangene warten auf ihre Heimkehr! Braunschweig ARVED PRELAR Die Kirchlich-Theologische Arbeitsgemeinschaft in der Protestantischen Kirche der Pfalz hat aus Anlaß der Heimkehr der Kriegsgefangenen aus der Sowjet-Union an Kirchenpräsident D. Martin Niemöller ein Dankschreiben gesandt, weil er im Januar 1952 als erster nach Moskau fuhr und dort die Heimkehr von fast 1000 Gefangenen erwirken konnte. Kirchenpräsident Niemöller war wegen dieser Reise damals starken Angriffen ausgesetzt. Speyerdorf KARL HANDRICH Pfarrer Die Bundesregierung ist auch an die 175 000 Deutschen zu erinnern, die noch immer in Polen und in polnisch verwalteten deutschen Ostgebieten zurückgehalten werden und die seit Jahren beim Familienzusammenführungsdienst in Hamburg-Osdorf registriert sind ... Freiburg ULRICH MASCHKE stud. jur. Die einzige Erklärung für das Versagen der deutschen Seite bei den Moskauer Verhandlungen ist: Befangenheit im Hinblick auf die Reaktion der Wählermassen. Nur so ist es verständlich, daß eine bereits als sicher erkannte Trumpfkarte hergeschenkt wurde gegen eine Konzession, die in Wirklichkeit keine war - denn es besteht wohl kein Zweifel darüber, daß die Russen in absehbarer Zeit die deutschen Gefangenen sowieso entlassen hätten. So hat man die einzigartige Gelegenheit vorübergehen lassen, den Russen begreiflich zu machen, daß die Weiterexistenz der sogenannten DDR ein unüberwindliches Hindernis für die Herstellung diplomatischer Beziehungen mit der Bundesrepublik darstelle. Essen H. R. ELMENHORST KIRCHE UND STAAT (Nr. 47/1955, Kirche) Als Katholikin würde ich mich gefreut haben, wenn Sie neben Erzbischof Thomas Cranmer auch den papsttreuen Schatzkanzler Thomas Morus erwähnt hätten, der ob seines Grundsatzes »Unauflöslichkeit der Ehe« eine Scheidung Heinrichs VIII. von Katharina von Aragonien ablehnte und darauf in den Kerker geworfen und später enthauptet wurde. Bad Godesberg CILLY FRANKEN Trotz der von der Boulevard-Presse breit ausgewalzten gelegentlichen kleinen Eskapaden ist die Prinzessin eine Frau, die sich ihrer bevorzugten Stellung voll bewußt ist und stolz die Vorrechte ihrer königlichen Geburt genießt. Ihr warmes, gewinnendes Lächeln kann beim kleinsten Verstoß gegen das ihr zustehende Protokoll zu eisiger Kälte erstarren, und selbst engste Freunde wagen sie nur mit »Ma''am« anzureden. Nach ihrer Übersiedlung ins Clarence House hätte sie sich viel freier bewegen können, aber sie baute ein bis ins kleinste ausgetüfteltes Protokoll um sich auf. - Als dann die Tante »Times« mit erhobenem Zeigefinger warnte: »... die Völker des Commonwealth würden sie nur mit dem tiefsten Bedauern von ihrem hohen Platz abtreten sehen ...« - nimmt es da wunder, daß Margaret es vorzog, im Rampenlicht des königlichen Purpurs zu bleiben, statt das zwar komfortable, aber unauffällige Leben einer simplen Mrs. Townsend zu führen? London LAURA MULHAM Da das britische Unterhaus am 15. November 1955 den Labour-Antrag, die Beziehungen zwischen Staat und Kirche zu untersuchen, abgelehnt hat, wird man auch künftig der Kirche nicht das Recht absprechen dürfen, sich in staatsrechtliche Angelegenheiten einzuschalten, auch wenn diese - wie zum Beispiel die Thronfolge - der Verfassung nach unter die Entscheidungshoheit des Premiers und der übrigen Ministerpräsidenten des Commonwealth fallen. Mainz KURT SCHÖNHOFF Obwohl Margaret eine tiefgläubige Anhängerin der Anglikanischen Kirche ist, muß doch wahrscheinlich das entscheidende Verzichtmotiv in der Erkenntnis der Prinzessin gesucht werden, daß sich die Interessen des Commonwealth nicht mit ihren persönlichen Wünschen in Einklang bringen lassen. Denn die Bevölkerung des Commonwealth setzt sich nicht nur aus Angehörigen der Anglikanischen Kirche zusammen, sondern aus fast ebenso vielen Katholiken, die zweifellos - getreu der Lehre ihrer Kirche - eine Ehescheidung verurteilen; von ihnen würde also eine Ehe Margaret-Townsend als ungültig angesehen werden. Duisburg WERNER HAHN Da der englische Premierminister das Recht hat, neue Erzbischöfe, Bischöfe und andere geistliche Würdenträger zu ernennen, haben sich in der Vergangenheit oft seltsame Widersprüche ergeben. Denn nicht immer ist der Ministerpräsident Angehöriger der Anglikanischen Hochkirche; in den letzten vierzig Jahren hatten zum Beispiel drei Premiers ein anderes Glaubensbekenntnis: David Lloyd George (Baptist), James Ramsay Macdonald (Presbyterianer) und Neville Chamberlain (Unitarier). Und der heutige Ministerpräsident Eden gehört zwar der Anglikanischen Kirche an, hat sich aber entgegen der kirchlichen Auffassung über die Ehescheidung nach seiner - allerdings unverschuldet - geschiedenen Ehe wiederverheiratet. Unter Hinweis auf diese Tatsache plädieren viele englische Geistliche für eine Trennung von Kirche und Staat. So auch erst kürzlich der Dekan von Hammersmith, der den letzten Fall als Beweis dafür ansieht, daß der Staat »seine eigene niedrigere Moral« der Kirche aufzwingen kann. Göttingen PETER KREYENBRINK ARGONAUTEN (Nr. 46/1955, Wohnungsbau) Der Argonauten-Wirtschaftskreis setzt zumindest voraus, daß sich in verhältnismäßig kurzer Zeit sehr viele Anhänger finden. Denn der intensive Verrechnungsverkehr mit dem »Notgeld« der Argo tritt doch erst ein, wenn mindestens über 1000 wohlassortierte Mitglieder dieser Gemeinschaft angehören. In der Praxis hat sich gezeigt, daß von 1000 Argonauten, die monatlich 150 Mark umsetzen, der Argonautengemeinschaft nur 2 Prozent, das heißt 3000 Mark monatlich zufließen, in zwölf Monaten also 36 000 Mark; mit anderen Worten: Unter günstigsten Umständen werden in einem Jahr die Kosten für ein Haus aufgebracht. Oldenburg WILHELM LINDEMANN Seitdem ich der Argo angehöre, wird für meine Familie alles in den Argo-Geschäften gekauft. Für meine Familie verrechne ich monatlich ungefähr 400 bis 500 Mark. Das ist hier möglich, weil ich alles in den Argo-Geschäften kaufen kann. Bei dem Metzger kaufe ich monatlich für ungefähr 120 Mark Ware ein. Wie ich nun von dem Metzgermeister wiederholt erklärt bekommen habe, verrechnet er weiter. Er hat somit, wenn er meinen Überweisungsauftrag bei der Bank einlöst, von den 120 Mark 2,40 Mark als Argo-Umsatz abzuliefern. Die Verdienstspanne, die der Metzger durch meine getätigten Käufe hat, liegt jedoch viel höher, und mit diesem Verdienst kann er seinen Vereins- und Unkostenbeitrag an die Argo bezahlen ... Ich bleibe nach wie vor in der Argo und habe zur Geschäftsführung volles Vertrauen. Freiburg (Breisgau) ELISABETH SIEGEL Wir Argonauten lassen uns auch nicht von Mathematikern erschrecken, die glauben, dem letzten Argonauten erst in Hunderten von Jahren sein Haus zusichern zu können. Wir glauben, diese Mathematiker des schlechten Willens und der bösen Absichten zu kennen ... Wenn wir eine genügend starke Gemeinschaft als Voraussetzung geschaffen haben, dann können wir behaupten und rechnerisch beweisen, daß die Wartezeit auf unser Argo-Haus durchaus mit der anderer Wohnungsbaueinrichtungen konkurrieren kann. Alle unsere Argonauten wissen, daß unsere ganze Arbeit zunächst der Schaffung dieser Voraussetzung dient. Dafür setzen sich heute Tausende deutscher Männer und Frauen ein. Stuttgart LEONHARD JANSEN ... Sicherlich hat man Ihnen nichts davon erzählt, daß in jenem von Ihnen aufgegriffenen Prozeß des Herrn Lehrers Witzleben gegen die Argo-Bau selbst schon die Bausparkasse »Gemeinschaft der Freunde Wüstenroth«, vertreten durch ihren Chefmathematiker Dr. Krahn, als Zeuge auftrat, um die von einigen Herren angeblich plötzlich erkannte Irrlehre der Argo unter Beweis zu stellen. Es ist ihnen dies nicht gelungen, und es dürfte ihnen dies wohl auch so lange nicht gelingen, wie 50mal 2 Prozent gleich 100 ist und bleibt. Ist es aber nicht wenigstens eine kleine Anerkennung für uns, daß sich ein Institut wie Wüstenroth um uns solche Mühe gibt, und deutet es nicht wenigstens ein bißchen mit an, welche Kräfte hier bereits im Spiele stehen? Tübingen HELMUT HEMPEL Bauing.-Architekt Gruppenleiter der Argo ... muß ich noch sagen, daß ich in zwei Jahren nie gehört habe, daß Herr Schmidt-Imelmann sich hat als »Präsident« titulieren lassen? Daß in nicht-offiziellen Schreiben der Doppelname lästig zu schreiben ist und sich daher der Gebrauch herausgebildet hat, »S.-I.« abzukürzen - ist das »Byzantinismus«, was der Artikelschreiber in seinem kleinen Geist offenbar behaupten will?! Dortmund WALTER KLEIN Ich kenne Herrn Schmidt-Imelmann und die meisten seiner Mitarbeiter, wie ich den Herrn Leeser kenne. - Ich als sein Tübinger Mitarbeiter stelle mich vor Herrn Schmidt-Imelmann, welcher sich weder mit Präsident noch mit S.-I. anreden läßt ... Tübingen RAINER WEHRUNG Kreisobmann der Argo Es ist gut, daß endlich diese trübe Angelegenheit ins Tageslicht gestellt wird. Dafür sind gewiß viele Argo-Geschädigte froh und dankbar. Wer sich bis jetzt als einfaches Mitglied mit dieser Argo-Bau einließ, hat noch immer viel Geld verloren. Diese Tatsache ist ebenfalls reichlich zu belegen ... Die Zahl der durch die Argo getäuschten, enttäuschten und um Geld gebrachten Menschen ist übergroß, nicht nur hier im Süden, Westen oder dort in hannoverscher Gegend, sondern auch an der Nordseeküste (Bremervörde!), vielerorts. Tübingen H. PIPLACK AUTHENTIZITÄT (Nr. 39/1954, Deutschland) Einer Ankündigung der »Welt am Sonntag« entnehme ich, daß der Bericht »Der Mann im Dunkeln« von Jürgen Thorwald der erste authentische Bericht über General Reinhard Gehlen sei. Ich bitte um Ihre Stellungnahme hinsichtlich der Authentizität Ihres im vorigen Jahr erschienenen 14seitigen Berichts über General Gehlen. Bremen HEINZ KLAGES Der erste authentische Bericht über General Reinhard Gehlen ist in Nr. 39/1954 des SPIEGEL erschienen. - Red. DOKUMENTEN-FÄLSCHUNG (Nr. 44/1955, Propaganda) In dem Aufsatz »Dokumenten-Fälschung - Staatssekretär weiß Bescheid« wird unter anderem erklärt, kein Staatsanwalt und keine Strafkammer haben ernsthaft versucht, herauszufinden, von welcher hohen CDU-Stelle Dr. Adolf Kußl die Photokopien der fraglichen »Dokumente« erhalten hat. Die daran anschließende Bemerkung, der Bonner Staatsanwalt Zug habe jedenfalls bei der Vernehmung des Dr. Kußl freundliches Entgegenkommen gezeigt, muß den Eindruck erwecken, daß der sachbearbeitende Staatsanwalt seine Pflicht zur Sachaufklärung zumindest sehr lässig behandelt hat. - Demgegenüber ist festzustellen: Dem Staatsanwalt stehen nach der Strafprozeßordnung irgendwelche Zwangsmaßnahmen gegen einen seine Aussage verweigernden Zeugen - als solcher ist Dr. Kußl vernommen worden - nicht zu. Staatsanwalt Zug beantragte unmittelbar nach der von ihm durchgeführten Vernehmung des Dr. Kußl beim Amtsgericht Bonn dessen richterliche Vernehmung und für den Fall der erneuten Aussageverweigerung über die Herkunft der Photokopien die Anordnung der Haft zur Erzwingung des Zeugnisses gemäß Paragraph 70 Abs. 2 und 3 StPO. Das Amtsgericht Bonn konnte diesem Antrag, als Dr. Kußl in seiner richterlichen Vernehmung wiederum die Aussage zu diesem Punkt verweigerte, nicht stattgeben, da sich Dr. Kußl darauf berief, daß die Beantwortung der Frage, von welcher CDU-Stelle ihm die Photokopien zugeleitet worden seien, ihm die Gefahr strafgerichtlicher Verfolgung zuziehen würde (Paragraph 55 StPO*)). *) Jeder Zeuge kann die Auskunft auf solche Fragen verweigern, deren Beantwortung ihn selbst oder einen der im Paragraphen 52 Abs. 1 bezeichneten Angehörigen der Gefahr strafgerichtlicher Verfolgung aussetzen würde. Im Hinblick auf diese Erklärung ist Dr. Kußl im weiteren Verlauf des Ermittlungsverfahrens als Beschuldigter behandelt worden. Bonn STAATSANWALT WERNER FROMM Leiter der Justizpressestelle KLERIKALISMUS (Nr. 44/1955, Österreich) Das »schmutzige Pamphlet« gegen den Erzbischof-Koadjutor Dr. Jachym war ein offener Brief, der von mir mit drei anderen Damen und vier Herren unterzeichnet war, die ebenfalls zum größten Teil der Aristokratie entstammen ... Wien MARIE V. POKORNY NECKERMANN (Nr. 44/1955, Handel; Nr. 46 und Nr. 47/1955, Briefe) Wie Sie ausführen, hat Herr Neckermann im Jahre 1938 meinen Betrieb übernommen und ist dadurch in den Versandhandel gekommen. Ob aber die in Ihrem Artikel gewählten Begriffe »erkauft« und »Geschäft« für die damalige Arisierung am Platze sind, mögen Sie entscheiden, wenn ich Ihnen sage, daß mein Geschäftsvermögen (vorsichtig bewertet) sich auf 3,6 Millionen RM belief, mein Jahresumsatz zwischen 20 und 25 Millionen RM bei einem Nettonutzen von 1,5 bis 2 Millionen RM betrug. Und für all das bezahlte Herr Neckermann eine Million RM, die - wie Sie richtig sagen - nie in meine Hände gelangte und womit ich mich, selbst unter dem Druck der damaligen Verhältnisse und der drängenden Freunde Neckermanns, nicht einverstanden erklärte ... Herr Neckermann hat mir ... während acht langer Jahre weder direkt noch indirekt irgendeine Mitteilung zukommen lassen. Bei der Gerichtsverhandlung im Januar dieses Jahres habe ich mich schließlich mit einer Vergleichssumme von zwei Millionen D-Mark einverstanden erklärt, weil Herr Neckermann sein Gesamtvermögen mit wenigen hunderttausend D-Mark bezifferte und belegte. Ich bin daher sehr überrascht, daß jetzt - nach knapp neun Monaten - das Privatvermögen auf »einige Millionen Mark« geschätzt wird. New York KARL JOEL Wie aus der von Ihnen mitgeteilten Beendigung des Diamantenverfahrens zu entnehmen ist, sind offenbar die Ermittlungen auf Grund der Beurteilung durch die bayrische Landpolizei eingestellt worden. - Da es sich um Staatsvermögen von erheblichem Wert handelt (fast 13 000 Karat Diamanten hatten im Jahre 1947 einen Wert von mehreren Millionen Dollar, womit man damals große Teile der Ruhrindustrie hätte kaufen können), müssen doch noch andere und höchste Stellen mit dieser Diamantenaffäre befaßt worden sein ... Die deutsche Öffentlichkeit hat ein dringendes Interesse, etwas Näheres über den Verbleib der gesamten 12 941 Karat Diamanten zu erfahren, nachdem wir jetzt nur wissen, daß 9670 Karat amtlich registriert wurden. - Wie kam es, daß im Februar 1944 an Neckermanns Firma Diamanten zum Preise von rund 380 RM je Karat verkauft wurden, als schon längst in Deutschland das Karat mit rund 10 000 RM bezahlt wurde? Hannover C. BURBIEL Herr Schäffer und Herr Neckermann in traulichem Gespräch auf dem Presseball - es lebe das Lobbyistentum! Oldenburg HEINZ FISCHER Laßt doch Herrn Neckermann Wirtschafts- und Finanzminister werden - dann hat er es nicht mehr nötig, auf Pressebällen Kognakfläschchen auszuteilen und Minister zu kompromittieren. München WERNER BIELER",https://www.spiegel.de/politik/briefe-a-9ebdfbbd-0002-0001-0000-000031971496?context=issue,,11,1955,November,2295,16129,True,True,1955,1950s,1955-59
1956,4,31,1956-01-24,Briefe,Anton Storch,,"Man sollte Minister Storch nicht so grausam überfordern, sondern lieber auch anderen Leuten, die etwas davon verstehen, eine gewisse greifbare Verantwortung übertragen und ihnen eine Frist zur Ausarbeitung eines Reformvorschlages setzen. Sehr gewundert habe ich mich darüber, daß das Papier des SPIEGEL beim Abdruck des Planes der katholischen Unternehmer nicht vor Schreck vergilbte. Erstens geht der Plan bezüglich der Rentenkasse am Wesentlichen vorbei; denn Rentenaufkommen zu Zeiten der Prosperität sind kein Kunststück, wohl aber in Zeiten der wirtschaftlichen Depression. - Zweitens ist die Patentlösung, um genug »Arbeitstätige« zu bekommen (warum sagen Sie nicht »Werktätige«, meine Herren, ist der Unterschied so groß?), in einer Gesellschaftsordnung, die auf Freiheit der Entscheidung und Achtung des Individuums aufbaut oder aufzubauen vorgibt, geradezu ungeheuerlich. Die Forderung des gesellschaftlichen »Solls« der Kinderzahl ist der Anfang einer durchgreifenden bevölkerungspolitischen Diktatur. Eine solche Art sexueller Arithmetik wird zwar vom Staat schon seit langem praktiziert - je mehr Kinder, desto größer die Steuerermäßigung -, aber das biologische Postulat der Arterhaltung in einen staatlichen Imperativ umzumünzen, ist in höchstem Maße geschmacklos. Wenn diese sogenannte katholische Unternehmerauffassung sich breitmacht, wird es bald gänzlich keine Liebe um der Liebe willen mehr geben, sondern nur noch wegen der Ermäßigung für die »Aufzucht«-Gebühren (für diese Wortbildung hat ihr Erfinder einen Orden verdient). Und dann die Rückzahlungsfrist. Wann kann man mit der Amortisation des Menschen beginnen? Man sollte den Unfug unterlassen, dem Problem mit Begriffen und Rentabilitätsberechnungen zu Leibe gehen zu wollen, wie sie in der Schweinezucht üblich sein mögen; man sollte lieber Leute fragen, die Sachkenntnisse besitzen und den Sinn für Menschenwürde noch nicht verloren haben. Beuel ROLF BERGER Der »Bund Katholischer Unternehmer« hat es sich mit seinem Vorschlag, eine »Rentenkasse des deutschen Volkes« zu gründen, sehr leicht gemacht: Sind die Kassen gefüllt, dann erhält der Renten-Aspirant viel, sind die Kassen leer, dann hat er Pech gehabt. Wie wäre es denn, meine Herren vom »Bund Katholischer Unternehmer«, wenn Sie nach dem gleichen Schema mit den Unternehmensgewinnen verführen? Es gäbe dann doch normalerweise keine Verluste oder Konkurse mehr, und die Konkursgerichte könnten ihren Etat der »Gewinnkasse Katholischer Unternehmer« zur Verfügung stellen. Augsburg JOSEPH M. SCHINDLER In dem ob seiner sozialen Verhältnisse so vielgepriesenen Schweden gibt es die sogenannte Volkspension - eine Altersversicherung, die jedem mehr als 67 Jahre alten Mann und jeder mehr als 65 Jahre alten Frau zusteht. Die Volkspension entspricht in ihrem Zweck der deutschen, in der Invalidenversicherung enthaltenen Altersversicherung. Nur mit dem Unterschied, daß in Schweden jeder die Pension erhält, ganz gleich, ob er jemals Steuern abgeführt hat oder noch im Alter horrende Summen verdient. Lübeck S. LUNDBERG Das eigentliche und tiefe Kriterium des deutschen Sozialversicherungssystems besteht in der Unmöglichkeit der Verwirklichung des Kapitaldeckungsverfahrens nach sozusagen klassischer Versicherungsmanier, das heißt, in der Unmöglichkeit, die aufkommenden Gelder in Kapitalform hochprozentig werbend anzulegen, so daß also aus den Zinserträgen die Leistungen erstellt werden könnten. Ich beziehe mich da auf Professor Achinger von der Universität Frankfurt, der in seinem Werk über »Soziale Sicherheit« u.a. schreibt: »Wohl kann es im Verhältnis zur Gesamtvolkswirtschaft relativ kleinen Privatversicherungsgruppen gelingen, durch geschicktes Springen am Geld-, Kapital- und Wertpapiermarkt eine derart günstige Verzinsung ihrer zufließenden Gelder zu erreichen, daß nach 'versicherungsmathematischen Grundsätzen' (Wahrscheinlichkeitsrechnung) die Verpflichtungen rechnerisch vorgeplant und dann aus diesen Zinserträgen als Leistungen im Bedarfsfalle ausgezahlt werden können ..., daß also diese Versicherungsgesellschaften das Kapitaldeckungsverfahren anwenden... Einem Mammut-Versicherungssystem, wie den deutschen Sozialversicherungsträgern, ist das unmöglich, weil die damit notwendig werdende Lenkung von Kapitalien eine Gesamtplanung der deutschen Volkswirtschaft voraussetzte.' Frankfurt KARL-ERNST BOERNER Auch die Säuglinge, denen es an der Wiege nicht gesungen worden ist, daß sie eines Tages einen Ministersessel zieren würden, sind nach der herkömmlichen Anschauung unerfahrener Kinder vom Storch gebracht worden. - Wenn jedoch ein für ein Ministeramt in keiner Weise prädestinierter Storch trotz alledem und nur seines Glaubens halber vom Regierungschef als Minister berufen wird, dann mag man in diesem Sonderfalle als Entschuldigung gelten lassen, daß der fromme, in menschlichen Dingen aber immerhin erfahrene Kanzler noch an den Storch glaubte und trotz der negativen Erfolge des sonderbaren Vogels auch fernerhin an ihn zu glauben gedenkt, obwohl er doch wissen müßte, daß dieser Storch die Folge seines - des Kanzlers - ureigenen und ganz prosaischen Fehltrittes ist und mit dem Glauben in keinem Zusammenhang stehen sollte. Oder vielleicht doch? Gedern (Oberhessen) ALLAN GLAU Ich muß den ehemaligen Kanzler Bismarck schon um Entschuldigung bitten, wenn ich ihn hier in einem Atem mit unserem verehrten Bundesminister Storch nenne. Doch der Blick in die Vergangenheit lohnt. Da sind zunächst einmal folgende Sätze aus Bismarcks Reichstagsrede vom 15. März 1884, die sich Herr Storch ins Stammbuch schreiben sollte: »Hat der Staat die Pflicht, für seine hilflosen Mitbürger zu sorgen, oder hat er sie nicht? - Ich behaupte, er hat diese Pflicht, und zwar nicht nur der christliche Staat, wie ich mir mit den Worten praktisches Christentum' einmal anzudeuten erlaubte, sondern jeder Staat an und für sich.' Den Herren Gutachter-Professoren möchte ich das Gespräch Bismarcks vom 26. Juni 1881 ins Gedächtnis rufen, zumal sie bereits vor dem Slogan »Wohlfahrtsstaat« zu Tode erschrecken: »Nicht Almosen, sondern als Recht auf Versorgung, wo der gute Wille zur Arbeit nicht mehr kann. Wozu soll nur der, welcher im Kriege oder als Beamter erwerbsunfähig geworden ist, Pensionen haben, und nicht auch der Soldat der Arbeit? - Die Sache wird sich durchdrücken. Sie hat ihre Zukunft. Es ist möglich, daß unsere Politik einmal zugrunde geht, wenn ich tot bin. Aber der Staatssozialismus paukt sich durch. Jeder, der diesen Gedanken wieder aufnimmt, wird ans Ruder kommen,, . Bad Gandersheim HANS SEEBERG An »20 000 Paragraphen gescheitert« nennen Sie Ihre Veröffentlichung. Der unkundige Leser muß hieraus den Eindruck gewinnen, als ob im Bundesarbeitsministerium nur an der Sozialreform - und das auch nur schleppend-gearbeitet würde. Mit keinem Wort erwähnen Sie die bisherigen Arbeitsergebnisse, die Anton Storch maßgeblich vorantrieb. Ich nenne nur das erste Arbeitsbeschaffungsprogramm der Bundesregierung mit seiner ankurbelnden Wirkung auf das Wirtschaftsleben. 4,2 Millionen mehr Beschäftigte innerhalb von sechs Jahren ist das bisherige Ergebnis... Als Storch sein Amt antrat, fehlte jede Rechtseinheit im Arbeits- und Sozialrecht, die betrieblichen Beziehungen zwischen Arbeitgebern und Arbeitnehmern verlangten gebieterisch ihre Neuordnung wie auch die Fragen des Unfall- und Arbeitsschutzes. Weitere Gebiete: Arbeitslosenhilfe, Rentenversicherung für Arbeiter und Angestellte, Sorge für die Kriegsbeschädigten und Hinterbliebenen, für die Heimkehrer und Jugendlichen. - In den Vereinigten Staaten von Amerika brauchte man sechs Jahre für die auf sozialem Gebiet zu treffenden gesetzgeberischen Maßnahmen. Dieses Beispiel zeigt, daß man vom Bundesarbeitsminister Anton Storch mit seinem kleinen Mitarbeiterkreis nichts Unmögliches verlangen soll. Bonn HERMANN BUES",https://www.spiegel.de/politik/anton-storch-a-c89d51db-0002-0001-0000-000031587185?context=issue,,1,1956,January,1074,7835,True,True,1956,1950s,1955-59
1956,9,40,1956-02-28,Briefe,Schreibmaschine,,"(Nr. 5/1956, Technik) Jede Änderung des Tastenfeldes von Schreibmaschinen bedingt eine völlige Umstellung für alle Stenotypistinnen. Es ist zu verstehen, daß sich das menschliche »Trägheitsmoment« grundsätzlich dagegen sträubt... Nach unserer Auffassung aber sollen auch die Normen dem Fortschritt dienen und nicht um jeden Preis Traditionen konservieren. Der Sinn einer solchen Änderung ist eine Steigerung der durchschnittlichen Schreibleistung unserer Stenotypistinnen, die heute geradezu erschrekkend niedrig ist und weit hinter den technischen Möglichkeiten zurückbleibt. Die von August Dvorak erhoffte Steigerung halten wir für nicht realisierbar, aber schon wenn die Hälfte erreicht wird, lohnt sich die Mühe. Es soll daran erinnert werden, daß das heutige Tastenfeld seit 80 Jahren »modern« ist und aus den USA stammt. Sollte man sich da nicht einmal ernstlich Gedanken über ein Tastenfeld machen, das den Besonderheiten unseres Sprachgebietes angepaßt ist? Hamburg DIPL-ING. H. W. ULBRICHT Hans Burghagen Verlag",https://www.spiegel.de/politik/schreibmaschine-a-25d66ce7-0002-0001-0000-000031587539?context=issue,,2,1956,February,140,1020,True,True,1956,1950s,1955-59
1956,20,37,1956-05-15,Briefe,Le Corbusier,,"Sie schildern das finanzielle Defizit der Cité Radieuse (Strahlende Stadt) in Marseille. Für die Bildung eines zuverlässigen Urteils ist es notwendig, die Ursachen des Defizits nicht nur in den Umständen der Baudurchführung zu suchen. Denn dann bliebe Le Corbusiers Planungsgedanke als solcher gerechtfertigt. Leider ist das nicht der Fall. Dieser Plan kann nie wirtschaftliche Ergebnisse haben, weil bei seiner Anordnung im Verhältnis zur wirklich geschaffenen Nutzfläche viel zuviel Raum umbaut wird ... Aus zirka 100 Quadratmeter sogenannter Wohnfläche kommen nur zwei mittelgroße Zimmer und zwei enge Kammern heraus, für die normalerweise 60 Quadratmeter genügen. Die Freude an den großen Anregungen, die wir Le Corbusier verdanken, und die Bewunderung für seinen revolutionären Elan dürfen nicht zu einer urteilslos blinden Verhimmelung aller seiner Leistungen schlechthin verleiten. Vielmehr muß man gerade von dem Vorkämpfer der organischen Baugestaltung verlangen, daß er nicht über das Ziel hinausschießt und eine rein rechnerische Idee durchpeitscht, die sich selber ad absurdum führt ... Berlin-Wilmersdorf DR.-ING. ALFRED GELLHORN Reg.-Baumeister Illustrierte Berliner Zeitschrift Möchten Sie à la Corbusier wohnen?",https://www.spiegel.de/politik/le-corbusier-a-2e0a6794-0002-0001-0000-000043062210?context=issue,,5,1956,May,169,1227,True,True,1956,1950s,1955-59
1956,20,39,1956-05-15,Briefe,Rassenfrage,,"Sir: Ich finde Ihre nahezu erotische Interpretation des Kernpunktes des südlichen Rassenproblems doch etwas primitiv, Ihre Bezeichnung von NAACP-Personal* als Demagogen nicht gerade fair, Ihre wiederholte Bezeichnung des »sittlich korrumpierten Südens« als doch zu billig ... z. Z. Mainz A. G. HAAS University of Chicago Autherine Lucy hat durch ihre Heirat wirklich im letzten Augenblick das Schlimmste verhütet: Nach einer Mitteilung des Büros der Bundeskriminalpolizei (FBI) waren bis vor kurzem in ganz Alabama keine Dolche, Taschen- und Fahrtenmesser mehr aufzutreiben. Jugendliche weißer und schwarzer Farbe hatten sie restlos aufgekauft. Faifield (Alabama) RALPH G. DEANE Die Sklaverei - das heißt doch die ursprüngliche »Saat der Gewalt« - war also vor hundert Jahren in den USA die »Lebensgrundlage« der »Pflanzer-Aristokratie des Südens«. Diese Aristokratie aber »verachtete und verspottete die nach saurem Arbeitsschweiß riechenden, in eine glanzlose Religiosität eingesperrten Nordstaaten«. Wenn dem so gewesen ist, war es dann eine gute Tat, daß damals die Nordstaatler die Südstaatler, weil sie die Sklaverei nicht freiwillig aufgeben wollten, unter Gewaltanwendung zwangen, dies zu tun? Oder vertrat der »im Geschmack an der romanischen Kultur lebende Südstaatler« - ohne daß ihm jedoch die Sklaverei als eine Kulturschande vorgekommen wäre - die bessere Sache, wenn er sich gegen die Forderung der »bigotten englischen und deutschen Kleinbauern« zur Wehr setzte, denen »die Sklaverei aus religiösen Gründen zuwider war«? Nach der Auswahl der schmückenden Beiwörter zu schließen, steht der Artikelschreiber mit seiner nur schlecht verhehlten Sympathie auf der Seite derjenigen, die damals der Gewalt weichen mußten, weil sie von einem mit wahrer Kultur völlig unvereinbaren Standpunkt nicht abgehen wollten ... Wie dieser Artikel dazu beitragen soll, des Unkrauts der Gewalt Herr zu werden, das aus der »Saat der Gewalt« entsprungen ist, für die die schwarzen Menschen wohl am allerwenigsten die Verantwortung zu tragen haben, bleibt jedenfalls unerfindlich. Berlin-Steglitz DR.-ING. W. ZIMMERMANN Vor dem Hafen von New York steht die Freiheitsstatue, die die Ankommenden in Überlebensgröße grüßt und ihnen wohl eine vorgefaßte Meinung vermitteln soll. Es scheint aber eine Symbolik darin zu liegen, daß diese Dame Freiheit dem Land den Rücken kehrt. Köln-Ostheim WALTER F. EBERHART ... taucht die Frage auf: Wie werden sich gewisse ... deutsche Kreise zur Negerfrage in der Bundesrepublik stellen? Denn es wird ja nicht mehr lange dauern, bis die farbigen Besatzungsüberbleibsel, die zu Tausenden zählen, ihre Rechte als deutsche Staatsbürger geltend machen werden ... Berlin-Zehlendorf ERHARD R. CIELEWITZ Wenn die durch »strenge Frömmigkeit« ausgezeichneten Siedler der Nordstaaten in den »Wilden« Vertreter eines hohen Menschentums im Rousseauschen Sinne sahen, so hätten sie nicht nur nach dem Süden zu blicken brauchen, sondern in ihrer unmittelbaren Nähe genügend Objekte ihrer Verehrung gefunden: die Indianer. Offensichtlich aber haben sie diese Möglichkeiten nicht genutzt (eine Ausnahme bilden hier lediglich die Quäker), sondern ihre materielle und technische Überlegenheit in einem stärkeren Maße mißbraucht als die Weißen der Südstaaten gegenüber den Sklaven. Die Geschichte der Indianerkriege bietet hierzu genügend Beispiele. Düsseldorf-Gerresheim KARL-HEINZ SCHLESIER ... scheint mir klar und schonungslos von Ihnen gesagt worden zu sein: Mit sanfter Humanitätsduselei sind solche Rassenfragen nicht zu lösen. Hannover ERNST SCHLÜTHER ... haben Sie die Spannungen, die - aus dem Unbewußten, aus dem nicht klar definierbaren ästhetischen Empfinden kommend - beim Zusammenprall von Schwarzen und Weißen naturnotwendig auftreten müssen, ohne sentimentale Mätzchen objektiv geschildert. Hamburg CLAUS SIEGMANN Es wird Sie interessieren, daß die europäische und insbesondere die deutsche Freimaurerei hervorragende Verdienste gehabt haben, um die Gleichberechtigung der schwarzen Bürger in den Vereinigten Staaten voranzutreiben. Zum erstenmal überhaupt tauchte ein Farbiger in einer Loge weißer Freimaurer im Österreich Josephs II., in der Wiener Loge »Zur wahren Eintracht«, auf. Es war der Neger Angelo Soliman, der Leibmohr des Fürsten Lobkowitz. Durch Einheirat in österreichische Adelsfamilien wurde Soliman der Großvater des Dichters Ernst Freiherr von Feuchtersleben. Nach Solimans Tod wurde auf Wunsch Franz II. die Leiche abgehäutet, ausgestopft und in den kaiserlichen Schausammlungen als Repräsentant des Menschengeschlechts aufgestellt. Im Jahre 1784 erhielt eine erste Negerloge in den USA die Gründungserlaubnis durch die Großloge von England. Die weißen Großlogen Amerikas weigerten sich jedoch, ihre schwarzen Brüder als gleichberechtigt anzuerkennen. 1857 wurde die Frage der Zulassung von Negern der Großloge von Massachusetts zur prinzipiellen Entscheidung vorgelegt. Großsekretär Moore lehnte den Vorschlag ab, da seiner Auffassung nach die Zulassung von Negern in den weißen Logen wie eine »Brandfackel« in der amerikanischen Freimaurerei wirken würde. Jetzt trat die Großloge von Hamburg in einem Rundschreiben an die maurerischen Großbehörden für die Menschenrechte der Neger ein, was zu erheblichen Auseinandersetzungen mit der weißen Großloge von New York führte. 1867 hob die Großloge von Illinois auf Antrag einer deutschen, ihr unterstehenden Loge das Logenverbot für Neger auf. Auch der Verein deutschamerikanischer Freimaurer in New York setzte sich aktiv für die Gleichberechtigung der Neger ein und geriet damit in Gegensatz zu den weißen Logenbünden in den Südstaaten. Der deutsche freimaurerische Publizist Gabriel Findel aus Leipzig wurde dann 1871 für seine Verdienste um die Förderung farbiger Logenbrüder zum Ehrengroßmeister der African Grand Lodge in Boston und zum Generalfreundschaftsbürgen der amerikanischen Neger-Freimaurer bei den europäischen Großbehörden ernannt. 1875 beschlossen die deutschen Großlogen, die farbige Prince Hall Großloge anzuerkennen, womit den Negern offiziell die Tore der Logen in Deutschland geöffnet wurden. Durch die rastlose Tätigkeit deutscher Freimaurer für die Rassenemanzipation mußte dann endlich 1898 die Großloge des Staates Washington anerkennen: »Die Hautfarbe ist keine Schranke für die Freimaurerei.« Wir amerikanischen Bürger schwarzer Hautfarbe werden diesen Kampf der deutschen Freimaurer um die Sache der Gerechtigkeit nie vergessen. New York ABRAHAM WOLFE Zum Ursprung des amerikanischen Rassenproblems: Die ersten 20 Neger, die im Jahre 1619 von englischen Piraten an der Küste Virginias abgesetzt wurden, erfuhren durch die örtlichen Honoratioren zunächst einen achtungsvollen Empfang als »afrikanische Gentlemen«. Einer dieser Schwarzen war es dann, der als erster registrierter Sklavenhalter in die amerikanische Geschichte einging. Er hieß Anthony Johnson und importierte später auch weitere Rassegenossen als »Vertragshörige«. Wuppertal GERD PETRAUSCH * »National Association for the Advancement of Colored People«.",https://www.spiegel.de/politik/rassenfrage-a-c00406b8-0002-0001-0000-000043062212?context=issue,,5,1956,May,972,7038,True,True,1956,1950s,1955-59
1956,40,52,1956-10-02,Briefe,Hatojama,,"So können also Lachse die große Politik bestimmen! Ich muß gestehen, vor Ihrem Hatojama-Bericht habe ich nicht gewußt, daß für die Japaner die Fischerei geradezu lebenswichtig ist. Die Sowjets haben das klar erkannt und wissen auch hier wieder einmal - kühle Rechner, die sie sind - den Hebel an der richtigen Stelle anzusetzen. Berlin OSKAR BEITZ Die sowjetischen Behörden verstärken ihren Druck auf die japanischen Fischer im Ochotskischen Meer immer mehr. Nach einer offiziellen Mitteilung wurden zwischen Januar und August dieses Jahres 91 japanische Fischerboote von den Russen aufgebracht, ihre 876 Besatzungsmitglieder vor sowjetische Gerichte gestellt und verurteilt. Es hagelt dabei Freiheitsstrafen von einigen Monaten bis zu 25 Jahren. Nagasaki SCHIGERU MASANOBE Sie haben ... nicht erwähnt, daß Hatojama keineswegs die ganze japanische Öffentlichkeit hinter sich hat, sondern zu den umstrittensten Politikern Nippons gehört. Anders wäre es nicht zu erklären, daß Hatojama gerade jetzt, in diesem schicksalhaften Augenblick der japanischen Politik, von dem japanischen Industriellen-Verband (dem wichtigsten Finanzier von Hatojamas eigener Partei) öffentlich aufgefordert wurde, von seinem Posten zurückzutreten, damit das Durcheinander in der japanischen Regierungspolitik nicht in ein regelrechtes Chaos ausarte. München WILHELM JONAS",https://www.spiegel.de/politik/hatojama-a-2ff06d35-0002-0001-0000-000043064192?context=issue,,10,1956,October,185,1347,True,True,1956,1950s,1955-59
1956,42,46,1956-10-16,Briefe,Automation,,"Darf ich Ihre Norbert-Wiener-Story noch um eine Nuance bereichern? Seit einiger Zeit ist der Urvater der Kybernetik Chefberater der amerikanischen Gewerkschaften in allen Fragen der Automation. Demnach haben Norbert Wieners Warnungen doch dort (wenn auch mit einiger Verzögerung) gezündet, wo er es sich am ehesten erhofft hatte. Übrigens hat sich das mathematische Wunderkind durch seine offen gezeigten progewerkschaftlichen Sympathien bei den klassenbewußten US-Unternehmern bedenklich in die Nesseln gesetzt. Stuttgart H. HEINRICHS Pressestelle des Arbeitsministeriums Baden-Württemberg ... Zu Wieners Pessimismus besteht kein Anlaß. Von einer »Diktatur des Roboters« ist so wenig die Rede, wie es bisher und jetzt keine »Diktatur der Mathematik« gab und gibt. Denn der Golem kann sich keine Ziele setzen, die muß ihm der Mensch geben. Wenn aber, wie sich im China -Amerika-Konflikt gezeigt hat, die Konzentration auf die Denkmaschine die Leidenschaften abkühlt (die immer und einzig zum Kriege geführt haben) und dem rationalen Kalkül überläßt, was sonst den Affekten und der Spielwut der Staatsmänner überantwortet blieb - wenn die Konzentration auf die Denkmaschine also Kriege verhindert und den Völkern namenloses Elend erspart, dann können wir zufrieden sein. Berlin-Buckow DR. PAUL FELDKELLER Sie haben in Ihrem Artikel mit keinem Wort die Forschungsergebnisse der Russen erwähnt, die auf dem Gebiet der Transistoren und elektronischen Roboter heute in der Welt führen, was selbst die Physiker der USA zugeben. So haben die Russen zum Beispiel Rapid -Selektoren entwickelt, die Raum für 70 000 Dokumente - auf Mikrofilm aufgenommene Zeitungsausschnitte, Kommentare und Archivkarten usw. - bieten. Photozellen tasten das Signalfeld auf dem ablaufenden Film ab, das identisch mit der Lochkarte ist, und wählen das gerade Interessierende aus. Wuppertal ERNST WEITZEL stud. med. dent. ... Hier ein weiteres Beispiel, wie Rechenroboter indirekt in das politische Geschehen eingegriffen haben: Das US - Pentagon suchte plötzlich sehr schnell für einen wichtigen Geheimauftrag einen technisch vorgebildeten Offizier mit bestimmten Spezialkenntnissen und chinesischen sowie japanischen Sprachkenntnissen. Eine geheime Rundfrage auf dem üblichen 08/15 -Dienstwege hätte Monate erfordert. Die Sache eilte jedoch. Nun verfügt auch das Pentagon bereits seit einiger Zeit über elektronische Rechen- und Sortier-Maschinen. Eine Bull-Sortiermaschine kann 42 000 Lochkarten innerhalb von 60 Minuten einmal durchlaufen lassen; die IBM- (Internationale Büromaschinengesellschaft-) Statistik-Maschine Typ 101 kann innerhalb einer Stunde 27 000 Lochkarten elektronisch gleichzeitig sortieren, gruppieren, auszählen und die Resultate druckreif für statistische Tabellen niederschreiben. (Gegenwärtig entwickelt IBM einen Elektronen -Sortierer für 60 000 Kartendurchläufe in der Stünde, das sind 1000 in 60 Sekunden.) Innerhalb eines Tages waren im Pentagon drei geeignete Offiziere ermittelt; sie wurden sofort herbeizitiert, und einer von ihnen konnte genau 48 Stunden nach Festlegung des Sonderauftrages bereits für diesen eingesetzt werden. Berlin-Zehlendorf AUGUST SCHERL",https://www.spiegel.de/politik/automation-a-70b96223-0002-0001-0000-000043064344?context=issue,,10,1956,October,431,3165,True,True,1956,1950s,1955-59
1957,1,28,1957-01-01,Briefe,Leser-Kritik,,"Wie bringen Sie eigentlich die Veröffentlichung solcher - nun, sagen wir, um nicht beleidigend zu werden: treuherziger Geburtstagsgrüße (""SPIEGEL, Du!"") in Einklang mit der Pose des intellektuellen Schwerathleten, in der Sie sich doch so gern gefallen? Nehmen Sie statt solcher Anbiederei Ihr Jubiläum lieber zum Anlaß, um über Ihren trostlosen Beruf nachzudenken! So komplex, so ungeheuerlich speziell sind heute die Wissensgrundlagen jedes Verantwortlichen, daß schon zwischen zwei Chemikern oder Ingenieuren verwandter Fachrichtung kaum noch ein Gespräch möglich ist. Sie aber, geschwollen vom Nimbus der- Allwissenheit der Presse, richten und rechten, zensieren und rezensieren, und es gibt niemand, der Ihnen nicht als Pfahl herhalten muß, um Ihre juckende Schwarte daran zu wetzen. Dabei sind Sie nicht einmal stupide, nicht denkfaul - studieren hätte man Ihre intellektuellen Babystars lassen sollen, ein paar Advokaten und Staatsanwälte wären schon dabei herausgekommen -, nein, Sie sind einfach geistig verlottert. Was Sie als Räsonnement ausgeben, ist Besserwisserei; den Auswuchs demonstrieren Sie als Symptom; Sie messen mit der falschen Elle, wie der billige Jakob; Ihr angeblicher Kampf gegen die Verderber von Recht und Gerechtigkeit ist in Wahrheit intellektuelle Selbstbefriedigung. Wie sagte - nach Ihrem Artikel in Nr. 51 der Schriftsteller Pechel über Wolfgang Harich?: »Er braucht wie alle Substanzlosen einen Gegner, an dem er sich reiben kann ...« Haben Sie nicht in Harich sich selbst erkannt? Göttingen ERHARD PRÜFER Du hast einen Gratulationsbrief an Dich zu Deinem zehnjährigen Jubiläum veröffentlicht (Nummer 52/1956), in dem in bezug auf Dich von »Journalismus« und »die eigene Meinung« gesprochen wird ... Du hast aber doch mit »Journalismus« überhaupt nichts zu tun. Schon eher mit Philosophie, Physik und Religion. Ebenso ist es falsch, bei Dir von einer »eigenen Meinung« zu sprechen. Dazu bist Du viel zu neutral, viel zu sachlich und vor allem viel, viel zu ernst. Du kommst mir eher vor wie ein Weiser (in einer Tonne), der schmerzerfüllt seine »eigene Meinung« verschweigen muß, weil er weiß, die anderen, die Leser, werden ihn erst viel, viel später, vielleicht erst durch die Enkel richtig verstehen. Hamburg 13 ALBERT MATTERSTOCK Viele Artikel finde ich grandios, manche nicht so. Nichts für ungut, es muß ja nicht an Ihnen liegen. Berlin-Wilmersdorf PAUL DAHLKE Ich kannte Ihre Zeitschrift bisher nur aus nicht sehr erfreulich zu lesenden Presseberichten über Ihre gerichtlichen Auseinandersetzungen mit dem deutschen Bundeskanzler. Dieser ungenaue, aber ungünstige Eindruck wurde vertieft... Wien DR. HUBERT HOFENEDER ... Darf ich Ihnen noch sagen, daß der SPIEGEL für viele von uns die einzige Möglichkeit ist, ein politisches Urteilsvermögen zu erlangen und einen klaren Blick in politischen Fragen zu bewahren. Sie können sich denken, mit welcher Erwartung wir jede Woche dem Erscheinen Ihrer Zeitschrift entgegensehen, und ich glaube, daß ich Ihnen nicht nur persönlich, sondern auch im Namen vieler Studenten für Ihre Arbeit und Gesinnung danken kann. Heidelberg RUTH KRONENBERG Ich möchte, daß Ihre Arbeit so hieb- und stichfest ist, daß auch der Gegner sie anerkennen muß. Wermelskirchen H. DEGEN Pfarrer Man kann jede Nummer nehmen - es wird stets die ernste Sorge um eine glückliche Gestaltung der Gegenwart und Zukunft zu erkennen sein. Berlin-Wannsee HANSGEORG REMUS Pfarrer der Unitarischen Kirche ... glauben Sie wirklich. Sie seien die Illustrierte der Intellektuellen? - Ach nein, daß Sie in Bonn gelesen werden, verdanken Sie keinem hohen Niveau, und in der Regierung sind sicher nicht allzu viele Intellektuelle. San Francisco PETER H. BUMM Ihre Zeitschrift ist, meines Erachtens wenigstens, die zur Zeit beste politische Zeitschrift ihrer Art in Europa und Amerika. Es tut mir auch furchtbar leid, daß wir in Amerika wirklich sehr wenige allgemein gelesene Wochenschriften haben, die Ihr, Niveau erreichen. Wenn man als Ausländer nach Deutschland kommt, muß ich ehrlich gestehen, hat man den Eindruck, daß Kritiken, die man zum Beispiel in Amerika als selbstverständlich und als allgemeine Verantwortung einer demokratischen Presse ansieht, in Deutschland als Beleidigungen oder Skandale aufgefaßt werden. Daß aber der SPIEGEL im heutigen Deutschland existieren und so unheimlich populär sein kann, ist vielleicht ein Zeichen dafür, daß ein gesunder Geist durch das Land weht. New York HELEN LIEBEL cand.phil. Ihre Zeitschrift besteht tatsächlich aus ausgespuckter Galle. Hagen (Westfalen) H. WANGRIN Diplom-Ingenieur Ihre Rubrik »Briefe« zählt zum interessantesten Teil einer jeden Ausgabe. Illingen (Württemberg)HEINZ-G.BAUS Die Briefe der Leserschaft . . . beweisen einmal mehr, daß das deutsche Volk trotz aller Lehren, die es in den letzten Jahrzehnten hätte ziehen können, politisch noch keineswegs reif und würdig ist, in einer wahren Demokratie zu leben, wie ich hier in der Schweiz das vielleicht markanteste Beispiel einer solchen habe. Die in den Briefen an der Regierung getriebene Kritik - auch von Persönlichkeiten, die ihrer Bildung nach ein gewisses vernünftiges Urteilsvermögen besitzen sollten - mutet einen Menschen, der die ruhige und vernünftige Art der Schweizer Bürger anerkennen gelernt hat, primitiv, ja geradezu lächerlich an. St. Gallen H. KLINKMANN stud. oec. Die Aufsätze von Jens Daniel sind dem Inhalt und der Form nach glänzend. Sie gehören zum Besten, was im deutschen Sprachraum an politischer Publizistik geboten wird. Das kann man sagen, ohne im einzelnen die Ansichten des Autors zu teilen. Es ist mir unverständlich, daß so viele Leser des SPIEGEL - und unter diesen befinden sich doch gewiß überdurchschnittlich viel intelligente Zeitgenossen - die echte Polemik, die demokratische Aggressivität und die schablonenfreie Originalität in Gedanken und Stil geringschätzen oder sogar verabscheuen, die Jens Daniel kennzeichnen und ausmachen. Er regt auf und er regt an, zumindest zum Widerspruch, jedenfalls zum eigenen Nachdenken. Seine Analysen gehen gewöhnlich unter die Haut. Wo findet man das denn sonst noch in unserer sprachgeregelten Publizistik? Lechenich HERMANN J. FASZBENDER Referendar Unverständlich scheint mir zu sein, daß unter all den intelligenten Briefschreibern noch keiner war, der gemerkt hat, daß Ihr ,Jens Daniel« nicht eine Person ist, sondern der »Bleistift oder die Schreibmaschine« von - meiner Schätzung nach - wenigstens fünfen, die man in Ihrem Impressum finden kann. Köln RUDOLF ZIERHOLZ Solang der SPIEGEL erscheint, glaube ich noch an Demokratie! Zaandam (Holland) KLAUS WEBER stud. disc. pol. In der Beurteilung der Politik des Bundeskanzlers Adenauer kann man verschiedener Meinung sein - noch leben wir in einer Demokratie, und jeder hat das Recht, sich zu äußern. Was bei diesen Äußerungen aber beachtet werden sollte, ist der Ton der politischen Aussage. In dieser Hinsicht hört der Spaß auf, den wir am SPIEGEL-Jargon haben, aus dem befreienden Lachen wird krampfhafte Gequältheit. Ich bin überzeugt, daß eine Menge liberaler Freunde Ihnen ungemein dankbar sein würde, wenn Sie sich im neuen Jahr etwas korrigieren würden. Göttingen Prof. DR. MED. R. BACHMANN",https://www.spiegel.de/politik/leser-kritik-a-8eae3acc-0002-0001-0000-000041120185?context=issue,,1,1957,January,1066,7194,True,True,1957,1950s,1955-59
1957,6,32,1957-02-05,Briefe,Links Oder Rechts,,"Den angeblich momentan feststellbaren Zuwachs der Sozialdemokratie an potentiellen Wählerstimmen erklärt Herr Daniel mit dem »simplen und vagen Gefühl«, es müßten einmal »andere. Ochsen an die Futterkrippe«! Seit es Wahlkämpfe gibt, avanciert unversehens immer wieder dieses phantasielosunoriginelle Pseudo-Argument zum echten politischen Argument (bzw. wird Wahlschlager!). Dagegen kann man nur kontern (womit bereits 1940 der politisch leichtfertige, aber dafür propagandistisch unbestritten geniale Franklin Roosevelt seinen demokratischen Gegnern ihre Thesen am Boden zerstörte!): Keine Partei hat allein deswegen Anspruch auf die Macht, weil sie in der Vergangenheit zu viele Wahlkämpfe verloren hat! Hamburg 39 KRAFFT VON DER MARWITZ Schon einmal hatten viele Deutsche »das ganz richtige Gefühl«, es müsse die andere, Richtung drankommen. Herr Daniel hat das anscheinend vergessen: 1933! Duisburg FRIEDRICH KRAMER »Das ganz simple, vage Gefühl, es müßten einmal andere Ochsen an die Futterkrippe«, kann Jens Daniel als politische Weisheit nicht abgenommen werden. Stehen doch die jetzigen Ochsen auf Kosten der Steuerzahler, also der Allgemeinheit, gut im Futter. Sie weiter darin zu halten, ist billiger, als andere erst in diesen guten Futterstand zu bringen! Da es überdies nicht wenige Ochsen sind, die hinter ihrem mit der Brennschere gelockten Leitbullen herandrängen, würde solch ein Wechsel für den Steuerzahler eine sehr teure Angelegenheit. Schon beim alten Kommiß galt der Grundsatz, die Küchenbullen möglichst nicht zu wechseln, da erfahrungsgemäß das Anfüttern der neuen die Rationen der Mannschaft am meisten schmälerte. Freiburg i. Br. DR. EMIL WILHELM Dozent In »Rot oder Schwarz« wenden Sie eine arge Schwarz-Weiß-Malerei an, wenn Sie schlechthin die Christen als »moderne Verfallschristen« bezeichnen. Abgesehen von der spiegelnden oder - besser gesagt - irrlichternden Wortprägung, scheint es mir nicht von »christlicher Verhaltungsweise« zu zeugen, ein solches Urteil zu fällen. »Wer ohne Fehl ist, der werfe den ersten Stein.« Meine acht Kinder jedenfalls bemühe ich mich - vielleicht nicht so »modern« - zu Christen der Tat zu erziehen und sie zu behüten, daß sie nicht in einen »Verfall« geraten, der aus Ihren Zeilen spricht. Der von Ihnen geworfene Stein könnte ins Auge gehen. Oberhambach DR. TH. MERTEN Die Geschichte der Reichstagswahlen von der Gründung des Kaiserreichs bis zum Untergang der Weimarer Republik lehrt, daß Gesamtdeutschland - komme, was wolle - stets zwischen vier und fünf Millionen christpolitische Wähler besaß, eine Stetigkeit, die für das Vorhandensein echter geistiger Haltung spricht. In dem kleiner gewordenen bundesrepublikanischen Deutschland hat sich die Zahl der »christlichen« Stimmzettel jählings verdoppelt und verdreifacht. Schon rechnerisch läßt sich dieser gewaltige Stimmzuwachs durch die Fraternisierung zwischen politischem Katholizismus und Protestantismus allein nicht erklären, selbst wenn man der Tatsache keine Bedeutung schenkt, daß es einen firmierten politischen Protestantismus nach katholischem Vorbild nie gegeben hat. Die Frage ist darum berechtigt und auch höchst wichtig, ob wir es hier mit einer massiven Umstellung politischen Wollens aus echter geistiger Haltung, ob wir es also mit einem wahrhaftigen christlichen Risorgimento zu tun haben. Der persönliche Augenschein jedes ehrlichen Deutschen spricht selbst im kleinsten Dorf dagegen. Mithin ist es erlaubt, von einem gigantischen Mißverhältnis zwischen christlicher Macht und christlichem Geist zu sprechen, das sich - wie könnte es anders sein - auf Schritt und Tritt durch Unredlichkeit, Heuchelei, Verwischung und Verschmierung peinlichst bemerkbar macht. Was mich betrifft, so kann ich nicht umhin, Meister Daniel recht zu geben, der die Ursache für die Blüte des modernen Verfallschristentums darin erblickt, daß bei uns der krasseste Materialismus der ganzen Welt zur Religion erhoben wurde. Hoffentlich wird die Seele des deutschen Volkes an der muffig-ledernen Geldbeutelpenetranz dieser Art Religion nicht ersticken! Gisingen (Saar) JOSEF MORITZ Lehrer Nachdem das fade Spiel der jahrelangen Kritik am Kanzler überlangweilig geworden, erteilt man uns FDP-Leuten billige Lektionen. Wir wissen nun, wie wir nicht in den Wahlkampf gehen dürfen, und Reinhold Maier weiß es auch. Hoffentlich! Die Ruhe und der Wohlstand gehen Jens Daniel auch auf die pseudonymen Nerven. Wir wollen alles zu seiner Erhaltung tun, auch gegen die Ignoranten des SPD-Verhängnisses, die noch jeder gesunden Volkswirtschaft den Garaus gemacht haben. Man könnte eher den Säuglingen Rasierklingen zum Spielen geben, als solche Leute an die Regierung lassen. Ulm E. GUGER Warnung an die FDP. In Abwandlung eines Zitates von Kurt Tucholsky: Ob die SPD im Reichstag einen hinmacht Mitten in's Lokal, Ist ja janz ejal, ig ja janz ejal! Hamburg HANS SCHATTEN Wahrscheinlich ungewollt haben Sie durch Ihren Artikel »Rot oder Schwarz« die FDP als das hingestellt, Was sie war, ist und bleiben wird: Fraktion Drehscheibe. Kiel-Holtenau GÜNTHER SCHÄFER",https://www.spiegel.de/politik/links-oder-rechts-a-8d2aeea2-0002-0001-0000-000041120385?context=issue,,2,1957,February,723,5066,True,True,1957,1950s,1955-59
1957,10,33,1957-03-05,Briefe,Neue Erhard-Masche,,"In dem Interview wird die Frage der Privatisierung von Bundesvermögen behandelt. Es wird mit keinem Wort auf die Frage eingegangen, ob und inwieweit der Bund verpflichtet ist, aus seinem erheblichen Vermögen, von dem er keine Reparationen hat zahlen müssen, nun endlich einmal diejenigen natürlichen und juristischen Personen zu entschädigen, die für den Bund Reparationen gezahlt und dadurch erreicht haben, daß die Bundesrepublik und ihre großen Unternehmungen von allen Reparationen freigestellt worden sind. Mit diesem Hinweis hat die Bundesregierung selbst in der Begründung zu dem Pariser Vertragswerk den Verzicht auf das enteignete Auslandsvermögen zu rechtfertigen versucht. Durch den Überleitungsvertrag ist bekanntlich den betroffenen Staatsbürgern jede Möglichkeit genommen worden, ihre Ansprüche vor allen inländischen oder ausländischen Gerichten geltend zu machen. Das verpflichtet zu einer Entschädigung gemäß Artikel 14 des Grundgesetzes, wie das u. a. von Professor Kaufmann im Bulletin der Bundesregierung selber grundsätzlich anerkannt worden ist. Bonn DR. JUR. JOSEF KÜBEL Oberregierungsrat Während die Mitbestimmung zumindest in der Grundstoffindustrie für den Arbeitnehmer recht positive, konkrete Ergebnisse zeitigte, verweist unser Bundeswirtschaftsminister in seinen Volksbeglückungsplänen immer dann auf die Techniker (""Da müssen die Techniker ran""), wenn es darum geht, seine Konstruktion in eine festumrissene Form zu fassen. Für den mit wirtschaftlichen Tatsachen vertrauten Leser ist es heute schon fast eine Alltagsweisheit, daß sich in den Großunternehmen aller modernen Volkswirtschaften eine zunehmende Trennung von Eigentumsrecht und Verfügungsgewalt vollzieht. Es kann nicht das Ziel einer konstruktiven Wirtschaftspolitik sein, daß die Arbeiter und Angestellten in das Klagelied der vielen kleinen Wertpapierbesitzer über den wachsenden Schwund ihres Einflusses einstimmen müssen. Professor Erhard spricht in dem Interview von der Mystifizierung des Begriffes Automation. Wenn jedoch ein Tenor seine Ausführungen beherrscht, ist es die Mystifizierung der Aktie, die ihre höchste Vollendung in dem Begriff Volkskapitalismus findet. Hamburg PETER SIEGL Die Aktie als wertbeständiges Sparen? Zieht man schon wieder in Betracht, daß die vorhandenen Werte verlorengehen können? Das geschieht doch erfahrungsgemäß immer als Kriegsfolge. Stuttgart-Untertürkheim JÜRGEN FISCHER Arbeiter In Österreich läuft bereits eine große Aktion, um die »Volksaktie«, den Volkskapitalismus, zu einer gesellschaftspolitischen Tatsache zu machen. Aktien im Werte von 150 Millionen Schilling sind vom Stammkapital der staatseigenen Creditanstalt (Aktienkapital: 500 Millionen) und 75 Millionen Schilling vom Aktienkapital der Österreichischen Länderbank (250 Millionen) zum Verkauf freigegeben worden. Wegen des hohen Substanzwertes der Aktien war der zum Verkauf freigestellte Wert bereits nach einer Woche voll gezeichnet. Es wurden jedoch weitere Orders angenommen. Die kleinen Käufer sollen bevorzugt befriedigt werden, große Aufträge werden nur zu einem Teil erfüllt. Im Herbst soll übrigens auch staatlicher Industriebesitz auf diese Weise privatisiert werden. Man wird sicher nicht behaupten können, daß die österreichischen »Volksaktien«, die seit dem 28. Januar verkauft werden, Herrn Wirtschaftsminister Professor Erhard inspiriert haben. Aber originär oder auch nur originell ist der Plan des Herrn Professor Erhard nicht. Wien IX LEOPOLD TETTNER Warum hast Du nicht an uns gedacht, die wir seinerzeit unsere Spargroschen für den Aufbau des Volkswagenwerkes gegeben haben - und dafür bis jetzt keinen Gegenwert erhielten? Aktienbesitzer werteten mit 100 Prozent auf, Volkswagensparer mit 0 Prozent. Es wäre schön, wenn uns der einstige Kaufpreis - 1000 Mark - als Aktie gegeben würde. Da verliert niemand etwas, das Volkswagenwerk braucht jedenfalls nicht 160 000 Wagen umsonst herzustellen. Jetzt gehört das Werk »niemand«, deshalb können wir niemanden belangen. Wenn es aber »verkauft« wird, dann sollte man nicht vergessen, wessen Werk man verkauft. Hannover DR. ING. RUDOLF ROST DIE ZEIT Erhard: »Sieh mal an, der Kollege Kamitz* nach dem Postsparen endlich mal wieder etwas, was man den Osterreichern nachmachen könnte...« * Prof Dr. Reinhard Kamitz, österreichischer Finanzminister",https://www.spiegel.de/politik/neue-erhard-masche-a-67a9f33c-0002-0001-0000-000041120587?context=issue,,3,1957,March,583,4312,True,True,1957,1950s,1955-59
1957,11,31,1957-03-12,Briefe,Herrmanns Maschine,,"Als Ergänzung zu Ihrem Artikel »Die feindliche Schreibmaschine« kann ich Ihnen heute mitteilen, daß die Oberstaatsanwaltschaft in Flensburg mit Wirkung vom 21. Februar 1957 meine beschlagnahmte Schreibmaschine frei gegeben hat. Offensichtlich hat die Veröffentlichung in Ihrem Nachrichten-Magazin mit dazu beigetragen, daß der lange Instanzenweg jetzt sehr schnell abgekürzt wurde. Großhansdorf ROLF HERRMANN",https://www.spiegel.de/politik/herrmanns-maschine-a-e51a95b3-0002-0001-0000-000041120673?context=issue,,3,1957,March,52,408,True,True,1957,1950s,1955-59
1957,24,41,1957-06-11,Briefe,Luther & Schacht,,"Zum Telegramm von SPIEGEL-Leser Reichskanzler und Reichsbankpräsident a.D. Luther ist zu bemerken: Die großen Möglichkeiten einer Krisenüberwindung im Herbst 1931 blieben unbeachtet, weil Reichsbankpräsident Luther stur an der Goldwährung festhielt, da er angeblich - seinen großen Namensvetter als Vorbild vor Augen - nicht anders konnte. Erst als Reichskanzler von Papen unter Androhung eines Wechsels in der Reichsbank im Sommer 1932 einen Kurswechsel erzwang, konnte Luther plötzlich auch anders, und es kam zu einer Auflockerung der wirtschaftlichen Entwicklung, aber - es war zu spät. So hat Luther durch sein Festhalten an der Goldwährung entscheidend zum Hochkommen des Nationalsozialismus beigetragen. Aber die, die eine Goldwährung und ihre eigenen Verdienste um diese Goldwährung preisen, werden nicht alle werden. Ganze Völkerscharen werden dem Gold verfallen bleiben, das nur eine sinnvolle Verwendung hätte: unsere Frauen zu schmücken. Düsseldorf. DR. WILHELM GROTKOPP . .. Viel Eisen und viel Mist im Land ist mehr wert als alles Gold, aus dem man nicht einmal ein brauchbares Zahnrad herstellen kann. Nürnberg HANS KNÖRER Man sollte sich nicht Eselsfußtritte austeilend in die Höhle eines vermeintlich alten und kranken Löwen begeben, wenn es sich um den gottlob noch immer quicklebendigen Dr. Hjalmar Schacht handelt. »Was schadet es dem Mond, wenn ihn der Hund anbellt« - möchte man deshalb ergänzend hinzufügen, wenn sich zum Beispiel ein in der breiten Öffentlichkeit völlig unbekannter SPIEGEL-Leser und Reichsbankdirektor a.D. Winkler anmaßt - »das große Finanzgenie« Schacht in Gänsefüßchen zu setzen. Zugleich mit Herrn Winkler geht dann das Hauptvorstandsmitglied der Deutschen Angestellten-Gewerkschaft, SPIEGEL-Leser Spaethen, mit seiner Schreibmaschine gegen Dr. Schacht in Stellung, um schwarzhandelnd historische Unwahrheiten auf den politischen Markt Gedächtnisschwindsüchtiger zu werfen, indem er sagt, Schacht habe Hitler über die Runden geholfen und habe außerdem erst fünf Minuten vor zwölf Widerstand gegen Hitler geleistet! Wenn schon die Häscher von Nürnberg und die Oberentnazifizierer von Ludwigsburg und Hamburg mit den gleichen Behauptungen in ihren Kontroversen mit Schacht keine sonderliche Figur abgaben - wie kümmerlich nimmt sich dann erst die des Herrn Spaethen aus, wenn er Anno 57 mit denselben Behauptungen noch krebsen geht, für die Schacht in der Blütezeit der Morgenthau-Boys und ihrer Handlanger zum Leidwesen genannter Gremien freigesprochen werden mußte... Langenselbold (Hanau) OTTO LÖHR",https://www.spiegel.de/politik/luther-schacht-a-7522efe4-0002-0001-0000-000041757681?context=issue,,6,1957,June,359,2545,True,True,1957,1950s,1955-59
1957,49,19,1957-12-03,Briefe von Schmidt,,['Moral'],"Im Bayrischen Staatsministerium der Justiz in München traf am 27. Dezember 1955 ein Brief aus Bayteuth ein, in dem mit intimer Sachkenntnis auf Mißstände im Behördenapparat der in Bayreuth residierenden Regierung von Oberfranken hingewiesen wurde. »Der Amtmann im Präsidium«, so war in dem Brief zu lesen, »hinterhältig und falsch aber unfähig, hat ein Verhältnis mit einer Angestellten der Regierung obwohl er verheiratet ist. Bei anderen Behörden fliegen solche Leute, hier werden sie befördert. Der Schäf hat sich bestechen lassen und wurde dann die Treppe hinaufgehoben und versetzt...« Unterzeichnet war das Schreiben mit »Schmidt«. Fünf Tage später traf eine Abschrift dieses Briefes beim Bayrischen Obersten Rechnungshof in München ein. Unterschrieben hatte wiederum »Schmidt«. Drei Wochen danach, am 19. Januar 1956, erhielt auch die Staatsanwaltschaft Bayreuth einen Brief dieses schreibfreudigen Herrn Schmidt, der neue skandalöse Einzelheiten vom Amtssitz der oberfränkischen Regierung mitzuteilen wußte: »...Warum hört Man nichts, wenn der Herr Brochnow einen Ehebruch nach dem anderen begeht und die Chauffeure betrügt, warum wird nichts unternommen, wenn ein anderer Bilder stiehlt oder Kohlen, wenn ein früherer Regierungsdirektor und ein Oberregierungsrat III. Klasse nach Augsburg gefahren sind und dafür eine Dienstfahrt II. Klasse nach München verrechnet und daneben noch Trennungsentschädigung bezogen haben. Was sich in der Beschaffungsstelle mit Schäf und Keim alles getan hat, das wird nicht verfolgt, weil der Präsident selber Dreck am Stecken hat...« Dieser Brief an die Staatsanwaltschaft Bayreuth war der letzte in einer Serie von Briefen, die - teils anonym, teils mit Pseudonym als Absender - seit dem Jahre 1948 an bayrische Landtagsabgeordnete und an Landesbehörden geschickt wurden und regelmäßig über angebliche Mißstände bei der Regierung von Oberfranken in Bayreuth Auskunft gaben. Die Staatsanwaltschaft beschloß, der Sache nachzugehen und festzustellen, wer alle diese merkwürdigen Briefe verfaßt hat. Sie wollte auch prüfen, ob Strafantrag wegen falscher Anschuldigung erhoben werden könne. Der Inhalt der Briefe ließ die Staatsanwaltschaft sogleich vermuten, der Verfasser müsse ein Angestellter oder Beamter der Regierung in Bayreuth sein. Der Verdacht ging auch schon in eine bestimmte Richtung. Nur ein einziger leitender Mann dieser Behörde war in den Briefen nicht nur ohne Tadel davongekommen, sondern auch mit höchstem Lob bedacht worden. Dieser Mann war der Oberregierungsrat Dr. Wilhelm Pollack, 55, der in der Abteilung III der Regierung von Oberfranken für Wirtschaftsfragen zuständig war. Die Kriminalpolizei nahm sich den Oberregierungsrat vor. Aber aus ihm war nichts herauszubekommen. Er habe mit den Briefen nichts zu tun, versicherte er. Wer war der Anfeuchter? Die Kriminalisten, die unbedingt wissen wollten, wer »Schmidt« war, verfuhren nun wie Helden eines Kriminalromans. Zunächst nahm Inspektor Siegfried Forkel vom Landeskriminalamt München die Schrift der 145 Schreibmaschinen unter die Lupe, die bei der Regierung in Bayreuth in Betrieb waren. Er verglich sie mit der Schrift der Briefe von »Schmidt«. Deformationen und Abnutzungserscheinungen an den Buchstaben »u«, »a« und »m« führten Forkel zu dem Schluß, daß fast alle der fraglichen Briefe auf der Schreibmaschine Triumph Standard 12, Fabriknummer 277 136, getippt worden waren. Forkel fand die Maschine im Vorzimmer des Oberregierungsrats Dr. Pollack. Nach Sherlock-Holmes-Manier verglich der Kriminalinspektor nun- auch noch Briefe des Oberregierungsrats mit Briefen von »Schmidt« und entdeckte eine Fülle von übereinstimmenden stilistischen und orthographischen Eigenarten: Nach Kommata kein Zwischenraum, unregelmäßige Einzüge bei Absätzen, die Verwendung von »J« statt »I«, von »ss« statt »ß«, von »ae« und »oe« statt »ä« und »ö«, und schließlich ein ungewöhnlich häufiger Gebrauch des Wörtchens »ja« zur Betonung und Unterstreichung eines Gedankens. Schloß Forkel: der Briefschreiber ist Pollack. Die. Bayreuther Kriminalpolizei wollte aber ganz sicher gehen. Der Inspektor Bernhard Arnold schickte die Kuverts, in denen die vorwurfsvollen Briefe gesteckt hatten, an Dr. Steffen Berg im Bayrischen Landeskriminalamt; Diesem Experten wurde die verantwortungsvolle Aufgabe übertragen, vor, den Kuverts die Briefmarken abzulösen und die eingetrockneten Reste das Speichels zu untersuchen, mit dem die Rückseite der Briefmarken angefeuchtet worden war. Zugleich mußte Oberregierungsrat Dr. Pollack eine Probe seines Original-Speichels hergeben, die auf einem Löschblatt nach München geschickt wurde. Experte Berg stellte fest, es sei nicht auszuschließen, daß die Marken der ominösen Briefe mit Pollackschem Speichel angefeuchtet worden waren. Als man dem Oberregierungsrat diese für ihn betrübliche Entdeckung unterbreitete, zog er die Schublade seines Behörden-Schreibtisches auf und zeigte auf ein Bündel frankierter, aber noch nicht adressierter Kuverts. Die Umschläge hätten da schon immer gelegen, versicherte er. Irgendein anderer hätte sie ohne Schwierigkeit für finstere Zwecke aus der Schublade stehlen können So kam es zur zweiten Speichelprobe. Speichel-Experte Dr. Berg in München untersuchte nun die zugeklebten Umschlagklappen der Briefe. Auch hier war Pollack als Anfeuchter nicht auszuschließen. Daß dieser Dr. Pollack der gesuchte Briefschreiber tatsächlich war, schien nach einer Haussuchung in der Privatwohnung des Oberregierungsrats zur absoluten Gewißheit zu werden. Im Schreibtisch lagen Durchschläge von einigen der Briefe, derentwegen sich .Staatsanwaltschaft und Kriminalpolizei ihre kriminologischen Anstrengungen aufgebürdet hatten. Im August 1957 beschloß das Amtsgericht Bayreuth die Eröffnung des Hauptverfahrens gegen Dr. Pollack, Wilhelm, Oberregierungsrat. Pollack, so hieß es im Eröffnungsbeschluß, sei hinreichend verdächtig, im Dezember 1955 und Januar 1956 in Bayreuth und München in drei Fällen jeweils durch ein und dieselbe Handlung zwei andere bei einer Behörde wider besseres Wissen einer strafbaren Handlung oder Verletzung der Dienstpflicht in der Absicht verdächtigt zu haben, ein behördliches Verfahren gegen sie herbeizuführen.* Bemerkenswert an diesem gerichtlichen Beschluß war die Tatsache, daß von den achtzehn Briefen, die Dr. Pollack seit 1948 im Lande Bayern umhergeschickt hatte, und in denen es von Vorwürfen wegen Ehebruchs, Diebstahl, Bestechung und Spesenschinderei wimmelte, nur zwei Briefe - einer davon mit zwei Empfängern - übriggeblieben waren. Bei ihren Ermittlungen hatte die Staatsanwaltschaft nämlich herausgefunden, daß die meisten von Dr. Pollack erhobenen Anschuldigungen einen wahren Kern hatten. Zutreffend war offenbar etwa der Hinweis auf den Beamten, der »Bilder stiehlt«. Bei der Regierung in Bayreuth wurden tatsächlich interne Ermittlungen gegen einen Bediensteten der Behörde geführt, der sich ein im Besitz der Behörde befindliches Bild für die Dauer von achtzehn Monaten »auslieh«, angeblich, um es zu kopieren. Als Oberregierungsrat Dr. Pollack endlich am 18. November 1957 vor dem Amtsrichter in Bayreuth stand, wurde ihm nur noch vorgeworfen, er habe in seinen Briefen an die Behörden den Präsidialamtmann Max Brochnow des Ehebruchs und den Regierungsobersekretär Johann Schäf der Bestechung bezichtigt. Hieß es im Eröffnungsbeschluß: »Die Behauptungen des Angeschuldigten sind unrichtig. Der Amtmann Brochnow unterhält kein intimes Verhältnis mit einer Angestellten der Regierung von Oberfranken . . . Der Zeuge Schäf hat sich nicht bestechen lassen.« Amtsrichter Dr. Helmut Möck fand aber, als er Brochnow und Schäf als Zeugen vernahm, daß beide einen »sehr unsicheren Eindruck« machten. Amtmann Brochnow, 61, sollte Auskunft darüber geben, ob er mit einer Regierungsangestellten, einer 35jährigen Witwe, tatsächlich Ehebruch begangen habe. »Ehebruch?«, fragte Brochnow den Richter. Und dann, nach einer kleinen Pause: »Nein.« Darauf der Amtsrichter: »Und ein ehewidriges Verhalten, so Küsse und Zärtlichkeiten?« Brochnow: »Ich kann mich nicht erinnern.« Pollack-Verteidiger Dr. Meyer I hielt Brochnow vor: »Es ist ausgeschlossen, daß ein Amtmann der Regierung sich nicht erinnern kann, Zärtlichkeiten mit einer Angestellten ausgetauscht zu haben.« Die Witwe, die bei der Familie Brochnow wohnt, teilte mit, es habe sich wohl um die in der Familie üblichen Gute-Nacht-Küsse gehandelt. Nicht viel erfolgreicher im Sinne der Anklage verlief die Vernehmung des Obersekretärs. Schäf, 46, der auf die Frage, ob er sich jemals habe bestechen lassen, zunächst die Aussage verweigerte. Schließlich gab er zu, daß er »mal« mit Lieferanten seines Amtes eine Maß Bier getrunken habe. Das Gericht kam zu dem Ergebnis, Dr. Pollack habe in den fraglichen Briefen zumindest teilweise die Wahrheit gesagt. Wenn er aus seinen - wahren - Feststellungen rechtlich falsche Schlüsse gezogen habe, so könne ihm daraus kein Vorwurf gemacht werden. Das Schreiben von Briefen aber - ob anonym oder unter einem falschen Namen - sei nicht strafbar. Bis zuletzt blieb der Oberregierungsrat Dr. Pollack - der nach der ersten Speichelprobe eilends »aus gesundheitlichen Gründen« in den Ruhestand versetzt worden war und wohl nie mehr in sein Amt zurückkehren wird - dabei, er habe die Briefe' nicht geschrieben. »Ich möchte tot umfallen, wenn ich sie geschrieben hätte.« Dieser Wunsch nach einem Gottesurteil brauchte nicht erhört zu werden. Pollack wurde auch ohne Hilfe des Himmels freigesprochen. * Paragraph 164 des Strafgesetzbuches bestimmt: »Wer einen anderen bei einer Behörde oder einem zur Entgegennahme von Anzeigen zuständigen Beamten oder militärischen Vorgesetzten oder öffentlich wider besseres Wissen einer strafbaren Handlung oder der Verletzung einer Amts- oder Dienstpflicht in der Absicht verdächtigt, ein behördliches Verfahren oder andere behördliche Maßnahmen gegen ihn herbeizuführen oder fortdauern zu lassen, wird wegen falscher Anschuldigung mit Gefängnis nicht unter einem Monat bestraft.« Freigesprochener Oberregierungsrat Pollack Briefe schreiben ist nicht verboten",https://www.spiegel.de/politik/briefe-von-schmidt-a-8ba09435-0002-0001-0000-000041760107?context=issue,,12,1957,December,1405,10077,True,True,1957,1950s,1955-59
1957,51,38,1957-12-17,Briefe,Literarischer Zorn,,"Bittere Kritik auf Deschners Streitschrift »Kitsch, Konvention und Kunst« war zu erwarten. Nicht wichtig ist, daß festgestellt wird, Deschner selbst schreibe nicht gut. Von Bedeutung ist aber, daß er den Mut hatte, eine unpopuläre Diskussion zu beginnen, die, von berufener Seite weiterentwickelt, unserem stagnierenden literarischen Leben Auftrieb zu geben vermag. Stuttgart FRANZ BARTH In Ihrem Artikel hätten Sie unbedingt Hans Reimann zitieren sollen. In seiner »Sechsten Literazzia« (jährliche Kritik der Neuerscheinungen auf dem Büchermarkt) auf Seite 233 kann über Deschners Erzählung »Die Nacht steht um mein Haus« folgendes nachgelesen werden: »Die Nacht steht um mein Haus. List, München. Den Autor nenne ich nicht. Meine Schreibmaschine soll sauber bleiben. 8,80 Mark kosten die mit einem Groschen immer noch überzahlten, 'den heißen Atem der Jugend besitzenden, zur Dichtung aufblühenden' Aufzeichnungen. So was gehört in die Jauchegrube.« Stuttgart RUDOLF JANSCHE Hans Reimann setzt sich in seiner »Ersten Literazzia« mit Ernst Jünger und seinem Deutsch auseinander. Das Ergebnis ist für Ernst Jünger - kläglich. Deschner urteilt also richtig? Ja - aber: Quod licet Jovi non licet bovi. Wie schön, wenn Hans Reimann die »Werke« Deschners hinsichtlich Inhalt und Sprache prüfen würde. Köln DR.-ING. HORST GREFKES Hans Reimann",https://www.spiegel.de/politik/literarischer-zorn-a-2bcab1c4-0002-0001-0000-000041760092?context=issue,,12,1957,December,193,1337,True,True,1957,1950s,1955-59
1958,5,28,1958-01-28,Briefe,Grundig-Rückblick,,"Zu Ihrem Artikel über Grundig kann ich nur sagen: »Gott sei Dank, daß es noch Menschen gibt, die aus dem Nichts etwas machen können.« Jedem hat es freigestanden, Radioapparate zu bauen. Wo waren denn die seit Jahrzehnten bestehenden Radiohersteller? Sie haben geschlafen. Ich war jedenfalls dankbar für den »Heinzelmann«. Nürnberg WALTER GÖBEL Rudolf A. Oetker - Max Grundig, zwei Titelgeschichten im SPIEGEL, zwei Welten! Hier der deutsche Kaufmann mit hundertjähriger Familientradition, dort der Businessman, der keine Rücksicht kennt, wenn es sich darum handelt, seine verdienstvollen Mitarbeiter auszubooten! Hamburg-Blankenese WERNER DIETZ Die Zuschriften in Nummer 3 unter »Arrivierten-Antike« (viel interessanter und gründlicher im Geist als der Bernheimer-Artikel selbst) passen haargenau zu dem Bild des ach so tüchtigen Herrn Grundig auf Seite 18 mit der Mutter Maria. Arbeit adelt? z. Z. Oberkirchen HANS JUNGBLUT In Anbetracht dessen, daß ich bei meinen Fürstenhaus-Reportagen zum Beispiel fast immer nur auf die »müden«, sozusagen von Glied zu Glied »schleichenden« Vermögen ohne Sturm und Drang, Initiative, Esprit und Geist stieß, war die dynamische Persönlichkeit von Max Grundig für mich wie ein Zündschlüssel ... München LIA AVÉ Eine wirtschaftswissenschaftliche Vorlesung in nuce vermitteln uns die Parallelen in der Geschichte der deutschen Rundfunkindustrie: 1923/24, zur Gründungszeit des deutschen Rundfunks, entstanden allein in Berlin 150 Firmen, die sich zum Teil in Waschküchen - mit dem Bau von Rundfunkapparaten beschäftigten. Alte Heeres-Funkgeräte und Telefunken-Patente (mit oder ohne Erlaubnis) ermöglichten den Start und wurden rücksichtslos ausgebeutet. 1926 waren aber 110 dieser Betriebe bereits wieder verschwunden. 1945/46, bei der Wiederauferstehung des deutschen Rundfunks, wurden in der Bundesrepublik 230 Firmen gegründet, die sich - zum Teil in Waschküchen - mit dem Bau von Rundfunkgeräten befaßten. Funkmaterial der ehemaligen Wehrmacht und Telefunken-Röhren-Patente waren einziges »Rohmaterial«. Wenige Jahre später waren 190 dieser Betriebe wieder geschlossen. Nur ein Novum gilt für die Zeit nach 1945: Max Grundig. Seine Persönlichkeit, seine Methoden und seine Erfolge sind wohl auch nur aus wirtschaftswunderlichem Geist zu begreifen. Berlin-Charlottenburg PAUL HOFFMANN In Ihrem Artikel werde auch ich auf Seite 21 erwähnt. Dazu erkläre ich das Folgende: Den vom Wirtschaftsrat bestimmten Herren - Herrn Professor Dr. Erhard, Herrn Dr. Pferdmenges, Herrn Kriedemann und dem damaligen Leiter der Verwaltung für Finanzen und heutigen Staatssekretär Dr. Hartmann sowie mir - wurde der Stichtag der Währungsreform erst unmittelbar vor der Verkündung, die am 18. Juni 1948 erfolgte, bekanntgegeben. Zehn Tage vorher konnte daher niemand diesen Tag kennen und also auch nicht bekanntgeben. Die Teilnehmer an den damaligen Verhandlungen wissen im übrigen, daß auch die Entscheidung der Militärgouverneure wegen bestimmter unter ihnen bestehender Meinungsverschiedenheiten erst unmittelbar vor der Verkündung am 18. Juni 1948 getroffen wurde. Bad Godesberg DR. JUR. H. C. FRANZ BLÜCHER Bundesminister a.D. Diesem düsteren Sittengemälde eines Kondottiere der Wirtschaft hätte der SPIEGEL doch gut und gern einige versöhnende Schlaglichter aufsetzen können. Auch über die Audienz in Rom hätte lieber der Mantel der christlichen Nächstenliebe gebreitet werden sollen. Denn das ist ja nur wieder Wasser auf die Mühlen der Pantheisten, Atheisten und konfessionslosen Zeitgenossen. Seit wann wird ein geschiedener Mann, der dazu noch in zweiter Ehe in einer Mischehe lebt in Privataudienz vom Papst empfangen? Der Vatikan würde sich doch selbst desavouieren, wenn er so etwas gestattet. Oder aber es müssen schon sehr, sehr »schwerwiegende« Gründe vorliegen, wenn er trotzdem, wie dem Herrn Grundig, eine Privataudienz gestattet - gerade jetzt, wo wieder von den Kanzeln beider Konfessionen in Hirtenbriefen und kirchenamtlichen Verlautbarungen gegen die Mischehen gewettert wird. Burghausen (Salzach) V. SDROWOK Ihre Kenntnis von der Entwicklung der Büromaschinen in allen Ehren, aber elektronisch gesteuerte Autotypisten oder Elektronengehirne, die für dieses Gerät Dutzende von Schemabriefen speichern, gibt es nicht. Auch die Leistungsfähigkeit muß bescheidener bewertet werden. Der genannte Schreibautomat schafft - genauso wie die anderen Geräte dieser Art, zum Beispiel der Robotyper - die Arbeit von vier und nicht von zehn Stenotypistinnen, weil die Kapazität der benutzten Schreibmaschine die Geschwindigkeitsgrenze bestimmt. Frankfurt REINHARD ANDERS Geschäftsführer der Gesellschaft für Automation Es ist das besondere Verdienst des SPIEGEL, daß er einige unserer »Wirtschaftswunderkinder« fast röntgenartig durchleuchtet. Dabei wird viel wirtschaftliche und soziale Romantik, die um die »neuen Größen« gesponnen wurde, abgebaut. Sichtbar bleiben die Catcher-Naturen und Steuer-Jongleure der »sozialen« Marktwirtschaft, denen Orden und Segenswünsche im reichen Maße sicher sind, weil Reichtum schlechthin überall imponiert. Fürth MAX SEIDEL SPD-MdB",https://www.spiegel.de/politik/grundig-rueckblick-a-9fc2c97b-0002-0001-0000-000041760546?context=issue,,1,1958,January,701,5099,True,True,1958,1950s,1955-59
1958,40,37,1958-09-30,Briefe,Nerven Verdorben,,"Die Quintessenz Ihres Artikels »Nerven statt Muskeln« ist doch wohl, daß durch die Einstellung ungeeigneter und mangelhaft ausgebildeter Arbeitskräfte an automatischen Stahl-Walzstraßen große Sachschäden in Kauf genommen werden mußten, weil diese Kräfte früher oder später auf Grund der extremen Nervenbelastungen versagten. Ersatz aber gab es nicht. - Meine Herren Industriekapitäne! Ich habe einmal in einer SPIEGEL-Meinungsumfrage gelesen, daß sich 61 Prozent der Industriearbeiter selbst dann zu »Automations-Experten« ausbilden lassen wollten, wenn finanzielle Opfer zu erwarten wären. Ich halte es deshalb für besser, die Automation erst einzuführen, wenn ein genügend großer Stab von Facharbeitern geschult ist. Essen HORST DELATTRE Die deutschen Walzwerksbauer haben bisher in ganz besonderem Maße auf die sehr differenzierten Wünsche der deutschen Werke eingehen können und sich auch an Entwicklungen herangewagt, deren Durchführung die Amerikaner bestimmt abgelehnt hätten. Gerade auf diesem Gebiet ist von deutscher Seite in den letzten Jahren Pionierarbeit geleistet worden, die auf jeden Fall hervorgehoben zu werden verdient. Sie fand ihre Belohnung zum Beispiel in den Riesenexportaufträgen, die deutsche Hüttenwerksbauer in Indien (Rourkela und Tata Jamshedpur) erhielten... Kürzlich wurde übrigens von einer Düsseldorfer Firma ein äußerst diffiziles Aluminium-Kaltwalzwerk nach den USA geliefert. Düsseldorf DR. MÖLLER-KLEPZIG Fachverlag für die Berg-, Hütten -, Metall- und Maschinenindustrie Ihr Artikel ist schon deshalb sehr interessant, weil man etwas über die Pannen in den Großwerken erfährt, welche durch die Automation ausgelöst wurden. Hört man sonst die Gespräche an, dann ist alles so großartig, so bis ins einzelne durchdacht, daß die Anlagen einmalig sind. Und nun zählen Sie eine ganze Reihe von Mängeln auf, die vor der Automation, als es nur schlicht und einfach »kontinuierliche Arbeitsweise« hieß, nicht vorgekommen sind. Duisburg AUGUST BRISCHKOFSKY Oberingenieur a.D.",https://www.spiegel.de/politik/nerven-verdorben-a-66c050b3-0002-0001-0000-000041759229?context=issue,,9,1958,September,274,2005,True,True,1958,1950s,1955-59
1958,43,46,1958-10-21,Briefe,Ibm-Familie,,"Die Firma IBM in Sindelfingen kann man zu der Aktion, ihre Arbeiter in das Angestelltenverhältnis aufzunehmen, nur beglückwünschen. Sie hat, im Gegensatz zu anderen Firmen, erkannt, daß man dem Betrieb damit viele innerbetriebliche soziale Auseinandersetzungen erspart, die Schaffensfreude erhöht und ein festes Zusammengehörigkeitsgefühl bei allen Betriebsangehörigen erweckt. Als sehr naiv und wirklichkeitsfremd muß man jedoch Ihre Behauptung bezeichnen, die hochqualifizierten Facharbeiter wünschen mit ihren Familien »nichts« sehnlicher, als die Arbeiterklasse zu verlassen und Angestellte zu werden. Vielleicht macht sich der Verfasser des von mir kritisierten Artikels die Mühe und liest gelegentlich das Presseorgan des DGB »Welt der Arbeit«, denn dann wird er eher erkennen, was sich der hochqualifizierte Facharbeiter und seine Familie wünschen. Ingolstadt HANS HALBICH So selbstlos von der IBM-Direktion ist die Gleichstellung ihrer Arbeiter und Angestellten nun doch nicht. Der Vorteil für die IBM liegt bei der Verlängerung der Kündigungsfrist, die ja wohl auf Gegenseitigkeit beruht. Bei einem Büromaschinenhersteller wie der IBM, die sich auf die Fertigung elektronischer Geräte spezialisiert hat, ist es ein wesentlicher Vorteil, wenn die unter erheblichem Kosten- und Zeitaufwand herangebildeten Spezialisten nicht mehr innerhalb von vierzehn Tagen ihren Arbeitsplatz verlassen können. In sechs Wochen bzw. drei oder sechs Monaten läßt sich eine Ersatzkraft wohl finden, innerhalb von vierzehn Tagen kaum. Sonthofen KLAUS WILDENBURG",https://www.spiegel.de/politik/ibm-familie-a-59cd02a8-0002-0001-0000-000041759405?context=issue,,10,1958,October,209,1549,True,True,1958,1950s,1955-59
1958,45,48,1958-11-04,Briefe,Geschmack Am Geschäft,,"Mit wachsendem Interesse verfolge ich Ihre immer uninteressanter werdenden Artikel. Wer hat den Artikel über Friedrich Flick verfaßt? Ihre Redakteure oder die Herren der Flick-Verwaltung? Essen HEINZ BLACHMANN Ist dieser Geldfürst unabhängig? Wer steht hinter Flick? Auf wen oder was ist er seelisch eingeschworen? Warum kein Wort über seine Glaubensbindung? Protestant oder wohl Katholik? Oder ist das nur eine Finanzmaschine, ein Aktienelektronenhirn, ein Kuxenroboter und nichts anderes? Dein Artikel ist imstande, überzeugte Sozialisten, ja fanatische Kommunisten zu machen. So kann er auf christliche Geistliche wirken: Seht her, ein Mensch, der arbeitet. Aber wo bleibt seine Seele? Ora! Seht her, ein Mensch, der betet! Und Gott segnete seine Arbeit! Labora! Seht her, ein Mensch, der arbeitet und betet. Ein Mensch! Ora et labora! Der Artikel aber gibt auch dem Atheisten, dem Individualisten, dem Aristokraten wie dem Plutokraten Auftrieb, suum cuique. Alle Privatmühlchen können durch das passende Privatabwässerlein betrieben werden. Meerbeck (Stadthagen) GÜNTHER SAMIETZ",https://www.spiegel.de/politik/geschmack-am-geschaeft-a-9d2c5a70-0002-0001-0000-000041759537?context=issue,,11,1958,November,152,1082,True,True,1958,1950s,1955-59
1958,49,41,1958-12-02,Briefe,Clevere Zinsnehmer,,"In Ihrem »Krawattenmacher« werden endlich einmal Wuchergeschäfte aufgedeckt, unter denen die ganze Branche der Finanzmakler leidet. Die sauberen Finanzmakler haben kaum eine Möglichkeit, sich gegen diese Zustände zu wehren, da nur allzuleicht bei Aufklärung der Kunden die Wucherer sogar noch mit dem »Gesetz gegen den unlauteren Wettbewerb« vorgehen können. Es ist zu hoffen, daß die Kommunal- und Genossenschaftsbanken und die Volksbanken bald einen vereinfachten Weg finden, Kleinkredite zu geben. Frankfurt RUDOLF HANSER Ihr Bericht läßt befürchten, daß die Entscheidung des Bundesgerichtshofs vorn 15. Februar 1956 - IV ZR 180/55 - nicht die gebührende Beachtung gefunden hat. Der Bundesgerichtshof hat in diesem Urteil einen Darlehnsvertrag mit einer - vergleichsweise bescheidenen - jährlichen Verzinsung von 39,56 Prozent wegen Verstoßes gegen die guten Sitten gemäß Paragraph 138 Absatz 1 BGB für nichtig erklärt Das Besondere an dieser Entscheidung liegt darin, daß das Gericht die verwerfliche Gesinnung des Darlehnsgebers allein aus dem hohen Zinssatz gefolgert hat, ohne daß also geprüft wurde, ob das Geschäft auch wegen Wuchers gemäß Paragraph 138 Absatz 2 BGB nichtig war. Zur Begründung führt der Bundesgerichtshof aus. Zinsen in der Hohe, wie sie die Parteien vereinbart haben, müssen schließlich zu einei ungesunden Entwicklung sowie dazu führen. daß es entweder zu Preissteigerungen kommt oder aber der Darlehnsnehmer geschäftlich zusammenbricht. Die Herren Ratzel und Himmelseher irren, wenn sie meinen, daß nur Uneingeweihte von Wucherzinsen sprechen; es sei denn, sie rechneten auch die Mitglieder des zuständigen Senats des Bundesgerichtshofs zu dem Kreis der Uneingeweihten. In den Entscheidungsgründen heißt es nämlich weiter. Hätte es sich bei dem Darlehnsgeschäft um die Finanzierung eines einzelnen, sofort abzuwickelnden Geschäfts gehandelt, so könnte unter Umständen der hohe Zinssatz unbedenklich erscheinen. Im vorliegenden Fall aber war das Darlehn auf drei Monate gegeben, also für einen längeren Zeitraum, der die Gefahr der dargelegten Entwicklung mit sich brachte. Berlin-Halensee HANS F. SCHÜSSLER Sie schreiben, daß bei einem Halbjahreskredit von 400 Mark Unkosten von insgesamt 106 Mark einer jährlichen Zinsbelastung von 96,65 Prozent entsprächen. Selbst wenn man unterstellt, daß alle Unkosten bei der Kredithergabe fällig sind, zeigt doch eine kurze Überschlagsrechnung, daß dieser Zinssatz nicht stimmen kann. 100 Prozent Jahreszins aus der Summe von 294 Mark würden nach einem halben Jahr doch sicher 0,5 X 294 = 147 Mark erbringen, während der Schuldner »nur« 106 Mark Zinsen zu zahlen hat. Es würde mich deshalb interessieren, wie Sie den Zinssatz von 96,65 Prozent errechnet haben*. Köln-Sülz HANS-PETER BENDER Diplom-Mathematiker Auch wir Sparkassen wollen uns Ihre Mahnung, durch weniger bürokratische Bearbeitung der kleinen Personal-Barkredite jenen Krawattenmachern das Wasser abzugraben, dienen lassen. Es ist jedoch nicht so, daß sich die Sparkassen bis jetzt der Gewährung kleiner ungesicherter Barkredite an Privatpersonen verschlossen hätten. Wir selbst haben zur Zeit rund 11 900 solcher Barkredite bis zu 2000 Mark eingeräumt und dies nicht zu einem Satz von 15,5 Prozent, sondern zu 7 Prozent netto für das Jahr, also noch 0,5 Prozent unter dem für Geschäftskredite zur Zeit geltenden Normalsatz von 7,5 Prozent. Auch einige Teilzahlungsbanken sind schon seit geraumer Zeit dazu übergegangen, Barkredite zu gewähren. Wenn auch diese Kredite teurer sind und - wegen der andersartigen Verhältnisse - wohl auch teurer sein müssen als die Kredite der Sparkassen, so sind die Zinsbedingungen der Teilzahlungsbanken doch weit günstiger als die der Geldagenten. Die für die nächste Zeit erwarteten neuen Richtlinien der Bankaufsichtsbehörden für Barkredite bis 2500 Mark, die eine höhere Risikomarge vorsehen, werden es auch den Sparkassen ermöglichen, großzügiger als bisher zu sein. Stuttgart DR. MAHRINGER DR. Nix Städt. Sparkasse Stuttgart Städt. Girokasse Stuttgart * Beim Teilzahlungskredit wird trotz monatlicher Rückzahlung der Zins über die gesamte Laufzeit auf den vollen Kreditbetrag berechnet, wodurch die Zinsbelastung rechnerisch von Monat zu Monat steigt. Umrechnungsformel: (24*Z*100)/(K*(n+1)) SPIEGEL-Beispiel: (24*106*100)/(376*7)= 96,65 %",https://www.spiegel.de/politik/clevere-zinsnehmer-a-8a87aa75-0002-0001-0000-000042620907?context=issue,,12,1958,December,608,4313,True,True,1958,1950s,1955-59
1958,50,32,1958-12-09,Briefe,Die Kranken Kassen,,"Volkserzieher Claussen vergißt die Notsituation des Kranken: Man zahlt wenn's zwickt. Heidelberg BERNHARD SCHÖNING In Ihrer Titelgeschichte über die Reform des Krankenkassenwesens kommt der staatliche Gesundheitsdienst Großbritanniens unverdient schlecht weg. Immerhin hat der British Health Service im Jahre 1954 mit einem Aufwand von 3,24 Prozent des Bruttosozialprodukts alle Engländer und in England befindlichen Ausländer kostenlos ärztlich versorgt, während die Ausgaben der deutschen sozialen Krankenversicherung in der gleichen Zeit 3,1 Prozent des vergleichbaren Sozialprodukts betrugen. Das bedeutet also, daß die Engländer mit den gleichen finanziellen Mitteln, die unsere Pflichtkrankenkassen verbrauchten, das ganze Volk ärztlich versorgten. Noch billiger arbeitet der Gesundheitsdienst von Saskatchewan (Kanada). Andere Länder bieten also mehr mit weniger Geld. Bonn CLAUS ARNDT Leider ist Claussens unverschämte Auslassung über die Mentalität des deutschen Arbeiters am Schluß des Artikels nicht dazu angetan, die Masse der Arbeiter für sein »Erziehungswerk« willig zu machen. Bochum-Gerthe JOHANN HUTFLESS Die Physiognomie auf Ihrem Krankenkassen-Titelbild, die Pose auf dem nächsten Photo und sein Bonmot über die nur drei großen Männer, die bisher aus Husum kamen, charakterisieren die Persönlichkeit des Krankenkassen-»Reformers« Staatssekretär Claussen. Genauso stellen nicht nur Max und Moritz, sondern Millionen Versicherte sich die hohen Amtsträger in Bonner Ministerien vor, die sich erlauben, den deutschen Arbeiter als nicht reif für eine soziale »Aufgradierung« zu bezeichnen, und sich anmaßen, ihn zu sozialer Gesittung erziehen zu wollen. Derweil bedürften nahebei ähnliche Prominenzen, die sich die Staatsanwaltschaft inzwischen vorgeknöpft hat, viel notwendiger einer gewissen Erziehung. Warum jährlich eine Milliarde für den »Grünen Plan« und nicht für einen Gesundheitsplan? Halle (Westf.) WOLFGANG BÖLLING Vorsitzender der Vertreterversammlung der AOK Es ist lediglich eine Frage des nächsten Wahlsieges, wie das Krankenkassenunwesen »reformiert« wird. Das Reformbedürfnis resultiert daraus, daß die Rechner der beiden als potentielle Sieger in Frage kommenden Parteien bemerkt haben, wie teuer die Wahlmätzchen in Richtung »Wohlfahrtsstaat« auf die Dauer sind. Siegt die SPD, dann werden wir Ärzte langsam, aber sicher »verstaatlicht«, wobei vielleicht sogar die soviel besungene Altersversorgung« in selbstverständlich kargen Grenzen abfällt. Gewinnt die CDU, dann vertropft die ganze Reformerei in den Halbheiten der Symptombastelei. Ob wir nun 75 Pfennig nach Claussen oder auf Empfehlung des Hartmannbundes 10 Prozent als »Inanspruchnahmegebühr« kassieren beides ist unwürdig. Wenn die SPD schon Kundschafter nach Holland entsandte, dann möge Staatssekretär Claussen mal in Schweden tagen. In diesem Lande gibt es keine Klassifizierung zwischen »Kassenarzt« und »Privatarzt«, weil jeder Patient sein Honorar bar bezahlt und für die Quittung drei Viertel der von der Kasse festgesetzten Behandlungsgebühr zurückerhält. Berlin-Zehlendorf DR. EBERHARD SCHAETZING Wenn man die Lebendigkeit spürt, mit der die »Reform« der Krankenversicherung von den Krankenkassen betrieben wird, dann weiß man schon heute, wer der Gewinner bei der ganzen Sache sein wird. Auch die Verlierer stehen schon fest: der Versicherte und der Arzt. Jeder Versuch, die Krankenkassen auf machtpolitischer Basis zu reformieren, wird diese Reform ungerecht werden lassen. Nur wenn diese Reform entsteht aus der absoluten Gleichberechtigung der Partner, dann wird sie für uns alle von Segen sein. Krefeld DR. KLAUS DORSCH Mit Spannung habe ich Ihre Titelgeschichte über die Reform der Krankenkassen erwartet, suchte dann aber vergeblich nach einer Stellungnahme zu dem »Münchner Plan zur sozialen Kranken Versicherung« von Dr. L. Schmitt und Dr. M. Findeisen: Die Krankenversicherung würde von anderen Versicherungen und von der sozialen Fürsorge getrennt werden. Dem Versicherten verbliebe in bestimmtem Umfang das Eigentum an seinem Geld und die Möglichkeit einer zweckgebundenen Verfügung über sein Geld. Die Versicherungsbeiträge würden sich in erträglichen Grenzen halten. Der Verwaltungs- und Kontrollapparat könnte eingeschränkt werden. Dem Arzt würde die Arbeit für die Kasse erleichtert. Die probeweise Einführung des »Münchner Plans« bei großen Betriebskrankenkassen - es haben sich schon einige hierzu bereit erklärt - steht wohl bevor. München 27 ALFRED RESCH Oberlandesgerichtspräsident i. R. Ich bezeichne Claussens Vorschläge als verbrecherisch und als ein Attentat auf das deutsche Volk. Wenn Sozialgerichtspräsident Dr. Peters und andere Sozialexperten glauben, die sozialpolitische Angleichung der Arbeiter an die Angestellten sei eine natürliche Wachstumserscheinung der modernen Gesellschaft, dann möchte ich darauf hinweisen, daß man das in der DDR schon früher erkannt hat und kurz nach dem Kriege wahr machte. Mülheim (Ruhr) HEINZ LÜPPEN Ich bin überzeugter Sachse aus Leipzig. Von dort kamen mehr als drei große Männer; so Richard Wagner, Gottfried Wilhelm Leibniz, Dr. Hermann Hartmann und ich, der Kraftfahrer Händel: 1939 k.v., 1945 k.o., 1948 mit festem Daumendruck und lockerem Herzschaden verabschiedet, Mitglied der AOK, des Clubs der 10,5 Millionen, nach Claussen eine »indifferente, labile Masse«. Und trotzdem glaube ich weiterhin an den Kassenarzt als Helfer und Heller sowie an den größeren Teil der AOK -Mitglieder als reif zur Selbstverantwortung. Warendorf (Westf.) FRIEDR. HERBERT HÄNDEL Claussen-Titel Resch",https://www.spiegel.de/politik/die-kranken-kassen-a-44f18e53-0002-0001-0000-000042620883?context=issue,,12,1958,December,756,5553,True,True,1958,1950s,1955-59
1959,6,24,1959-02-03,Briefe,Die Uhr Tickt Rot,,"Nach einem afrikanischen Sprichwort »tanzen geschärfte Schwerter von selbst zum Feind...« Göttingen H. O. NICOLAUS Glauben die Amerikaner wirklich, daß der Russe keine Gegenwaffe bereithält? Ihr Korrespondent schreibt, man arbeite in Amerika an zwei Waffen, die das Erkennen von Flugzeugen und Raketen durch Radar unmöglich machen. Wer sagt den Amerikanern, daß die Russen diese Waffe nicht schon längst haben! Wie will man in Omaha dann feststellen, daß »rote« Geschwader nahen, wie will man den rechten Augenblick für die Bedienung des roten Telephons erkennen? Nürnberg DIETER ANGERMANN Der Bericht über Claus Jacobis Besuch bei General Power las sich wie ein Märchen im Breitwandstil. Niemand wird an dieses Märchen vom »vorgefertigten Sieg« glauben, weil zu viele von uns genau wissen, was die Russen dem Strategic Air Command entgegenzusetzen haben: - Schon heute werden Powers Düsenbomber auf ihren Flügen über dem Pol von russischen Fernjägern umspielt. Im Ernstfall würden die Männer des SAC also über weite Strecken ihres Anfluges im Luftkampf stehen. - Bei ihrem Einflug in Rußland träfen sie dann auf die verheerende Abwehr durch hochentwickelte Raketen, die spielend 35 Kilometer hoch steigen und sich selber ins Ziel steuern. Powers Männer trainieren hart für einen Opfertod, der militärisch wahrscheinlich heute schon nutzlos wäre. Lehr (Donau) HENNER PLOGMANN General Power kommt mir vor wie der Waldmensch, der von seinem Bimsstein schwärmt, weil er die Seife noch nicht erfunden hat... Seine Düsenbomber spielen nur deshalb noch immer wilde Sau, weil die amerikanische Interkontinental -Rakete noch nicht frontreif ist. Frankfurt CLAUS BILLINGER Erwartet Herr Jacobi von uns gelernten Artisten auf dem Vulkan, daß wir seinem Flirt mit dem Selbstmord applaudieren? Sehr vermißt haben wir die »Na und?« -Geste. Aber sie war wohl in der ergriffen das technische Spielzeug anstaunenden Gebärde nicht drin. Hamburg 13 MARIANNE EICHHOLZ Erstaunlich, mit welchem Enthusiasmus Ihr USA-Korrespondent Jacobi über eine derartige Vernichtungszentrale berichtet, die ja nicht allein Moskau, sondern vielleicht auch Millionen Deutsche vernichten wird. Aachen PETER KOLMEN Mit Interesse habe ich davon Kenntnis genommen, daß SAC sparsam ist. Im Kriege war die US-Army es nicht, es sei denn mit dem Blute ihrer Angehörigen. Wie Kilb Autos, leiht der US-Generalstab also aus Ersparnisgründen Elektronenhirne. Im SPIEGEL habe ich aber im vorigen Jahr gelesen, daß gewisse amerikanische Hersteller von Elektronenautomaten ihre Erzeugnisse nicht verkaufen, sondern nur verleihen! Vielleicht liegt hier die Erklärung jener seltenen Sparsamkeit. Buchau (Württ.) LOTHAR HOLZWEISSIG Ich darf eine kleine Panne beheben, die wahrscheinlich Claus Jacobis Sekretärin unterlief: Der Staatshaushalt der USA für 1959 liegt bei 80 Milliarden Dollar. Bei einem täglichen Geldverschleiß von 300 Millionen müßte Strategic Air Command, allein jährlich 109 Milliarden bekommen. Woher wohl? Man lese wie ich eine Jacobi-Null weniger ... 30 Millionen täglich für General Powers Hula-Hoop-Training für das perfekte Weltende, das stimmt dann wohl*. Ulm WOLFGANG ENZINGER Gleichgültig, wie der einzelne die Gefahren - und Sicherheiten einschätzt, die in der Organisation des SAC-Hauptquartiers stecken - erschütternd bleibt es, zu wissen, daß die Menschheit selbst es war, die sich in eine Situation gebracht hat, welche sie zwingt, ihrer grandiosesten wissenschaftlichen Forschung das Ziel zu setzen, sich vor sich selbst zu schützen... München 8 ROLF NEHRING Interessant wäre eine Antwort auf die Frage, ob es im Hauptquartier des Strategic Air Command eine Kirche oder ein Kreuz gibt, vielleicht in rot... Mannheim-Schönau HEINRICH EBNER Power * USA-Verteidigungshaushalt 1959: 40,8 Milliarden Dollar, davon für die Luftwaffe 18,6, davon für SAC 10,9.",https://www.spiegel.de/politik/die-uhr-tickt-rot-a-a10b3595-0002-0001-0000-000042624024?context=issue,,2,1959,February,555,3830,True,True,1959,1950s,1955-59
1959,8,35,1959-02-17,Briefe,Ständchen Für Hauke,,"Erschütternd zu lesen, wie sehr sich ein Schnellrechner wie Arno Hauke quälen mußte, um die Kinopaläste hochzuzaubern, in denen wir jetzt seine schlechten Filme absitzen dürfen ... Hamburg 20 HANS BOOS Ich verstehe von Finanz- und Wirtschaftsfragen nichts. Ich denke mir nur, ein solch mächtiges Unternehmen, wie die Ufa war, kann man nicht mit Geld und alten Kontobüchern restaurieren. Schön, wenn Vermögen und Grundbesitz vorhanden sind, aber die Filmindustrie erhebt ja immer wieder Anspruch auf Ansehen als Hersteller künstlerischer Produkte. Und es gab und gibt Filme in aller Welt, die als Kunstwerke angesprochen werden können. Manche haben viel Geld gekostet, manche gar nicht so viel, aber es waren Künstler am Werke ... z. Z. Hamburg 1 WERNER HINZ Die Ufa-Wochenschau ist zur Zeit das, was die Durchhaltefilme des Dritten Reiches waren. Kaum eine Wochenschau, in der nicht ein Sprecher beflissen auf die bösen Russen hindeutet. Durch geschickte Bildfolgen wird unser Wunderland der Nato -Freiheiten immer ins rechte Licht gesetzt. Bietigheim (Württ.) WERNER WILDE Ich habe keinen Grund, der Ufa ein Lied zu singen, der alten nicht und der neuen nicht, denn meine Erfolgsfilme konnte ich nur im Rahmen der Universal, der Terra und der Tobis drehen, in deren Produktionsbüros ein freierer Wind wehte, der ganz natürlich auch ein künstlerisch freieres und erfolgreicheres Arbeiten ermöglichte. Wäre zu wünschen, daß die auferstandene Ufa auch etwas vom freieren Geist der Tobis übernähme ... München LUIS TRENKER Nicht an den Haukes scheitert der künstlerische deutsche Film, sondern an unseren Filmkünstlern. Sie haben sich nahezu ausnahmslos kommerzialisiert, sie verkaufen sich zu jeder Show, wenn es nur um eine Gage geht, die den Erwerb noch eines Grundstücks, noch eines Wagens, noch einer Lebensversicherung erlaubt. Sie sollen uns nicht anlügen mit der Behauptung, im Gegensatz zu Arno Hauke gehe es ihnen um die Kunst und um nichts als die Kunst. Sie drehen alle alles, was ihnen vor die Flinte kommt. Hauptsache - so drückte O. W. es neulich mal aus -, »die Kohlen stimmen«. Düsseldorf PETER LINDRATH Nach dem Kriege habe ich lange Zeit wider den kaufmännischen Stachel gelöckt und damit die deutsche Filmindustrie viel Geld gekostet: »Liebe 47« wurde von der Presse heftig diskutiert und war ein Verlustgeschäft. »Meine Nichte Susanne«, ein Stilexperiment unter Bele Bachems Mitwirkung, wurde von der Presse gelobt und war ein Totalverlust für Produzent und Verleih. »Des Lebens Überfluß« wurde von der Presse sehr gelobt und war ein Totalverlust. »Der Weibsteufel« erhielt zwei Prädikate und den Sascha -Pokal und war in Norddeutschland absolut unverkäuflich. »Das Tor zum Frieden« erhielt mehrere Prädikate und war in protestantischen Gegenden absolut unverkäuflich. »Der 1. April 2000« erhielt mehrere Prädikate, darunter in Deutschland »besonders wertvoll« und den Sascha-Pokal, und war außerhalb Österreichs nur Geschichtskennern verständlich, also ein Totalverlust für den deutschen Verleih. Über meinen Totalverlust bei »Urlaub auf Ehrenwort« haben Sie selbst berichtet. »Die Stärkere«, ein »gepflegter Unterhaltungsfilm«, war ein starker finanzieller Erfolg - mein erster nach dem Kriege. »Das tanzende Herz«, mein letzter avantgardistischer Versuch, war ein geschäftlicher Totalverlust. Danach resignierte ich, mit Erfolg, zum Publikumsfilm. Denn »geschäftlicher Erfolg« bedeutet ja, daß die Industrie mit einem Film zwei ihrer drei Verpflichtungen erfüllt hat: die Kunden gut zu bedienen und das Kapital gut zu verzinsen. Wien WOLFGANG LIEBENEINER Interessanter als die finanziellen Ufatessen finde ich in Ihrer Titelgeschichte die Vergleiche Film - Fernsehen. Ich bin in beiden Gewässern geschwommen und glaube, den Unterschied in Qualität und Wirkung definieren zu können: Wenn man beim Film »im Geschäft« ist, dreht man einen Film nach dem anderen. Mag der eine oder andere Film ein Mißerfolg sein ... man dreht bereits den zweiten und dritten, und der vierte wird dann vielleicht ein halber Erfolg, und man ist wieder gut »im Geschäft«. Die Folgen sind Sorglosigkeit und Nonchalance und häufig recht geringe künstlerische Ambition. Im Fernsehen kann man sich keine Improvisationen leisten: Nach ein, zwei Versagern wäre man für das gesamtdeutsche Fernsehen gestorben. Deshalb wird dort viel gewissenhafter geprobt, geplant und gespielt. Mag das Resultat auch noch nicht immer überzeugen, das Publikum beginnt wohl doch schon zu merken, wo der größere Ernst bei geringerer Protektion am Werke ist! Hamburg-Langenhorn HERTA STAAL Da ist eine ausgesprochen untalentierte, nicht einmal hübsche Filmdame, die weder auf Bühnen noch im Fernsehen bestehen kann, die fast bei jedem Film synchronisiert werden muß - aber irgendein Chefdramaturg ist ihr Mann, und sie dreht einen Film nach dem anderen. Da ist diese mit jenem verheiratet und der mit jener befreundet. Und wenn gerade nicht, dann gibt es genug Mädchen, die jederzeit bereit sind, sich mit dem ganzen Filmstab einzulassen, ohne zu ahnen, daß nur ein einziger, der Regisseur, maßgebend für Sein oder Nichtsein auf der Leinwand ist! Sie können mir glauben: Es gibt keinen Star, der nicht entweder mit Konzessionen an die Faune dieser Branche beginnen mußte oder nach wie vor damit belästigt wird, und keinen noch so sachlich tuenden Filmmann, der es nicht versuchen würde. Der Film ist und bleibt eine unkünstlerische Branche. München JÜRGEN NEHLING »Zu neuen Uf-an?« Eines der Geheimnisse der »alten Ufa« war das Ensemble, der feste Stab von Autor, Spielführer, Kameramann, Architekt und Schauspieler. Natürlich haben bei dem vielen Geld, das Filme kosten, nicht nur die Künstler, sondern auch die Kaufleute mitzureden. Daß das nicht zu einer verbrecherischen Industrialisierung führen muß, haben die französischen, italienischen und japanischen Branchen bewiesen. Es ist reinigende Morgenluft aus Ihrem Bericht zu schnuppern, wenn man herauszulesen glaubt, daß diese auf »Nummer Sicher« gehende Werkelei unwürdig und nicht weniger dämlich ist, wie, wenn man zu Kindern spricht, als wären sie Idioten. Daß der Film auch ein mächtiges Werkzeug sein kann, Gedanken auszusenden, selbst in eine Menge, die sie gar nicht will, sich daran zu erinnern, wäre es höchste Zeit. Berlin-Charlottenburg VICTOR DE KOWA Der deutsche Film muß immer, immer besser werden! Alle »Filmschaffenden«, die in den Studios, in denen gedreht wird, und die in den Büros, in denen geplant wird, müssen immer, immer daran denken: Wie machen wir immer, immer bessere Filme? Daß eine Schnulze, wenn sie gut und mit Einfall gemacht ist, ihr Lebensrecht auf der Leinwand hat und ihr Daseinsrecht in der Kinokasse erweist, versteht sich am Rande. - Gut gemachter Kitsch kann herrlich sein. Diese Erkenntnis darf aber nicht darüber täuschen, daß es neben der Kunst, guten Kitsch zu machen, noch die kitschfreie Kunst gibt. Um ihretwillen ging man zu meiner Anfängerzeit zum Theater ... Düsseldorf PAUL HENCKELS Hinz Trenker Liebeneiner Herta Staat Henckels",https://www.spiegel.de/politik/staendchen-fuer-hauke-a-45f64482-0002-0001-0000-000042624494?context=issue,,2,1959,February,1057,7006,True,True,1959,1950s,1955-59
1959,25,43,1959-06-16,Briefe,Kühle Rechner,,"Ich verstehe nicht die Aufnahme der »Revue«-Anzeige in Ihr Blatt über das Strafbataillon 999: »Bis heute totgeschwiegen!« Halten Sie den cleveren »Revue«-Herren doch bitte den SPIEGEL-Jahrgang 1951 mit Ihrer 999er -Serie unter die Nase. Mainz PETER NEUBAUER Seit einiger Zeit lese ich mit Genugtuung die beruhigende Nato-Anzeige »Ein Bündnis freier Völker zum Schutze freier Menschen"": »15 Völker vertrauen ihrer Zukunft. 340 Millionen Menschen leben in der Atlantischen Gemeinschaft frei von Furcht.« Jedoch, nach den letzten statistischen Angaben der Vereinten Nationen ergeben die Einwohnerzahlen der 15 Atlantikpakt-Staaten zusammen 460 Millionen Menschen, sooft man diese Zahlen auch addieren mag. Wo, fragt man sich, leben denn 120 Millionen atlantische Menschen nicht frei von Furcht? Boston (USA) J. KOCH-WESER",https://www.spiegel.de/politik/kuehle-rechner-a-8e43bb2b-0002-0001-0000-000042625676?context=issue,,6,1959,June,115,818,True,True,1959,1950s,1955-59
1959,33,42,1959-08-11,Briefe,Sittenpriester,,"Josef Filser (MdL)* an die Lüberalistigen Freimauherer vom Schpigl! Indem daß Ich alß Bollidiger an die Hochheilinge Verfflichtung im gewissn nicht so schtreng gebunten bin alß wie ein gewenliches Schaf der Kürche, derff Ich den Schpigl lesn. Disses gehert nämblich zu der Dreggarbeith wo Unßere hochwirdinge Geischlingkeit nicht selps dun braucht indem daß Sie Unß Bollidiger dafier had. So habe ich mit großm Ökl und Indräse auch das lezte Hefft gelesn wo mit sadanischer Irroni von den heilingmassign Breißischen Bfahrer un Härn Techant Wehage auß der morallischn Schtad Friesäute geschribn ißt. Weil Er das geschlächtliche Bad abgschaft had, behantelt disser ausgschamte Bazi der Ardigl-Schreiwer der hundsheiterne dissen dräu Gadollischn Godesman wie ein jungen Hunt, wo in Stubn neigmacht had. Aber Ich Josef Filser beschtetige ihnen hirmit mit der gantzen Erläuchtung und Audoridet eines abendlentischn Folksfertretters, wo schteds die heilingen barlamendarischn Exersizijen der CSU in Altetting mitmachn dut, disser brafe Man Wehage had Recht!! Nicht ein Mal das unverninpftige Fie laufft so gut wie nakicht herum und darin daß jeder Ox Sein Fell had, sollen Wir mentschn dämitig den heilingen Willen Godes erkenen und Unß schamen. Der Anplig fon weiblichn Mentschern in Pickihni ißt mintestens fier das anderne Geschlächt gefärlich und umgekärt ebenfals! Und wie die heitige Juchent fon einer gewisnlosn godfernen und kürchenfeintlichn Brese mit Reitzn ieberfludet wirt, habe Ich erscht wider durch die ausgschamte Fotograffi an Eigenen Leib erffaren, wo der Schpigl in sein Ardigl ieber Hochwürn Härn Bfahrer Wehage abtruckt had. Veitshöchheim (Ufr.) WOLF H. FLEMMING Außer sich lächerlich gemacht zu haben, hat Herr Dechant Wehage noch erreicht, daß die bisher unbeschwert planschenden Kinder auf ein »Problem in Badehose« aufmerksam wurden. Unklar ist mir, daß sich eine ganze Gemeinde derart gängeln läßt. Sind unter 5000 Einwohnern nicht einige denkende? Ziegelhausen (Neckar) GERBURG JUNG Mir dreht sich der Magen um, wenn ich den einsamen, unergründbaren Sittenfeldzug des Dechanten Wehage in Friesoythe verfolge. Des Dechanten kirchliche »Wasserpredigt« scheint finsteres Mittelalter; man wird wohl bald wieder Hexen in Friesoythe foltern, falls sie der Dechant frühzeitig erkennt. Dechant Wehage hält die Altersspitze von Zehnjährigen für geschlechtlich besonders neugierig. (Hohe Einfalt - nach Freud unterliegen schon Vierjährige dem Lustprinzip.) Mithin ist die von ihm gepredigte, verkündete und parlamentarisch durchgebrachte neue Badeordnung hinfällig. Er vergaß das geschlechtliche Interesse der Vier- bis Zehnjährigen. Den Ratsherren darf man raten, ihre dörflich-kommunale Unabhängigkeit dem Dechanten zum Verhökern anzubieten. Bielefeld KARL W. KRÄMER Es ist erfreulich, von Menschen zu hören, denen trotz Automation und Bikini das sittliche Pflichtgefühl für ihre Kinder noch nicht verlorengegangen ist. Hier wird unseren Kindern endlich der verderbliche Weg der Selbstaufklärung genommen. Kaufbeuren (Bayern) KLAUS SCHRÖTER Leutnant Wurde Herr Dechant Wehage in jungen Jahren auch durch das gemeinschaftliche Bad in Friesoythe frühreif, oder kennt er die erotischen Eskapaden von heute nur vom Hörensagen? Mannheim JOACHIM HAUSMANN Ob die sicher stramm katholischen Lehrer der spießigen Stadt Friesoythe nach dem Edikt des Dechanten Wehage über das geschlechtslose Baden noch Biologie zu lehren wagen? Osnabrück THEO KRAMSTEIN Dem Reinen ist alles rein! Hillegossen (Bielefeld) HANS DREWNIAK * Josef Filser (MdL), eine von dem bayrischen Schriftsteller Ludwig Thoma (1867-1921) erdachte Figur. Wehage",https://www.spiegel.de/politik/sittenpriester-a-ff5f880f-0002-0001-0000-000042622197?context=issue,,8,1959,August,514,3630,True,True,1959,1950s,1955-59
1960,14,32,1960-03-29,Briefe,Strittige Einstufung,,"Der Plan des Sozialministers Blank, die arbeits- und sozialrechtlichen Unterschiede zwischen Arbeitern und Angestellten aufzuheben, ist längst überfällig. Das hätte bereits bei den ersten Anfängen der Automatisierung in der Bundesrepublik erfolgen müssen. Denn die als »Lohnempfänger« eingestuften Arbeitnehmer, die das komplizierte System einer automatischen Walzstraße steuern, müssen ohne Zweifel über mehr Intelligenz verfügen und mehr Konzentration aufbringen als etwa der Leiter des Büros, das ihnen den Wochenlohn auszahlt. Und Mechanikern, die elektronische Rechenanlagen zusammenbauen, wird sicher mehr abverlangt als dem Buchhalter, der ihre Arbeit in Zahlen faßt. Hannover AUGUST WEGELER Die Auseinandersetzung um die Frage der Gleichstellung von Arbeitern und Angestellten ist von jeder Polemik freizuhalten. In der von Ihnen erwähnten Studie ist diese Frage ausschließlich unter wissenschaftlichen Gesichtspunkten behandelt worden. Die Untersuchung »Angestellte und Arbeiter in der Betriebspyramide« ist ohne jede Beeinflussung durch Regierungsstellen oder Arbeitnehmer-, beziehungsweise Arbeitgeberverbände unter meiner wissenschaftlichen Leitung durchgeführt worden. Zu den Autoren der Studie gehören Dr. Dieter Claessens, Diplom - Volkswirt Günter Hartfiel, Jochen Fuhrmann und Hans Zirwas. Die Untersuchung erstreckt sich nicht nur auf Westberlin, sondern auch auf die Bundesrepublik. In Westberlin wurden 19 Betriebe untersucht. Die hier gewonnenen Ergebnisse wurden denen aus 12 westdeutschen Betrieben, die das Soziographische Institut der Universität Frankfurt unter der Leitung von Professor Neundörfer untersucht hatte, gegenübergestellt. Eine Fülle von Tabellen verweist im Tabellenkopf auf diese Gegenüberstellung. Es wurden insgesamt 30 000 Arbeitsplätze erfaßt. Die Einstufung der Arbeitsplätze erfolgte im wesentlichen durch die mittleren und oberen Vorgesetzten in den untersuchten Betrieben. Die nachträgliche Einordnung in die »Funktionsgruppen« lehnte sich eng an die innerbetrieblich festgestellte Hierarchie der Arbeitsplätze an. Innerhalb dieser Rangordnung der Funktionsgruppen existieren allerdings Unterscheidungen. Sie entstehen dadurch, daß für jeden Arbeitsplatz gesondert die charakteristischen, das heißt die hervorstechenden Anforderungen festgestellt wurden. Schon deshalb ist in der Studie keine Rede davon, »daß sich«, wie es in Ihrem Artikel heißt, »die innerbetrieblichen Funktionen der Angestellten heute kaum noch von denen der Arbeiter unterscheiden«. Berlin-Dahlem PROF. DR. OTTO STAMMER Freie Universität Berlin Es ist schade, daß Minister Blank und das Institut für Soziologie in Westberlin ihre Untersuchungen nicht auch auf ein beachtliches Phänomen ausgedehnt haben: daß nämlich die Grippe dieses Winters bei den Berufsgruppen »Arbeiter« und »Angestellte« eine unterschiedliche Krankheitsdauer verursacht hat, obwohl es sich doch wohl um dasselbe Virus gehandelt hat. Heidenheim (Brenz) WERNER HIRLINGER Stammer",https://www.spiegel.de/politik/strittige-einstufung-a-f6ec0d39-0002-0001-0000-000043065231?context=issue,,3,1960,March,378,2969,True,True,1960,1960s,1960-64
1960,25,37,1960-06-14,Briefe,Vom Gesetz Her Gesehen,,"... Das Oberlandesgericht Düsseldorf hat, wie Sie zutreffend berichten, die Verfassungsmäßigkeit des Umwandlungsgesetzes bejaht. Sie schreiben, mit dieser Frage »hielten sich die urteilenden Richter nicht lange auf«. In Wirklichkeit behandeln die Urteilsgründe diese Frage auf etwa acht von insgesamt 23 Schreibmaschinenseiten. Der Abfindungskurs spielte in dem Verfahren überhaupt keine Rolle. Unzutreffend ist schon aus diesem Grunde Ihre Darstellung, das Urteil gestatte die Abfindung »zu einem von ihm (dem Großaktionär) gewählten Kurs«. Diese Formulierung wie auch die von der »Zwangsabfindung zu einem von Flick gewünschten Kurs« ist überhaupt unrichtig, weil ausscheidenden Aktionären lediglich ein Abfindungsangebot gemacht wird und bei mangelnder Einigung das Oberlandesgericht als Spruchstelle auf Antrag die Höhe der Abfindung in einem besonderen Verfahren feststellt ... Ihr Bericht endet mit einem Auszug des Urteils, »er (Krages) hätte ... genauso wie jeder andere Aktionär die rechtliche Möglichkeit gehabt, allein oder zusammen mit anderen Aktionären die Mehrheit in der Hauptversammlung zu gewinnen ... usw.« Indem Sie diese Ausführungen des Gerichts aus ihrem Zusammenhang herausgelöst und die im Urteil stehenden Worte »vom Gesetz her gesehen« weggelassen haben, verfälschen Sie das Urteil in diesem Punkt. Es ging nämlich dabei nicht um einen »beachtlichen Trost« für den Minderheitsaktionär, wie Sie es darstellen, sondern um die Frage, ob das Umwandlungsgesetz dem Gleichheitsgrundsatz der Verfassung widerspreche. Diese Frage hat das Gericht verneint mit der Begründung, daß »vom Gesetz her gesehen« jeder Aktionär »rechtlich« die Möglichkeit habe, die Mehrheit zu gewinnen. Düsseldorf JUSTIZPRESSESTELLE BEIM OBERLANDESGERICHT",https://www.spiegel.de/politik/vom-gesetz-her-gesehen-a-b5f8741f-0002-0001-0000-000043065941?context=issue,,6,1960,June,237,1750,True,True,1960,1960s,1960-64
1960,31,29,1960-07-26,Briefe,Verteidigte Verteidiger,,"Der Bundesrichter Sarstedt kritisiert auch die Tatsache, daß von Anwälten Rechtsmeinungen vorgetragen werden, die längst über Bord geworfen seien. Dieser Vorwurf ist völlig unbegründet. Der Verteidiger darf, wenn er materiellrechtliche Überlegungen anstellt und wenn er schon materiell-rechtliche Rügen begründet, keine der ihm bekannten Rechtsauffassungen unerörtert lassen. Der Bundesgerichtshof hat das beste Beispiel dafür geliefert, daß bestimmte Rechtsfragen unterschiedlich gelöst werden. Es weichen in bestimmten Rechtsauffassungen nicht nur die einzelnen Senate mitunter ganz erheblich voneinander ab, sondern es ist vorgekommen, daß ein und derselbe Senat nach zwei bis drei Jahren seine Auffassung revidiert und eine völlig andere Lösung zu dem juristischen Problem gefunden hat. Nürnberg DR. KARL LUTHARDT Rechtsanwalt Warum bei diesem Thema kein Wort über die Gegenseite (die Revisionsbegründungen der Staatsanwaltschaften)? Als Beispiel für die gehaltvolle Arbeit der Anklagevertretung, insbesondere in politischen Strafsachen, mag die Begründung einer Revision dienen, die der Leiter des politischen Dezernats der Westberliner Staatsanwaltschaft in der Strafsache gegen den Ostberliner Studenten Klaus Walter eingelegt hat. Dieser hatte ein Plakat veröffentlicht, das als Karikatur das Verbleiben des damaligen Bundesministers Oberländer und des Staatssekretärs Globke in ihren Ämtern zu geißeln versuchte. Obwohl in diesem Verfahren die schwierigsten Rechtsfragen entschieden werden müssen - das durch diese Revision angefochtene Urteil hat einen Umfang von 31 Schreibmaschinenseiten -, reicht dem politischen Dezernenten der Westberliner Staatsanwaltschaft eine Begründung der von ihm eingelegten Revision von insgesamt sechs Zeilen und einem Wort, wobei sorgsam jedwede selbständigen Rechtsausführungen vermieden werden... Allerdings wird diese Bescheidenheit durch die Praxis gerechtfertigt: Der 3. Strafsenat des Bundesgerichtshofes, die letzte Instanz für politische Strafsachen, hat, soweit mir bekannt, bislang noch keinem Revisionsbegehren der Anklagevertretung den Erfolg versagt. Berlin NW 54 PROF. DR. F. K. KAUL Rechtsanwalt Es ist nicht immer Unerfahrenheit, wenn die Rechtsanwälte versuchen, durch Tatsachenschilderungen, durch Beilegen von stenographierten Zeugenaussagen und so weiter ihre Revisionen am Bundesgerichtshof zusätzlich mitzubegründen. Vielmehr handelt es sich häufig um einen Ausdruck der Gewissensnot, auch mit Rücksicht auf den Mandanten, gegenüber einer mittelalterlichen Strafprozeßordnung, die in jeder Weise noch aus dem Geist des-Obrigkeitsstaates geboren wurde. Eine Reihe der in den letzten Jahren entstandenen Negerstaaten in Afrika hat eine bessere und mehr demokratische Strafprozeßordnung als die Bundesrepublik. München DR. F. J. BERTHOLD Rechtsanwalt Das deutsche Revisionsgericht thront so hoch über den Leidenschaften der Hauptverhandlung, daß es von ihnen nicht mehr berührt wird. Es kennt den Angeklagten nicht und will ihn auch gar nicht sehen. Der Verteidiger dagegen, in dem die Aufregungen der Hauptverhandlung noch nachschwingen, hat das verständliche Bestreben, den Revisionsrichtern das Menschliche des Einzelfalls nahezubringen. Die Antwort ist ein hochmütiges Naserümpfen und Hohnlächeln: »Er kommt mit Tatsachen, dieser unfähige Bursche!« Die Richter halten sich die Ohren zu. Selbst wenn der Verteidiger den angeblich Ermordeten dem Gericht lebend vorführen würde, das Revisionsgericht bleibt an die Feststellungen des Tatrichters gebunden. Wenn eine Revision wirklich offensichtlich unbegründet ist, so kann es in wenigen Sätzen dargelegt werden. Kann man dies nicht, dann ist die Revision eben nicht offensichtlich unbegründet. Da von den Entscheidungen über die Revision Menschenschicksale betroffen werden, müssen sie der Kontrolle der Öffentlichkeit zugänglich sein. Berlin WILHELM HAEGERT Rechtsanwalt Ich habe niemals gesagt, daß »die Mehrzahl der Strafverteidiger«, sondern nur, daß »die große Mehrzahl der Revisionsbegründungen in Strafsachen auf einem erschreckend niedrigen Niveau steht«. Auch diese Bemerkung, an der ich festhalte, war in keiner Weise auf Herrn Rechtsanwalt Freihern von Stackelberg gemünzt. Vielmehr habe ich die Gegner der von mir verteidigten Beschlußverwerfung, zu denen in erster Linie Rechtsanwalt von Stackelberg gehörte, öffentlich und ausdrücklich »hervorragende Anwälte« genannt. Berlin WERNER SARSTEDT Senatspräsident beim Bundesgerichtshof Die Ansicht, der Rechtsanwalt könne durch ein mit Gründen versehenes Urteil, das auf sein »abwegiges« Vorbringen eingeht, als Nichtskönner entlarvt werden, ist wenig realistisch. Kompromittierender in den Augen seines Mandanten ist es, wenn das Revisionsgericht die Revision als offensichtlich unbegründet verwirft, ohne darzulegen, warum. Eine derartige Übung schadet überdies dem Ansehen der Rechtspflege. Sie erweckt den Anschein, daß die letzte und höchste Instanz sich die Entscheidung leicht macht in einer Sache, die den Angeklagten schwer belastet. Frankfurt HANS J. SCHALLOCK Kaul* Sarstedt * Star-Anwalt der DDR",https://www.spiegel.de/politik/verteidigte-verteidiger-a-5d019fd6-0002-0001-0000-000043067568?context=issue,,7,1960,July,664,5078,True,True,1960,1960s,1960-64
1961,44,35,1961-10-24,Briefe,Sichtwechsel,,"Die Lebensgeschichte des Bundeskanzlers mag ja ganz lehrreich sein, aber das Heroisch-Nachahmenswerte enthält sie bisher nicht. Vielleicht wäre es besser gewesen, wenn er 1926 seinen hochdotierten Posten eines Kölner Oberbürgermeisters gegen den weniger gut bezahlten eines Reichskanzlers aufgegeben hätte. Der letzte Krieg gegen Frankreich wäre allen wohl erspart geblieben, und Adenauer könnte in diesen Tagen vielleicht in schöner Einsamkeit sein 35. Jubiläum als Regierungschef feiern. Berlin-Steglitz FRITZ BEUERMANN Vielen Dank für Ihre Enthüllungen. Es wird hier wieder einmal offenbar, daß »Männer Geschichte machen«, auch in einer Demokratie. Hoffen wir, daß bald andre Männer eine andre Geschichte machen! Heiligenmoschel (Rhld.) WALTER SCHWAB Sollte der Haß Adenauers nicht nur dem »militärischen«, sondern besonders auch dem »evangelischen« Preußen gegolten haben? Klosterneuburg (Österr.) GEORG KLUTHOSS Seit zum ersten Mal schon vor über 200 Jahren Montesquieu vom »Preußischen Militarismus« geschrieben hat, haben erlauchte Geister Preußen gehaßt! So erklärten zum Beispiel Wieland und Winkelmann, in dem »Zuchthausstaat« Preußen möchten sie auf keinen Fall leben, wenn auch der damalige preußische König Friedrich II. ein sehr großer Mann sei. Der Preußenhaß Adenauers ist also nichts Außergewöhnliches. Ludwigshafen HUGO KOTULLA Mein Gott, was soll aus Deutschland werden? Diese Frage stelle ich mir seit vielen Jahren als großdeutsch denkender Preuße. Das Herz bricht einem, wenn man nun als Emigrant in der Adenauerschen Rheinbundesrepublik lebt. Langen (Frankfurt) SIEGFRIED MUELLER Es gehört zur ersten Regel einer Demokratie, daß die Haute-pègre nur ihre dritte Garnitur zur Regierung abordnet. Kein Schnapphahn von Format, kein Prolet mit Charakter würde vor der Öffentlichkeit um einen Profit oder eine Anstellung so schäbig feilschen wie die »Prominenten« um Ministersessel. Man mag über die Dummheit der Wähler lachen, aber so erbärmlich wie ihre Vertreter sind sie nicht. Der »Alte« ist das Porträt der Demokratie, und die um ihn werben oder kuschen, sind nur unterentwickelte Bilder dieser Staatsform. Wo ist da Größe oder Idee zu suchen? Vielleicht war es für uns Deutsche weniger beschämend, das Opfer eines entfesselten Diktators gewesen zu sein, als von unseren Parteien regiert zu werden. München FRANZ WEIDL Es ist schade, daß Sie die landläufigen akademischen Vorstellungen über das »Naturrecht« in Ihrer zweiten Fortsetzung der Adenauer-Serie so kritiklos übernommen haben. Die »Naturrechtssätze« haben einen so großen Spielraum, sie sind so vage formuliert, daß sie zur scheinbaren Rechtfertigung der verschiedensten politischen Postulate und Aktionen dienen können. Ich bin der Auffassung, daß auf eine - noch so gut gemeinte - »naturrechtliche« Fundierung der Demokratie durchaus verzichtet werden kann. Die schlichte rechtspositivistische Idee der Beteiligung aller Normunterworfenen an der Normsetzung - die Idee der Maximierung der relativen Freiheit des Individuums in der Gesellschaft - dürfte doch wohl für alle totalitär beherrschten Menschen des Ostens attraktiv genug sein. Heidelberg LOTHAR CZAYKA Es gereicht dem SPIEGEL zur Ehre, daß er versucht, die geistesgeschichtlichen und ideologischen Grundlagen bundesdeutscher Staatlichkeit zu ihren Wurzeln hin zu verfolgen. Was jedoch um der historischen Wahrheit willen ein wenig deutlicher hätte gesagt werden müssen, wäre dies: Daß es für einen Staat, der beansprucht, noch »deutsch« zu sein, das heißt an die Geschichte des mitteleuropäischen Raums in den letzten tausend Jahren anknüpfen und in dem von ihr abgesteckten Rahmen bleiben will, keine Alternative mehr geben kann zwischen »Naturrecht« und zentralistischer »Schaukelpolitik« nach preußischem Muster; daß die Entscheidung, die deutsche Politiker zu treffen haben, geographisch und historisch determiniert ist zugunsten einer lebensnotwendigen Mittlerfunktion zwischen Ost und West. Und daß die dadurch notwendige ausgleichende Balancepolitik im Sinne Bismarcks und Stresemanns keineswegs den wesentlichen Elementen der naturrechtlichen Staatsauffassung widerspricht, sondern vielmehr ihrer rheinischen Degenerationsform im dörflichen Rosenzüchterstil. Berlin HANS-JÜRGEN PUHLE Die Bundesrepublik hat unter Adenauer keine einzige der außenpolitischen Aufgaben gelöst, die Deutschland nach 1945 aufgegeben waren. Der Staat, der sich anmaßend Bundesrepublik »Deutschland« nennt, ist immer nur den Weg des geringsten Widerstandes gegangen. Was die Wählermassen beherrscht, ist dasselbe, was Hitler hochbrachte: die beklemmende soziale Angst des deutschen Bürgertums. Berlin-Dahlem WOLFGANG HENNIG Es ist sicher unrichtig gesehen, wenn man Adenauer-Mißtrauen gegen »spekulative Konstruktionen« oder, »polemisch ausgedrückt«, Opportunismus unterstellt. Adenauer war nicht nur im Privatleben eine spekulative Natur. Er hasardiert auch in der Politik mit hartnäckiger Aktivität und nach einem festen System In der Verwirklichung dieser seiner politischen Konzeption und in der Ausräumung der ihr im Wege stehenden Schwierigkeiten ist er hochaktiv im Einsatz seiner eigenen Person und seiner Hallstein-doktrinären Satelliten von Brentano, Grewe, Blankenhorn und anderer. Ausgangspunkt des Adenauerschen politischen Denkens und Handelns war erstens der Wille zur Restauration des Reichs Karls des Großen bis zur Elbe (lieber wahrscheinlich noch bis zur Weser, weil dadurch der psychologisch begreifliche Widerstand des zur Zeit kleineren Frankreich gegen einen staatlichen Zusammenschluß mit Westdeutschland leichter zu überwinden war; so erklärt sich seine Bitte an Georges Bidault im Juni 1949, bei den drei Siegermächten dafür einzutreten, daß Berlin nicht Bundesland wird, und so erklärt sich seine Ablehnung der Rückkehr des Saargebietes zur Bundesrepublik) und zweitens die Vorstellung: »Ein Krieg zwischen den USA und der UdSSR ist unvermeidlich, und wir müssen auf der richtigen Seite dabeisein« (Adenauer in Köln bei einem Herrenessen 1947). Alle Betrachtungen, die diese beiden Grundideen außer acht lassen und von einem Adenauer »ohne Experimente' ausgehen, übersehen die wirkliche Triebfeder seiner Politik. Völlig schief aber ist die Beurteilung Adenauers, wenn man ihm unterstellt, daß er zu irgendeinem Zeitpunkt im Ernst daran geglaubt habe, seine »endgültige Entscheidung für den Westen« könne zur Überwindung der deutschen Teilung führen. Wenn er wirklich diese unausbleibliche Folge seiner eigenen Politik nicht vorausgesehen hätte, wäre er mehr noch als ein politischer Ignorant. Man würde ihm Unrecht tun. Als kühler und kluger Rechner wußte er zu jedem Zeitpunkt und weiß es auch heute, daß die völlige Eingemeindung der Bundesrepublik in den Westen die Verewigung der deutschen Teilung bedeutet, es sei denn, man könne zu ihrer Beseitigung einen Kreuzzug führen. Trotz Fehlens jeglicher militärischer Kenntnisse - so wirklichkeitsfremd ist er nicht, daß er diese Überlegungen, wenn er sie auch vor 1955 angestellt haben mag, mit der ersten sowjetischen Wasserstoffbombe aufgegeben hat. Köln HERMANN SCHWANN Inzwischen hat der alte Fuchs den Kanzlerposten schon wieder fast in der Tasche. Aber wenn man sieht, wie unsere Nachwuchspolitiker aller Farben reihenweise vor ihm umfallen, muß man sich ernstlich fragen: Mein Gott - was soll aus Deutschland werden, wenn der Alte wirklich einmal stirbt? Dortmund-Barop HERBERT MÖCKEL Was soll schon aus Deutschland werden? Die Frage ist: Was soll aus Konrad Adenauer werden? Rosenheim (Obb.) ANTON HARBISCH Schwann* * FDP-Bundestagsabgeordneter von 1953 bis 1957.",https://www.spiegel.de/politik/sichtwechsel-a-37fb025e-0002-0001-0000-000043367033?context=issue,,10,1961,October,1047,7578,True,True,1961,1960s,1960-64
1962,24,46,1962-06-12,Briefe,Entwicklungshändler,,"Die »Verkaufs-Idee« ist in meiner, von Dir erwähnten Broschüre genau beschrieben. Sie besteht darin, den Eltern vorzuschlagen, ihren Kindern das Maschinenschreiben in einem zweijährigen Kurs erlernen zu lassen. Bekanntlich vollzieht sich in der heutigen Zeit, an der Schwelle des Automations-Zeitalters, ein starker Wandel vom Handarbeiter zum geschulten Arbeiter. Die Menschen von morgen brauchen die Fähigkeit des Maschinenschreibens für ihren Beruf viel mehr als dies bisher der Fall war. Der moderne Mensch schreibt nicht mehr mit der Hand, er bedient sich der Maschine. Diese Entwicklung ist unaufhaltsam. Es ist - Du wirst mir recht geben - eine sehr positive Leistung des Handels, wenn er die Menschen auf solche Entwicklungen rechtzeitig hinweist und sie veranlaßt, mit der Zeit zu gehen. Hunderttausende haben inzwischen diesen Hinweis sehr wohl verstanden und ihren Kindern das Erlernen dieser Fähigkeit - die sie wesentlich leichter erwerben als etwa die Beherrschung eines Musikinstrumentes - ermöglicht. Sie haben damit für ihre Kinder eine zusätzliche, wertvolle Zukunfts-Sicherung geschaffen. Wer maschinenschreiben kann, verdient ja damit allein schon im Notfall sein Brot. Es ist nicht richtig, daß die Vertreter zu Berufsberatern ernannt wurden. Richtig ist vielmehr, daß es allen streng untersagt war - und zwar bei Androhung der sofortigen Entlassung -, sich als Berufsberater zu bezeichnen. Aus den Kaufverträgen der Schreib-Handels -GmbH bzw. Colortip Schreib-Handels -GmbH geht klar der Gegenstand des Kaufes hervor. Der Kunde kauft entweder einen Fernkurs allein - es gibt Zehntausende solcher Kunden - oder aber eine Schreibmaschine allein, oder beides. Die Schreib-Handels-GmbH hatte durchaus nicht abgewirtschaftet, sondern ihren Namen in Colortip Schreib-Handels-GmbH geändert, weil die Kunden im Laufe der Zeit begannen, den patentrechtlich geschützten Fernkurs »Colortip« mit der Firma zu identifizieren. Die Olympia-Werke AG hat sich von meiner »Verkaufsidee« bis heute nicht getrennt - obgleich ich längst nicht mehr aktiv bin -, und die Zusammenarbeit zwischen diesem Unternehmen und der Colortip Schreib-Handels-GmbH besteht nach wie vor ungetrübt. München-Grünwald JOSEF HAID",https://www.spiegel.de/politik/entwicklungshaendler-a-0ccad79b-0002-0001-0000-000045140325?context=issue,,6,1962,June,312,2210,True,True,1962,1960s,1960-64
1962,28,50,1962-07-10,Briefe,Einst Wird Kommen Der Tag,,"Ihre Geschichte über die neudeutschen Handelsgebräuche, mit deren Hilfe gutgläubigen Bürgern Schreibmaschinen angedreht werden, für die sie keinerlei Verwendung haben, läßt Fürchterliches für den Tag vermuten, an dem auch der Bedarf an Gartenzwergen oder Wellensittichen gedeckt sein wird und das Schreibmaschinen-Beispiel in diesen Branchen Nachahmer findet. Hoffentlich gelingt es mir dann, einem der geschäftstüchtigen Herren - die nun natürlich ihre Vertreter strafverfolgen lassen - einen Papagei als Diktiergerät zu verkaufen. Berlin OSKAR RICHERT Das von Ihnen zitierte Inserat war von einem Organisationsleiter meiner Firma (ohne Kenntnis der Geschäftsleitung) aufgegeben worden. Meine Firma hat erst nach Erscheinen des Inserates von dessen Inhalt Kenntnis erlangt und sofort alles getan, damit ein derartiges Inserat nicht mehr veröffentlicht werden konnte. Auch soweit von Vertretern Kundenadressen bei den Verkaufsgesprächen in Aussicht gestellt worden waren, erfolgte dies ohne Wissen der Firma. Nachdem die Firma Osswald & Co. davon erfahren hatte, hat sie sofort die betreffenden Vertreter entlassen. Sie hat daraufhin, im Hinblick auf die Entwicklung der von Ihnen geschilderten Vertriebsmethoden, bereits im Frühjahr 1960 den gesamten Vertrieb von Schreibmaschinen über Vertreter eingestellt. Soweit Sie ein gegen mich anhängiges Verfahren erwähnen, sind Ihre Informationen unvollständig. In diesem Verfahren wurde ich bereits vor Erscheinen Ihres Artikels auf Antrag der Staatsanwaltschaft freigesprochen, während der Organisationsleiter, der das betreffende Inserat aufgegeben und die Kundenadressen in Aussicht gestellt hatte, verurteilt worden ist. Frankfurt WOLFGANG BRAUER Geschäftsführender Gesellschafter der Firma Osswald & Co",https://www.spiegel.de/politik/einst-wird-kommen-der-tag-a-4d34a5ab-0002-0001-0000-000045140759?context=issue,,7,1962,July,231,1752,True,True,1962,1960s,1960-64
1963,36,47,1963-09-03,Briefe,Heim-Weh,,"Letzter Sinn des Abbaus der jahrzehntelangen Wohnungszwangswirtschaft ist es natürlich, die Eigenverantwortlichkeit am Familienbudget zu stärken. Man wird in Zukunft genauer rechnen und überlegen müssen, wieviel man für Wohnen ausgeben will und wieviel für die Reise nach Cattolica oder die Fernsehtruhe. Solche Entscheidungen sollen in Zukunft Angebot und Nachfrage am Wohnungsmarkt maßgeblich regulieren. Der bisherige Wohnungsmarkt war im Prinzip unsozial, aber nicht, weil die Mieten zu hoch waren, sondern weil die bisherige Finanzierungsstruktur des Wohnungsbaues mit der ökonomischen und soziologischen Entwicklung der westdeutschen Gesellschaft nicht übereinstimmte. Münster (Westf.) DR. LUTZ KÖLLNER Schon 1956 bestand ein Referentenentwurf des Wohnungsbauministeriums, der den Abbau des Mieterschutzes zum Ziele hatte. Um die darüber eingetretene Beunruhigung unter der Bevölkerung zu zerstreuen, hat die Landesleitung der CSU in einer Presseerklärung, die von den Tageszeitungen veröffentlicht wurde, am 10. September 1957 versichert: »Die Landesleitung der CSU teilt mit, daß die CDU/CSU nicht beabsichtigt, nach einem Wahlsieg das Mieterschutzgesetz und die Wohnraumbewirtschaftung aufzuheben. Alle gegenteiligen Behauptungen der Sozialdemokraten und des Mieterbundes sind damit lediglich Wahlpropaganda.« Im Bundestag haben dann später die Regierungsparteien, also auch die CSU, einstimmig den Lückeplan angenommen. München T. SPITZ 1. Vorsitzender des Mieterverein München e.V. Wenn der Vermieter ohne Angabe von Gründen kündigen kann - auch wenn der Mieter einer angemessenen Mieterhöhung zustimmt -, öffnet das Tür und Tor dem sogenannten »Abstand unterm Tisch«. Das heißt, daß der Vermieter, dessen Haus renovierungsbedürftig ist, nur seine Mietet (ohne Angabe von Gründen) zu kündigen braucht, um durch die dann einziehenden Mieter, die ihm schwarz einen entsprechenden Abstand zahlen, die Kosten für die Renovation seines Hauses zu decken. Hamburg KURT SCHWABACH In Ihrem Artikel über den Wohnungsmarkt haben Sie nicht deutlich gemacht, daß einerseits die Kosten für Hausreparaturen etwa das Dreifache gegenüber der Vorkriegszeit betragen, auch die Haus- und Grundsteuer (hier zum Beispiel) auf 185 Prozent gesteigert wurde, daß andererseits die erlaubte Mietpreiserhöhung bei Altbauten nur etwa 40 Prozent über den Vorkriegsmieten liegt. Berchtesgaden DR. MED. ERICH KAMMERER Weshalb unterschlug man das allerdings weniger publikumswirksame Bild des Bürgers, der, weil ohne Altersversorgung, seine Ersparnisse in einem Haus anlegte, welches - kaum erbaut - leerstand, weil eine Vier -Zimmer-Wohnung mit Küche und Bad im Jahre 1930 für 75 Mark nicht zu vermieten war. Die herabgesetzte »Marktmiete« wurde dann gestoppt und zur Grundlage der »Mietpreisbindung« nach dem Kriege von 1939 bis 45 verwandt. Tröstete er sich in den Jahren von 1945 bis 1948 angesichts der minimalen Kaufkraft seiner Mieterträge mit der allgemeinen Misere, so blieb ihm nach der Währungsreform nicht einmal dieser Trost: Die Prosperität schlug einen Haken um ihn. Hätte er seine Spargroschen in Aktien angelegt - das öffentliche und staatliche Wohlwollen wäre ihm sicher, und er hätte auch seinen Wagen vor der preiswerten, bewirtschafteten Altbauwohnung stehen. Koblenz KARL WERNECKE In der Mansardenwohnung meines zweistöckigen Altbaus wohnt ein Plattenleger mit 800 bis 900 Mark Nettoverdienst im Monat. Vor vier Wochen meldete er mir freudestrahlend, daß er für seinen Volkswagen eine Garage zum Preis von 45 Mark gefunden habe. Als ich ihm jetzt die Wohnungsmiete - zwei Zimmer und Küche für 42 Mark - um acht Mark aufschlug, protestierte er. Völklingen (Saar) HANS BECKER ... nach meiner Meinung muß die »Bild«-Zeitung erst einmal gemeldet haben: »Wohnungsmakler von jungen Ehepaaren zerfetzt, in Stücke gehauen und räudigen Hunden zum Fraß vorgeworfen. Reste in Wahlurne gestopft.« Letter (Nieders.) H. ZIMMERMANN Ein besonderes Problem ist die Wohnungssuche für junge Ehepaare, die in die Ehe gehen und noch keine Kinder haben. Als ich das erstemal bei dem Wohnungsamt vorsprach, vier Wochen vor der Eheschließung, fragte mich der Sachbearbeiter, »ob bei uns ein Kind unterwegs sei«. Als ich verneinen mußte, gab er mir einen privaten Tip, daß ich noch warten soll mit der Heirat. Wiesbaden KLAUS SCHUPP ... führen Sie an, daß unsere Firma sich zu Mieterhöhungen für Altbau-Wohnungen anbietet. Aus unserem Inserat »Hausverwaltungen, Mieterhöhungen« ist zunächst in keiner Weise ersichtlich, daß an Mieterhöhungen für Altbauwohnungen gedacht ist. Im Rahmen von Verwaltungs-Aufträgen eröffnen wir lediglich dem Vermieter die Möglichkeit, durch uns sein Mietpreisgefüge untersuchen zu lassen, um eine nach den verschiedenen gesetzlichen Bestimmungen mögliche Mietpreisregulierung durchzuführen. Beratend auf Vermieter für mögliche Mieterhöhungen im Jahre 1966 einzuwirken, lag und liegt nicht in unserem Interesse. München HANS SCHNEIDER Immobilien ... zeigen Sie auf Seite 20 mit der Bezeichnung »Frei finanzierte Bauten (Düsseldorf): Mieter angezapft« auf einem Bild mein Haus. Ich freue mich, daß Sie bei den vielen schönen Bauten, die Düsseldorf zweifellos aufzuweisen hat, mein Haus bringen - es muß Ihnen also wohl auch gefallen haben. Ich bin aber nicht einverstanden mit der Unterschrift, die ein völlig falsches Bild gibt. Die Mieter meines Hauses zahlen weniger Miete pro Quadratmeter als im sozialen Wohnungsbau, nämlich zwei Mark pro Quadratmeter. Auch unter Berücksichtigung dessen, daß seinerzeit bei Einzug in das Haus vor etwa acht Jahren in der Spitze ein Baukostenzuschuß von 5000 Mark gezahlt wurde, bedeutet dieser, umgelegt auf eine zehnjährige Mietvertragszeit, daß der heutige Quadratmeterpreis für den sozialen Wohnungsbau noch nicht erreicht wird. Düsseldorf HEINRICH SIEPMANN ... daß viele Barackenbewohner gar keine bessere Wohnung wünschen, sei am Rande erwähnt. Billige Mieten von 15 bis 35 Mark erlauben ihnen zum Beispiel Fernsehgeräte, auf die sie bei höherer Miete wahrscheinlich verzichten müßten. Das stelle ich als Verkäufer von Fernsehgeräten eindeutig fest. Lüneburg W. BOHNHORST Wir sind keineswegs so töricht zu behaupten, daß alle Mieter Engel und alle Hausbesitzer Teufel seien. Aber wenn aus Hunderten von Beispielen heraus ein Mieter nur deshalb die Kündigung erhält, weil er gewagt hat, eine ordnungsgemäße Wassergeldabrechnung zu verlangen, dann übersteigt dies das Maß des Zumutbaren. Wenn dann der Hausbesitzer Erklärungen abgibt, nach denen nur faule Mieter die Kündigung bekämen, dann ergibt sich die Frage, wo der »faule« Mieter anfängt, wer dies beurteilt und wer von beiden »faul« ist. Hamburg MIETERVEREIN VON 1890 R. V. Warum hat der Deutsche Mieterbund nicht schon längst zusammen mit dem DGB in allen Städten Straßendemonstrationen veranstaltet? Bayreuth HORST HÜBNER Wenn Sie einzelne Auswüchse auf der einen Seite darstellen, dann dürfen Sie die viel häufiger vorkommenden Mißstände auf der anderen Seite nicht vergessen. Ich denke an die Wucherpreise, die ganz allgemein bei Untervermietung genommen werden. Der Untermieter muß leider oft mehr für ein Zimmer bezahlen als der Hauptmieter für die ganze Wohnung. Düsseldorf DR. KARL-HEINZ MERTENS Was von den als wohnungssuchend Registrierten der Wohnungsämter zu halten ist, zeigt der Fall Bochum, den man im Bundesbaublatt Nummer 7, 1963 lesen konnte: Die 21 400 Wohnungssuchenden der Stadt Bochum (weißer Kreis) erhielten je einen Fragebogen, in dem sie ihren Wohnungsbedarf angeben sollten. 4900 meldeten sich, die anderen 16 500 antworteten nicht; es waren Karteileichen. Was spricht dafür, daß es bei den übrigen Gemeinden anders aussieht? München KURT BONFIG Es wird von einer gewissen Presse immer Sturm gelaufen, wenn relativ kleine Mietenerhöhungen kommen. Weshalb wird denn nicht Sturm gelaufen gegen die ungeheuerlichen Lohn- und Preisforderungen der Bauhandwerker, die ja der eigentliche Anlaß der Mieterhöhungen sind. In einer meiner Wohnungen in einem Hinterhaus mußte die Gipsdecke eines neun Quadratmeter großen Zimmers erneuert werden, weil aus der Kriegszeit her Haarrisse sich zu größeren Rissen ausgeweitet hatten. Gesamtkosten 400 Mark, davon für Material 40 Mark und Handwerkerlöhne 360 Mark. Ist denn das ein Verhältnis? Ahrensburg (Holstein) OSWALD MATTHIAS ... möchte ich Dir die beigefügte Anzeige nicht vorenthalten, die tatsächlich veröffentlicht wurde. Essen SIEGFRIED SCHULT Die Wohnung, das Heim, ist keine Handelsware. Schon aus diesem Grunde ist die freie Marktwirtschaft auf dem Wohnungsmarkt absurd. Mannheim JOSEF NEUJAHR Vom Herbst bis zum Frühjahr haben die Bauern in Nordwestdeutschland unter schwarzen Fahnen demonstriert. Ich schlage vor, daß die Mieter überall in den Tagen, da ihre Entrechtung in Kraft tritt, ebenfalls schwarze Fahnen aus dem Fenster hängen (oder Bundes-, Landesflaggen etc., mit Trauerflor versehen). Eckersdorf (Bayern) H. EIGELBRECHT Ein am 17. 8. vor einer Darmstädter Eisdiele aufgefangenes Gespräch: »No, Heiner, Du schaffst wo ebe nix?«. »Na, dees habb isch nett needisch, isch habb mei Haus gut vermiiit. Un jezz bau mer noch e' Ölheizung nei unn denn schlage mer doppelt uff!« Darmstadt GÜNTER BAUMANN Den Statistikern des Bundes und der Länder kann bezüglich der Ermittlung des »amtlichen« Wohnungsdefizits kein Vorwurf gemacht werden, weil sie dabei an konkrete gesetzliche Bestimmungen (Wohnraumbewirtschaftungsgesetz) gebunden sind. Was speziell die Landkreise betrifft, so sind sie vielfach nur deswegen »weiß«, weil Gemeinden mit rechnerischem Überschuß und Defizit aufsaldiert werden und nur der Saldo zum »amtlichen« Fehlbestand führt. Da man aber Wohnungen nicht genauso beliebig wie viele andere Konsumgüter transportieren kann und auch der Wahl des Wohnorts häufig enge Grenzen gesetzt sind, ist die vorerwähnte Art der Berechnung des Defizits mangelhaft und muß zu unbilligen Ergebnissen führen. München DR. M. SCHNEIDER Wie das Zeitzeichen im Radio oder Fernsehen, wird jede Hausfrau am Ultimo an die höhere Miete und deren Urheber erinnert, womit ein tiefgekühlter Haß sich wohl bis zu den Wahlen 1965 einfressen dürfte. Heidelberg P. MEIER Heinrich Zille »Aba Trude, mitten in de Woche ziehst du een reenes Hemde an?« - Ja, Mutter, ick will doch mal mit'n Hauswirt über een kleen Mietsnachlaß sprechen!«",https://www.spiegel.de/politik/heim-weh-a-d79ee7ca-0002-0001-0000-000046171664?context=issue,,9,1963,September,1477,10298,True,True,1963,1960s,1960-64
1963,50,57,1963-12-10,Briefe,Wechselwirkung,,"... liest man nicht ohne Erschütterung, wie sich bei dem Empfang der »Dimitag« die Publikumsgunst vom Alt-Bundeskanzler ab- und dem neuen Herren zuwendet. So sind halt die Deutschen: Tritt ein Großer ab, so drängen sich die Lakaien um den neuen Machthaber. Berlin PAUL SCHALL Wir wollen uns auf die folgenden Feststellungen beschränken, - daß die Dimitag-A.M.T.-Gruppe 129 Verlage als Mitglieder zählt, - daß sie einen Zusammenschluß von mittleren und auch kleineren Zeitungen darstellt, - daß - wie vom Vorsitzenden des Aufsichtsrates, Herrn Dr. Ehmer-Lüdenscheid, den Teilhabern an der Godesberger Veranstaltung mitgeteilt wurde - vom Dimitag »mit seinen Haupt- und Nebendiensten (so steht es übrigens auch in der Nummer 32 des ZV + ZV, des Fachorgans für das gesamte Pressewesen, vom 10. November 1963) rund 150 Zeitungen mit einer Gesamtauflage von über zwei Millionen beliefert werden«, (""außerdem eine stattliche Reihe deutsch - und fremdsprachiger Auslandszeitungen""), - daß direkt und indirekt 146 Zeitungen Dimitag-Fernschreibmaterial in der einen oder anderen Fassung erhalten, - daß darüber hinaus die Mehrzahl von ihnen und eine weitere Anzahl von Zeitungen Briefmaterial des Dimitag empfangen und - daß unter den Beziehern unserer dmt-Dienste sich unter anderem auch eine Zeitungsgruppe befindet, der allein schon 55 Blätter angeschlossen sind. Bonn DIMIAG Gemeinschaft mittlerer Tageszeitungen",https://www.spiegel.de/politik/wechselwirkung-a-2e455e2a-0002-0001-0000-000046172989?context=issue,,12,1963,December,204,1407,True,True,1963,1960s,1960-64
1963,51,40,1963-12-17,Briefe,Zinsrechnung,,"Ich möchte Ihnen mein Kompliment zu dem Report über Kleinkredite in Deutschland machen. Vielleicht interessiert Sie noch folgendes: Ursprünglich waren wir von der Annahme ausgegangen, daß ein großer Teil derjenigen, die bei »Kredithaien« Kredite aufnehmen, bereits so stark verschuldet sind, daß eine Bank kaum zur Kreditgewährung bereit gewesen wäre. Einige Tests, die durchgeführt werden konnten, haben gezeigt, daß diese Auffassung völlig falsch ist. Der bei weitem überwiegende Teil derjenigen, die Wucherzinsen zahlen, hätte bei uns und damit wohl auch bei den Sparkassen ohne weiteres einen Kredit bekommen. Bei fast allen anderen wäre es eine Ermessensfrage gewesen, die im Zweifel positiv für den Kreditsuchenden entschieden worden wäre. Deshalb halten wir es nicht nur in unserem Interesse, sondern auch im Interesse der Allgemeinheit für zweckmäßig, daß Sie sich mit dem Thema befaßt und so zur Aufklärung beigetragen haben. Köln HANS-HINRICH JANTZEN Mitglied der Geschäftsführung des Bundesverbandes des privaten Bankgewerbes Gestatten Sie mir einen Hinweis zu Ihrem - übrigens recht aufschlußreichen - Bericht über die Kreditvermittlung: Die für die Deutsche Bank und die Dresdner Bank angegebenen Kosten von 201,60 Mark verstehen sich für eine Laufzeit von 23 Monaten. Die Kosten für Kleinkredite geben Sie richtig mit 0,4 Prozent pro Monat an. Unerwähnt ist jedoch geblieben, daß die Großbanken für Anschaffungsdarlehen einen noch günstigeren Satz, nämlich 0,32 Prozent pro Monat, berechnen. Trier BERND BECKER Abteilungsdirektor der Commerzbank Eine wesentliche Sache ist in Ihrem ausgezeichneten Artikel unberücksichtigt geblieben. Die Tatsache nämlich, daß die 0,4 Prozent pro Monat, welche die Banken für einen Kleinkredit nehmen, große Bauernfängerei sind. Auf den ersten Blick erscheint der Zinssatz sehr niedrig. Nimmt man aber einmal den Bleistift zur Hand, kommt man schnell zu einem anderen Schluß. Bei 1800 Mark, die - zu 0,4 Prozent verzinst - in zwei Jahren zurückgezahlt werden, beträgt der Zinsbetrag pro Monat 7,20 Mark und 75 Mark Rückzahlung. Das sind im ersten Monat 4,8 Prozent Jahreszinsen. Da sich aber der zurückzuzahlende Betrag jeden Monat um 1/24 verringert, der Zinsbetrag von 7,20 Mark aber bleibt, steigt der Zinssatz von Monat zu Monat. Nach einem Jahr zahlt der Bankkunde schon 9,6 Prozent. Für die 24. Rate von 75 Mark zahlt er ebenfalls 7,20 Mark. Das sind nun immerhin 115 Prozent. Der durchschnittliche Zinssatz beläuft sich demnach auf 0,768 Prozent pro Monat. Holzwickede (Nordrh.-Westf.) M. SEIFFERT In den Auslagen der Bankinstitute und Sparkassen werden in letzter Zeit »Kredithaie« bildlich dargestellt, um vor dem Kreditunwesen zu warnen. Gleichzeitig aber stellen die obligatorischen Geldinstitute recht hohe Anforderungen an vor ihre Schalter tretende Kunden, die um einen Kredit bitten. Im Allerheiligsten der Kreditabteilung sitzt meistens ein gewiegter Psychologe, der mit einer nicht enden wollenden Fragerei beginnt. Dabei wird oft versucht, Innen- und Außenleben detailliert bloßzulegen. Hat der Kreditnehmer diese Gehirnwäsche überstanden und außerdem eine ausreichende Gehalts- oder Lohnbescheinigung, bestätigt vom Arbeitgeber, vorgelegt, dann werden noch eine weitere Sicherheit und außerdem entsprechende Bürgschaften dritter Personen verlangt. Ist alles beisammen, tritt der Geschäftsvorstand zusammen und berät den Fall eingehend. Dabei findet noch Berücksichtigung, ob es sich um einen eingesessenen oder zugezogenen Bürger handelt. Diese mindestens zu drei Vierteln unnütze Prozedur scheuen viele ehrliche Kreditsucher und gehen den Weg des geringsten Widerstandes, den die Kreditvermittler bieten. Daß aber letzten Endes gerade die Banken und Sparkassen die Geldgeber für diese Kreditbüros sind, denen sie das beantragte Geld ohne große Formalitäten zu normalen Zinssätzen bewilligen, zeugt von Unaufrichtigkeit. Bad Kreuznach KARL-HEINZ SCHRÖDER Zu Ihrem Report über Kleinkredite in Deutschland teilen wir Ihnen mit, daß Herr Rudolf Wasner als Gesellschafter der Refina-Absatzkreditbank GmbH München am 31. Dezember 1962 ausgeschieden ist. Auch die Geschäftsverbindung zu der Maklerfirma Rudolf Wasner und allen Wasner nahestehenden Firmen wurde abgebrochen. Die Vorwürfe, die in Ihrem Bericht gegen die Geschäftsusancen von Herrn Wasner erhoben wurden, treffen für unser Institut in keiner Weise zu. Vielmehr nahmen die übrigen Gesellschafter diese Praktiken von Herrn Wasner zum Anlaß, dessen Ausscheiden zu erzwingen. München REFINA-ABSATZKREDITBANK GMBH Nicht nur der Baggerführer Adolf Berg aus Beckum/Westfalen machte einen Fehler, als er sich den von ihm benötigten Kredit nicht bei einer Teilzahlungsbank oder einem anderen Kreditinstitut beschaffte, sondern zu einem Vermittler ging - auch der SPIEGEL irrte sich, als er die Zinsbelastung für Herrn Berg mit rund 30 Prozent jährlich errechnete. Wenn man davon ausgeht, daß Herr Berg 1975 Mark in bar ausbezahlt bekam und mit 18 Monatsraten insgesamt 2862,50 Mark zurückzahlte, so entspricht der Differenzbetrag einem effektiven Jahreszins in Höhe von 56,76 Prozent. Düsseldorf KLAUS WAUSCHKUHN Direktor der Kundenkreditbank KG a. A. Jetzt bin ich davon überzeugt: Gute Journalisten sind schlechte Rechner! Oder sollte die im ersten Beispiel genannte Kreditdienst GmbH geschont werden? Der Kredit von 2500 Mark ist außer dem Zinssatz von 0,8 Prozent pro Monat der Laufzeit aus dem ursprünglichen Betrag mit einer Bearbeitungsgebühr von 21 Prozent belastet. Das ergibt 14,4 Prozent Zinsen plus 21 Prozent Gebühr = 35,4 Prozent aus 2500 Mark = 885 Mark. Bei einer Laufzeit von 18 Monaten ergibt sich aus der Formel beziehungsweise eine Zinsbelastung von 44.68 Prozent jährlich. Die Gebühren von 2.50 Mark dürfen als normal gelten und sind weggelassen. Die Rechnung könnte auch so aussehen: Kreditsumme - 2500 Mark plus Zinsen - 360 Mark 2860 Mark Ausbezahlt - 1975 Mark Kosten also - 885 Mark Das Ergebnis bleibt dasselbe. Warum haben wir überhaupt ein Aufsichtsamt für das Kreditwesen? Mannheim WALTER SCHMIDT Wer Kredit nimmt, tut gut, recht zu rechnen. Wer dies andern traktiert, sollte selbst mit Adam Rieses Regeln vertraut sein. Baggerführer Bergs Gesamtbelastung mit Provisionen, Gebühren und Zinsen (zusammen 887,50 Mark) entspricht nicht »einer Zinsbelastung von rund 30 Prozent jährlich«. Bundesbürger Berg ist etwas stärker belastet: Die fast 900 Mark Darlehnskosten für 18 Monate (= fast 600 Mark für zwölf Monate) zahlt er nicht auf einen Darlehnsbetrag von 1975 Mark, sondern auf eine Darlehnssumme, die im Laufe der Gesamtzeit von 1975 auf Null zurückgeht, also im Durchschnitt nicht einmal 1000 Mark beträgt. Fast 600 Mark/Jahr auf knapp 1000 Mark - das sind rund 60 Prozent im Jahr. Bergs 18 Ratenzahlungen zu je 159 Mark als Gegenleistung für einen Barwert von 1975 Mark entsprechen, wie eine einfache Division ergibt, 18 nachschüssigen Renten von je (159 :1975 =) 0,080 für einen Barwert von 1. Bergs Zinsbelastung beträgt mithin, wie jedermann seit ihrem Erscheinungsjahr 1865 in Simon Spitzers Tabellen für die Zinseszinsen- und Rentenrechnung unmittelbar nachschlagen kann, 4 1/4 Prozent pro Monat (Benützer der zwölften Auflage, Wien 1933, finden die Ausrechnungen für Berg auf Seite 308, Spalte fünf, Zeile 18). 4 1/4 Prozent pro Monat aber entsprechen - da man hierzulande monatlich, vierteljährlich oder halbjährlich verrechnete Zinsbelastungen, um sie vergleichbar zu machen, durch jenen jährlich nur einmal verrechneten Zins auszudrücken pflegt, der auf die gleiche Effektivbelastung hinausläuft - einem Jahreszinssatz von (1 + 0,0425)12 - 1 = 64,7 Prozent pro Jahr. Saarbrücken INSTITUT FÜR GELD-, BANKUND BÖRSENWESEN Den Artikel »24 Prozent Zinsen sind kein Wucher« haben wir mit großem Interesse gelesen. Hierbei ist uns aufgefallen, daß bei der Aufzählung der Kreditinstitute die Volksbanken, deren Repräsentant der Deutsche Genossenschaftsverband (Schulze-Delitzsch) e.V. ist in keinem Falle erwähnt worden sind. Im Bundesgebiet arbeiten an mehr als 2400 Plätzen 715 Volksbanken mit einer Bilanzsumme von 11,5 Milliarden Mark. Sie stellen also einen beachtlichen Faktor im Kreditgewerbe dar. Bonn DEUTSCHER GENOSSENSCHAFTSVERBAND (SCHULZE-DELITZSCH) E.V. Ich stimme absolut nicht mit Dr. Erich Schorck vom Bundesaufsichtsamt für das Kreditwesen überein. Es muß wohl die Aufgabe des Staates sein, seine Staatsbürger vor solchen Machenschaften zu schützen. Auch dann, wenn man glaubt, daß der Bürger dumm ist. Wenn man schon von der Dummheit der Staatsbürger überzeugt ist, so muß er erst recht aufgeklärt und geschützt werden. Gelsenkirchen ERNST BECKER",https://www.spiegel.de/politik/zinsrechnung-a-80333381-0002-0001-0000-000046173099?context=issue,,12,1963,December,1246,8616,True,True,1963,1960s,1960-64
1964,13,53,1964-03-24,Briefe,Anti-Baby-Pille,,"Mit dem Artikel über die Probleme der Verbreitung und der Anwendung der Anti-Baby-Pillen brachten Sie als erste deutsche Zeitschrift ein klares Bild von dem gegenwärtig so aktuellen, aber noch von keiner Zeitschrift so objektiv behandelten Thema. Paderborn BERT LISKI Endlich wagt man auch in Deutschland, das akute Problem der Geburtenkontrolle an die breite Öffentlichkeit zu bringen und intelligent und objektiv zu diskutieren. Ich wünsche der Coverstory eine zumindest ebenso lebhafte Reaktion, wie sie der Bayern-Artikel hervorgerufen hat. Das würde helfen, Tabus zu brechen. Ein Bravo dem SPIEGEL und Dr. Kirchhoff für ein hervorragendes Interview. New York IRMGARD HUNT Aus der Sicht eines Lehrers aus der Oberstufe einer Volksschule möchte ich an Sie die Frage richten, ob Sie mit Ihrem Titelbild nicht ein wenig zu weit gegangen sind. Womit nichts gegen den vorzüglichen Artikel im Inneren dieses Heftes gesagt sein soll. In welche Richtung Sie die Gedanken milieugefährdeter Mädchen bringen können, brauche ich Ihnen wohl nicht weiter auszuführen. Halten Sie mich bitte nicht für prüde, aber als Leiter einer Jugendgruppe könnte ich Ihnen eine Blütenlese von Aussprüchen Jugendlicher zu diesem Artikel zur Verfügung stellen. Die ethische Seite all dieser Probleme können diese Jugendlichen einfach nicht verstehen, diese überfliegen sie. Asperg (Württ.) GÜNTER DIETZE Hauptlehrer und Schuljugendberater Es ist großartig, mit welcher Offenheit Sie das Problem der hormonalen Schwangerschaftsverhütung angefaßt haben. Gerade wir als Jugendliche wissen es zu schätzen. Frankfurt DIRK AMFT Jüngst aus England heimgekehrt, habe ich mit Entsetzen die Mißstände im deutschen Gesundheitswesen aus nächster Nähe kennengelernt. Ich bin Ihnen deshalb sehr dankbar für Ihr SPIEGEL -Gespräch mit Herrn Prof. Kirchhoff. Als ehemalige Hebamme und Fürsorgerin sehe ich wie Sie vor allem die soziale Seite des Problems, die in Deutschland (nach meiner Erfahrung) nur wenige Menschen interessiert. Herr Prof. Kirchhoff hat mit seiner Kritik an der »Pro familia«-Politik nur allzu recht. Lesen Sie bloß einmal in der Hamburger »Dienstordnung für Hebammen« (vom 25.7.1961) § 7 Abschnitt 3: »Die Hebamme soll Mittel und Verfahren, die zur Verhütung der Schwangerschaft geeignet sind, nicht anwenden. Ratsuchenden soll sie die Inanspruchnahme eines Arztes empfehlen.« Die Hebamme wird in Deutschland für die Aufklärungsarbeit weder geschult noch wird ihr auf diesem Gebiet eine eigene Initiative gestattet. Ist diese Aufgabe nicht ein Wichtiger Teil ihres Berufs?« Hamburg INGRIED ZIEGLER Ich habe mit Schrecken die Sorglosigkeit zur Kenntnis genommen, mit der die krebserzeugende Wirkung dieser Pillen abgetan wird. Rotthalmünster (Bay.) DR. LICHTENSTERN Nachdem man das Gespräch mit dem Göttinger Gynäkologen gelesen hat, könnte man die ablehnende Haltung der katholischen Kirche den Anti-Baby -Pillen gegenüber beinahe sympathisch finden. Wer möchte seiner Frau schon das Sammelsurium von Nebenwirkungen und -belastungen zumuten. Hinzu kommen »die psychischen Schäden, die eine Ehe hierdurch erleiden kann. Berlin W. PROKER Das Interview eines bislang anerkannten Universitätslehrers spiegelt den verbreiteten Geist der derzeit führenden Generation wider, der jegliche Achtung vor dem Menschsein abhanden gekominen ist. Heidelberg DR. MED. DIETMAR WAPPLER Den Ausführungen des Kollegen Kirchhoff muß ich als Genetiker in vielen Punkten widersprechen. Beachtlich die Inkonsequenz des Kollegen, die Anti -Baby-Pille in einem Laienblatt zu propagieren und andererseits die wirklich vorhandenen medizinischen Bedenken zu bagatellisieren. Ganz besonders kraß tritt dieses in dem Gespräch zutage, wenn der Herr Kirchhoff die Sterilisation der Frauen berechtigt ablehnt, aber die Anreicherung des Hormonhaushaltes im Frauenkörper als harmlos abtut, zugunsten der »Sicherheit« dieses Verhütungsmittels. Ach, wenn es nur die Kopfschmerzen, nur das Sodbrennen und die Gewichtszunahme wären! Unangenehmer klingt schon die Erwähnung von Brustspannungen, Thrombosen und Embolieerkrankungen, die Abnahme der Libido und dann so nebensächlich die Frage nach der Entstehung des Krebses. Karlsruhe ALB. GETTKANDT Herr Prof. Kirchhoff trat im Dohrn -Prozeß als Sachverständiger für gute Sitten auf und hat durch seine Ablehnung der freiwilligen Sterilisation das Urteil entscheidend beeinflußt. Die Anwendung der besagten Pille, d.h. einen Eingriff in die Natur, der die physiologischen Abläufe im weiblichen Körper auf den Kopf stellt - und dieses Jahre hindurch - hält er offenbar für bessere Sitte als die freiwillige Sterilisation. Duisburg DR. GERTRUD STEEGE Es wäre zu begrüßen, wenn diese Pillen auch an ledige Frauen abgegeben würden. Die hohe Zahl der Abtreibungen läßt sich durch »sexuelle Aufklärung« kaum verringern, zumal sich Schule, Kirche und Elternhaus beharrlich darum herumdrücken. Frauenfeld (Schweiz) ARIEL H. WINIGER Durch den Wegfall der üblichen antikonzeptionellen Mittel käme es wahrscheinlich zu einer explosionsartigen Ausbreitung venerischer Krankheiten, die bei der heutigen internationalen Verflechtung ohnehin langsam im Vordringen begriffen sind. Die Folgen wären katastrophal. Allein dadurch wäre ein Verbot der Anti-Baby-Pillen für Ledige gerechtfertigt. Merzhausen (Bad.-Württ.) HANS KÖGEL Bedenklich stimmt, daß Professor Kirchhoff bei erwiesener Unschädlichkeit der Pille keine moralischen Bedenken hat, sie auch jungen Liebespaaren zugänglich zu machen. Frage: Welche Art Liebe kann sich da entfalten, wo von vornherein die Pille eingeplant wird? Mainz RUDOLF BERGER Auch Herr Professor Kirchhoff hat etliche Promille Moralinsäure nicht verbergen können, als er sich um das heiße Eisen »Anti-Baby-Pillen für Ledige« mit Ausflüchten herumwand! Doch gepriesen sei Kirchhoffs Bekenntnis zur »sozialen Indikation« bei Verheirateten. Die kommt auch mir, der ledigen Akademikerin (36), trotz hochdotierter Stellung voll zugute. Ich habe nämlich eine rührend verständige Putzfrau, Mutter von vier Kindern. Die hat ihrem Leibmedikus eine »soziale Indikation« hingelegt, daß er ihr am laufenden Band Anovlar verschreibt. Und ihre Pillen gibt die Gute dann an mich weiter. Nicht gratis, versteht sich! Aber auf dem Schwarzmarkt wären sie noch teurer (50 bis 75 Mark pro Packung). Hannover MARGOT JUNKER Ihrer detaillierten Anti-Baby-Pillen -Abhandlung fehlt eigentlich nur noch die Feststellung, daß katholische Frauen häufiger abtreiben als andere: Denn, ach, eine lebensfeindliche Kirche hindert sie, vorzeitig das Ihrige zu tun. Es sei denn, die Last der Lust wird mit List auskalendert. Tübingen RUDOLF TRAUB Der Klerus reagiert mit schlecht unterdrücktem Haß und reichlich zynisch: »Wer die Lust genießt, muß die Last tragen.« Frage: In welche Hölle kommen die Ehepaare, die wissen, daß sie keine Kinder bekommen können, und trotzdem nicht gewillt sind, absolut enthaltsam zu leben? Basel WALTER KIEFER Päpstliche Stellungnahmen zur Frage der Empfängnisverhütung sind keine Dogmen, d.h. keine unwiderruflichen Stellungnahmen des kirchlichen Lehramts. Wenn auch die Diskussion derartiger Verlautbarungen selten an die Öffentlichkeit dringt und die meisten Theologen schon aus psychologischen Gründen eher geneigt sind, die Kontinuität der kirchlichen Stellungnahmen zu betonen, so schließt dies eine tatsächliche Veränderung der Auffassungen nicht aus - man denke etwa an die Rehabilitation der im Anschluß an die Enzyklika Pius' XII. »Humani generis« kaltgestellten französischen Dominikaner und Jesuiten. Münster (Westf.) DR. F.X. KAUFMANN Bin Witwer von zehn lebenden Kindern (zwölf wurden von meiner Gattin lebend geboren, zwei starben im Säuglingsalter) und glaube, ein Wort mitreden zu dürfen, was diesen »Segen« anbetrifft. Ich spreche jedem katholischen Geistlichen oder Theologen, gleich welchen Ranges, kategorisch das Recht ab, das fragliche Thema zu vertreten. Seraing (Belgien) P. SCHORKOPS Der Wunsch nach Antikonzeption ist Symptom der » Gefühlsmangelkrankheit« (R. A. Spitz, USA) unseres Zeitalters. Eingriffe in das intime Erleben (durch mechanische Verhütungsmittel) oder in die Leib-Seele-Einheit (durch hormonelle Mittel oder auch mit der Knaus-Ogino-Berechnung, »einer Domäne für die Frigiden«, was Knaus von Anfang an betonte) werden bereitwillig in Kauf genommen, obwohl sie meist das Lusterleben erheblich beeinträchtigen. Allgemein wünscht man heute ich-bezogene Triebregungen zu befriedigen. Das Kind, als »Konsumgut«, will man sich nur unter besonderen Bedingungen »leisten«; meist wird es von den Eltern abgelehnt als Störenfried ihrer egoistischen Ziele. Das Unheil äußert sich in weitverbreiteter Gefühlskälte der Frau, in Konzeptionsangst, in der Abtreibung mit späterer Schuldproblematik. Im SPIEGEL-Gespräch wurde die häufige »Abortneurose« als schmerzlichste Folge der Abtreibung nicht erwähnt, sie äußert sich körperlich meist in Frauenleiden, die - in ihrer Ursache nicht erkannt - oft jahrelang erfolglos fachärztlich behandelt werden. Bad Godesberg DR. MED. GISELA HEINZE Das Gespräch Ihrer Redakteure mit Herrn Prof. Dr. Kirchhoff hat sehr klar gezeigt, daß die Anti-Baby-Pillen die »andere« Atombombe unserer Zeit sind. Es ist die humanere Art, mit der sich die Menschheit reduzieren und vielleicht sogar ausrotten kann. Aber eine große Gefahr besteht dabei: Zur erfolgreichen Anwendung der Anti-Baby-Pillen wird eine gewisse Intelligenz und Sorgfalt nötig sein. Bei den geistig Unterentwikkelten werden die Anti-Baby-Pillen wohl keinen Erfolg haben. Es besteht also die Gefahr, daß die Intelligenz sich dezimiert, und die Deppen nehmen prozentual zu. Schmiden (Bad.-Württ.) HANS SCHOOF Anti-Baby-Pillen -Titel Kirchhoff",https://www.spiegel.de/politik/anti-baby-pille-a-7d14fba9-0002-0001-0000-000046173287?context=issue,,3,1964,March,1339,9665,True,True,1964,1960s,1960-64
1964,17,52,1964-04-21,Briefe,Neue Welt,,"Ihr Automationsbericht sollte die vielen »Eierköpfe« in Westeuropa nicht nur zum Nachdenken, sondern auch zum Handeln bringen. Ulrum (Holland) D.H. WESTERHUIS Es ist an der Zeit, einmal darüber nachzudenken, wie wir aus der Sackgasse unseres »Fortschritts« herauskommen. Hamburg W. LATTEMANN Endlich ein Thema, das sich mit der Zukunft beschäftigt. In dem Artikel werden einige wunde Stellen unserer »Wohlstandsgesellschaft« aufgezeigt. Wer die Zukunft meistern will, muß die gesellschaftspolitische Gegenwart begreifen. Leider ist der Entpolitisierungsgrad schon so weit, daß ein Denken aus der Gegenwart in die Zukunft kaum vorhanden ist. Hannover FRED HABICHT Die endlose Aufführung der Automationsmöglichkeiten in allen möglichen Gebieten ist zwar interessant, aber von entscheidender Bedeutung sind die Folgerungen, die zu ziehen sind. Das kann und darf man nicht mit ein paar veralbernden Bemerkungen abtun. Es liegt ebenso im Interesse der Arbeitgeber wie der Arbeitnehmer, daß der nunmehr automatisch erzeugten Produktion die gleiche Konsumkraft gegenübersteht. Automaten kaufen weder Volkswagen noch Kekse, sie produzieren nur. Man wird den Grundgedanken jeder Technisierung voranstellen müssen: Erleichterung des menschlichen Lebens: Wir brauchen also eine grundlegende neue Sozialordnung, die imstande ist, die Automation zu verkraften. Braunschweig PAUL ROHS Die Phase der »Revolution der Maschine«, in der wir uns heute befinden, hat eine Geschichte, und wenn man Automation mit »Kontrolle von Maschinen durch Maschinen« übersetzt, so begann die heutige Malaise und damit auch das Wehgeschrei der Warner wohl mit dem Kugelregler, den James Watt mit seiner Dampfmaschine koppelte, womit er den Urvater der heutigen Automationsgeschädigten von seinem Hebel trieb. Wenn Sie nach eineinhalb Jahrhunderten Automation (in welcher Zeit schon seit langem die Familie so vollkommener Automaten wie der Flaschenblasmaschine und des Zündholzherstellers Millionen Mitmenschen von primitivster Arbeit befreite) im Jahre 1994 Ihrer Leserschaft nur ein Titelbild anbieten können, das Maschinenstürmer-Ressentiment, unreflektiertester Sorte propagiert, so verrät das nur, daß Ihr Titelgraphiker die Hauptprobleme der Automation nicht einmal ahnt. Hamburg FRITZ SCHNEIDER Der Fortschritt ist ewig. Kein Mensch kann ihn stoppen. Aber um Aufgaben, die uns im Strom des Fortschritts erwachsen, müssen wir besorgt sein, weil wir dafür in hohem Grade mitverantwortlich sind. Blinde Ausweitung der Automation müßte zu schweren Krisen und Katastrophen führen. Ein zügelschwaches oder gar zügelloses Spiel von sogenannten freien Kräften muß daher unterbleiben. Ulm (Donau) GEORG BLUM Während Sie in Ihrer Titelgeschichte ein trübes Bild über die Zukunftsaussichten durch die Automation zeichnen, verniedlicht ihr Herr Simoneit diese Gefahren in seinem Gespräch mit Herrn Friedrichs von der IG Metall. Ihre Titelgeschichte erzeugt praktisch eine Panikstimmung; dagegen Herr Simoneit: Bisher sei noch kein Anlaß zur Panik gewesen. Will er denn warten, bis Anlaß dazu besteht? Nürnberg HANS BENZINGER Völlig zu Recht weist Dr. Friedrichs darauf hin, daß nur mit einer »geplanten Wirtschaft« die Probleme der Automation und insbesondere die negativen sozialen Folgen für die Arbeiter gelöst werden können. Meines Erachtens erfordert das allerdings eine grundlegende Änderung der gegenwärtigen Wirtschaftspolitik. Sonst ist es nur noch eine Frage von wenigen Jahren, bis wir auch in der Bundesrepublik ein Millionenheer von Arbeitslosen aufzuweisen haben. Essen WERNER CIESLAK Furchterregend erscheinen die gesellschaftspolitischen Konsequenzen Ihres Berichts. Sie sprechen von dem »nahezu unbegrenzten Fortschrittsglauben« der Bundesbürger. Doch was wird davon übrigbleiben, wenn bei uns ähnlich bittere Erfahrungen gemacht werden wie in den USA? Könnte in diesem Fall eine moderne Automations-Stürmerei ein Ausweg sein? Wohl kaum. Hier zeigt sich in aller Deutlichkeit, daß mit Ziel - und Planlosigkeit, wie sie die Wirtschaftspolitik der Bundesregierung auszeichnen, nichts zu gewinnen, aber alles zu verlieren ist. Bottrop (Nordrh.-Westf.) HEINZ W. CZYMEK Der Notwendigkeitsnachweis der Gewerkschaften für Lohnerhöhungen und Arbeitszeitverkürzungen ist die Geburt der Automation und per Saldo die Vernichtung der Arbeitsplätze. Berlin CARL LORENZ Ohne Marx bis dahin gelesen zu haben, war mir schon in jungen Jahren geläufig, daß zum Zeitpunkt der Vollautomation totale Überproduktion und totale Arbeitslosigkeit herrschen müssen. Im Falle des Privateigentums an den Produktionsmitteln müßten die Menschen dann bei vollen Speichern verhungern; im Falle des Gemeineigentums würden alle ohne Arbeitsleistung satt. Backnang (Bad.-Württ.) HERMANN SCHIEFER Weder Herr Brenner noch Herr Rosenberg werden über die Auslassungen des Herrn Friedrichs reine Freude empfinden. Dem Leser bleiben der Schock und letztlich der Trost, daß Herr Friedrichs noch jung ist. Darmsheim (Bad.-Württ.) WERNER SCHMIDT Zu dem Photo auf Seite 44: Die im Original aus der Zeit vor der Jahrhundertwende stammende Nachbildung der Plastik eines Schöpfkelle und Lederschurz tragenden Gießlers auf der Kommode des elegant gekleideten Metallarbeiterchefs Brenner mutet, bei aller Wertschätzung des Künstlerischen, wie das Symbol eines von Furcht genährten, rückschrittlichen Wunschdenkens an, das auch das Antlitz des Bosses widerzuspiegeln scheint. Bad Oeynhausen HERBERT SCHMIDT Trotz des Umfanges waren die Ausführungen über die Automation unvollständig. Dieses Phänomen mit den sozialen und wirtschaftlichen Methoden einer Industriegesellschaft deuten und manipulieren zu wollen, ist unmöglich. Die Automation kann nicht als kontinuierliche Weiterentwicklung der Industrialisierung angesehen werden, sondern sie ist eine neue Qualität; wie der Übergang von der ständischen zur Industrie-Gesellschaft wirtschaftliche, soziale und geistige Umwälzungen gebracht hat, so wird auch die Automation neue Maßstäbe und Formen schaffen. Heilbronn AXEL HODOK Trotz Vollbeschäftigung und Hochkonjunktur bekommen heute schon Tausende von Arbeitern die Folgen der fortschreitenden Rationalisierung und Automation empfindlich zu spüren. Bei »Umsetzungen« in der Textilindustrie sind Lohneinbußen von 20 bis 80 Pfennig pro Stunde keine Seltenheit. Besonders bei älteren Arbeitnehmern wirkt sich das doppelt aus, denn sie erleiden durch den verringerten Verdienst im Alter dann noch beträchtliche Renteneinbußen. Deshalb hat die Gewerkschaft Textil-Bekleidung vor kurzem einen »Rationalisierungsvertrag« für die Arbeitnehmer der westfälischen Textilindustrie abgeschlossen. Ein von den Arbeitgebern finanzierter Ausgleichsfonds sorgt dafür, daß Arbeitnehmer, die durch Rationalisierungsmaßnahmen auf einen geringer entlohnten Arbeitsplatz versetzt werden, im Alter wenigstens keine Rentenminderung hinnehmen müssen. Das ist ein erster Schritt, die sozialen Folgen der Automation durch tarifliche Regelungen zu lindern. Selbstverständlich ist er kein Ersatz für umfassende Vorsorgemaßnahmen des Staates, ohne die uns die technische Entwicklung eines Tages recht unangenehme Überraschungen bescheren könnte. Düsseldorf HEINZ ESSLINGER Pressereferent der Gewerkschaft Textil-Bekleidung In Ihrer Titelgeschichte sprechen Sie ausdrücklich auch die Finanzbeamten an. Abgesehen davon, daß die Elektronengehirne entgegen Ihrer Behauptung nicht in der Lage sind, Einkommensteuer-Erklärungen selbst zu bearbeiten, wenn nicht zuvor ein fachkundiger Steuerbeamter die viel umfangreicheren Vorarbeiten geleistet hat, freuen Sie sich zu früh über einen Schwund der Finanzbeamten. Elektronengehirne vermögen zum Beispiel keine Bilanzen zu lesen oder sonstige Besteuerungsgrundlagen zu bearbeiten, sie können lediglich den Steuerbeamten die relativ wenig Zeit in Anspruch nehmenden Zuordnungs -, Rechen- und Schreibarbeiten abnehmen. Mit den Elektronengehirnen läßt sich deshalb auch die von uns grundsätzlich betriebene Arbeitsentlastung und Personalverminderung nicht erreichen. Düsseldorf H. FREDERSDORF Bundesvorsitzender des Bundes Deutscher Steuerbeamter Die Zahlen über die automatisierbaren Arbeitsplätze sind nicht von Fritz Sternberg »errechnet«, sondern sie sind in seinem 1957 erschienenen Buch »Die militärische und die industrielle Revolution« - und ebenso in anderen Publikationen von ihm über die Automation - deutlich gekennzeichnet als Zitat aus der englischen Zeitschrift »Economist« vom 28. Juli 1956. Außerdem heißt es im Anschluß an das Zitat aus dem »Economist« bei Sternberg ausdrücklich: »Wenn daher erklärt wird, man solle die Auswirkungen der Automatisierung auf den Arbeitsmarkt nicht überschätzen, denn sie träfe in einem viele Jahre andauernden Prozeß im Höchstfalle ein Fünftel der Beschäftigten, so wird gerade der entscheidende Punkt übersehen, daß diese Automatisierung, die ein Fünftel der Beschäftigten erfaßt, sekundäre Auswirkungen haben mag, die weit größer sein mögen als diese direkten. Mit der weiteren Automatisierung der Produktion können schwere Gefahren für die Wirtschafts - und Gesellschaftskörper der westlichen Welt verbunden sein; man soll sich über diese Gefahren nicht dadurch hinwegtäuschen, daß sie sich bisher noch nicht deutlich statistisch nachweisbar gezeigt haben.« München LUCINDE STERNBERG* Mag das arme Menschlein noch so stöhnen und verzweifelt aufbegehren gegen die Knute der Automation in der Industrie und am Arbeitsplatz, das Zeitalter der Roboter und Elektronengehirne ist unaufhaltsam im Vormarsch. Gadderbaum (Nordrh.-Westf.) B. TEMPLIN Was soll das Blab-bla-bla vom Arbeitslosenschreckgespenst? Die Zeit wird über Ihren Artikel hinweggehen, und nichts ändert sich - und wenn, dann bestimmt anders, als Sie es schrieben. Auch H. G. Wells hatte sich in seiner Zeitmaschine geirrt. Khartum (Sudan) HORST RINDFLEISCH Man wünscht, daß die Automation schon etwas weiter vorangekommen wäre, damit der Mangel an Personal endlich ein Ende hätte und die ausländischen Arbeitskräfte wieder in ihre Heimat zurück könnten. Eßlingen (Bad.-Württ) RUDOLF LANGHECK Durch die hohen Kriegsverluste ist der normale Altersaufbau der Bevölkerung gestört, so daß im Augenblick schon auf drei arbeitende Personen ein Pensionär kommt. Dieses Verhältnis wird sich in den nächsten zehn Jahren auf das Verhältnis zwei zu eins verschlechtern. Da die Produktion gesteigert werden muß und kaum anzunehmen ist, daß die Löhne stagnieren, geschweige sinken, gibt es nur einen Weg: Automation. Frankfurt KLAUS DIEDERICHS Nachdem die bundesdeutsche Volksschule als Schlußlicht westlicher Bildungspolitik ohnehin unseren Kindern nur einige Kulturtechniken der Jahrhundertwende mit dem Ziel vermittelt, sie als taugliche Häftlinge in die Produktionsgefängnisse der Wirtschaft zu entlassen, liefert Ihr längst notwendiger Artikel Herrn von Hassel noch nachträglich den Freibrief für seine Forderung: »Soldaten statt Lehrer!«. Hildesheim GÜNTER ROWOHLT In nächster Zeit werden wir es erleben, daß die Bahlsen-Waffelstraße nicht von einer Frau, sondern von Pentzlin selbst kontrolliert wird und daß die Familie Bahlsen das hergestellte Gebäck allein verzehren kann. Welch herrlichen Zeiten gehen wir entgegen - der Mensch ist überflüssig geworden. Wir bauen dann statt Wohnungen wieder Arbeitsämter, damit die Millionen Menschen betreut und registriert werden können. Frankfurt CARL VOGT Feine Zukunftsaussichten für den »freien Westen«. Die halbe Bevölkerung verhungert an vollen Tischen. Neustadt (Schleswig-Holst.) F. ZOBEL Nachdem ich Ihren Automationsartikel gelesen habe, sehe ich nur eine Möglichkeit, mein zukünftiges Leben zu fristen: als Clochard. Münster (Westf.) HERMANN FROESCH Mein Vorschlag: Der SPIEGEL möge sich doch auch, einen Roboter - beispielsweise für Schlagzeilen und Titelgeschichten - anschaffen. Stellen Sie sich vor, wenn dann im Falle eines Falles anstelle gewisser SPIEGEL-Leute »Kamerad Blech« sitzen müßte. Landshut (Bayern) LISELOTTE FRIEDRICH * Witwe des 1963 verstorbenen deutsch-amerikanischen Wirtschaftswissenschaftlers und Publizisten Fritz Sternberg. Automations -Titel Sternberg",https://www.spiegel.de/politik/neue-welt-a-d69f650d-0002-0001-0000-000046174440?context=issue,,4,1964,April,1607,12074,True,True,1964,1960s,1960-64
1964,18,62,1964-04-28,Briefe,Notstandsgebiet,,"Hätte nie gedacht, daß es im »Land der unbegrenzten Möglichkeiten«, im Land der Wolkenkratzer, der Weltraumfahrer, der Showgirls, des Überflusses an Millionären, Getreide, Mais und Fleisch einschließlich der Hähnchen, die wir Bundesdeutschen uns aufdrängen lassen, eine zum Himmel schreiende Armut gibt. Randersacker (Bay.) HERMANN WOLF Die für unsere Wirtschaft Verantwortlichen mögen sich anhand Ihres Artikels rechtzeitig Gedanken machen, daß auch bei uns durch Rationalisierung, Elektronik, Automation, durch bäuerlichen Strukturwandel, Schwund des gewerblichen Mittelstands und Handwerks sowie infolge Bildungsrückgangs bald ähnliche Zustände herrschen werden. Langenhagen (Nieders.) G. MAERLENDER Es hat schon seine Richtigkeit, wenn Sie über die »Armut in Amerika« schreiben, aber das gleiche können Sie im eigenen Land haben. Frankenthal (Pfalz) E. KOTZOTT Wer auf einer der 2000 Klitschen im niedersächsischen Zonengrenz-Kreis Lüchow lebt, kennt sich in ländlicher Armut aus. Trotzdem ist Ihr Bericht schockierend. Wie oft werden die Bauern aufgefordert, endlich mal amerikanische Verhältnisse zu studieren. Doch die Verhältnisse, sie sind nicht so. Hamburg GERHARD BORKIET Der SPIEGEL bleibt unter seinem Niveau, wenn er verschweigt, daß bereits Karl Marx für den Kapitalismus das Vorhandensein einer industriellen. Reservearmee als einen Bestandteil dieses, Systems gekennzeichnet hat. Das Arbeitslosen-Heer in USA ist nichts anderes. Straubing (Bay.) M. U. GEIGER Die Armut in den USA- ist ein Schandfleck auf der Visitenkarte des Kapitalismus. Mainz FRITZ KELLNER Selbst wenn es Präsident Johnson und seinen Nachfolgern gelänge, den »bedingungslosen Krieg gegen die Armut« im gewünschten Maße durchzuführen und »in jedem Jahr mindestens eine Million Amerikaner aus der Armut zu treiben«, erscheint es mehr denn fraglich, ob damit die jetzige Zahl von 38 Millionen Armen in den USA in etwa 30 Jahren auch nur annähernd verschwinden würde. Ohne Zweifel wird die fortschreitende Industrialisierung und Automation ungleich mehr Arbeitskräfte erwerbslos machen als neue Arbeitsplätze schaffen, wie die Erfahrungen der Nachkriegsjahre in den USA erwiesen haben. Nur tiefgreifende soziale Reformen vermögen diesen »Teufelskreis der Armut« zu durchbrechen, doch dazu werden die maßgebenden Kreise der USA sich kaum in absehbarer Zeit aufraffen können, weil diesen Reformen ein ebenso tiefgreifender Gesinnungswandel vorausgehen müßte, der kaum von Menschen zu erwarten ist, deren primäres Anliegen seit Generationen ein ungezügeltes Profitstreben ist. Neugablonz (Bay.) JOSEF DIETLEIN Es ist sicherlich verdienstvoll, wenn Sie das Thema der Armut in den USA als SPIEGEL-Geschichte aufgreifen. Selbstverständlich muß Ihnen wieder einmal eine sorgfältige Dokumentation bescheinigt werden. Doch neben den wirtschaftlichen Überlegungen, die Sie überzeugend darstellen, scheint mir das Politische von erheblicher Bedeutung. Denn irgendwann muß ja im soziologischen Raum von dieser Masse eine politische Wirksamkeit, und sei sie fürs erste noch so negativ, ausgehen. Garmisch-Partenkirchen ARTHUR KUNZE Und dann Milliarden Dollar Entwicklungshilfe? Göttingen DR. OTTO CARL SIEPMANN Wie wäre es mit einer Entwicklungshilfe für die USA aus den scheinbar unerschöpflichen deutschen Steuertaschen? Plochingen (Bad.-Württ.) P. ERNST Wir als amerikanische Studenten wissen es zu schätzen, wenn man über die Verhältnisse in unserer Heimat exakt berichtet. Da wir Ferienarbeit leisten müssen, können wir nur hoffen, daß Ihr Artikel keinen beschränkten Leserkreis findet, sondern sich unter das Volk verbreitet. Wir haben es wirklich satt, immer hören zu müssen: »Alle Amis sind reich.« Heidelberg PAUL D. MATHEWS Die ganze Grundlage Ihres Artikels beruht auf einer Fehlinformation: Die Kaufkraft eines Dollars entspricht nicht zwei Mark, sondern vier Mark. In manchen Fällen sogar bis zu sechs Mark. Die täglichen Nahrungsmittel: Butter, ein Pfund, kostet 80 Cents; ein Dutzend Eier kostet 60 Cents; ein Pfund bestes Filetsteak in New York 1,50 Dollar, in Deutschland von 7,50 Mark aufwärts. Diese Preise sind die teuersten in USA. Selbst bei den teuren Wohnungen in New York muß berücksichtigt werden, daß in jeder US-Wohnung, die vermietet wird, ein neuer Eisschrank, ein neuer Kochherd, Heizung und das heiße Wasser in der Miete mit einbegriffen sind. Telephon, in Deutschland Luxus, worauf man Jahre warten muß, wird in USA für zehn Dollar in zwei Tagen eingebaut, und die ersten 72 Anrufe innerhalb der Stadt sind völlig kostenlos (sollte man dem Stücklen erzählen). Die Grundgebühr beträgt ganze 6,33 Dollar. Bei Autos ist das Verhältnis noch höher als eins zu vier - ein Acht- Zylinder - Mittelklassewagen mit Radio und allem Komfort, etwa Mercury oder Pontiac, kostet um 3000 Dollar und keine Autosteuer. Nach ihrer »Kaufkraft-Umrechnung« müßte man in Deutschland ähnliches für nur 6000 Mark erhalten. Es kostet aber ein Sechs-Zylinder-Mercedes schon rund 13 000 Mark ohne Zubehör und Extras - was sich ein mittelmäßiger Angestellter erstens nie kaufen und zweitens der hohen Steuern und Benzinpreise wegen auch nie halten könnte! Diese »bundesdeutsche Mär« über das Wirtschaftswunderland, in dem die Kaufkraft der Mark die Hälfte der des Dollars betragen soll, hatte auch mich nach zwölfjährigem USA-Aufenthalt kürzlich wieder zurückgelockt. Berlin J. MODDELSEE Bezeichnend für die amerikanische Armut ist, was James Baldwin in seinem Buch »Nobody knows my name« anklagend über Harlem schreibt: »Jeder, der einmal gegen Armut gekämpft hat, weiß, wie ungeheuer teuer es ist, arm zu sein; und wenn man Mitglied einer gefangenen Gesellschaft ist, ökonomisch gesehen, dann sind einem die Füße einfach für immer auf die Tretmühle gebunden. Man ist in tausenderlei Weise ein Opfer - von Miete zum Beispiel oder Autoversicherung.« Dann zählt er auf: »Breitere TV-Schirme, getreuere Hi-fi-Musiktruhen, stärkere Wagen, alle diese Dinge, die eher veraltet als bezahlt sind.« Dieses Paradoxon ist leider wahr: Die Armut hierzulande ist so verhältnismäßig groß, weil sie so teuer ist. Fielen die Armen weniger auf Verkaufstricks herein und achteten sie mehr auf die Erkenntnisse der Geburtenkontrolle - der Krieg gegen die Armut könnte zum Scharmützel werden. New York VOLKER HENCKEL Long Beach (Cal.) Press Telegram »Bedingungsloser Krieg« USA-Titel",https://www.spiegel.de/politik/notstandsgebiet-a-ad473f66-0002-0001-0000-000046174514?context=issue,,4,1964,April,905,6338,True,True,1964,1960s,1960-64
1964,33,45,1964-08-11,Briefe,Der Hässliche Deutsche,,"Mein Kompliment zu dieser Titelgeschichte. Sie greifen damit ein Thema auf, das wohl alle Deutschen, die längere Zeit im Ausland tätig sind oder waren, beschäftigt. Ihre Darstellung des Verhältnisses unserer Nachbarvölker zu uns Deutschen als Nation ist so erfreulich ausgewogen, sachlich und wahr. Die Kenntnis dieser Zusammenhänge tut bitter not, man liegt sonst bei jedem Gespräch mit Ausländern falsch. Stuttgart ROLAND ULMER Wie kann man sich nur in dem schmutzigen Pfuhl, den ekelhafte ausländische Schwätzer Ihrer Nation ganz bewußt bereiten, so genußvoll wälzen? Mehr Haltung! Birsfelden (Schweiz) WERNER BRASSEL Warum versuchen Sie immer wieder zu beweisen, welch unsympathischer, brutaler Mensch der Deutsche ist? Diese Schwelgerei in Selbstanschuldigungen und -erkenntnissen hängt einem langsam zum Halse heraus. Steinhausen (Schweiz) HEDY NEES Was soll eigentlich der ganze Quatsch? Glauben Sie, es gibt nicht genauso viele abfällige Äußerungen berühmter Leute über die Engländer und Franzosen? Hohenschäftlarn (Bay.) OTTO MOSER »Der häßliche Deutsche«, das soll wohl »der deutsche Michel« sein. Warum nicht eine bessere Deutung des »deutschen Michels«, und zwar die, die bestimmt wirklichkeitsnäher ist: »Der deutsche Michel« war ein Reiterobrist und hieß Hans-Michael Obentraut. Er führte während, des Dreißigjährigen Krieges Unionstruppen und schlug sich tapfer. Er fiel 1625. »Der deutsche Michel«, so hieß er bis zum Tode. Seit 1840 gilt diese tapfere Gestalt als Bauernbursche mit Zipfelmütze und Kniehosen. Er ist bis heute beliebter Gegenstand politischer Witze und Karikaturen. Dies zu Erläuterung für die, die es nicht wußten. Denn so, wie der »deutsche Michel« heute dargestellt wird, war er nie. Die »Schlafmütze« haben wir ihm erst aufgesetzt. Und wenn das symbolisch sein sollte für uns Deutsche, dann setzen wir ihm lieber wieder einen Helm auf: Denn wir schlafen nicht, sondern wir sind hellwach. Niedermarsberg WALTRAUD DETTENBERG Wenn auch äußerlich der Deutsche heute zuviel »Chrom und Nerz« besitzt, so muß der SPIEGEL für sich selbst doch lobend anerkennen, daß es ihm im Bunde mit der einheitlich ausgerichteten Nachkriegspresse besser Nachkriegspropaganda - gelungen ist, dem Deutschen das »Sack und Asche«-Bewußtsein in kurzer Zeit nahegebracht zu haben. Berlin G. TOMSKI Wenn Georg Wolff sich also in die Reihen jener eingliederte, die (mit seinen Worten) »permanente Germanistik« betreiben und als Ergebnis dem SPIEGEL-Leser in aller Welt als Deutscher den »häßlichen Deutschen« mit gründlichsten historischen Nachweisen vorstellt, dann ist das wirklich gelungen. Was hier publizistisch serviert wird, hat viel Zusammenhang mit der Altmeier -Verbeugung vor General Koenig 1948 und der Polizisten-Verbeugung vor General de Gaulle 1962. Wien LEOPOLD LETTOWSKY Vielleicht um die Kontakte der zahllosen Bundesbürger mit der Bevölkerung ihrer Reiseländer zu »erleichtern«, gab der SPIEGEL im Reisemonat Juli eine Sondernummer über den »häßlichen Deutschen« heraus. An allen Kiosken in Paris, London, Kopenhagen, Zürich, Rom und so weiter können die bundesdeutschen Reisenden nun sehen, wie häßlich »sie« sind - und die vielen Ausländer; die in diesen Wochen Deutschland besuchen, sind gewarnt vor den »qualligen«, »unberechenbaren« Deutschen. Riederalp (Schweiz) H. SCHUMANN Ich wohne 60 Jahre in Oldenburg. Bin hier geboren. Wenn Sie mich fragen, was der »Oldenburger« für ein Mensch ist, so muß ich antworten: Dazu bin ich noch nicht lange genug hier. Wenn aber ein Journalist oder Politiker, für 14 Tage in Deutschland war, dann kennt er ganz genau »die Deutschen«. Und Sie schreiben das noch. Oldenburg FRED LANGEN Als Deutschlehrerin im Ausland verfolge ich seit geraumer Zeit Ihre -Aktivität, als, vermeintliche Warner der Deutschen Bundesrepublik ununterbrochen, sensationell nur und ausschließlich ihre negativen, nie ihre guten Seiten aufzuzeigen. In Ihrem Artikel stellen Sie typischerweise sehr vollständig die schlechten Meinungen der Welt über die Deutschen zusammen, so als ob wieder einmal nur die Deutschen so minderwertig seien ... die Redaktion des SPIEGEL natürlich ausgenommen. Es ist kaum etwas Neues dabei, alles sehr alte Behauptungen, die nun selbstverständlich wieder im Auslande gelesen, abgedruckt, besprochen und als Tatsachen geglaubt werden. Lörrach ELIZABETH M. MAYER Zu begrüßen wäre die Erweiterung Ihrer Reportage vom häßlichen Deutschen zum Buch. Dann sollten noch einige Gesichtspunkte weiter herausgearbeitet werden. So die Frage nach Ansatzpunkten zu einer versöhnlichen Überwindung gehässiger Deutschenfeindschaft in dem ausländischen Deutschlandbild. Als Frage zum Beispiel, inwiefern diese bedingt ist durch Krieg und Kriegslügen. Bismarck zufolge wird am meisten gelogen: vor Wahlen, während des Krieges und nach der Jagd. München PROFESSOR DR. JUR. H. ROGGE Seit fast zwölf Jahren in verschiedenen Ländern wie der Schweiz, Dänemark, Schweden und England (wo ich seit fast vier Jahren als College Lecturer tätig bin) habe ich die Beobachtung gemacht, daß gerade in den neutralen Ländern der Haß auf die »häßlichen Deutschen« am größten ist. Wie oft bin ich in der Schweiz und in Schweden ein verfluchter Deutscher genannt worden, hier in England dagegen ist das noch nie vorgekommen. Ich habe in den vier Jahren hier in England nur gute Erfahrungen gemacht, ich könnte mir keine besseren Kollegen oder Freunde vorstellen. Bournemouth (England) W. BODE Auf das Report »Der häßliche Deutsche« möchte ich das Folgende aufmerken: - Der schönste Film, und einziger der noch Wert had, in dem Erich von Stroheim gespielt had, ist »La Grande Illusion« von Renoir mit Pierre Fresnay. In diesem Film hatte von Stroheim die Rolle eines preußischen Offiziers, aber nicht Brutales, wie sie behaupten. - »Schadenfroh« Übersetzung in Niederländisch: »Met leedvermaak«. - Die größte Biertrinker in die Welt pro Einwohner sind die Belgier. Entschuldigen Sie bitte mein schlechtes Deutsch! Hoogachtend. Gent (Belgien) A. BOULANGER Ihre Behauptung, daß die Deutschen als einziges Volk der Welt die Worte »schadenfroh« und »gemütlich« kennen, ist falsch. Die ungarische Sprache kennt sie in haargenau derselben Bedeutung: Kárörvendö für schadenfroh und Kedélvesség für Gemütlichkeit. Düsseldorf ANDREAS BÀRDES-FÈLTORANY In Ihrer Rangliste der US-amerikanischen Deutschenhasser setzen Sie, auf Recherchen von Klaus Epstein fußend, die Juden obenan. Der Schluß liegt nahe, daß sie für das Deutschlandbild aller Amerikaner verantwortlich sind, zumal sie doch die Presse beherrschen und mit Wall Street und den Freimaurern verbündet sind. Die Juden sind an allem schuld, wird Herr Michel logisch folgern. Ich würde sagen, daß von Haß gegenüber den Deutschen nicht die Rede sein kann. Man haßt die Nazis, nicht die Deutschen. Solange aber NS-Rechtswahrer auf Ministersesseln sitzen, Bücherverbrenner Ordinariate innehaben und SS-Männer zur Wahrung kultureller Belange nach USA abkommandiert werden, solange werden deutsch und Nazi in vielen Augen Synonyme bleiben. New York - JOSEPH P. BAUKE Diese beziehungsvergiftenden Beiträge unserer »lieben Nachbarn« zur Verbildlichung des Durchschnittsdeutschen - die nur zur Reisesaison unterbrochen werden, wenn selbiger Devisen bringt - sind einmal wieder Beweis dafür, daß die haßvolle Greuelpropaganda aus den Zeiten Napoleons III, Wilsons und Clemenceaus und die schon traditionelle Abneigung im Ausland gegen die Bewohner des Landes »zwischen Maas und Memel« noch tief verwurzelt sind; darüber kann kein Bündnis und keine freundschaftliche Umarmung der Staats-Regierungschefs hinwegtäuschen. Lüneburg TIBOR M. RIDEGH Leider hast Du einen hervorragenden Tiefenpsychologen des deutschen Seelenwesens nur im Bild, nicht im Wort vorgestellt. So sei es denn nachgeholt: »Und umgekehrt Deutschland? Wie beunruhigt es uns in seiner Naturkraft, dieses Bündel heftiger, widerstreitender Triebe. Zum Künstler geboren und doch ohne Geschmack, voll hochstehender Technik bei mittelalterlicher Rückständigkeit, musterhaft in seinem Familienleben und doch kriegerisch in seinen Taten. Da finden sich Gaststätten, prunkhaft wie Tempel, öde Fabriken in lauschige Wälder gebettet, gotische Paläste als Stätten für bescheidensten Gebrauch. Unterdrücker sind diese Deutschen und betteln doch um Liebe, streben uneinig auseinander und gehorchen dabei aufs Wort, auf einen Wink mit dem Auge, Ritter sind sie der roten Rose und zugleich abstoßende Bierbäuche; lyrische Dichter sind sie in der Frühe, romantisch am Mittag, kriegerisch am Abend. Sie sind ein Ozean von berauschender Gewalt, aber auch voll tückischer Falschheit. (Oberstleutnant Charles de Gaulle in seiner im Jahre 1934 erschienenen Studie »Vers l'armée de metier«; in deutscher Sprache: »Frankreichs Stoßarmee«, 1935 herausgegeben vom Voggenreiter-Verlag, Potsdam.) Neu-Delhi DR. FRIEDRICH BEERMANN Oberst i. G. und Militär-Attaché an der Deutschen Botschaft Nirgendwo finden die »Maden in Germany« Ruhe vor Ihnen. Schämen Sie sich eigentlich nicht vor unseren großen Deutschen wie Himmler, Kaltenbrunner, Kaduk und Skorzeny? Einer davon ist sogar 1,95 Meter groß. Und unsere markige korpsstudentische Elite, die die Weisheit der Welt wirklich und wahrhaftig »in Maßen« zu sich nimmt, sagt Ihnen wohl auch nichts, was? Möge Wotan mit seinen Pleite-Raben Ihre ganze Redaktion holen. Hückeswagen (Ndrh.-Westf.) E. DITTRICH Dein häßlicher Michel hat mich um eine schlaflose Nacht gebracht, am nächsten Morgen aber - da hab' ich gelacht und still gedacht: »Ja, ja, Herr Wolff, sie haben alle recht, der Deutsche ist erbärmlich schlecht, ein jeder ist ein Bösewicht ... nur Sie und ich - wir beide nicht!« Essen MARGRET HEMING So stehst du also, Landsmann, im SPIEGEL des Zweiten Wandels o Deutscher, o Deutscher hat sich's um dich ge-wandelt man hat dich falsch be-handelt als man mit dir ver-handelt da hast du dich ver-wandelt michel wurdest herr super-michel eine ganz neue front man endlich zeigen konnt jetzt wirst du nicht be-handelt jetzt wirst du ab-gehandelt. Grünberg (Hessen) HANNELORE IWANOCZUK O Spieglein von der Waterkant, du malst »den Deutschen« an die Wand, wie ihn die schönen Nachbarn sehn, mal kerngesund, mal schizophren. Mal ist er Heide, manchmal Christ, meist Landsknecht-, wenig Zivilist, Nord-Abstinenzler Bayern-Säufer, Sauerkrautfresser Schlachtenläufer. Links ist er schlampig, rechtens chic, meist gönnt er anderen kein Glück, spielt sich als Dichter auf und Denker, ist aber Richter und nur Henker. Doch keiner will auf ihn verzichten, um Kommunisten zu vernichten. Hätt' man »den Deutschen« nicht gebraucht, er wäre nie mehr aufgetaucht. Lambrecht (Rhld.-Pfalz) LUDWIG KRATZ SPIEGEL-Titel Obrist Obentraut Rogge Beermann de Gaulle",https://www.spiegel.de/politik/der-haessliche-deutsche-a-e36876d9-0002-0001-0000-000046174868?context=issue,,8,1964,August,1539,10700,True,True,1964,1960s,1960-64
1964,33,49,1964-08-11,Briefe,Lehrermangel,,"Zu Ihrer Leseranalyse folgende Begebenheit. In meinem Urlaub wollte ich in einer niedersächsischen Großgemeinde den SPIEGEL kaufen. Ich konnte keinen SPIEGEL erhalten; Begründung: »Jetzt in den Ferien sind die Lehrer alle verreist, und da lohnt es sich nicht, den SPIEGEL vorrätig zu halten.« Also haben Ihre IBM-Maschinen eine richtige Analyse gegeben. Bremen OTTO HERRNFELD",https://www.spiegel.de/politik/lehrermangel-a-84c23b25-0002-0001-0000-000046174875?context=issue,,8,1964,August,54,375,True,True,1964,1960s,1960-64
1964,35,19,1964-08-25,Briefe ohne Datum,,['Kanzler-Urlaub'],"Tegernsee-Urlauber Ludwig Erhard ist aus mönchischer Abgeschiedenheit in den Schoß der Familie zurückgekehrt. Am Freitag letzter Woche um 18 Uhr entließ ihn die Chefärztin Dr. Ingeborg Ansorge aus dem Alpensanatorium von Bad Wiessee zur Heimkehr in den Ferienbungalow überm Finsterwald - zu Frau Lu, Tochter und Enkeln. Erfolgsregister der dreiwöchigen Kanzlerkur: zwölf Pfund Gewichtsabnahme, von 89 auf 83 Kilo (Körpergröße laut Militärmaß 176 Zentimeter), Gesichtshaut gestrafft (allerdings kaum gebräunt, weil der Patient kein Sonnenbader ist und - obwohl passionierter Schwimmer - keine Gelegenheit fand, ins Wasser zu steigen), Gang federnd und verjüngt. Ludwig Erhards Rückkehr ins häusliche Familienregiment bedeutete indes noch nicht die Rückkehr ins Bonner Kanzlerpalais. Vom strapaziösen Regieren der Bundesrepublik Deutschland schirmt ihn Freund Ludger Westrick für weitere 14 Tage Urlaub ab. In den drei Sanatoriumswochen seines Chefs arrangierte Kanzleramts-Chef Westrick die erholsame Isolierung so strikt, daß Erhard > trotz Vietnam- und Zypernkrise und Bundesbahn-Tarifalarm keinen einzigen Besucher zu politischen Gesprächen empfing, > mit keinem Bonner Minister - außer mit Platzhalter Westrick - auch nur telephonisch in Verbindung trat, > überhaupt nur wenige Bekannte zu einem Shake-hands-Treffen vorließ, wie den Berliner CDU-Abgeordneten Johann. Baptist Gradl, der zufällig am Tegernsee Urlaub machte. So konsequent Erhard während seiner ersten großen Kanzlerferien diese klösterliche Weltenferne durchhielt, so diszipliniert unterwarf er sich auch seit Anfang August den strengen Riten der Kur im Rudolf August Oetker gehörenden Sanatorium in Bad Wiessee, obschon keine Leiden, sondern allein die Veranlagung zur Dickleibigkeit solche Enthaltsamkeit gebot. Dem hochgestellten Kurgast war eine salzlose Hungerkost verordnet: zum Frühstück dünn bestrichenes Knäckebrot ohne Ei, mittags beispielsweise ungewürztes Kalbsragout mit Reis, zum Abendbrot getrocknete Pflaumen und anderes Backobst. Trotz Magengrimmens vom frühen Morgen an zwang sich der Entfettungs-Kurgast dazu, mürrische Stimmungen niederzuhalten. Geduldig ließ er in der Frühe kraftzehrende Bäder und Massagen über sich ergehen, suchte freilich nach Ausreden, wenn pflichteifriges Pflegepersonal ihn ermahnte, auch noch den obligatorischen Spaziergang daranzuhängen. Lieber flüchtete der laufscheue Patient dann gleich in sein abgelegenes Einzelzimmer im ersten Stock eines Klinik-Seitentraktes, vor dessen Zugang Tag und Nacht ein Leibgardist der Bonner Sicherungsgruppe Wache hielt. Auch das Gelände um Erhards Bungalow haben die Kanzlerschützer strikt abgeriegelt. Am Zufahrtsweg zu seinem Grundstück, wo vor einem Jahr noch Touristenscharen bis zur Haustür heranschwärmen konnten, steht jetzt schon unten auf der Straße nach Finsterwald ein blauer VW 1200 mit weißbemütztem bayrischem Gendarmen auf Außenposten. In einiger Entfernung im Wald ist ein ausgedienter HQU-Befehlsbus aus Nato-Beständen als Wachzentrale ausgebaut. Die diensttuenden Männer der Sicherungsgruppe nennen ihn aus klimatischen Gründen »Druckkammer«. Derart geschützt vor feindlichen Anschlägen, vertrieb sich Erhard seine freie Zeit - im Adenauer-Stil - mit Schmökern von Kriminalromanen, vor allem von Agatha Christie und Edgar Wallace, hörte nebenbei unterhaltsame Rundfunksendungen ab und wartete jeden Abend begierig auf die Tagesschau des Deutschen Fernsehens. Nur für zweierlei Zweck benutzte Erhard in den letzten drei Wochen den Vorwand dienstlicher Verpflichtungen, um die Gefangenschaft des Sanatoriums zu unterbrechen: Wenn ihm der kriminalistische Lesestoff ausgegangen war, besorgte er sich selber Nachschub aus der nächsten Buchhandlung; wenn er das quälende Arzt-Gebot, täglich höchstens zwei: Zigarren zu rauchen, nicht mehr einzuhalten vermochte, fuhr er die zehn Auto-Minuten - nach Hause, um eine »Baron-Keyserlingk« zu qualmen. Allerdings, gab es noch tägliche Kur -Unterbrechungen anderer Art, die freilich durch eine sorgsame Regie so schonend wie möglich hinter Sanatoriumsmauern vonstatten gingen: Ganz konnte Westrick seinen Kanzler nicht von der Last des Regierens befreien. Jeden Vormittag pünktlich um 11 Uhr fand sich Erhards persönlicher Referent, Ministerialdirigent Dankmar Seibt, in Wiessee zum Vortrag über jene Dienstvorgänge ein, die Westricks Schutzfilter zwecks allerhöchster Entscheidung passiert hatten. Seit Anfang August läuft der Kanzlerzügel durch dieses enge Nadelöhr: > Im improvisierten Ferienbüro Erhards am Tegernsee werden dein Kanzleradjutanten Seibt allmorgendlich von Minister Westrick per Telephon alle Fragen zugesprochen, über die Erhard unterrichtet sein oder selber entscheiden muß; > das Ergebnis seines, Vortrags beim Kanzler übermittelt Seibt nachmittags auf demselben Wege - nach normaler Durchwahl über Bonner Vorwählnummer - an Westrick ins Palais Schaumburg; > besonders wichtige Angelegenheiten, auf die Erhard von seinem Referenten vorbereitet wird, bespricht Westrick nachmittags selbst am Telephon mit dem Kanzler (diese Ferngespräche werden so kurz wie möglich gehalten, denn Erhard telephoniert nicht gern); > anfallende Schreiben, die Westrick nicht selbst erledigen oder nicht zur Unterschrift durch den Kanzler fertig formulieren kann, diktiert Erhard von 17 bis 18 Uhr seiner Urlaubssekretärin, Fräulein Bilda, ins Stenogramm. Ansonsten verläuft der Urlaubsdienst des Bonner Kanzlers eher im Stil eines Kleinstaatfürsten des vorigen Jahrhunderts als im Tempo der modernsten Industrienation Europas, zu dem Erhards Wirtschaftswunder einst den Anstoß gab. Besonderer Aufwand ist im »deutschen Cadenabbia« verpönt. Erhards Arbeitsstab (Kanzleradjutant, Sekretärin und zwei Fernschreibkräfte), der sich am Telephon unter dem schlichten Decknamen »Büro Tegernsee« meldet, ist in dem Drei-Zimmer-Appartement Nr. 105, Haus 17, der Treuwobau »Parksiedlung« in Gmund untergebracht, am Fuße des Ackerberges, auf dem der Kanzlerbungalow steht. Fernsprechteilnehmer Erhard ließ kurzerhand seine private Telephonnummer auf das Büro umschalten und mit mehreren Nebenanschlüssen versehen, von denen einer jetzt in seinem Hause endet. Die ländliche Technik der Kabelverlegung führte freilich dazu, daß die Verbindungen nach jedem kleineren Gewitter zu Bruch gehen und die Fernverständigung generell äußerst lautschwach ist. In weitem Umkreis um den dünnwandigen Siedlungsbau sind alle Staatsgeheimnisse zu hören, die mit großem Stimmaufwand der Telephonmuschel anvertraut werden. Zwar wurden für den Austausch dringlicher Schriftsätze Fernschreibanlagen installiert (blaues Verbotsschild: »Kein Zutritt""), über die geheime Texte verschlüsselt durchgetickt und empfangen werden. Aber der größte Teil des Schriftwechsels zwischen dem Bonner Palais Schaumburg und seiner Urlaubs-Außenstelle Tegernsee kommt und geht täglich mit der gewöhnlichen Post. In Briefen, die in Bonn auf großlettriger »Führerschreibmaschine« zur Unterschrift durch den Kanzler getippt werden, bleibt das Datum offen; es wird erst eingesetzt, wenn sie nach oft dreitägiger Postlaufzeit vom Tegernsee zurückkommen. Einen Ferien-Kurier hat Kanzler Erhard erst ein einziges Mal beschäftigt: Es war im Osterurlaub, als ein so großer Stapel geheimen Materials in Bonn zusammengekommen war, daß Durchgabe über Fernschreiber mit Ver- und Entschlüsselung zu umständlich gewesen wäre. Doch auch dieser Sonderbote reiste nicht mit Eilflugzeug herbei, sondern mit dem fahrplanmäßigen Nachtzug. Von den täglichen Kabeln der wichtigsten deutschen Auslandsmissionen bekommt Erhard nur ein Urlaubssortiment serviert. Jetzt, nach Entlassung aus der Kurklausur, fährt der Kanzler oft von seinem Haus hinunter ins Siedlungsbüro, um zu diktieren und zu telephonieren. Wenn Frau Lu Kaffee-Besuch hat, verschont er sie vor Dienstgesprächen am Hausapparat. Die Mappen mit wichtigen Zeitungsauszügen, die das Bundespresseamt täglich für den Regierungschef zusammenstellt, gelangen - ebenfalls auf einfachem Postweg - stets erst mit einem Tag Verspätung auf Erhards Urlaubstisch, so wie bei anderen Ferienfahrern die Heimatzeitung. Nur die Kurzinformation über die wichtigsten Schlagzeilen der Weltpresse gehen über Fernschreiben. Aktuell informiert sich Ludwig Erhard wie der deutsche Normalbürger durch die Morgenlektüre von »Welt«, »FAZ« und »Süddeutscher Zeitung«; jeden Montag liest er den SPIEGEL. Mit der unerschütterlichen Ferienruhe des deutschen Normalbürgers hat Kanzler Erhard auch die Vietnam-Krise überstanden. Präsident Johnsons persönliches Schreiben ließ er den US-Botschafter McGhee bei Minister Westrick abgeben und antwortete telegraphisch. Über McGhees Blitzbesuch bei Außenminister Schröder auf Sylt ließ sich Erhard am Telephon vom AA-Chef nicht direkt berichten, sondern ebenfalls über die Zwischenstelle Westrick. Der erste Einbruch in Ludwig Erhards Ferienreservat gelang den Amerikanern erst 12 Tage später. Am Dienstag letzter Woche konzertierten bei aufziehendem August-Gewitter auf dem Rasen vor Erhards Bungalow-Terrasse über dem Tegernsee die »Russ Allen's Downbeats«, die Jazzband einer Oberschule in Michigan. Die 18jährigen amerikanischen Austauschschüler, auf der Ferienreise durch Europa, hatten so lange gedrängt, bis der deutsche Wirtschaftswundermann ihnen zu Gefallen für eine knappe Stunde seine Kur unterbrach. Sie begannen ihr Freiluftprogramm mit dem Klage-Song »Du hast mich enttäuscht« und endeten mit dem »Schlachtlied für die Republik«. Musikfreund Erhard klatschte väterlich. Er wußte noch nicht, daß ihm schon tags darauf der nächste amerikanische Angriff auf seine Urlaubsruhe bevorstand. Am Mittwoch teilte die Bonner US -Botschaft im Palais Schaumburg mit, daß Präsident Johnsons Sonderbeauftragter Cabot Lodge, der in den Hauptstädten der europäischen Verbündeten über Hintergründe und Ziele der US -Politik in Vietnam berichtet, beim Abstecher in die Bundesrepublik Kanzler Erhard selber sprechen möchte. Ludger Westricks Kanzlerschutz funktionierte diesmal nicht: Westrick hatte angeregt, daß er selbst zusammen mit Schröders Vertreter Staatssekretär Lahr und Verteidigungsminister von Hassel den Lodge-Rapport in Bonn entgegennehme; aber die Amerikaner gaben sich damit nicht zufrieden. Widerstrebend willigte schließlich auch Erhard ein. Als Auftakt seiner Nachkur im eigenen Haus wird er am Dienstag dieser Woche um 11.30 Uhr Sonderbotschafter Lodge zum ersten politischen Arbeitsgespräch seines Tegernsee-Urlaubs empfangen. Urlauber Erhard, Schüler-Kapelle aus Michigan: »Schlachtlied für die Republik« Erhard-Suite im Alpensanatorium*, Befehlsbus der Sicherungsgruppe am Tegernsee: Einzige Urlaubsgäste... Erhard-Besucher Lodge ... reisende Amerikaner Erhard-Platzhalter Westrick Abschirmung des Kanzlers * Im ersten Stock.",https://www.spiegel.de/politik/briefe-ohne-datum-a-2b918494-0002-0001-0000-000046175082?context=issue,,8,1964,August,1414,10754,True,True,1964,1960s,1960-64
1965,4,2,1965-01-19,Datum: 18. 1. 1965 Leserbriefe,,['Hausmitteilung'],"Datum: 18. 1. 1965 Betr.: Leserbriefe Woche für Woche stellt SPIEGEL-Redakteur Dr. Karl Poerschke einen »Leserbriefspiegel« über die eingegangenen Leserbriefe zusammen und sendet ihn in 46 Kopien an Redaktionsressorts, auswärtige SPIEGEL-Redaktionen, Korrespondenten und interessierte Verlagsabteilungen. Die Leser-Resonanz auf jeden einzelnen SPIEGEL-Artikel ist darin nach Anzahl und Inhalt der Stellungnahmen ausgewertet; auch über Anzahl und Inhalt derjenigen Briefe, die sich nicht auf SPIEGEL -Veröffentlichungen beziehen, wird Übersicht gegeben. Kein Redakteur bleibt im unklaren darüber, welche ablehnenden und zustimmenden Äusserungen, welche sachlichen Bestätigungen, Zweifel oder zusätzlichen Hinweise zu seinen Artikeln eingegangen sind. Wenn es für Zeitschriften eine Gefahr sein sollte, dass die Redaktion zuweilen im luftleeren Raum arbeitet und nicht unter spürbarer Kontrolle des Publikums, wie zumal der Lokaljournalist in der Tagespresse, so bannt im SPIEGEL Dr. Poerschke diese Gefahr durch seinen »Leserbriefspiegel«. Was für den Lokalredakteur der Anruf des Städtischen Markt- und Messeamtes ist, wenn er das Datum des Herbstmarktes falsch geschrieben hat, das ist für den SPIEGEL-Redakteur, der Postfach« aus dem Spanischen als vermeintlichen Strassennamen übertragen hat, Dr. Poerschkes wöchentliches Memento. Unter die Statistiken des Jahres 1964 konnte Dr. Poerschke nun den Schlußstrich ziehen: Seine Abteilung erhielt 22 344 Leserbriefe. 11 403 bezogen sich auf SPIEGEL-Artikel, 10 941 hatten anderweitigen Inhalt. Als einzelner Beitrag überragt die Hitler-Serie von Professor Percy Ernst Schramm mit 685 Zuschriften alle anderen Beiträge mit Abstand. Zu sieben weiteren Beiträgen wurden mehr als je 200 Zuschriften registriert, sämtlich Titel-Themen. Nach der Anzahl der Briefeingänge geordnet, waren es: Der Erste Weltkrieg, die Brüder in Bayern, das deutsche Abitur, Hoggan mit seinen Schuldthesen zum Zweiten Weltkrieg, die Todesstrafe, die Kirchensteuer und der hässliche Deutsche. Aus dem emotionalen Widerhall könnte der Massenpsychologe herauslesen, dass die Deutschen vor allem mit Selbstrechtfertigung oder Selbstzerfleischung wegen Hitlers, der Kriege und des eigenen National- bzw. Volkscharakters, mit kollektiven Rachegelüsten, mit ihrer persönlichen Bildungsgeltung und mit ihrem Steuer-Ärger beschäftigt sind. Denn immerhin ist beachtenswert, dass ja auch Heye und die Telephonkosten, Auschwitz- und Euthanasieprozesse, die Bundespräsidentenwahl, Raucherkrebs, Geburtenkontrolle durch Pillen, der Fall des Frauenarztes Dr. Dohrn und der Sturz des Vertriebenenministers Dr. Krüger, die Automation und die Freizeit Themen des Jahres 1964 waren. Für Dr. Poerschke, einen schweigsamen Meditator, dem das Goldene Verwundetenabzeichen schliesslich nicht über das Schicksal eines oberschenkelamputierten Kriegs-Unteroffiziers hinweghelfen kann, haben die Probleme der Publikums-Resonanz gleichwohl eine andere Dimension: Unter seiner Verantwortung mussten die 22 344 Leserbriefe einzeln beantwortet werden. Dr. Poerschke",https://www.spiegel.de/politik/datum-18-1-1965-leserbriefe-a-47df793f-0002-0001-0000-000046169128?context=issue,,1,1965,January,391,3057,True,True,1965,1960s,1965-69
1965,24,58,1965-06-08,Briefe,Soll Und Haben,,"Der von Ihnen veröffentlichte Aufsatz des »Stellvertreter«-Autors Rolf Hochhuth über das Thema »Der Klassenkampf ist nicht zu Ende« ist großartig. Bravo, Herr Hochhuth. Krefeld HERBERT LEMPFERT Der Artikel erschreckt durch die demagogische Schau eines recht verengten Blickfeldes. Köln ALFRED STÄMPFLI Hochhuth meine höchste Anerkennung. Selten hat mich ein Artikel so gefreut. Bad Reichenhall KARL SCHEFFLER Es ist wirklich sehr bedauerlich, daß soviel Unvernünftiges und Falsches von einem Mann wie Hochhuth in einer Form geschrieben wird, die sicher eine gewisse Zahl von Lesern sehr fasziniert. Neckarzimmern (Bad.-Württ.) DR. BURKHARDT FREIHERR VON GEMMINGEN Endlich ein westdeutscher Schriftsteller, der dieses egoistische Wirtschaftssystem schonungslos ausleuchtet! Bremen K. KOSTELIDIS Sein Debüt als zorniger junger Karl-Marx-Epigone ist miserabel. Bonn A. HAWLINA Herr Hochhuth hat dem größten Teil des Volkes aus der Seele gesprochen. Hamburg LOTHAR WÜLFKEN Der »Sozialkritiker« Hochhuth ist noch viel zu jung, um soziale Fragen und Verhältnisse richtig beurteilen zu können. Kassel FRITZ SCHMIDT Hochhuth wieder bissig, aber wahr und treffend. Heessen (Nordrh.-Westf.) E. STOLLER Nur Destruktion. Köln HEINZ SCMITTEN Der Aufsatz von Hochhuth, dieser erbarmungslose Abgesang der Adenauer-Epoche, ist das beste, was ich je im SPIEGEL gelesen habe. Pinneberg (Schleswig-Holstein) DR. KARL JOHNSON Das ist einer der schwächsten SPIEGELBeiträge seit Jahren. Es fällt mir schwer, an die Identität des »Stellvertreter«-Autors mit dem Verfasser dieses erbärmlichen Artikels zu glauben. München WOLFGANG RATJEN Für den Hochhuth-Artikel möchte ich Ihnen danken, zumal man bisher wegen des beträchtlichen Anzeigengeschäfts die Unabhängigkeit des SPIEGEL in dieser Beziehung bezweifeln konnte. Lippborg (Nrdrh.-Westf.) F. TENTROP Es war sehr nützlich, den Beitrag von Herrn Hochhuth in dem Rowohlt-Taschenbuch »Plädoyer für eine neue Regierung« auch im SPIEGEL abzuz drucken, denn damit erhält diese kritische Darstellung unserer gesellschaftspolitischen Verhältnisse eine Publizität, die sie wahrscheinlich durch das Taschenbuch nicht bekommen hätte. Neu-Isenburg (Hessen) GERD ZEPTER Hochhuth kann nicht unterscheiden zwischen Sozialwissenschaft, Soziallehre, Sozialpolitik und Sozialkritik. Er spielt mit dem Feuer des Klassenkampfes, so wie er vielleicht manchmal mit seinem goldenen Gasfeuerzeug spielt. Hülzweiler (Saarl.) ALFRED WILHELM Hochhuth hat sich mit diesem Beitrag »um das Vaterland verdient gemacht«. Oberursel (Hessen) MANFRED ALLES »Der Klassenkampf ist nicht zu Ende« von Rolf Hochhuth gehört in die Hand eines jeden Arbeitnehmers. Essen WILHELM LAUFHUTTE Hochhuths Artikel jedem Wahlberechtigen in die Hand, und ich garantiere den Fortbestand der jetzigen Regierung. Köln DR. KARL-EBERHARD MAUVE In der Tat ist die Kluft zwischen Kapital und Arbeit trotz allgemein höheren Lebensstandards heute tiefer als im 19. Jahrhundert. Mitschuldig sind daran die Gewerkschaften des DGB, die mit ihrer elenden Pfennigfeilscherei in Lohnverhandlungen allein ihre Existenzberechtigung nachweisen möchten und sich in Bekenntnissen zu diesem Staat überschlagen, anstatt sich endlich einmal an die Behebung der Grundübel heranzuwagen. Nürnberg ROBERT MULTHAUPT Nur Westdeutschlands Millionäre sagen heute zu Recht: »DGB - sonst wären wir nicht soweit!« Rodenkirchen (Nrdrh.-Westf.) W. NELLEN Auch Herrn Hochhuth wird es nicht gelingen, den Klassenkampf neu zu entfachen, dessen Überwindung wohl das Beste ist, was diese Generation geleistet hat. Wilhelmshaven HANS-DIEDRICH HOHN Steuerberater Man kann mit solchen Parolen nicht mal mehr einen alten Hund hinter dem Ofen hervorlocken. Pforzheim KLAUS R. GOSSENS Arbeitnehmer erwache! Bad Salzschlirf (Hessen) GERHARD MASUR Hochhuths Abhandlung sollte zur Pflichtlektüre für jeden Sozialdemokraten werden, um ihn zum Überdenken der gegenwärtigen Programmsätze zu bewegen. Wiesbaden DR. JUR. HANS-PETER VOGT Ich glaube, daß mit der Veröffentlichung der Hochhuthschen Polemik der SPD ein Bärendienst erwiesen wurde. Essen GÜNTER FRITSCH Seit über zehn Jahren regelmäßiger SPIEGEL-Lektüre habe ich noch keinen besseren, aufrüttelnderen Artikel gelesen. Die Eigentumsdenkschrift der Evangelischen Kirche liest sich damit verglichen wie ein Ammenmärchen. Lieh (Oberhessen) PROF. DR. THEOL. HANS-WERNER BARTSCH Was Hochhuth da alles ans Tageslicht zerrt, ist nackte Wahrheit. Das wird auch von der neuesten Einnebelungstaktik des Wohlstandskanzlers nicht geändert. Velen (Nordrh.-Westf.) GERHARD KERN »Der Lebensstandard breiter Bevölkerungsschichten war in Westdeutschland noch nie so hoch wie heute«, Herr Hochhuth, hieß es kürzlich - wissen Sie, wo? - in der Zeitung der Industriegewerkschaft Metall (Nummer 9 vom 4. Mai 1965) des von Ihnen so lebhaft apostrophierten IG-Metall-Vorsitzenden Otto Brenner. Gehört dieser Mann nun auch zu den »Reichen Asozialen«, die nach Ihrer Lesart »die totale Machtergreifung vollziehen« und so nebenbei offenbar etwas Wohlstand für alle produzieren? Herr Hochhuth. Kritik ist das Salz der freien Gesellschaft. Nur mit lebhafter Kritik kann freies Unternehmertum auf die Dauer gedeihen, aber sie muß sitzen. Ihre sitzt nicht. Es wimmelt nur so von Fehlern und Ungereimtheiten (Arbeitsplatzverluste durch Automation; Gewerkschaftszugehörigkeit der Bundestagsabgeordneten; Wolfgang Abendroth, Otto Brenner und Pater von Nell -Breuning als letzte Sozialisten«; die »niederträchtige« Rente und so weiter), und dann noch Ihre SED-Schrittmachertheorie (die Arbeitgeberverbände betreiben in Westdeutschland die Geschäfte der deutsch-stalinistischen Einheitspartei). Wissen Sie, was erfahrene Kommunisten in Mitteldeutschland sich privat ins Ohr flüstern? Sie sagen: Wir sind baß erstaunt, wie in der freien Wirtschaft der Bundesrepublik der Lebensstandard bei einem Minimum an sozialer Auseinandersetzung steigt und das Beschäftigungsproblem gelöst wird. So die Kommunisten, Herr Hochhuth. Die SED weiß von der Schrittmacherrolle der Arbeitgeberverbände offenkundig nichts. Vieles ist reform- und verbesserungsbedürftig in der Bundesrepublik, auch in der geistigen Aussage mancher Intellektueller. Ganz gewiß. Die Arbeitgeber bestreiten das keinen Augenblick. Aber es ist abgrundtief reaktionär, Herr Hochhuth, Fortschritt und unternehmerische Leistung in der Form zu leugnen, wie Sie es tun. Düsseldorf DR. WERNER MÜHLBRADT Presseabteilung der Bundesvereinigung der Deutschen Arbeitgeberverbände Selten habe ich einen so unkonstruktiven Beitrag zu unserer sozialen Situation wie den Hochhuths gelesen. Wenn er wenigstens - wie es den Tatsachen entsprechen würde - geschrieben hätte: Wir haben noch viele Mängel, weil wir die Soziale Marktwirtschaft bisher nicht konsequent verwirklicht haben: sondern uns immer wieder unsoziale Verstöße gegen die Grundsätze dieser Ordnung leisten. Statt dessen versperrt er sich den Blick für die wirklichen Probleme durch ressentimentgeladene generalisierende Urteile über das politische Verhalten von Unternehmern was genauso falsch ist, wie wenn man alle Publizisten nach Hochhuth beurteilen wollte. So stößt er natürlich nicht zur Sache vor. Gewiß gibt es noch Notstände - weil unsere Sozialpolitik weniger den wirklich Bedürftigen hilft als wahlwirksam möglichst breite Kreise begünstigt und dabei auch die private Lebensversicherung schlechter aufgewertet hat als die soziale Rentenversicherung. Gewiß war auch der .Lastenausgleich nicht zutreffend angelegt - die Währungsreform aber war völlig richtig und war lediglich ein Reflex des realen Vermögensverlustes, den wir Hitler, nicht Erhard zu danken haben (der gerade durch Ablehnung linkssozialistischer Forderungen schon mehr für die Arbeitnehmer und die Armen getan hat, als Hochhuth in seiner Verzerrung zu sehen vermag). Heidelberg WOLFGANG FRICKHÖFFER Vorsitzender der Aktionsgemeinschaft Soziale Marktwirtschaft e.V. Die vielen Beteuerungen von sozialer Gerechtigkeit und klassenloser Gesellschaft sind doch nur bewußte Irreführungen und Ablenkungsmanöver von der bösen Wirklichkeit. Stuttgart DR. WILHELM SCHULZE Wenn man auch einen Artikel wie den von Rolf Hochhuth in unserer »Gesellschaft der Angepaßten« nur begrüßen kann, so gilt doch auch für ihn, was Friedrich Hebbel einmal vom Philister gesagt hat, er habe meist recht, nur nicht in den Gründen. Seine Ausführungen sind voll von Halbwahrheiten und Widersprüchen. Nur einige seien angeführt: 1. Sicherlich ist es richtig, daß zu wenig für die Beseitigung der Elendsquartiere getan worden ist. Deshalb ist es jedoch noch nicht falsch, daß das Problem der Asozialen immer einen ungelösten Rest übriglassen wird. Auch darf nicht übersehen werden (das würde sogar in Hochhuths Kritik hineinpassen), daß Asozialität nicht nur aus der Armut, sondern auch aus der Atmosphäre einer libertinen Überflußgesellschaft erwächst. 2. Hochhuth hält offenbar die Besitzlosigkeit der Arbeiterschaft für das größte Übel unserer Zeit und verlangt ihre Beseitigung. Er verurteilt Georg Leber, weil dessen Pläne in ihrer Wirkung auf die Vermögensumverteilung zu dürftig sind, und verherrlicht Otto Brenner und andere, weil sie das Proletariat nicht für ein Linsengericht verkaufen wollen. Er kritisiert die geringen Einkommen der Arbeiterschaft, und gleichzeitig stellt er fest, daß sie als »handzahme Haustiere« sich zu einem abhängiger machenden Konsum verführen lassen, den sie zahlen, aber sich nicht leisten können. - Nun, wenn die Arbeiterschaft in erheblichem Maße am Produktionseigentum beteiligt würde, könnte sie sich mehr als ihren jetzigen Lebensstandard »leisten«, aber nur, indem sie ihr Eigentum ganz oder teilweise wieder veräußern würde. Was würde sich daraus ergeben? - Hochhuth sieht auch die inflatorischen Folgen, wie man aus einigen seiner kreislaufanalytischen Andeutungen entnehmen kann. Er bleibt aber bei seiner Forderung nach Beteiligung und Verfügung über Eigentum für die Arbeiterschaft. 3. Er lobt daher die wenigen »weißen Raben« unter den Arbeitgebern, die den Partnerschaftsgedanken ernst nehmen und ihre Arbeiter am Eigentum beteiligen. Gleichwohl stellt er fest, daß im Grunde nur der Staat der Arbeiterschaft zureichend helfen könne. - Wozu dann diese hohe Wertschätzung des privaten Eigentums der Arbeiterschaft? Nimmt man diese und andere Widersprüche nicht als solche, sondern als ergänzende Schlaglichter auf ein sehr komplexes Phänomen, so bleibt die Frage: Worauf will Hochhuth eigentlich hinaus? Nur auf die Darstellung eines negativen Zirkels, aus dem wir »Produkte unseres Wirtschaftswunders« nicht herausfinden? Weshalb ist er dann über die resignative Haltung Otto Brenners, der in sozialökonomischen Dingen sicherlich weiter als Hochhuth sieht, so enttäuscht? - Ein oder mehrere archimedische Punkte werden jedenfalls in der Analyse nicht sichtbar. Man kann sich auch an vielen Stellen des Eindrucks nicht erwehren, daß die eigentliche Crux der vorgetragenen Kritik in dem undifferenzierten und daher unrealistischen Menschenbild liegt, von dem sie ausgeht. Nur wenn man dahinter käme, weshalb unsere Staats- und Wirtschaftsbürger sich so verhalten, wie sie es tun, hätte man eine Chance, den Punkt zu finden, von dem aus sich der negative Zirkel durchbrechen läßt. Hamburg PROF. DR. HEINZ-DIETRICH ORTLIEB Daß ein so enthusiastischer Kopf, der unbedingt glauben will, ob an Jaspers, Papsttum oder Eigentum, einen Kritiker wie Theodor W. Adorno nicht verstehen kann oder mag, weil dessen Kritik auch und gerade vor Institutionen nicht haltmacht, ist nur zu verständlich. Wenn Hochhuth aber einen Satz Adornos - »Bei vielen Menschen ist es schon eine Unverschämtheit, wenn sie ,ich' sagen« - als die Maxime zitiert, nach der Himmler gehandelt habe, so stockt mir doch der Humor, den ich gegenüber Mißverständnissen gern aufbringe. Dieser Satz ist Adornos »Reflexionen aus dem beschädigten Leben« entrissen, und die beschreiben allerdings auch die Situation, in der (unter anderem) Himmler handelte und Eichmann ich sagte. Zu unterstellen, Adorno beschriebe diese Situation mit Genugtuung, ja billigend, das verrät mehr als nur Dummheit, es verrät Bosheit, und diese hätte sich (anders als jene) sicher vermeiden lassen. Ich wünschte, Hochhuth hätte, bevor er diesen fatalen Einfall niederschrieb, den »Geist der Bergpredigt«, der ihm so schön durch die Brust lodert, für einen Augenblick höher steigen lassen, bis in den Kopf. München REINHARD BAUMGART In Amerika liegen nicht bereits fünf Millionen Arbeitsfähige brach. Die Zahl der Arbeitslosen in den USA beträgt rund 3,5 Millionen, wobei noch zu berücksichtigen ist, daß die Definition »arbeitslos« hier wesentlich weiter gesteckt wird. So sind zum Beispiel jeden Juli offiziell auch die Hunderttausende von Schulabgängern arbeitslos, auch wenn sie dann im Herbst auf den Colleges sich weiterbilden. In der Statistik der 3,5 Millionen erscheinen auch die amerikanischen Hausfrauen, die nicht aus Not, sondern zur Auffüllung ihres Taschengeldes eine bequeme, nicht zu anstrengende und nicht zu weit vom Haus entfernte Stunden- oder Halbtagsbeschäftigung suchen. Genauso unsachlich ist der Hinweis darauf, daß mehr als ein Fünftel, also immerhin 40 Millionen Amerikaner konstant unter der Armutsgrenze leben. Bisher hat man sich in Amerika noch nicht geeinigt, wo man eigentlich mit gutem Gewissen die Armutsgrenze festlegen soll. New York GERHARD HIRSELAND Der Aufschrei und Aufruf Rolf Hochhuths bedarf einer aktuellen Ergänzung, welche die Konsequenz kennzeichnet, mit der dieser Machtkampf geführt wird. Nach dem Entwurf zum Zivildienstgesetz sollte die Bevölkerung in zwei Gruppen, nämlich Zivildienstberechtigte und Zivildienstverpflichtete, unterteilt werden. Diese Unterscheidung entspricht genau den marxistischen Begriffen »Eigentümer von Produktionsmitteln« und »Proletarier«. Hamburg WILLY BISCHOFF Rolf Hochhuth Bartsch* Handelsblatt Der Stellvertreter Ortlieb* * Direktor des Seminars für evangelische Theologie der Hochschule für Erziehung an der Universität Frankfurt. * Direktor des Hamburgischen Welt-Wirtschafts-Archivs.",https://www.spiegel.de/politik/soll-und-haben-a-70a5dbe6-0002-0001-0000-000046272915?context=issue,,6,1965,June,1923,14053,True,True,1965,1960s,1965-69
1965,26,60,1965-06-22,Briefe,Denkmaschinen,,"Ihre Titelgeschichte »Elektronen -Roboter« findet meine Zustimmung, weil Sie die Planungsmethoden des Operational Research und die elektronische Datenverarbeitung mit ihren Vorteilen, aber auch mit einem klaren Blick für ihre Schwächen behandelt haben. Etwas ausführlicher hätten Sie dabei auf die Umstände bei der Beschaffung von Daten eingehen können, weil heutzutage diese Schwierigkeiten gegenüber der eigentlichen Analyse der Probleme und der Bildung der mathematischen Modelle wesentlich größer eingeschätzt werden als früher. Die von Ihnen erwähnte Beobachtung und Auswertung historischer Daten ist sowohl durch die Speicherungsmöglichkeit als auch durch die hohen Kosten begrenzt, und die Verwendung von Wahrscheinlichkeitsverteilungen sowie von Prognosekalkülen erfordert langjährige Erfahrungen, die oft nicht einmal selbst, sondern nur durch den Austausch mit Spezialisten der gleichen Branche gewonnen werden können. Berlin DR.-ING. U. H. WITTENBERG Es ist zu hoffen, daß dieser Aufsatz in weitesten Kreisen der Wirtschaft gelesen wird. Man übertreibt nicht, wenn man behauptet, daß elektronische Datenverarbeitungsanlagen heute zum Teil noch nach organisatorischen Methoden eingesetzt werden, die allenfalls noch für die Verwaltungsarbeit mit Papier und Bleistift Geltung hatten. Das gilt nicht für den Bereich, in dem die Rechenleistung der Anlagen im Vordergrund steht - Ihre Schilderung des Einsatzes bei der Hamburger Esso AG zeigt das sehr deutlich. Noch längst nicht ausgeschöpft sind hingegen andere wesentliche Fähigkeiten der elektronischen Anlagen - und im Verwaltungsbereich sind sie fast noch bedeutender als die Rechengeschwindigkeit: Die Anlagen können Auswahlen treffen. Sie können zum Beispiel in ihren Speichern Einzelposten verarbeiten, aber sie müssen nicht jeden einzelnen Posten drucken, wenn die Verwaltung nur an Summen oder Durchschnitten interessiert ist. Wichtiger noch: Sie können dazu veranlaßt werden, bei der Verarbeitung von Produktionszahlen, Kostensätzen je Produktionseinheit, je Kostenstelle und dergleichen nur diejenigen zu drucken, deren Höhe gegebene Toleranzen über- oder unterschreitet. Von dieser Möglichkeit wird noch viel zuwenig Gebrauch gemacht. Es gibt mehrere Gründe dafür. Einer liegt im technischen Fortschritt selbst: Es sind bereits Drucker im Einsatz, die zwischen 60 000 und 90 000 Zeilen in der Stunde schaffen. Die Benutzer der Anlagen sind davon begeistert, daß das, was früher von der Lochkartenanlage gedruckt wurde, von der elektronischen Anlage nun in einem Bruchteil der Zeit hervorgebracht wird, ohne sich zu vergegenwärtigen, daß sie in Wirklichkeit einen Teil des Gedruckten nicht mehr brauchen. Der Sieg der Mikrosekunde ist errungen. Was noch aussteht ist der Sieg über organisatorische Ungereimtheiten mit Hilfe der Elektronik! Metzkausen (Nordrh.-Westf.) DR. HANS EDUARD LITTMANN Ich habe Ihren Artikel »Sieg über Mikrosekunde« aufmerksam gelesen und noch einmal gelesen. Er ist interessant geschrieben, verrät eine große Zahl von wissenswerten Einzelheiten. Leider vermisse ich jedoch die Beantwortung der Frage, wie sich der Einsatz dieser Roboter in 10, 20, 30, 40 oder 50 Jahren auswirken wird. Essen FRANZ JOSEF BECKER Der SPIEGEL zeichnet ein recht atypisches Bild dessen, was unter kommerzieller elektronischer Datenverarbeitung verstanden wird. Die in dem Artikel enthaltenen Simplifizierungen und sich verschiedentlich am Rande der Realität betrieblicher Organisationspraxis bewegenden Beispiele sind geeignet, bei dem nicht mit der Materie vertrauten Leser den Alpdruck einer drohenden Technokratie der Mathematiker in den betrieblichen und öffentlichen Verwaltungen hervorzurufen. Hierfür besteht jedoch - soweit heute erkennbar - kein Anlaß. Die kleinen, mittleren und großen Datenverarbeitungsanlagen, welche auf kommerziellem Gebiet in Deutschland eingesetzt sind, bearbeiten überwiegend Abrechnungs- und Dispositionsverfahren, die nur in Einzelfällen mit Hilfe von Methoden der Operations-Research und auch nur selten von Mathematikern, dagegen in der Regel von technisch oder kaufmännisch vorgebildeten Organisatoren entwickelt und programmiert worden sind. München DR. ALBRECHT BODE Diplom-Kaufmann Der Schwerpunkt des Computer-Einsatzes für rein kommerzielle Anwendungsgebiete liegt heute außer in der Industrie bei Handel, Banken und Versicherungen (20 Prozent), Unterricht und Forschung (13 Prozent), Computer -Service-Bureaus (10 Prozent) und Bund und Länderregierungen (7 Prozent). Der Rest verteilt sich auf Energieversorgungs- und Bergbau-Unternehmen, Stahlbau, Transport und Verkehr und übrige Branchen. Nach einer Vorschau der Diebold-Gruppe werden die Schwerpunkte des Computer-Einsatzes im Jahre 1974 bei Industrie, Handel und bei Bund und Länderregierungen liegen. Baden-Baden H. G. MARTIN Redaktion »Bürotechnik + Automation« Ist der Bundesverkehrsminister eigentlich schon, wie die Esso, auf die Idee gekommen, einmal zur Lösung der Verkehrsprobleme einen parteipolitisch unabhängigen Roboter zu befragen? Münster (Westf.) HANNO DE VRIES Computer-Titel",https://www.spiegel.de/politik/denkmaschinen-a-e55398e4-0002-0001-0000-000046273029?context=issue,,6,1965,June,672,5065,True,True,1965,1960s,1965-69
1965,27,60,1965-06-29,Briefe,Führerstand,,"Ich bin dem SPIEGEL für diesen Artikel äußerst dankbar, da man sich als Laie gar kein objektives Bild über die Konzeption der deutschen Wirtschaftsführung machen kann. Sindelfingen (Bad.-Württ.) LUTZ EITELJÖRGE Vielen Dank für die vielen Informationen über unsere Manager. Aber leider haben Sie für das Porträt des »Invisible Government« der Bundesrepublik nur freundliche Farben verwendet. Hamburg KLAUS FREUNDT Obwohl ich den Artikel sehr skeptisch gelesen habe - immerhin inserieren auch die Firmen der von Ihnen erwähnten Herren im SPIEGEL -, muß ich Sie zu dem objektiven und rücksichtslosen Bericht beglückwünschen. Mainz MANFRED FISCHER Mit dieser Story wollten Sie wohl nur die Inserate der deutschen Konzerne für die nächsten Jahre sichern? Die Titelgeschichte las sich wie eine bezahlte Anzeige der Wirtschaftsführer. Hannover HANS G. FRIEDRICHS. Ist Ihr Artikel eine Wiedergutmachung auf die vorhergegangenen Hochhuth -Ausführungen, oder fürchten Sie einen Rückgang der Industrie-Inserate? Zu beiden Artikeln selbst: unvollständig und strotzend von Halbwahrheiten. Wann fusionieren Sie mit »Bild«? Essen WILHELM WISSKIRCHEN Ihr Gespräch mit dem Stellvertreter des »Herrn Mannesmann« ist wohl eine Entschuldigung gegenüber Ihrer Leserschaft für die Veröffentlichung der selten törichten Politschreibe Hochhuths. Bad Godesberg DR. D. WICHMANN Ihr ausgezeichneter Aufsatz kann eine falsche Vorstellung hervorrufen oder bestärken, nämlich die, es komme in den leitenden, das heißt obersten Stellen nur noch auf die Managereigenschaften und -kenntnisse, aber nicht mehr auf Fachbildung an. Für alle Branchen stimmt das nicht. Die Generaldirektoren der Chemie sind immer noch Chemiker und durch Manager-Kaufleute auch nicht zu ersetzen. Köln DR. HERMANN KOWNATZKI Sie schreiben: »Niemand außer den Managern selbst weiß auch genau, worin ihre Tätigkeit besteht.« Ich kann Ihnen verraten, worin ihre Tätigkeit besteht: 20 Prozent verbringen sie mit produktiver Arbeit - 80 Prozent ihrer Zeit verteidigen sie ihren Schreibtischsessel. Stuttgart DR. GÖTZ HOHENSTEIN Die Arbeitgeberverbände werden mit ihrem Bemühen um selbstgesteuerte Publicity der Spitzenleute der Wirtschaft keinen Erfolg haben, weil diese Herren frei sind von Komplexen und keinen Wert darauf legen, von »Tante Anna« und »Onkel Fritz« gekannt zu werden. Abgesehen davon genügt es auch, wenn sie arbeiten, ohne darum bemüht zu sein, sich eine gute Presse zu machen. München RUDOLF MANZ Bei Aufzählung der Institute und Schulen, die ihre Aufgabe darin sehen, zukünftige Unternehmer (Manager) auszubilden, hätten Sie nicht vergessen dürfen, daß an den Technischen Hochschulen München und Aachen sogenannte Arbeits- und wirtschaftliche Aufbaustudien für fertige Diplom-Ingenieure eingerichtet wurden. In den vorgeschriebenen vier Semestern werden die Leute mit den modernsten Verfahren des Operations Research, der modernen Statistik und der Datenverarbeitung - um nur einige zu nennen - vertraut gemacht. Diese Diplom-Ingenieure aller Fachrichtungen verlassen nach diesem Aufbaustudium die Hochschule mit dem weiteren Titel Diplom -Wirtschafts-Ingenieur. München HANS BRÄUER Meine Ausführungen entnahmen Sie einer Artikelreihe, die ich unter die Überschrift »Indirekte Menschenführung« stellte. Dieses Problem, nämlich die Integrierung biologischer, psychologischer, sozialer und kultureller Faktoren in den Gesamtorganismus eines Unternehmens (einschließlich Werbung), könnte durchaus noch konkreter gehandhabt werden als bisher. Das ist keineswegs eine Detailfrage der Unternehmensleitung, die man nur Spezialisten zu überlassen braucht; es ist vielmehr die Kernaufgabe der »Chefs«. In seiner ganzen Fülle ausgebreitet, erfordert das Thema »indirekte Menschenführung« einige Jahre Schulung, Übung und Umstellung. Die Ausbildung zum »Manager« müßte jedenfalls erheblich umfassender gestaltet werden. Die von Ihnen erwähnten Neun-Monate- oder gar nur Drei-Wochen-Kurse können da doch wohl kaum viel erreichen. Ludwigsburg (Bad.-Württ.) KURT GÖRSDORF In der betriebswirtschaftlichen Literatur sind die Entscheidungen, die das Topmanagement, also die Führungsspitze der Unternehmung, zu treffen hat, durch Professor Dr. Gutenberg (Ordinarius für Allgemeine und Industrielle Betriebswirtschaftslehre an der Universität zu Köln) wie folgt gekennzeichnet worden: - Das Festlegen der Unternehmenspolitik auf weite Sicht; - Koordinierung der großen betrieblichen Teilbereiche auf das Unternehmungsziel; - Beseitigung von Störungen im laufenden Betriebsprozeß, hervorgerufen durch Kompetenzkonflikte oder durch außergewöhnliche Ereignisse; - geschäftliche Maßnahmen von außergewöhnlicher betrieblicher Bedeutung, zum Beispiel Veräußerung von Beteiligungen, Abschluß von Organverträgen; - die Besetzung von Führungsstellen im Unternehmen. Dieser Katalog der Führungsentscheidungen ist nach Professor Gutenberg durch folgende Merkmale charakterisiert: Die Führungsentscheidungen sind - notwendig für die Unternehmungsexistenz, - nur aus der Kenntnis der Unternehmung im Ganzen heraus treffbar und - wegen der vollen Übernahme der Verantwortung nicht delegierbar. Niederschelden (Nordrh.-Westf.) HEINRICH TILLMANN Ihr - übrigens sehr instruktiver - Artikel über die deutschen Manager könnte den Eindruck erwecken, als akquirierten wir Personalberater erst Führungskräfte, um sie dann den Wirtschaftsunternehmen anzubieten. Die Vermittlung von Arbeitskräften ist jedoch - laut Gesetz - allein Angelegenheit der Bundesanstalt für Arbeitsvermittlung, mit der wir freundschaftlich zusammenarbeiten. Wir Personalberater suchen lediglich im Auftrag von Firmen Führungskräfte. Frankfurt LUDWIG KRÖBER-KENETH DR. MAXIMILIAN SCHUBART Eine so ganz »unbekannte Größe« war Professor Dr. Kurt Hansen von Bayer nicht gerade. Sein Vater hatte seinen Vorgänger, den inzwischen verstorbenen Professor Dr. Haberland, auf den Thron des Vorstandsvorsitzers von Bayer gebracht, und Professor Dr. Haberland hat dann wieder dem Sohn seines früheren Gönners zu der gleichen Position verholfen. Der Sohn von Professor Dr. Haberland wird nun seinerseits wieder von Professor Dr. Hansen »begönnert«. Damit soll nichts gegen die Qualitäten der Herren gesagt sein - indessen geht doch wohl daraus hervor, daß Tüchtigkeit allein nicht ausschlaggebend ist Beziehungen muß man haben! Ähnlich liegt der Fall bei dem im gleichen Artikel genannten Professor Dr. Al0bach (Bonn). Er ist der Schwiegersohn des Betriebswirtschafts-Papstes Professor Dr. Gutenberg (Köln). Sehwalbach (Hessen) HEINRICH JANSEN Unter den Bediensteten des Siemens -Konzerns kursiert folgender Witz über den »Weg nach oben« in ihrem Unternehmen: 1. Stufe: Mattscheibe (Arbeitsraum nur mit einer matten Scheibe vom Nachbarzimmer abgetrennt); 2. Stufe: Brett vorm Kopf (Raum durch eine Holzwand abgegrenzt); 3. Stufe: weiche Birne (Sessel mit Kopfstütze). Berlin OTTO RIEMER Die Welt »Du sollst es mal leichter haben, Junge, du bleibst Angestellter!«",https://www.spiegel.de/politik/fuehrerstand-a-f7fa0741-0002-0001-0000-000046273168?context=issue,,6,1965,June,919,6943,True,True,1965,1960s,1965-69
1965,49,67,1965-11-30,Briefe,Hilfsschule,,"Ihr Artikel über die deutschen Fernschulen war ganz ausgezeichnet. Es ist haarsträubend zu lesen, welche Berufe beziehungsweise Berufsbezeichnungen erfunden werden, um Bildungs-Kunden zur Kasse zu locken. Langenhagen (Nieders.) HANS-DIETER EDER Verbindlichen Dank für die abschreckende Tendenz, die ihr Fernunterricht -Report erzielt. Wenn Bildung als eine Art »Ware« be- und gehandelt wird, ist es an der Zeit, derartige Institutionen zu entlarven. Sie haben den entscheidenden Schritt getan. Hamburg RAINER DUCAT Es ist wieder einmal unbestreitbares Verdienst Ihrer Redaktion, die üble Geschäftemacherei einiger sogenannter Fern-Lehrinstitute anzuprangern, um damit hoffentlich die allzu Leichtgläubigen unter den Lernbeflissenen vor Ärger und Schaden zu bewahren. Bremen EBERHARD KURT JUST Vielen Dank für diesen Artikel, der den Nagel direkt auf den Kopf trifft. Im vorigen Jahr belegte ich bei der Studiengemeinschaft Darmstadt einen technischen Fernlehrgang. Nachdem ich erst einmal mein Interesse an diesem Lehrgang bekundet hatte, wurde ich natürlich auch sofort von einem Bezirksvertreter besucht, der mir alles sehr schmackhaft machte. Als die Lehrbriefe zum ersten Semester ankamen, war ich über die gute Aufmachung überrascht, stellte aber bald fest, daß ein gutes Lehrbuch billiger gekommen wäre. Auch das Material zum zweiten Semester kam noch prompt an. Bei Anforderung des Materials zum dritten Semester begannen die Schwierigkeiten. Ich habe darauf lange Zeit warten müssen. Als ich es glücklich hatte, und auch dieses Pensum vorzeitig abschließen konnte, begann für mich eine Zeit der Verzweiflung. Mindestens vier- bis fünfmal schriftlich und mehrmals telefonisch habe ich mich mit der Studiengemeinschaft in Verbindung gesetzt, um das Material zum letzten und vierten Semester zu bekommen. Was ich erhielt, war dreimal das Material zum dritten Semester, was ich nicht mehr benötigte. Nun sind fast sieben Monate vergangen, ohne daß dieses Material bei mir ist. Mit allen möglichen Ausreden kommt mir die Studiengemeinschaft entgegen. Hieraus ist klar zu ersehen, daß es sich um einen reinen Geschäftsbetrieb handelt. Düsseldorf WOLFGANG W. GNADT Ich habe mit Interesse Ihren Artikel gelesen, weil ich beim HFL den Fernkursus »Innenarchitektur« belegt habe. Es ist in der Tat eine Illusion, wenn man glaubt, in der vom Institut dafür angesetzten Zelt das Pensum schaffen zu können. Es ist gleichfalls eine Illusion, wenn eine Volksschulbildung vom Institut als ausreichend erachtet wird: Der Aufbau der sogenannten »Lehrbriefe« ist gut, aber ohne Zuhilfenahme entsprechender Fachliteratur sind die Aufgaben kaum zur eigenen Zufriedenheit zu bewältigen. Bielefeld URSULA KASTRUP Mit seinem SPIEGEL-Report über Fernunterricht blieb der SPIEGEL weit unter seinem sonstigen Niveau. Keine neuen Fakten, keine klaren Definitionen, keine Differenzierung, keine klaren Analysen, keine inside-informations - statt dessen der alte Kohl, schon vielfach in Tages-, Wochen- und Krawallblättchen verhökert, zu einem faden Eintopf zusammengekocht und lauwarm serviert. Mir ist ganz unklar, was der SPIEGEL mit einem solchen Report, der bestenfalls bei allen, die wirklich über die Situation des Fernunterrichts in der BRD orientiert sind, ein großes Gähnen hervorruft, eigentlich erreichen wollte. Mit einer wirren Anhäufung von Gemeinplätzen, Irrtümern, falschen Interpretationen, Oberflächlichkeiten und objektiven Unwahrheiten - alles hübsch garniert mit etwas »free advertising« für die Akademikergesellschaft - kann man doch unmöglich erreichen wollen, daß die Situation für Uneingeweihte klarer und überschaubarer wird. Und gerade das wäre so bitter nötig. Hamburg RUDOLF MANFRED DELLING Was hätte man alles aus dem Thema machen können: Eine Analyse der Motive, Erfolge und Frustrationen von Fernschülern (mit richtig verteilten Gewichten!), eine Darstellung der Interessenkonflikte zwischen pädagogischen und wirtschaftlichen Zielsetzungen, eine Beschreibung der Akteure - vom Utopisten über den redlichen Pädagogen bis hin zum unbedarften Kommis und cleveren Anschriftenhändler hätten Sie eine breite Skala vorgefunden. Statt dessen: ein paar sprachliche Mätzchen, ständiges Verwechseln des für diese Unterrichtsform Essentiellen mit dem Akzidentellen und kraftlose Schläge unterhalb der Gürtellinie. Hamburg KURT GRAFF* Anstatt die trivialen Werbesprüche einiger Ferninstitute in den Vordergrund zu rücken, hätte es dem SPIEGEL besser angestanden, die nirgendwo besser erkennbare Bildungsbeflissenheit vieler Mitbürger sowie die Ursachen des oft diskutierten Bildungsmangels hervorzuheben. Was können schließlich die Hunderttausende Fernschüler dafür, daß ihnen die Gemüse -Eintopf-Politik Erhardscher Prägung zwar den Magen, nicht aber die Bildungslücken stopft? Ludwigshafen WOLFGANG SCHETTLER Ist nicht jede Initiative zu begrüßen, die ergriffen wird, um dem Bildungswilligen eine Möglichkeit zur Aus- beziehungsweise Weiterbildung zu geben? Daß die Institute daran verdienen wollen, wer mag ihnen das verübeln. Immerhin ist jede Mark, die für Fernunterricht ausgegeben wird, besser angelegt, als ins Wirtshaus getragen oder in den Zigarettenautomaten gesteckt. Es wollen nicht alle, die am Fernunterricht teilnehmen, gleich den Beruf wechseln. Nicht jeder, der einen Lehrgang in literarischen Richtungen belegt, will ein Bestsellerautor, und nicht jeder, der sich die Lehrbriefe zu einem Zeichenkursus kommen läßt, ein Kunstmaler werden. Göttingen VOLKER LÜTTGE Als regelmäßiger Leser des SPIEGEL hat es mich sehr gefreut, in Ihrem Artikel »Denk Dich empor« einen Gegenstand behandelt zu finden, über den ich durch meine berufliche Tätigkeit als Lehrer an einem öffentlichen Gymnasium und an der Schule der Akademikergesellschaft Zürich ziemlich genau Bescheid weiß. Es hat mich gefreut, daß Sie das Wirken letzterer Schule im ganzen gesehen, sicher mit Recht, positiv beurteilen. Es ist diesbezüglich zu erwähnen, daß allein die Zürcher Schule der Akademikergesellschaft jährlich rund 100 ehemals berufstätige Schüler nach bestandenem Abitur an die Hochschulen entlassen kann. Immerhin gibt es eine etwas abträgliche Bemerkung, die Sie glaubten in diesem Zusammenhang anbringen zu müssen, nämlich über die Mitarbeit der 200 pensionierten Gymnasiallehrer. Die Schulen der Akademikergesellschaft arbeiten nicht nur mit pensionierten Lehrern, ganz im Gegenteil: Von den rund 50 Lehrern der Schule Zürich zum Beispiel haben über 90 Prozent das vierzigste Lebensjahr noch nicht erreicht. Wiesendangen (Schweiz) DR. WALTER FRIEDLI Diesmal haben Sie es sich zu leicht gemacht: Sie beriehten nicht so sehr über Fernunterricht, sondern vor allem über Fernschulen und ihre zugegebenermaßen oft zu beanstandenden kommerziellen Praktiken. Das ist natürlich publikumswirksamer. Sollte Ihnen entgangen sein, daß es sich beim Fernunterricht um eine Unterrichtsform handelt, von der wir uns für die Zukunft viel erhoffen müssen, weil sie nicht nur helfen kann, Schulraumnot und Lehrermangel zu lindern, sondern auch bei der Entwicklung neuer Unterrichtsverfahren unter Einbeziehung des Fernsehens, des Rundfunks und des Films eine beachtliche Rolle spielen kann? Berlin OTTO PETERS Oberstudienrat In unserer Welt des raschen technischen Fortschritts wird »lebenslanges Lernen« (long life learning) immer wichtiger. Hier kann der Fernunterricht so manche Lücke in der Erwachsenenbildung schließen. Namhafte Wirtschaftsunternehmen haben dies erkannt und bedienen sich mit Erfolg bei ihrer innerbetrieblichen Ausbildung und Weiterbildung auch des Fernunterrichts. Bad Harzburg DR. HABIL. R. DIENER Akademie für Fernstudium Ihr Report zeigt leider nur, was dem Ansehen des Fernunterrichts abträglich ist. Daß diesem Bildungsweg eine echte Aufgabe zukommt, sollte man dabei nicht übersehen. Bei allen Bedenken, die Sie in Ihrem Report anklingen lassen, darf man die Möglichkeiten nicht verkennen, die der Fernunterricht bietet: Bei niedrigen Investitionen können begabte Nachwuchskräfte innerbetrieblich zu jenen unteren und höheren Führungskräften herangebildet werden, an denen es zur Zeit fehlt und auch in Zukunft fehlen wird. Daneben können die gegenwärtigen Führungskräfte wichtiges Zusatzwissen - zum Beispiel Kenntnisse in der elektronischen Datenverarbeitung - erwerben, ohne im Betrieb einen Arbeitsausfall zu verursachen oder die im Verhältnis höheren Kosten für Seminare zu beanspruchen. Nürnberg WERNER BOCK ex data-Ausbildungscenter für maschinelle Datenverarbeitung Ihren Report über den Fernunterricht habe ich mit Interesse gelesen, da ich selbst auch Fernschüler bin. Im Grunde stimme ich mit Ihrer Darstellung überein, denn angesichts des Umfangs, den dieses »Geschäft« bei uns erreicht hat, verdient diese Frage ins öffentliche Interesse gerückt zu werden. Dies sollte meiner Meinung nach jedoch so geschehen, daß dem Fernunterricht als Methode dabei gedient wird, denn wie vor allem die Erfahrungen in anderen Ländern - von den USA bis zur UdSSR - zeigen, liegt darin eine Möglichkeit zur Bewältigung der Weiterbildungsprobleme, vor die uns der rasche Fortschritt auf allen Lebensgebieten stellt. Was wir deshalb brauchen, sind wirklich leistungsfähige und zumindest ebenso vom Bildungs- wie vom Geschäftsinteresse getragene Institute. Eine Frage ist vielleicht dabei, ob sich ein solches Institut auf die Dauer ohne Unterstützung halten kann, denn es wird offenbar Leistungen erbringen müssen, für die es nicht honoriert wird, zum Beispiel hinsichtlich der Beratung vor Aufnahme eines Studiums. Mannheim DR. WALTER RIEDEL Unser Fernunterricht wird nicht nach einem »selbstgezimmerten Ausbildungsprogramm« erteilt. Maßgebend sind vielmehr die Schulpläne der staatlichen Gymnasien, Berufsschulen oder Ingenieurschulen. Daraus wird aber auch deutlich, daß Fernunterricht nicht besser sein kann als staatlicher Unterricht. Bei der gegenwärtigen Reformfreudigkeit unserer Schulbehörden in allen Bundesländern müssen sich die ständigen Änderungen in den Schulplänen auch im Fernunterricht niederschlagen. Düsseldorf HEINZ-H. MÜLLER-ALBRECHTS Rustin-Lehrinstitut für Fernunterricht * Oberstudienleiter des Hamburger Fern -Lehrinstituts.",https://www.spiegel.de/politik/hilfsschule-a-d291589d-0002-0001-0000-000046275168?context=issue,,11,1965,November,1378,10148,True,True,1965,1960s,1965-69
1965,52,59,1965-12-21,Briefe,Rüstzeug,,"Ich dachte immer, meine über das Studienwesen räsonierenden Neffen hätten bei der Wahl ihrer Universitäten eine unglückliche Hand gehabt, aber bei der Lektüre Ihres Artikels über die deutschen Hochschulen merkte ich, daß die Jungen Allgemeinerscheinungen beklagt haben. Köln ROBERT FRITSCHE Ich danke Ihnen für Ihre aufschlußreiche Titelgeschichte über die deutschen Universitäten im allgemeinen und über die neuen Universitäten in Deutschland im besonderen. Die schon viel diskutierte und von Ihnen auch befürwortete Hochschul-Reform ist sicherlich dringend notwendig, doch erscheint mir Ihre Kritik an der Struktur der »alten Universitäten« reichlich übertrieben. Noch immer, und da muß ich Ihnen direkt widersprechen, genießen die deutschen Universitäten im Ausland ein sehr hohes Ansehen; das beweist unter anderem die große Zahl der ausländischen Studenten in unserem Land! Heidelberg HANS-JOACHIM KEMPER stud. rer. nat. »Jeder geliebte Gegenstand ist der Mittelpunkt eines Paradieses.« Unter diesen Spruch Novalis kann man diejenigen deutschen Professoren zusammenfassen, die sich gegen eine Reform der Universität sträuben. Sie befürchten eine Zerstörung ihres Paradieses, oder besser: ihres Herrschaftsbereiches. Hamburg HEINER JORDAN stud. med. dent. Auf dem Umschlagbild sind das doch nicht alles deutsche Studenten, teils wohl Ausländer, Asiaten, vereinzelt auch einer ohne jugendfrischen Schneid und ohne gutes Auftreten und dazu noch ohne annehmbaren Haarschnitt, ungekämmt und unrasiert. Eine solche Type, wie wir sie wohl im letzten Kriege auf dem Vormarsch jenseits der deutschen Ostgrenze trafen, war doch früher als deutscher Student nicht denkbar, als gutes Auftreten und gute Umgangsformen - wie natürlich noch heute - bei ordentlichen Studenten, besonders bei Korporationsangehörigen, selbstverständlich und ganz allgemein nicht wegzudenken waren. Daher wird Ihr Bild der deutschen Studentenschaft keineswegs gerecht, weil dazu eine bessere, wahrheitsgetreue Darstellung gehört. Bremerhaven DR. C. THIES Einen recht müden Eindruck macht der neue Geist von Bochum auf Ihrem Titelbild. Nach Erhard, Brandt und Mende bekommen nun auch die angehenden Pinscher ihr Fett in Form Ihres zumindest eigenwilligen Konterfeis. Der um ihr Wohlergehen besorgte SPIEGEL -Leser fragt sich: Ist das nun Kommentar oder ist Ihr Photograph der Penner? Münster (Nordrh.-Westf.) GÜNTER KIRCHHAIN cand. rer. pol. In unseren früheren patriarchalischen Herrschaftssystemen haben die Lehrer und Universitätsprofessoren den Herrschaftsauftrag zu erfüllen gesucht, die ihnen anvertraute Jugend im Sinne der jeweiligen Staatsauffassung zu erziehen. Durch die politischen Umwälzungen der letzten Jahrzehnte sind sie heutzutage zu »Informationsmanagern« erniedrigt. Die Informationsmanager erziehen nicht mehr zur jeweiligen »staatsgenehmen Bildung«, sondern geben dem Wißbegierigen nur das Rüstzeug zu seiner »speziellen Ausbildung«. Tübingen HERMANN KÖBELE Ihr Artikel hat sehr viele aufschlußreiche Informationen gebracht. Ich möchte aber aus der Sicht des Studenten auf einen nicht erwähnten Aspekt hinweisen, der mir von größter Bedeutung erscheint. Nur ein Bruchteil der Professoren ist in der Lage, eine wirklich gute Vorlesung zu halten. Wie ließe es sich sonst erklären, daß Juristen, Mediziner und Ingenieure in Scharen zum Repetitor gehen? München HANS-WALTER BERNSAU Dipl-Ing., stud. wirtsch. Ing. Mit erfrischender Deutlichkeit haben Sie in Ihrem Artikel die Mißstände an deutschen Universitäten, besonders die des Ausbildungsmodus, aufgezeigt. Zwar bemüht man sich überall in deutschen Landen um eine Hochschulreform, jedoch der Weisheit letzter Schluß ist bislang nur die Studienbegrenzung, deren Verwirklichung entweder schon eingeführt ist oder doch in Bälde kommen wird. Dem in sämtlichen Wissensgebieten ins Enorme angewachsenen Lehrstoff hat man hierbei jedoch keine Rechnung getragen. Genau wie in den deutschen Gymnasien wird auch an den Universitäten immer noch ein Kult mit der alles umfassenden Gemeinbildung, hier allerdings beschränkt auf die Fakultäten, betrieben. Meines Erachtens liegt der Ausweg aus dieser Situation nur in einer Straffung und Intensivierung des Lehrstoffes, auch wenn hierbei die akademische Freiheit in Mitleidenschaft gezogen werden sollte. Denn akademische Freiheit bekommt nicht jedem Studiker. Um der Wahrheit die Ehre zu geben, auch nicht dem Verfasser dieses Briefes. Berlin HEINZ-JOCHEN FLICK stud. jur. Die beste Charakterisierung unseres Bildungssystems hörte ich in einem Vortrag des früheren Vorstandsvorsitzers der Badischen Anilin- & Soda-Fabrik AG, Professor Wurster: Die Technik sei bei der Vollautomation angelangt, unser Bildungssystem vielfach bei den Webstühlen stehengeblieben. Ludwigshafen O. SCHMENZEL Für Ihren Artikel, der eine breite Öffentlichkeit mit den derzeitigen Tatbeständen und Problemen alter und neuer Universitäten, insonderheit mit dem Aufbau der Ruhr-Universität Bochum vertraut macht, darf ich Ihnen danken. Ich glaube, daß Sie gerade die Schwierigkeiten, die der Universität aus der Begegnung von Traditionalismus und Fortschrittlichkeit erwachsen, weithin zutreffend nachgezeichnet haben. Dabei kommt vor allem die Sorge der verschiedenen Gruppen der Gesellschaft um die Funktion eines wichtigen Organs zum Ausdruck. Im einzelnen und von »innen« sieht manches anders aus: Sie stellen unter anderem fest, daß für die nächsten zehn Jahre die Universität eine Baustelle sein wird, wobei es vergleichsweise belanglos ist, ob es sich nun um die größte in Deutschland oder gar in Europa handelt. Wir müssen gegenüber den Baubehörden mit Dank anerkennen, daß die Planung so vortrefflich durchdacht ist, daß die Arbeit der bereits in Bochum tätigen Professoren und Studenten nicht beeinträchtigt wird. Ich sehe zudem einen besonderen Vorzug in der wahrhaft gigantischen Baustelle, daß nämlich die jungen und älteren akademischen Bürger den Auf- und Ausbau der Universität Tag für Tag bewußt miterleben und daß sich dadurch das Gefühl der Verbundenheit untereinander und der Verpflichtung gegenüber der Aufgabe stärkt. Des weiteren erörtern Sie den Ort, den Studentische Verbindungen im Raum einer neuen Universität einnehmen können. Die sich daraus ergebenden Probleme sind uns durchaus bewußt. Nach dem Willen des Gründungsausschusses, des Landtages und der nach Bochum berufenen Professoren soll diese Universität vorrangig der jungen Bevölkerung des Ruhrgebiets zur Verfügung stehen. Unsere Sorge gilt demnach vor allem dem Problem, wie die in diesem Gebiet vorhandenen Bildungsreserven mobilisiert werden können. Jede Verbindung, wie auch immer sie strukturiert sein mag, würde im Sinne der Universität handeln, wenn sie dazu beiträgt, den Zugang zur Universität zu verbessern. Generell darf ich sagen, daß dem flüchtigen Besucher gewiß zunächst die Bauleistung ins Auge fällt, aber ich muß darauf hinweisen, daß sich die Professoren nach einer glückhaft kurzen Vorbereitungszeit nun auf die innere Struktur der Universität konzentrieren. Es scheint zu gelingen, neue Studienordnungen zu entwickeln - die Entwürfe sind den hiesigen Studenten vertraut -, die realistisch eine Studienzeitverkürzung bewirken können. Eine junge Universität ist hier beweglicher und kann die Chancen ohne traditionelle Vorbelastungen wahrnehmen. Wir sind den »alten« Universitäten, von denen wir ja kommen, zu Dank verpflichtet, weil sie uns durch Vorarbeiten ermuntert haben, und wir hoffen, daß unsere Arbeit nicht ohne Rückwirkung auf sie selbst bleiben wird. Zu der Verfassung, die Sie als »streng vertraulich« charakterisieren, darf ich nur bemerken, daß den ernsthaft Interessierten der Verfassungsentwurf durchaus bekannt ist. Die Verfassung ist vom Kultusministerium noch nicht endgültig in Kraft gesetzt, und demzufolge sind Veränderungen noch durchaus möglich. In einem Punkt sollte dieser Entwurf auf jeden Fall Anerkennung verdienen, nämlich in dem, daß erstmalig alle Habilitierten Mitglieder der Fakultäten sind. Die Universität Bochum beabsichtigt nicht, fortschrittlich zu sein nur uni den Preis sensationeller Originalitätssucht. Sie versteht sich als realistische Universität, und das bedeutet heute fraglos sehr viel. Ihre Fortschrittlichkeit äußert sich nicht zuletzt darin, daß sie offen ist für neue Wege und weitere Entwicklungen. Die Uneinigkeit, die Sie an den Professoren bemängeln, ist bislang hier nur bei der Frage sichtbar geworden, ob die Professoren Talare tragen sollten oder nicht. Diese Uneinigkeit halte ich für einen Vorzug. Bochum PROF. DR. J. SCHWARTZKOPFF Ihr dankenswerter Artikel macht an einer Fülle von Beispielen deutlich, welch große Kluft zwischen ursprünglichen Reformplänen und der heutigen Wirklichkeit besteht. Gewiß gibt es Fortschritte; aber der Ansicht des Bochumer Prorektors, in Bochum sei die fortschrittlichste aber denkbaren Lösungen verwirklicht worden, muß entschieden widersprochen werden. Die Stellung der Ordinarien blieb gegenüber der bisher üblichen Regelung unverändert, obgleich hier - wie Sie mit Recht betonen - der Angelpunkt für viele Reformen liegt. Daß man der Studentenschaft leider nicht das Recht einer partnerschaftlichen Mitsprache einräumt, wird allein schon dadurch deutlich, daß die Konstituierung der Studentenschaft unter der Leitung des Prorektors stattfand und daß die immer noch »streng vertrauliche« Satzung den Studenten den Dienstweg über den Rektor vorschreibt, wenn sie sich an den Kultusminister wenden wollen. Daß das »Reformprojekt« der Kollegienhäuser nicht verwirklicht wurde, ist dagegen sehr zu begrüßen, da zwischen dem Forschungs- und Lehrauftrag der Universität und der privaten Sphäre der Studenten eine klare Trennung bestehen sollte. Bonn KARL-LUDWIG KELBER Pressereferent des Verbandes Deutscher Studentenschaften In Ihrer Titelgeschichte schreiben Sie über meinen Bochumer Kollegen, Herrn Professor Bosch, unter anderem: Auf Boschs Versuch, eine Gleichstellung des unehelichen Kindes mit dem ehelichen Abkömmling zu verhindern, spielte der Hamburger Rechtsgelehrte Konrad Zweigert auf dem 1962er Juristentag mit der Bemerkung an, es gäbe Ansichten, »die heute nur noch im Kreise provinzieller Kaffeetanten ein zustimmendes Kopfnicken« auslösten Ich möchte ausdrücklich klarstellen, daß es mir völlig fernlag, mit dieser Bemerkung auf irgendwelche bestimmten Personen anzuspielen. Sie findet sich in den einleitenden Sätzen meines auf dem Juristentag 1962 gehaltenen Referats und sollte lediglich ein bestimmtes rechtspolitisches Argument charakterisieren, das Ende des vergangenen Jahrhunderts bei der Schaffung des BGB eine Rolle spielte und heute vielleicht noch einen kleinen Sektor der öffentlichen Meinung beeinflußt, nämlich: Eine Besserstellung des unehelichen Kindes legalisiere auf Kosten der Ehe den rechtlich mißbilligten außerehelichen Geschlechtsverkehr und leiste damit der Unsittlichkeit und der Entstehung von Konkubinaten Vorschub. Ich habe später in meinem Referat unter anderem verschiedentlich zu dem von Herrn Professor Bosch im Auftrage des Juristentages erstatteten Gutachten Stellung genommen, dem ich in vielem zustimmte, in einigen Punkten freilich widersprechen mußte. Keinem gewissenhaften Leser dieses Gutachtens und meines Referats könnte es aber einfallen, in meiner einleitenden Bemerkung eine »Anspielung« auf Professor Boschs Ausführungen zu sehen. Weder hatte Herr Professor Bosch die damit charakterisierte Ansicht in dieser oder anderer Form vertreten noch hatte ich ihm diese Ansicht zugeschrieben. Hamburg PROF. DR. KONRAD ZWEIGERT Schwartzkopff* Zweigert* * Prorektor der Bochumer Ruhr-Universität. * Direktor des Max-Planck-Instituts für ausländisches und internationales Privatrecht in Hamburg.",https://www.spiegel.de/politik/ruestzeug-a-98dd8449-0002-0001-0000-000046275445?context=issue,,12,1965,December,1590,11699,True,True,1965,1960s,1965-69
1966,10,58,1966-02-27,Briefe,Jein-Sager,,"Falls Ihre Herren Augstein und Ahlers nach dem Gespräch mit Herrn Wehner wissen, was die SPD jetzt will, wäre es sehr dankenswert, wenn sie ihre Erkenntnisse in einer der nächsten Nummern mitteilen würden. Bremerhaven ERICH DEHL Mit grenzenloser Enttäuschung erleben Millionen an einer wahren Demokratie interessierte Bundesbürger, wie die SPD sich zu einer Opposition entwickelt hat, die anscheinend selbst nicht mehr weiß, was sie will. München BRUNO GERTIG Mit diesem faden Gebabbel würden wir Wehner sogar aus unseren monatlichen Es-Pe-De-Mitglieder-Zahlabenden rausjagen. Gnade uns Gott, wenn so was einmal Minister werden sollte. Frankfurt KARL RETZLAW Als SPD-Mitglied fordere ich den Rücktritt Herbert Wehners. Wir brauchen keine cholerischen Pessimisten, sondern agile Pragmatiker mit einem Schuß Idealismus. Bremen KARL-HEINZ GRASSELT Das SPIEGEL-Gespräch mit Herbert Wehner zeigt doch wieder einmal ganz deutlich, wie schlecht es um eine vernünftige Opposition in Deutschland bestellt ist. Würde Herr Wehner nebst Kollegen nur annähernd so klar sehen und auftreten wie es der SPIEGEL tut, dann käme man einer gesunden Demokratie schon sehr nahe. Hamburg PETER SCHRÖDER Ihr Gespräch mit Herrn Wehner war wieder einmal sehr aufschlußreich. Aus der Vielzahl der heute hoch ungeklärten Fragen betreffs Wiedervereinigung spiegelt sich eindeutig wider, wie viele Fehler die Regierungsparteien bisher begangen haben. Der Standpunkt der SPD zu dieser Frage ist jedoch sattsam bekannt und hat sich mit der Zeit als richtig erwiesen. Nürnberg DIETMAR KÖNNER Dein Herausgeber und Herr Ahlers sind auf dem besten Wege, einen langjährigen Leser zu vergraulen. Was die beiden Herren uns mit dem SPIEGEL-Gespräch mit Herbert Wehner zugemutet haben, ist nach meiner Meinung alles andere als ein journalistisches Kabinettstück. Anstelle eines Gespräches setzte man uns gegenseitige Monologe vor. Niederpleis (Nordrh.-Westf.) DR. W. HIPPE Ich kann mich nicht erinnern, jemals zehn SPIEGEL-Seiten (ohne Anzeigen) gelesen zu haben, die mehr Belangloses, längst Bekanntes, Überflüssiges enthielten. Selbstdarstellung der SPD nach der verlorenen Wahl unter besonderer Berücksichtigung der Deutschlandpolitik? Warum sind Sie da nicht zu Willy Brandt gefahren, der immer noch Parteivorsitzender ist und der gerade zu diesem Problem Intelligenteres zu sagen gewußt hätte als der Sophist Wehner. München DIETER VOGEL Dem politischen Normalbürger und -wähler ist mit »Jein« zu diesem und jenem aktuellen Problem nicht gedient. Wenn etwas weiß ist, sollte dies Wehner zugeben und nicht sagen, es sei grau oder gar undefinierbar! München GEORG WALDSCHÜTZ Was hat der SPD-Mephisto Wehner da wieder für Zeug erzählt. Barzel hätte die SPD doch nie in Notstandsschwierigkeiten bringen können, wenn die Partei an dem festgehalten hätte, was Dr. Walter Menzel und Dr. Adolf Arndt jahrelang im Auftrag der ganzen Partei versicherten: Das Grundgesetz reicht aus, wir brauchen keine Notstandsgesetze. Über Deutschlandpolitik sollte der Vorsitzende des »Ausschusses für gesamtdeutsche und Berliner Phrasen« (Wehner) besser gar nicht reden, weil er, seitdem er den Deutschlandplan der SPD abwürgte und verscharrte, keine deutschen Antworten mehr weiß. Wehner hat also nie gesagt, es gehe bei der Lösung der deutschen Frage um die Wiederherstellung der Gebietshoheiten von 1937. Warum saß er dann in Karlsruhe beim SPD-Parteitag unter einem Transparent, das die Grenzen von 1937 zeigte und den Text trug: »Auftrag und Erbe«? Das ist doch ein typisch schizophrenes Verhalten. Dortmund ARNO BEHRISCH Eine der Tradition und der (preisgegebenen!) Funktion der SPD sowie den nationalpolitischen Interessen entsprechende Alternative heißt nicht nur, die Starfighter-Politik schärfer zu kritisieren oder die Regierung mit Fragen zu bedrängen, sondern: die vom Wettlauf zum Jahr 2000 und den Anforderungen der anbrechenden Automation bedingte Bildungsgesellschaft mit allen Konsequenzen dem anachronistischen militaristischen Bonner Notstandsstaat und der Kontinuität des deutschen Irrtums gegenüberzustellen. Frankfurt LORENZ KNORR Wehner meinte, daß »uns die Kraft gefehlt hat, all das, was wir auf vielen wesentlichen Sachgebieten forderten, überzeugend zusammenzufassen«. Pragmatische Politik zusammenfassen zu wollen, ist ein Widerspruch in sich selbst! Zusammenfassen kann nur, wer eine klare Konzeption hat: kommunistisch, kapitalistisch oder ... Hamburg J. SCHUMANN Simplicissimus Kopfbedeckungszerbrechen - »Sollten wir vielleicht doch auf die zurückkommen?«",https://www.spiegel.de/politik/jein-sager-a-48d9f162-0002-0001-0000-000046265816?context=issue,,2,1966,February,630,4529,True,True,1966,1960s,1965-69
1966,11,22,1966-03-06,Briefe vom Staatsanwalt,,['Seibert'],"Beim Bayrischen Obersten Landesgericht zu München geraten die Staatsschutzsachen ins Stocken: Der für Hoch- und Landesverratsfälle zuständige Oberstaatsanwalt Dr. jur. Klaus Seibert legte sich vergangenen Mittwoch in eine Klinik. Doch kein Staatsfeind war für den rapide sinkenden Blutdruck des hohen Juristen verantwortlich, sondern eine mittlerweile ergraute Blondine, die an der Illustriertenbörse immer noch weit über jedem Spion haussiert: Vera Brühne. Am 4. Juni 1962 verkündete der damalige Landgerichtsdirektor Seibert nach fünfwöchiger Hauptverhandlung das Urteil über Vera Brühne und den Montageschlosser Johann Ferbach: schuldig zweier gemeinschaftlich begangener Verbrechen des Mordes, begangen am Arzt Dr. Otto Praun und dessen Haushälterin; lebenslänglich Zuchthaus. Die Lebedame verschwand in der Frauenstrafanstalt Aichach; der Richter ließ sich bald darauf zum Oberstaatsanwalt ernennen. Doch beide behielten einander im Auge. Unermüdlich versuchten die Brühne/ Ferbach-Anwälte das - nach Meinung sachverständiger Prozeßbeobachter absolut gewissenhaft und solide gezimmerte - Urteil aufzubrechen. Von Illustrierten angefeuert und mit fünfstelligen Summen ausgestattet, zweifelten sie Belastungszeugen an, taten sie angebliche Entlastungszeugen auf, stellten sie Anträge aller Art. Den rechtskräftig gewordenen Seibert-Spruch vermochten sie bislang nicht zu erschüttern. Wachsam aber blieb auch Klaus Seibert, der alle Kritiken an seiner Prozeßführung und alle Zweifel an seinem Urteil als persönliche Beleidigungen empfand. Opfer der Seibertschen Verteidigungsbereitschaft wurde beispielsweise der Münchner Landgerichtsrat Dr. Gottfried Schumann, der - Monate nach dem Brühne-Prozeß - einen gewissen Siegfried Schramm abqualifizierte. Dieser Schramm, ein mehrfach vorbestrafter notorischer Betrüger, hatte 1961 als Untersuchungsgefangener in einer Münchner Haftanstalt die Bekanntschaft des Brühne-Freundes Ferbach machen und sich bald einen Vertrauten des Schlossers nennen dürfen. Schramm meldete der Justiz: Ferbach habe ihm den Doppelmord in allen Einzelheiten geschildert. Seibert prüfte die Aussage, die nicht einmal der Polizei bekannte Mord-Details enthielt, und akzeptierte sie als glaubwürdig. Später geriet Schramm wegen vier Verbrechen des Betrugs im Rückfall und Urkundenfälschung vor den Landgerichtsrat Schumann, der ihm in der mündlichen, nicht aber in der schriftlichen Urteilsbegründung »eine für die Rechtsordnung höchst gefährliche Lust am Fabulieren und dergleichen mehr bescheinigte. Seibert zum SPIEGEL: »Das war eine Desavouierung meiner Person und des ganzen Schwurgerichts.« Und auf die Frage, ob denn nicht Schumann die Unglaubwürdigkeit Schramms im Hinblick auf ganz bestimmte Straftaten unter Ausschluß aller Brühne-Aspekte charakterisiert habe: »Nein, nein.« Entschlossen verlieh Seibert »meiner menschlichen Enttäuschung Ausdruck«, indem er Schumann brieflich »unsere bisherigen freundschaftlichen Beziehungen« aufkündigte Seibert zufrieden: »Von da ab grüßten wir uns nur noch.« Ein derart starres Gebaren ist für den heutigen Oberstaatsanwalt Klaus Seibert, 52, typisch. Schon der Student Seibert ärgerte die Nazis durch Teilnahme an Fronleichnamsprozessionen und ließ sich von NS-Chargen einen Feigling nennen - wozu Mut gehörte. Im bayrischen Justizdienst brachte es Seibert zu glänzenden Beurteilungen, gleichwohl fiel seine säuerliche Humorlosigkeit auf. Stets ausgezeichnet vorbereitet, leitete er Hauptverhandlungen in jenem Stil, den deutsche Richter in den Zeitungen gern als »souverän« gewürdigt sehen: straff, aber von oben herab, durchsetzt mit überflüssigen, eifernden Spitzen. Dem angeklagten Krebsdoktor Issels vom Tegernsee rief er unvermittelt zu: »Ich bin gespannt, ob Sie jetzt noch Ihr unbewegtes Pokergesicht behalten.« Und als im Brühne-Prozeß ein psychiatrischer Gutachter der Brühne-Tochter »eiskalte Augen« attestierte, pflichtete ihm Seibert bei: »Genau diesen Eindruck hatte ich auch, als Fräulein Cossy zu mir ins Zimmer kam.« Für zwei versuchte Abtreibungen (eine davon über neun Jahre zurückliegend) verpaßte Seibert einem Mann 18 Monate Zuchthaus; der Bundesgerichtshof fand dann das Strafmaß zu hoch, und Seibert mußte auf Gefängnisreduzieren. Spielbanken nannte der Landgerichtsdirektor ein »moralisches Problem« - »wie überhaupt alles, was sich um die Spielbanken schart, zwielichtig ist«. Dieser Kommentar allerdings brachte dem Richter Ungelegenheiten ein. Die vor ihm stehenden Roulett-Unternehmer überprüften zu Hause - im Kasino Bad Wiessee - die Besucherkartei und entdeckten ein Formular, auf dem 47 Visiten des Dr. Klaus Seibert in ihrem Betrieb registriert waren. Seibert vor seinem Landgerichtspräsidenten: Er sei nur ein einziges Mal in der Spielbank gewesen, gemeinsam mit einem befreundeten Sparkassendirektor, der sich irgendwie in den Besitz seiner, Seiberts, Eintrittskarte gesetzt und sie hinfort mißbraucht habe. Der jeuende Spargroschenverwalter bestätigte die Darstellung, der Richter blieb ungeschoren. Hart hergenommen aber wurde der Landgerichtsdirektor von Illustrierten und Boulevardzeitungen, denen Vera Brühne selbst über Soraya ging. Schon 1961, vor dem Issels-Prozeß, hatten Blätter, die es mit dem Krebsarzt gut meinten, der Seibert-Kammer bescheinigt, sie sei »überfordert«. Kaum hatte der Landgerichtsdirektor Issels hinter sich gebracht, setzte der große Brühne -Run ein. Nach dem Urteil wetteiferten Anwälte und Reporter im Ausspähen von Wiederaufnahmegründen. Seibert zum SPIEGEL: »Bei einer Gelegenheit ist zweifellos ein Bestechungsversuch unternommen worden.« Und in der Fischer-Bücherei erschien Max Hirschbergs Standardwerk »Das Fehlurteil im Strafprozeß«, dessen Umschlag ein Photo zierte, auf dem sich Seibert im Brühne -Prozeß wiederzuerkennen glaubte. Das jahrelange Herumhacken auf seinem Urteil - teils von Leuten, die an der Verhandlung nicht einen Tag teilgenommen hatten - strapazierte Klaus Seibert offensichtlich. Schon längst Oberstaatsanwalt bei einem anderen Gericht, beobachtete er den Brühne-Rummel argwöhnisch. Am 21. Oktober 1965 setzte er sich wieder einmal an die Schreibmaschine, um einem Kollegen einen Brief zu tippen. Empfänger war diesmal der Landgerichtsrat Herbert Streiber, der über einen Brühne-Wiederaufnahmeantrag zu befinden hatte und sich Seibert freundschaftlich verbunden fühlte. Seibert an Streiber: »Seit Wochen setzt die Illustrierten- und Boulevardpresse das Wiederaufnahmegericht wie schon im ersten Wiederaufnahmeverfahren unter einen beispiellosen Druck, wobei sie das Ergebnis dieses Verfahrens als selbstverständlich vorwegnimmt.« »Dabei sind sich alle Beteiligten selbstverständlich darüber im klaren, daß ein zweites Verfahren nur mit einem Freispruch enden könnte, denn es würde sich kein Geschworenengericht mehr finden, das gegen die aufgeputschte Öffentlichkeit zu entscheiden wagte*. Sensationsprozesse werden ja heute nicht mehr von unabhängigen Gerichten, sondern von der Sensationspresse entschieden.« Solchermaßen übertreibend, bat Seibert den jüngeren Streiber, »sich von allen gesteuerten Emotionen und Einwirkungsversuchen frei zu machen, die auch in dem unabhängigsten Richter unbewußt sachfremde Erwägungen reifen lassen könnten«. Streiber bedankte sich telephonisch, versicherte: »Natürlich bleibt der Brief zwischen uns beiden«, und reichte ihn unter Kollegen herum. Über eine Kette von Staatsjuristen und Rechtsanwälten kam das Seibert -Streiber-Schreiben schließlich ins Ministerium, nicht ohne daß unterwegs Photokopien angefertigt worden wären. Es gab ein dienstaufsichtliches Verfahren, in dessen Verlauf Streiber klar bekundete, er habe sich keineswegs beeinflußt gefühlt. Trotzdem wurde in Seiberts Personalakte ein Verweis fixiert. Vorletzte Woche wurde Seibert klar, »daß ich in dieser Form ja wohl recht ungeschickt vorgegangen bin«. Denn Auszüge seines Schreibens kursierten plötzlich durch die von Seibert so wenig geschätzten Boulevardzeitungen; Brühne-Anwalt Moser behauptete: »Das ist das Schlimmste, was unserer Justiz seit hundert Jahren passiert ist«, und Bayerns Justizminister Ehard konstatierte: »Riesendummheit.« Die von dem Juristen befürchteten Emotionen richteten sich nun gegen ihn selbst, und Bayerns SPD bringt den Fall Seibert sogar vor den Landtag. Weitere Maßnahmen gegen Seibert wird es aber nicht geben; mit dem internen Verweis ist die Angelegenheit bereits erledigt. Doch das Herz des Juristen, der sich eigensinnig in eine Sache mischte, die längst nicht mehr die seine war, machte schlapp. Klaus Seibert mußte ins Krankenhaus. * Ein Geschworenengericht besteht aus nur drei Berufsrichtern und sechs juristischen Laien. Brühne-Richter Seibert Ist es das Schlimmste .. Mutmaßliches Seibert-Photo . . . was der deutschen Justiz ... Verurteilte Vera Brühne ... in 100 Jahren passierte? Brief-Empfänger Streiber »Machen Sie sich frei«",https://www.spiegel.de/politik/briefe-vom-staatsanwalt-a-655b0c8f-0002-0001-0000-000046265922?context=issue,,3,1966,March,1158,8851,True,True,1966,1960s,1965-69
1966,12,65,1966-03-13,Briefe,Notstand,,"Wie sich die für den nationalen Zusammenhalt lebenswichtige deutsche Ostpolitik darauf konzentrierte, alle diesbezüglichen Noten und Vorschläge mit dem Ziele der Ablehnung sorgfältig zu prüfen, orientierte sich die für die wirtschaftliche Zukunft entscheidende Wissenschaftsförderung an den Maximen des Kirchenvaters Tertullian, der erklärte, daß jede Wissenschaft überflüssig sei, da man doch die Evangelien habe. Braunschweig KURT FRÖSCHKE Ihr Artikel über das Notprogramm für die deutsche Forschung ist wieder einmal eine sachliche Auseinandersetzung mit einem hochaktuellen Problem. Arpke (Nieders.) UWE STECKMANN Weshalb sind Sie gegen den derzeitigen Zustand? Weshalb sollen in einem Land, in dem die Zwergschule propagiert wird, nicht auch die Zwerghochschulen gedeihen? Seien wir froh, daß wir wenigstens hier die Weltrangliste anführen. Ahlem (Nieders.) WOLFGANG BEIER Daß bei uns Wissenschaft, Forschung und Hochschulen im argen liegen, braucht keinen vernünftigen Menschen in Erstaunen zu setzen. Jener unselige Beschluß, welcher seinerzeit den Ländern die Kulturhoheit zugestand, dürfte eine der tiefsten Quellen unseres Dahinsiechens auf wissenschaftlichem Gebiet sein. Landshut (Bayern) RUDOLF SIMMET Hier - wir sprechen von Frankreich ist man sich im Gegensatz zu Deutschland in viel größerem Maße der Tatsache bewußt, daß die Forschung von heute notwendige Bedingung des Wohlstandes von morgen ist. Das äußert sich in einem umfassenden, staatlich koordinierten und großzügig finanzierten Forschungsprogramm, in der Bereitstellung von ausreichenden Mitteln zur Bezahlung von Hilfskräften und zur Beschaffung von wissenschaftlichen Ausrüstungen, in der Verteilung gut dotierter Forschungsstipendien für Doktoranden und nicht zuletzt in der Bezahlung von Wissenschaftlern in Forschungszentren. Eindrucksvoll ist das Beispiel eines Gehaltsvergleichs: Ungeachtet der Tatsache, daß ein französischer Akademiker etwa drei Jahre früher in den Beruf kommt, sind die Anfangsgehälter in französischen Forschungsinstituten wesentlich höher. Dazu kommt, daß ein qualifizierter Wissenschaftler mit einer jährlichen Gehaltssteigerung von 150 Mark rechnen kann. Frankreich hat erkannt, daß man nicht durch Appelle an die Vaterlandsliebe, sondern durch das Schaffen würdiger Arbeitsbedingungen die Wissenschaftler an der Flucht nach Übersee hindern kann. Grenoble (Frankreich) THILO KESTER und elf weitere deutsche Mitarbeiter des Kernforschungszentrums Grenoble Der SPIEGEL hat in eindrucksvollster Weise darüber berichtet, welche Aufgaben der staatlichen Förderung der wissenschaftlichen Forschung in der Bundesrepublik gestellt sind. In dem Bericht wird dem Bundestag vorgeworfen, er habe den Forschungsnotstand erst jetzt entdeckt und beispielsweise in den letzten Jahren ganze 45 Minuten für die Beratung der Wissenschaftspolitik erübrigt. Diese Nachricht des deutschen Nachrichten-Magazins ist unrichtig. Die sozialdemokratische Bundestagsfraktion hat in fünf Großen Anfragen und Anträgen während der letzten Legislaturperiode die Aufgaben in Bildung und Wissenschaft zur Diskussion gestellt (am 31. Januar und 13. November 1962, am 4. Oktober 1963, am 14. Januar und 14. Oktober 1964), und der Bundestag hat darüber wiederholt ausführlich debattiert. Die SPD befand sich dabei allerdings meist in der Situation eines Jägers, der seinen Hund zum Jagen tragen muß. Die politische Ausbeute der Debatten war entsprechend mager. Leider ist die Mehrheit des Bundestages auch bei der letzten Wissenschaftsdebatte dem Antrag der SPD nicht gefolgt, durch eine Willenserklärung des Parlaments eindeutig klarzustellen, daß der Bundestag der deutschen Wissenschaft die benötigten Mittel geben wolle - trotz der angespannten Finanzlage. Während der Haushaltsberatungen in den nächsten Wochen wird die SPD wiederum Vorschläge unterbreiten, wie diese Mittel aufgebracht werden können. Ich hoffe, daß die Bundesregierung und ihre Mehrheit sich diesen Anregungen nicht verschließen werden, wenn sie schon keine eigenen Vorschläge dazu beisteuern. Ihr Beitrag war hinsichtlich der energischen Bemühungen der Sozialdemokraten im Bundestag um die Wissenschaftsförderung leider etwas unterbelichtet. Da dieser Informationsrückstand der SPIEGEL-Redaktion jedoch leichter zu beheben ist als der Notstand in unserer Forschung, möchte ich Ihnen ungeachtet der kleinen Retuschen in Ihrem Bericht danken für die Hilfe, die Sie unseren Wissenschaftlern geleistet haben. Bielefeld DR. ULRICH LOHMAR Sicherlich ist es notwendig, die für die Wissenschaft erforderlichen Mittel erheblich zu erhöhen. Gleichermaßen wichtig scheint es mir aber auch, das vorhandene Geld nicht nur sparsam, sondern auch rationell auszugeben. Kein Privatunternehmer könnte es sich leisten, wie viele Hochschulinstitute es tun müssen, durch qualifizierte Kräfte Arbeiten ausführen zu lassen, die angelernte Kräfte auch tun könnten. Wissenschaftler, tastensuchend an der Schreibmaschine, sind einfach zu teuer, besonders um zur Befriedigung der Geldgeber nutzlose Forschungsberichte zu tippen, deren Inhalt ohnehin in Fachzeitschriften erscheint. Hilfskraftstellen an den Hochschulen werden nach dem gleichen Modus bewilligt, wie er für alle staatlichen Behörden gilt. Was bei Behörden jedoch zweckmäßig sein kann, bewirkt bei der Wissenschaft Mangel an Flexibilität. Beim heutigen Arbeitsmarkt und den tariflichen Bindungen an Tätigkeitsmerkmale sind qualifizierte technische Assistentinnen schon längst in der lukrativeren Industrie, bis das Geld für sie eventuell genehmigt wird. Zum anderen ändert sich von Projekt zu Projekt das Verhältnis von Personalausgaben zu Sachausgaben. Ein Direktor an einem (privaten) Max-Planck-Institut kann vernünftigerweise heute (noch!) weitgehend entscheiden, ob er die ihm zur Verfügung gestellten Mittel für Personal- oder Sachkosten verwenden will. Ein Direktor eines (staatlichen) Hochschulinstituts ist dagegen an Haushaltstitel gebunden, die er nicht vertauschen kann. Statt eines schlechten Privatdozenten kann er keine gute Teaching-Maschine anschaffen, noch darf er ein Gerät einsparen und dafür eine technische Assistentin einstellen oder gar statt eingesparter Putzmittel eine Schreibmaschine kaufen. Warum hat der Staat nicht mehr Vertrauen, daß die auf ihn eingeschworenen, beamteten Wissenschaftler das ihnen anvertraute Geld sinnvoll ausgeben? Vielleicht würde die Überwindung bürokratischer Schranken mit dem Erfolg, daß auch Hochschulinstitute ihren Etat in eigener Verantwortung und damit flexibler ausgeben dürfen, helfen, den Wirkungsgrad der Wissenschaft in Deutschland anzuheben. Köln DR. MED. J. STEGEMANN* Minister Stoltenberg hat in seinem Interview erklärt, in der Bundesratssitzung nach der Wissenschaftsdebatte im Bundestag habe kein Land eine Erhöhung der Bundeszuschüsse für die Hochschulen beantragt. Diese Äußerung beruht auf einem Irrtum, der auch den Herren, vom SPIEGEL im Drange der Geschäfte nicht aufgefallen ist und den richtigzustellen notwendig zu sein scheint. Ich habe im Bundesrat den Bundeshaushalt 1966 abgelehnt, und zwar neben anderen Gründen wegen der Vernachlässigung der Wissenschaftsförderung durch den Bund. Der Ansatz von 350 Millionen Mark zeige, daß die vom Bundeskanzler in der Regierungserklärung versprochene Ausgabenpolitik nach Schwerpunkten nicht befolgt werde. Deutlicher als durch die dermaßen begründete Ablehnung des Bundeshaushalts kann eine Mißbilligung des niedrigen Ansatzes und eine andere Vorstellung des Landes Hessen kaum ausgedrückt werden. Wenn ein Land wie Hessen im Jahr 1965 248 Millionen Mark für seine Wissenschaftlichen Hochschulen aufgewendet hat, davon 85 Millionen Mark für Bauzwecke, ist ein Betrag von 350 Millionen Mark des Bundes in der Tat bemerkenswert. Wiesbaden ALBERT OSSWALD Die Notlage der Wissenschaft bei uns dargestellt zu haben, dafür gebührt Ihnen Anerkennung und Dank, nicht aber dafür, daß Sie die Therapie einfach in der Vermehrung der Geldmittel sehen. Geld ist immer dafür da, wofür man es für nötig hält. Die eigentliche Ursache liegt wohl in einer bei uns verbreiteten Geringschätzung des Wissenschaftlichen gegenüber anderen Gebieten. Wer hierzulande »Kommas« statt »Kommata« sagt, wer das Neueste von Böll nicht kennt oder von abstrakter Kunst nichts versteht, hat schamrot zu werden, aber eine simple quadratische Gleichung nicht lösen zu können oder den Unterschied von kg und kp (was ist das überhaupt?) nicht zu kennen, darf man sich sogar rühmen, ohne Einbuße an seinem Ansehen befürchten zu müssen. Hamburg RICHARD GEISSLER Sonntagsblatt »Geduld, Herr Wissenschaftler - wir sind bereits auf Seite 43!« SPD-MdB Lohmar* Osswald** * Vorsitzender des Bundestagsausschusses für Wissenschaft, Kulturpolitik und Publizistik. * Privatdozent für Physiologie, insbesondere Arbeitsphysiologie, an der Universität Köln. ** Hessischer Finanzminister (SPD).",https://www.spiegel.de/politik/notstand-a-d300abd6-0002-0001-0000-000046266001?context=issue,,3,1966,March,1181,8847,True,True,1966,1960s,1965-69
1966,14,66,1966-03-27,Briefe,Ungläubig,,"Sie schreiben, die Psychoanalyse sei von Sigmund Freud »einst als Waffe der Aufklärung gedacht«, was mindestens die Akzente falsch setzt, denn die Psychoanalyse war und ist primär eine wissenschaftliche und therapeutische Methode. Weiterhin heißt es, Fromm sei »der bedeutendste unter den lebenden Psychoanalytikern«; nun ist Fromm sicher ein bedeutender Mann, aber doch in seinem Fach umstritten und etwas am Rande stehend; wenn dies nicht mitgeteilt wird, entsteht im Leser ein falsches Bild. An anderer Stelle steht, Fromm wolle dem Patienten »ethische Religiosität... einpflanzen« oder man würde einem Patienten einen Verbleib in einer Stellung »anraten«. Diese als Bilder aus der allgemeinärztlichen Tätigkeit entnommenen Darstellungen analytischen Vorgehens zeigen, daß der Schreiber vom eigentlichen psychoanalytischen Prozeß keine Ahnung hat und noch weniger von seinen theoretischen Grundlagen. Das kann man auch nicht verlangen, die Materie ist gewiß schwierig und kompliziert; aber dann soll man auch seinen Mund oder seine Schreibmaschine halten. Frankfurt DR. MED. LUTZ ROSENKÖTTER Facharzt für Nervenkrankheiten - Psychotherapie Die Leitidee des Artikelschreibers soll wohl sein, daß die »atheistische Psychoanalyse« durch E. Fromm religiös umgewandelt werde. Dieses billige Wortspiel mit dem Namen eines bedeutenden Psychologen wird dem Bemühen E. Fromms, die zwischenmenschlichen Beziehungen und ihr Problem in den Kernpunkt der psychoanalytischen Therapie zu bringen, absolut nicht gerecht. Zürich DR. H. SCHEU ZUR KLARSTELLUNG: ICH GLAUBE WIE FREUD, DASS HEILUNG DURCH BEWUSSTMACHEN DES UNBEWUSSTEN ERFOLGT. BIN NICHT IN ÜBEREINSTIMMUNG MIT LIBIDO-THEORIE UND KONSEQUENZ FÜR INHALT DES UNBEWUSSTEN. VERTRETE KEINE FORM DER RELIGION. Mexico City ERICH FROMM",https://www.spiegel.de/politik/unglaeubig-a-ed0e1b84-0002-0001-0000-000046266193?context=issue,,3,1966,March,243,1774,True,True,1966,1960s,1965-69
1966,16,51,1966-04-10,Briefe,Hausfriedensbruch,,"Dem SPIEGEL sei Lob und Dank, daß er dem - fern allem Notstandswehegeschrei - echten Notstand der bundesdeutschen Nachkriegswohnerei das Gewicht seiner unüberhörbaren Stimme gewidmet hat! Wuppertal HANS FRIST Ihr Gespräch hat den Dank von Millionen betroffener Mieter. Das Dilemma, das durch den unseligen Lücke-Plan über die Deutschen kam, könnte nur beseitigt werden, wenn das Parlament den Mut hätte, dieses Gespräch zur Grundlage einer ehrlichen Debatte zu machen. Berlin HANNA RESSEL Ihre Ausführungen, Herr Dr. Bucher, gehen in den wesentlichen Punkten kraß an der Wirklichkeit vorbei. In den Fragen der Miethöhe, zum Beispiel, da führen Sie aus, daß circa 20 Prozent des Einkommens für die Miete aufgebracht werden müssen. Gern würden wir es tun. Aber hier in Hamburg, überhaupt in Norddeutschland, liegen diese Mietaufkommen erheblich höher! Hamburg EDELGARD V. BACZKO Wenn mir der Herr Minister eine Vier -Zimmer-Wohnung in Frankfurt für 20 Prozent meines Bruttoeinkommens besorgen kann, bin ich ihm herzlich dankbar, auch wenn sie nur meiner jetzigen gleicht und nicht meinen »Sozialstatus hebt«. Er wird mir aber unter 25 bis 30 Prozent nicht helfen können. Ich schlage vor, der vierköpfigen Familie, die »im Modellfall« für Miete zehn bis elf Prozent aufwendet, ein Denkmal zu errichten, wie es für andere legendäre Größen üblich ist. Kassel FRITZLUDWIG GÄRTNER Mit dem Herrn Minister wären auch wir mit einer Miete bis zu 20 Prozent des Einkommens zufrieden. Ein Blick in die Vermietungsanzeigen (und nicht nur in Statistiken!) der »Süddeutschen Zeitung« zum Beispiel würde den Herrn Minister bald belehren, daß von seinem 20 Prozent-Traum nicht viel übrigbleibt. Für eine durchschnittliche Drei -Zimmer-Wohnung sind 250 bis 450 Mark normal. Vorra (Bayern) I. HUBER Nichts gegen die soziale Marktwirtschaft auf dem Sektor Wohnungen, aber erst dann, wenn das Angebot der Nachfrage entspricht. Der Lücke-Plan, den uns der frühere Wohnungsbauminister beschert hat, beruht auf völlig falschen Unterlagen. Aber darauf haben schon berufenere Leute hingewiesen. Ohne Erfolg. Dabei braucht ein Minister nur einmal die Zeitungen im Ruhrgebiet arm Wochenende zu studieren und die Anzeigen der Wohnungssuchenden mit den Angeboten zu vergleichen. Die Augen wurden ihm übergehen, und das 1966. So weit, so schlimm. Duisburg HANS VOLKENBORN Die Anwendung von Grundsätzen der freien Marktwirtschaft auf den Sektor Wohnungen ist nicht nur absurd - weil man Wohnungen nicht einfach als Gebrauchsgüter bezeichnen und sie, wie das Herr Dr. Bucher tut, mit Gurken auf eine Stufe stellen kann -, sie ist auch zutiefst unmenschlich, denn jeder Mensch bat ein primäres Recht auf eine sichere Behausung. Die soziale Marktwirtschaft wird in diesem Bereich notwendigerweise unsozial. München JOSEF BENZINGER Da Herr Bucher meines Erachtens keine sozialen Erfahrungen hat, sollte er doch einmal in einer Kleinstadt beim Sozialamt vorsprechen, damit er wenigstens die Grundbegriffe auf diesem Gebiet begreifen lernt. Hamburg WOLFGANG ROTHE Die Ware Wohnung ist eine Ware besonderer Art. Sie ist nicht einfach austauschbar, wie zum Beispiel Butter gegen Margarine. Sie sollte auch nicht gleichgesetzt werden mit der Ware Anzug oder einem Auto. Für die meisten Menschen schafft die Wohnung erst die Voraussetzung, Mensch sein zu können. Die Überführung der Wohnungswirtschaft in die freie Marktwirtschaft kam für die meisten Wohnungskreise viel zu früh. Wenn eine freie Marktwirtschaft funktionieren soll, muß bekanntlich ein Angebot vorhanden sein. Ein solches Wohnungsangebot ist aber in vielen Wohnungskreisen heute noch nicht vorhanden. Diese Tatsache muß zu Knappheitsmieten und nicht selten zu willkürlichen Kündigungen führen. Die Verfahrensweise, danach zu entscheiden, weiß ist der Kreis, der zu einem bestimmten Stichtag ein rechnerisches Wohnungsdefizit von weniger als drei Prozent hat, ist sehr anzweifelbar und stimmt mit den Realitäten nicht überein. So wurde zum Beispiel in der Stadt Offenbach am Main, die Stadt ist weißer Kreis, Ende letzten Jahres eine freiwillige Befragungsaktion mit folgendem Ergebnis durchgeführt: Die Gesamtzahl der nach der Erhebungsaktion ermittelten objektiv Wohnungssuchenden (das sind Familien, die keine eigene Wohnung besitzen, beziehungsweise solche, die in Notunterkünften untergebracht sind) beträgt 2089; das sind rund fünf Prozent der vom Hessischen Statistischen Landesamt Wiesbaden angegebenen Wohnparteien in Offenbach von rund 41 300. Offenbach hat demnach, obwohl nicht alle Fälle erfaßt werden konnten, zwei Jahre nach Erklärung zum weißen Kreis noch ein Wohnungsdefizit von fünf Prozent. Da in diesen zwei Jahren mehrere tausend Wohnungen gebaut worden sind, müßten nach der Rechnung des Herrn Lücke annähernd 1000 Wohnungen in Offenbach leerstehen. Das Gegenteil ist jedoch der Fall. Offenbach WILLI BÄUERLE Es fehlen mir die Worte, um Ihnen meine Verachtung auszudrücken wegen der einseitigen subjektiven Information der Öffentlichkeit. Von schüchternen Ansätzen abgesehen, bildet Ihr Artikel ein hetzerisches Pamphlet gegen den Vermieter, dessen einziges Verbrechen lediglich darin bestand, Eigentum zu besitzen. Planig (Rheinl.-Pfalz) JOHANN MERKELBACH Wer hat zum Beispiel die Hausbesitzer bedauert, die durchaus nicht alle »Ausbeuter« und »Kapitalisten« sind, sondern die sich einstmals ein Wohnhaus oft als Altersversorgung abgehungert hatten und seit Jahrzehnten (!) zwangsweise Mieten bekamen, die nicht einmal die nötigen Reparaturen deckten, von der Verzinsung ihres Geldes ganz zu schweigen? Wiesbaden JOHANNES W. CASPARY Als ständiger Leser des SPIEGEL und als Hauseigentümer fühle ich mich unsachlich angesprochen. In Ihrem Artikel vermisse ich für Altbauten sachliche Würdigung und ursächliche Gründe für Mieterhöhungen überhaupt. Als gravierendes Moment sind, wie eigentlich jeder wissen sollte, die ständig wiederkehrenden und maßlosen Lohnforderungen der Gewerkschaften in den Blickpunkt zu rücken. Sie allein sind für Preissteigerungen aller Art und für den Schwund der Mark verantwortlich. Sie drehen die Lohnspirale hemmungslos nach oben, nach dem Motto: »Nehmt, was ihr kriegen könnt!« Und da wundern sich diese Ignoranten, daß der Unternehmer mitzieht. Hatten wir in den 30er Jahren Unternehmerlöhne für Klempner von 1,60, für Maurer von 1,40 Reichsmark, um nur zwei Sparten, die wesentlich sind, herauszugreifen, so liegen heute die Stundenlöhne zu 1) zwischen zwölf und 13 und zu 2) bei elf bis zwölf Mark. Das ist eine Steigerung von 800 Prozent, das heutige Bummeltempo nicht eingerechnet. Hamburg HANS KATHNER Mietei-Zeitung »Sicher, Herr Lücke, so eine schöne Wolle! Der wird mir sicher passen!« SPD-MdB Bäuerle",https://www.spiegel.de/politik/hausfriedensbruch-a-e7db3bec-0002-0001-0000-000046266378?context=issue,,4,1966,April,962,6684,True,True,1966,1960s,1965-69
1966,18,77,1966-04-24,Briefe,Notstand,,"Beifall und Dank für Rudolf Augsteins Aufsatz über die Notstandsgesetze! Diese Notständler kommen mir vor wie Skiläufer, die vor lauter Angst, gegen einen einzelnen Baum im Gelände anzurennen, nun gerade, wie magisch angezogen, dagegenprallen - obwohl der Baum ursprünglich weit abseits ihrer natürlichen Laufbahn stand. Wiesbaden DR. KURT OPPERT Notstandsgesetze zwingen Demokratie raus, zwingen Diktatur rein. Bad Lippspringe (Nordrh.-Westf.) WILLI KOHLER Ich möchte mich für Ihren Artikel bedanken, er hat mir in mancher Hinsicht die Augen geöffnet (beziehungsweise mir wurde schwarz vor Augen). Idar-Oberstein HARTMUT PAULUS Herr Augstein malt es uns zwar so schwarz an die Wand, daß es schwärzer bald nicht geht, aber leider entspricht diese intensive Farbe durchaus den Tatsachen. Mölln (Schlesw.-Holst.) KURT MARTENS Ich kann zu Ihrem Artikel nur sagen: armes Deutschland! Paris PAUL W. DENECKE SIE HELFEN, DAS »ENDE ALLER SICHERHEIT« ZU VERHINDERN DURCH DIE DEMASKIERUNG DER GESELLSCHAFTSFORMIERER im CHRISTLICHEN GEWANDE. BESONDERS ALS KATHOLISCHER POLITIKER DANKE ICH IHNEN DAFÜR. OB IM SINNE KARDINAL VON GALENS WAHLSPRUCH »NICHT LOB NOCH FURCHT« ENDLICH AUS DEM »MILIEU« (NACH PAGE 1/50 + AMERY) MUTIGE AN IHRE SEITE TRETEN, WIE SIE IN DIE PHALANX DER PROFESSOREN UND GEWERKSCHAFTLER TRATEN? Coesfeld (Nordrh.-Westf.) ALFRED LANFER Bundesminister Paul Lücke, »der Mann mit der redlichen Ausstrahlung« (SPIEGEL), hat es als Wohnungsbauminister fertiggebracht, sämtliche Wohnungsmieter rechtlos, letztlich vogelfrei zu machen, er wird es als Innenminister auch schaffen, »das Ende aller Sicherheit« herbeizuführen. Düsseldorf RUDOLF SCHÖNITZ Prächtig, Herr Augstein macht sehr gute Reklame für die Vernunft! Unser Heer von MdB's hat meines Erachtens diesen Wust von Gesetzen und noch nachfolgenden Ausführungsbestimmungen und Erlassen wohl nur diminutiv erfassen können. Köln ANDREAS NEUNZIG Herzlichen Dank für Rudolf Augsteins Notstandsartikel! Man sollte ja annehmen, daß es Sache der Bundesregierung ist, die Öffentlichkeit zu unterrichten. Und wenn es die Regierung nicht tut, so wäre die Opposition an der Reihe. Nun haben Sie die Dinge beim Namen genannt, dafür gebührt Ihnen Dank. Alsfeld (Hessen) HELMUT KLENK Pfarrer Die SPD kastriert sich selbst, wenn sie den Bonner Notstandsgesetzen zustimmt! Berlin MICHAEL JOACHIM Was soll die Opposition in Deutschland tun, wenn die scheinbaren Lebensfragen der Nation von der Regierung so definiert werden, daß man sie in den Zielen der Regierung zu sehen habe? Solange SPD-Opposition noch immer mit dem Geruch von nationalem Verrat umgeben werden kann, so lange ist die Sozialdemokratie in ihren Aktionen nicht frei. Die CDU/ CSU versteht sich noch immer zu zynischer Diffamierung, wo diametrale Gegensätze erkennbar werden. Warten wir ab, wie ähnlich dem Notstandskomplex die nationalen Emotionen gegen die Vorstöße der SPD in Richtung SED mobilisiert werden. Übrigens hat Herr Augstein bislang zwar immer im entscheidenden Moment nach der SPD geschrien, wenn sein FDP-Häuflein wie Schnee in der Sonne schmolz, aber er stand nicht an, der Diffamierung der deutschen Sozialdemokratie die raffinierte Spitze aufzusetzen, wenn die Wahlkampfstimmung ihm einen pikanten Reißer möglich machte. Bremen HORST-WERNER FRANKE Diese ausgezeichnete Arbeit sollte zur Pflichtlektüre für die SPD empfohlen werden. Sie, die älteste Partei, hat leider trotz ihres Alters nichts hinzugelernt. Bietigheim (Bad.-Württ.) WERNER WILDE Diese unselige SPD begeht aus Angst vor dem Tode Selbstmord. Bis zum letzten Mann sollte sie gegen diese verruchten Notstandsgesetze kämpfen, statt so erbarmungswürdig um Zulassung zum Regierungsklub zu winseln. Bremen O. PREHN Wenn nicht die Opposition, wer soll uns dann vor diesem verfassungswidrigen, den Bundesbürger für dumm erklärenden und die Versklavung des einzelnen bewirkenden Gesetzespaket schützen? Eitorf (Nordrh.-Westf.) MANFRED LUSSEM Der DGB-Kongreß im Mai wird beweisen müssen, daß unser Volk nicht nur auf seine Wissenschaftler, sondern auch auf seine größte demokratische Organisation rechnen kann. Ratingen (Nordrh.-Westf.) MANFRED BUDER Machen Sie sich keine Sorgen. Wenn es der demokratischen »Linken« nicht gelingen wird, die Notstandsgesetzgebung zu verhindern, schafft das die NPD. Ich glaube bestimmt, daß die CDU sich hüten wird, der aufkommenden NPD ein Instrumentarium von Ermächtigungsgesetzen paratzuhalten. Essen OTTO DEURITZ Ihr Beitrag dürfte noch geeignet sein zu verhindern, daß aus den Notstandsgesetzen ein Notstand wird. Das deutsche Volk hat außer diesem keinen anderen zu befürchten. Mit erschreckender Deutlichkeit wird klar, was auf uns zukommt: ein Heer von kleinen »Führern« und Amtswalter-Kreaturen mit allen sadistischen KZ-Gelüsten - wie gehabt. Es dürfte an der Zeit sein, den derzeitigen Bundesverteidigungsminister Kai-Uwe von Hassel, dessen Sprachschatz an einen verhinderten Gauleiter erinnert, zum Rücktritt zu veranlassen. Mannheim PAUL FULBRECHT Erfreulich ist es auch, daß der SPIEGEL die Namen der Diktaturfreunde festhält, damit sie später einmal zur Verantwortung gezogen werden können und nicht zum zweitenmal passiert, was wir schon einmal erlebt haben: daß diejenigen, die Hitler durch Zustimmung zu den Ermächtigungsgesetzen zur Macht verhalfen, im Nachfolgestaat hohe und allerhöchste Ämter einnahmen! Hamburg WERNER DIETZ Sie haben in Ihrem Artikel dargestellt, wie sich die Abgeordneten der FDP und Herr Balke von der CSU bei den Abstimmungen im Bundestag verhalten haben. Im Interesse der Wahrheit bitte ich Sie, nachzutragen, daß die SPD -Fraktion geschlossen gegen die Sicherstellungsgesetze gestimmt hat und daß in der Schlußabstimmung über das Selbstschutz- und das Schutzbaugesetz folgende Mitglieder der SPD-Fraktion gegen die Gesetze stimmten: Helene Wessel, Alma Kettig, Baade, Bechert, Brünen, Faller, Junker, Felder, Dröscher, Kohlberger, Hörauf und Kraus. Darüber hinaus haben sehr viele Abgeordnete der SPD erklärt, gegen alle Notstandsgesetze zu stimmen. Warum sie bei der Abstimmung am 30. Juni 1965 nicht im Plenarsaal waren, entzieht sich meiner Kenntnis. Witten (Nordrh.-Westf.) ALMA KETTIG* Jetzt vollzieht sich vor den Augen des Wahlvolkes etwas Ähnliches wie seinerzeit im damaligen Reichstag mit der Einbringung des Ermächtigungsgesetzes - ohne daß die Bundesbürger, durch die Erfahrungen gewitzigt, energisch Protest bei den Parteien erheben. Daher ist es so notwendig, durch Artikel wie den Ihrigen die Konsequenzen aufzuzeigen, damit nicht als »Schicksal« hingenommen wird, was zu verhindern bei uns gelegen hat, beziehungsweise bei den Abgeordneten des Bundestages aller Parteien. Abbensen (Nieders.) WILHELM VREE Der Geist der Gesetze ist: Mißtrauen gegenüber dem Volk, gegenüber seiner demokratischen Reife. Wie anders die Haltung der Regierenden in den USA und in Großbritannien, wo man dennoch mit zwei Notständen (Weltkriege) glänzend fertig wurde, ohne in die Diktatur abzusacken! So bewältigen wir unsere Vergangenheit nicht, im Gegenteil, so beschwören wir ihre dunkelsten Schatten wieder herauf. Heidelberg HARTMUT BANNER Wenn man als Erwachsener die Zeiten vor dem Ersten und Zweiten Weltkrieg erlebt hat und nun zum drittenmal das Spiel mit dem Feuer beobachtet, dann kann man wohl mit gutem Gewissen sagen: Der Deutsche ist außenpolitisch von Natur stiefmütterlich veranlagt. Die Amerikaner wissen ganz genau, weshalb sie es zu keinem Friedensschluß kommen lassen. Sie behalten sich das Recht vor, als Besatzungsmacht im gegebenen Augenblick das Schlimmste zu verhüten. Das ist unser Glück! Deutschland braucht eine außenpolitische Gouvernante. Darmstadt C. SEEBERGER Es wäre erfreulich, wenn der Artikel von Rudolf Augstein eine breite Diskussion auch über die sehr bedenklichen einfachen Notstandsgesetze in Gang brächte. Eine solche Diskussion kann aber nur der Anfang einer Aktion gegen die beabsichtigte totale Erfassung der Bevölkerung, gegen die Aushöhlung des Grundgesetzes und gegen den Versuch einer erneuten Überrumpelung durch die Bundesregierung sein. Wenn heute noch eine Möglichkeit besteht, diese verhängnisvolle Entwicklung aufzuhalten, dann nur durch ein Zusammengehen aller der Kräfte (Gewerkschaften, Professoren, Studenten, viele SPD-Mitglieder und so weiter), die die Notstandsgesetzgebung ablehnen. Aus dem Beispiel der amerikanischen Bürgerrechtsbewegung dürften wertvolle Erkenntnisse für eine solche Verteidigung der demokratischen Rechte von unten her zu gewinnen sein. Berlin JÜRGEN MOSER Arbeitskreis Notstandsgesetzgebung der Humanistischen Union In jedem verantwortungsbewußten demokratischen Staat gehören diese Angstgesetze in den Papierkorb. Soll der Riß, den diese Gesetzgebung auslösen wird, das Grundgesetz zum völligen Einsturz bringen? Uelzen (Nieders.) PETER ALEX Das Schlimme ist aber nicht, daß die beschlossenen Gesetze verfassungswidrig sind, sondern daß die Verfassung nun ihnen angepaßt und damit in ihrer Substanz verändert werden soll. Besondere Aufmerksamkeit verlangt die geplante Änderung des Artikels 12 des Grundgesetzes, über die sich alle Parteien im Bundestag schon einig sind. Danach kann dann jeder Bürger zu beliebigen Dienstleistungen zwangsverpflichtet werden, wenn es die »Verteidigung« erfordert. Münster DIETER SCHELLONG Pfarrer Der Artikel von Rudolf Augstein, der doch jeden, dem an unserer Demokratie noch etwas liegt, zu Widerstand und Wachsamkeit herausfordern sollte, ist in einigen Punkten noch zu optimistisch. So zum Beispiel, wenn Augstein schreibt: »Der Einsatz der Bundeswehr (im inneren Notstand) muß eingestellt werden, wenn der Bundestag dies verlangt.« Im entsprechenden Gesetzestext heißt es aber: »Soweit es zur Abwehr der Gefahr erforderlich ist, kann die Bundesregierung auch den Bundesgrenzschutz und die Streitkroate als Polizeikräfte einsetzen. Ein darüber hinausgehender Einsatz der Streitkräfte ist erst zulassig, nachdem der Bundestag zugestimmt hat. Die Zustimmung ist nicht erforderlich, wenn die Lage unabweisbar einen sofortigen Einsatz dieser Art erfordert; der Einsatz ist einzustellen, wenn der Bundestag es verlangt Dem Bundestag steht also beim Einsatz der Bundeswehr als Polizeikraft kein Aufhebungsrecht zu. Nur wenn die Bundeswehr darüber hinaus eingesetzt wird, kann er nach diesem Entwurf eingreifen. Ein weiterer Beweis für die autoritäre Denkweise der Notstandsgesetzentwerfer. Berlin PETER HANSEN Die Unvereinbarkeit der sogenannten einfachen Notstandsgesetze, die dem Übergang aus einem freiheitlich-demokratischen Rechtsstaat in einen autoritären Verwaltungsstaat mit starker Diktaturgewalt dienen, mit dem Grundgesetz ergibt sich auch aus folgenden verfassungsrechtlichen Gesichtspunkten: Das Grundgesetz hat bewußt die bis zum Beginn des 20. Jahrhunderts bestehende Vorstellung der Staatsrechtswissenschaft von der umfassenden Freiheit und Souveränität der Gesetzgebung aufgegeben und sich zu dem Grundsatz der Gebundenheit der Gesetzgebung bekannt. Dieses Bekenntnis ist in Artikel 20 III GG (Bindung des Gesetzgebers an die verfassungsmäßige Ordnung) und in Artikel 1 III GG (Bindung an die Grundrechte) enthalten, die anerkanntermaßen unabänderliche Grundsätze in Sachen des Artikels 79 III GG darstellen. Zu den Grundsätzen nach Artikel 20 GG gehört vor allem die These, daß alle Staatsgewalt vom Volke und nicht von der Bundesregierung ausgeht. Das Grundgesetz mißt hierbei den drei Gewalten gleichen Wert bei. Durch die in Rede stehenden Gesetze wird nun aber das Gleichgewicht zwischen Gesetzgebung und vollziehender Gewalt aufgehoben durch eine Übertragung von Kompetenzen an die Exekutive, die schlechthin allumfassend sind, wodurch der Gewaltenteilungsgrundsatz nicht nur situationsgemäß verändert, sondern bei Annahme des Ausnahmezustandes völlig beseitigt wird. Denn die Situation, bei deren Eintritt die Notstandsmaßnahmen verwirklicht werden können, bestimmt die Bundesregierung eigenmächtig. Unter eklatantem Verstoß gegen Artikel 59a GG, der die Kompetenz der Feststellung des Verteidigungsfalles dem Bundestag einräumt, kann sich die Bundesregierung Machtmittel diktatorischen Umfangs auf legalem Wege verschaffen. Das Grundgesetz kann auf diese Weise bereits in Zeiten normaler Geschehnisse fast vollständig zu den Akten gelegt werden, denn der »Ernstfall« selbst wird zeitlich vorgezogen, da die Maßnahmen nicht erst im Verteidigungsfall, sondern bereits »im Rahmen der Vorbereitung auf einen Verteidigungsfall« durchgeführt werden können. Mit diesen Gesetzen wird der Boden eines freiheitlich-demokratischen Rechtsstaats verlassen, da es mit rechtsstaatlicher Gedankenwelt unvereinbar ist, die totale Mobilisation der Gesellschaft, ihrer Arbeitskraft und ihres Eigentums präparativ zu wehrwirtschaftlichen Zwecken herbeizuführen. Wiesbaden DR. JUR. HANS-PETER VOGT Was über den Charakter der drohenden Notstandsordnung, über die Entmachtung des Parlamentes und den Triumph der Bürokratie, über die Verwischung der Grenze zwischen Friedensordnung und Kriegsrecht und so weiter gesagt wird, ist höchst zutreffend. Zu bedauern bleibt freilich, daß auch der SPIEGEL vor Verabschiedung der sieben schon in Kraft getretenen Notstandsgesetze, die in Augsteins Artikel als teilweise verfassungswidrig qualifiziert werden, seine Pflicht gegenüber der Öffentlichkeit vernachlässigt hat. Das Drängen der Bundesregierung auf eine Perfektionierung der Notstandsordnung wird erst verständlich, wenn es als Teil einer umfassenden politisch militärisch-gesellschaftlichen Gesamtstrategie betrachtet und in Zusammenhang gebracht wird (1.) mit dem Verlangen nach Mitverfügung über Atomwaffen, (2.) mit der Offenhaltung der Deutschlandfrage und der Frage der Ostgrenzen, (3.) mit dem Trachten nach »Formierung« unserer Gesellschaft - mit allem, was dies vornehmlich für das Verhältnis zwischen den Sozialparteien bedeutet. Leider bleibt in dieser Hinsicht der verdienstvolle Aufsatz von Augstein hinter dem zurück, was, auch auf Grund des dem SPIEGEL zugänglichen Materials, zu erwarten wäre. Die Konsequenz dessen, was immerhin dargetan wird, darf ganz gewiß nicht eine »stabile Notstandsverfassung« mit einigen Kautelen sein. Sind vielmehr von sieben schon in Kraft getretenen Notstandsgesetzen vier als verfassungswidrig anzusehen; so kann die Schlußfolgerung nur sein, daß diese Gesetze fallen müssen, bevor die Verfassung fällt. Zur geplanten Änderung des Grundgesetzes aber sollte es nur ein entschiedenes und bedingungsloses Nein geben. Sonst würde es dazu kommen, daß der um die Zukunft ernstlich Besorgte sich in den Gewissenszwang versetzt fände, um der freiheitlich-demokratischen Grundordnung willen sich gegen die Verfassung stellen zu müssen. Marburg PROF. DR. WERNER HOFMANN Zu der Beratung der »einfachen« Notstandsgesetze im Juni 1965 schreiben Sie: »Zeitungen und Zeitschriften dämmerten in der Juni-Sonne.« Muß sich der SPIEGEL auch auf diesem Gebiet unter die »Zeitschriften« einreihen lassen? Das wäre in der Tat ein Notstand! Tübingen ALF LÜDTKE Seit vielen Jahren lese ich den SPIEGEL, weil er ein Nachrichtenmagazin ist (was auch im Impressum nachzulesen ist). Es wäre sehr zu begrüßen, wenn der Herausgeber bei dieser »Richtung« bliebe und die Polemik wie im Artikel »Notstandsgesetzgebung« oder auch seine gelben Einlageblätter fortlassen würde! Grafeld (Nieders.) DIETHER THORMEYER Bedauerlich ist es, daß der Notstandsartikel von Herrn Rudolf Augstein nicht schon zu einem früheren Zeitpunkt veröffentlicht wurde. Immerhin dürfte es noch nicht zu spät sein, dazu beizutragen, die Bevölkerung über die mit den Notstandsgesetzen verbundenen Gefahren aufzuklären. Gegen Notstandsgesetze, soweit sie auf den Kriegsfall beschränkt werden, wäre an sich nichts einzuwenden. Nirgends in der Welt ist man aber so weit gegangen, Notstandsvollmachten schon dann zu fordern, wenn nur auf Grund nachrichtendienstlicher oder anderer geheimer Quellen ein bewaffneter Angriff eines fremden Staates als unmittelbar bevorstehend erscheint. Wir haben in der Vergangenheit zu unserem Schaden erfahren müssen, was man von der Zuverlässigkeit derartiger Nachrichtenquellen zu halten hat. Hamburg DR. WALTER SCHWEMANN-SACKUR Wie kann man nur mit so viel Worten so viel Unsinn schreiben! Glaubt Herr Augstein, daß die Russen vor ihrem Einmarsch ankündigen: Ruft mal euer Notparlament zusammen, wir wollen einmarschieren! Wenn aber nichts vorbereitet ist, dann werden diejenigen, die auf Zweidrittel-Mehrheit pochen, sagen: Unerhört, nichts hat die Regierung vorbereitet! Gürzenich (Nordrh.-Westf.) HANS KLAUS VON WERDER Ich hätte folgende Frage zu dieser makabren Angelegenheit: Wie steht es eigentlich mit einem »Gesetz zur Wiedereinführung der Todesstrafe im Verteidigungsfall«? Wie kann eine verantwortungsbewußte Regierung im Kriegsfall die christlich-abendländisch-kapitalistisch-freiheitliche Ordnung bewahren, wenn ihr die Möglichkeit fehlt, ihren Staatsbürgern die Rüben abzumontieren? Wo soll das Volk in Waffen denn hinkommen, wenn Landesverrat, Hochverrat, Wehrkraftzersetzung, Sabotage, Abhören ausländischer Sender und ähnliche Scheußlichkeiten keine gerechte Strafe mehr finden? Krefeld DR. HELMUT NOSTIZ Zum erstenmal habe ich Mitleid mit Ihnen empfunden. Ihr Appell an die letzten Freunde in SPD und FDP war richtig erschütternd. Es ist ja auch zu traurig, wenn man Woche für Woche merkt, daß man zwar überall vom SPIEGEL und von seinem Herausgeber spricht, daß aber die tatsächliche Wirkung gleich Null ist. Das Beifallsgeschrei der unreifen Bartträger und der heimatlosen Linken hat Sie allzulange darüber getäuscht, daß die staatstragenden Kräfte auch in der SPD zu Hause sind und daß alle, die Verantwortung für den Staat spüren, handeln, ohne von Ihren »Argumenten« Notiz zu nehmen. Münster (Nieders.) FRITZ V. WYSZECKI Hauptmann Wir werden uns nicht zu Stimmspuckern, die einmal in vier Jahren in Aktion treten dürfen, degradieren lassen. Nicht Ruhe ist die erste Bürgerpflicht, sondern Aufmerksamkeit. Wenn auch die Tagespresse sich schon von klugen, verantwortungsvollen Warnern distanziert, kann man solchen Publikationen, wie der »Denkschrift« der Evangelischen Kirche und Ihrem Artikel, nur eine breite und lebhafte Diskussion wünschen. Die Christlichkeit unserer Regierungspolitiker ist zwar offensichtlich - schließlich werden »Geistliche« von allen »Schutz«-Verpflichtungen entbunden (gegen den Willen der meisten unter ihnen). Es wird einem aber dennoch sehr unwohl bei dem Gedanken daran, daß unsere Demokratie eines Tages ganz dem Bundesverteidigungsminister, »Bild«-Bürgern und Barzel-Freunden ausgeliefert sein könnte. Man bekommt Angst um Deutschland - aber nicht, weil »die Russen« kommen könnten. Reutlingen MANFRED MARQUARDT stud. theol. Ich bin der Ansicht, daß Schutzräume, wenn auch primitiv ausgestattet, für die Zivilbevölkerung doch einen psychologischen Stabilisierungsfaktor darstellen, den ein möglicher Gegner bei einer möglichen Angriffsplanung berücksichtigen muß. Meiner Meinung nach hätten Sie besser daran getan, die praktische Nutzanwendung dieser Gesetze abzuwarten und dann erst zu kritisieren. Frankenberg (Hessen) HANS-HG. SEGLER Dank Ihrem ausgezeichneten Notstands -Artikel wurde uns die geheime und kühnste Vision unserer Regierung entdeckt: Allzeit bereit, erhebt sich das Volk auf Befehl wie ein Mann und formiert sich zum totalen Selbstschutz. Präzise, folgerichtig, schnell, gleich einem Computer handelnd, dem zuvor das entsprechende Programm eingefüttert worden ist, bewegt sich die Masse nach Plan. Kraft der guten Ausrüstung - Selbstschutzhelm (Mehrzweck-, einteilig), Klappspaten (am Mann), Aktentasche (gegen Atomblitz), Selbstschutzdienstvorschrift sowie unbegrenztem Gottvertrauen in die Weisheit der obersten Führung - wird drohender Feindangriff weisungsgemäß selbstschützend im Ansatz erstickt. Tübingen HANS-FRIEDER SAILER * SPD-MdB von 1953 bis 1965. Stuttgarter Zeitung »Gebt der deutschen Demokratie die nötigen Gesetze - umbringen wird sie sich schon selber« Sonntagsblatt »Selbstschutzpflichtiger Michel: 'Nun komme, was wolle!'« Hofmann* * Direktor des Soziologischen Seminars der Universität Marburg.",https://www.spiegel.de/politik/notstand-a-3af18457-0002-0001-0000-000046406967?context=issue,,4,1966,April,2718,20083,True,True,1966,1960s,1965-69
1966,29,59,1966-07-10,Briefe,Kassenbericht,,"In dem Artikel »Pensionär als Intendant« wird erklärt, Ministerialdirektor Krueger habe vorerst Zeit gewonnen, »den von ihm verwalteten Geheimfonds Titel 300 des Presseamtes in einen Zustand zu bringen, der es erlaubt, auch einen übelwollenden Nachfolger, damit zu betrauen«. Dazu möchte ich mit allem Nachdruck bemerken, - daß der Titel 300 kein Geheimfonds ist; denn er wird nicht nur rechnerisch, sondern auch auf die Wirtschaftlichkeit und insbesondere die mit dem Gesetz übereinstimmende Verwendung in einem eingehenden Verfahren vom Präsidenten des Bundesrechnungshofes geprüft, - daß nicht Herr Ministerialdirektor Krueger den Titel verwaltet; denn als Leiter des Presse- und Informationsamtes der Bundesregierung habe selbstverständlich ich die Entscheidung über alle wichtigen Fragen zu treffen und trage dementsprechend auch die Verantwortung dafür, - daß es keinerlei Maßnahmen bedarf, die Verwaltung des Titels jederzeit in andere Hände legen zu können; denn wie bereits zuvor erwähnt, wird die Verwendung der Mittel in jedem Jahr geprüft. Der Präsident des Bundesrechnungshofes hat bisher stets die notwendige Erklärung für die Entlastung durch den Deutschen Bundestag abgegeben. Bonn KARL-GÜNTHER VON HASE von Hase",https://www.spiegel.de/politik/kassenbericht-a-65f5ce35-0002-0001-0000-000046407969?context=issue,,7,1966,July,172,1228,True,True,1966,1960s,1965-69
1966,36,65,1966-08-28,Briefe,Wie Es War,,"Die Empörung von Veit Harlans Sohn Thomas über die - zwei Jahre nach seines Vaters Tod erscheinende - »Autobiographie« des Filmregisseurs scheint mir berechtigt; denn es macht einen stutzig, daß zum Beispiel ein Herr H. C. Opfermann (nach eigener Aussage Filmsachverständiger) Autor der Autobiographie ist und daß der Verlag als Buchtitel »...filmte für Deutschland« vorsah. Mannheim HERBERT FRÖBE Was Sohn Thomas Harlan mit seinen fortgesetzten Diskussionen in der Öffentlichkeit anstrebt, weiß ich nicht genau. Denn die von uns beiden gewünschte Titelveränderung ist vom Verlag erfolgt. Was er über Herrn Opfermann und das Manuskript seines Vaters in der letzten Nummer des SPIEGEL äußert, ist an den Haaren herbeigezogen. Eins ist mir gewiß, daß diese Diskussionen, in dieser Form, seinen verstorstorbenen Vater, Veit Harlan, sehr schmerzen würden. Veit Harlan nannte sein Memoirenmanuskript »Wie es war«. Es besteht aus 540 eingebundenen Schreibmaschinenseiten. Es existieren mehrere Exemplare davon, und es ist die Grundlage (nicht etwa Zettel und Notizen!) für das Buch von H. C. Opfermann - nunmehr »Im Schatten meiner Filme«. Der Sigbert Mohn Verlag, Herr Opfermann und ich waren uns einig darüber, daß - wenn man ein Buch über Veit Harlan herausgibt - es dem Verstorbenen nur dienlich sein kann in der Form eines filmhistorischen, ernst zu nehmenden Buches. Es war Harlans eigenes Bestreben, das verwirrende und verzerrte Bild von ihm und seiner Arbeit, das fast 30 Jahre lang durch die Presse lief, zu klären. Denn trotz vieler Mühe bekam er fast niemals das Wort in Presse, Funk und Fernsehen. Veit Harlan war sich im klaren darüber, daß ihm der rechte Stil nicht gelungen war, und er gab sein Manuskript an Verleger, Kritiker und Freunde, um sich Rat und Vorschläge zu holen. Er wollte »Wie es war« schreiben - die Wahrheit. Das Manuskript mußte überarbeitet, gekürzt und von jeder Selbstverteidigung befreit werden. Zu diesem Zweck bat er einen Journalisten und Kritiker nach Capri. Daraus wurde allerdings durch die fortschreitende Krankheit nichts. Herr Opfermann hat sich nun mit viel Hingabe und großem Ernst bemüht, Harlans Wünschen und denen des Verlages nachzukommen. Daß Sohn Thomas - im Gegensatz zu seinem Vater ein begnadeter, mit viel Phantasie und einem etwas revolutionärem Geist behafteter Dichter - den seriösen und vielleicht etwas nüchternen Stil aus der Generation seines Vaters nicht billigt, ist verständlich. Aber hier soll nicht gedichtet, sondern möglichst die Wahrheit gesprochen werden. Degerndorf (Bayern) KRISTINA SÖDERBAUM Kristina Söderbaum* * Dritte Frau des 1964 gestorbenen Filmregisseurs Veit Harlan (""Jud Süss«, »Immensee«, »Kolberg""), die in zahlreichen Filmen ihres Mannes die Hauptrolle spielte. Thomas Harlan entstammt der (zweiten) Ehe seines Vaters mit der Schauspielerin Hilde Körber.",https://www.spiegel.de/politik/wie-es-war-a-9d623cab-0002-0001-0000-000046414012?context=issue,,8,1966,August,427,2839,True,True,1966,1960s,1965-69
1966,40,70,1966-09-25,Briefe,Furchtlos,,"Rezensenten machen Zitate oft durch Seitenangaben kenntlich. Kurt Pentzlins Besprechung von »Automation - Risiko und Chance« würde dieser Brauch in Verlegenheit bringen. Er könnte seine »1,5 Millionen Arbeitslosen jährlich« nicht belegen. Diese Formulierung existiert nur in der Arbeitgeberpropaganda. Das Ifo-Institut hat 1962 »eine jährliche Freisetzung von sechs von Hundert der erwerbstätigen Arbeitskräfte, publiziert und kürzlich (Ifo-Studien 1965) sogar noch höhere Prozentzahlen genannt. Ich habe 1963 nur ausgerechnet, wieviel sechs Prozent der Erwerbstätigen sind. Otto Brenner sagt (Seite 22): »Ob die Zahl der eingesparten Arbeitskräfte in der Bundesrepublik 1,3 oder 1,8 Millionen beträgt, ist nicht entscheidend. Wesentlich ist ihre Größenordnung. Diese Zahlen sagen allerdings nichts über etwaige Entlassungen aus. Sie zeigen lediglich das erforderliche Wirtschaftswachstum, eventuell korrigert durch Arbeitszeitverkürzungen, wenn Vollbeschäftigung erhalten beziehungsweise die Weiterbeschäftigung eingesparter Arbeitnehmer gesichert werden soll.« Der Staatssekretär Claussen erhielt aus zwei Gründen schlechte Noten. Erstens schnitt die Bundesregierung mit ihrer Stellungnahme im Vergleich zu zwei internationalen Organisationen und drei anderen nationalen Regierungen am schlechtesten ab. Zweitens verkündete er (Seite 140): »Die Perser faßten ihr Bildungsziel zusammen in der Forderung an ihre Jugend: Reiten, Bogenschießen und die Wahrheit sagen, was auch heute abgewandelt und zum Teil wörtlich gelten könnte.« Pentzlin behauptet, die amerikanische Wettbewerbswirtschaft habe allein im letzten Jahr fast zweieinhalb Millionen neue Arbeitsplätze geschaffen. Rechnet Pentzlin auch massive Strukturprogramme und Steuersenkungen, Johnsons Feldzug gegen die Armut und die wirtschaftlichen Wirkungen des Vietnamkrieges zu den Kräften des Wettbewerbs? Sind die zirka eine Million Arbeitsplätze, welche die Bundeswehr (einschließlich Versorgung) für ausländische »Gäste« schuf, auch ein Ergebnis des Wettbewerbs? Die Gewerkschaften haben keine Angst vor Robotern. Die IG Metall bekommt demnächst einen eigenen Computer. Wir fürchten nur jene, die mit der Technik unüberlegt hantieren und riskieren, eine große Chance zu verspielen. Frankfurt DR. GÜNTER FRIEDRICHS Leiter der Abteilung Automation beim Vorstand der IG Metall",https://www.spiegel.de/politik/furchtlos-a-7443c508-0002-0001-0000-000046414249?context=issue,,9,1966,September,296,2335,True,True,1966,1960s,1965-69
1966,50,59,1966-12-04,Briefe,Landesverteidigung,,"Die Analyse des Oberst i. G. a. D. von Bonin über das derzeitige militärische Konzept ist hervorragend. Endlich wird einmal klar und deutlich ausgesprochen, wie irreal und selbstmörderisch die in einer »Zweiten Weltkriegsstrategie« befangenen Vorstellungen unserer maßgeblichen Verteidigungsplaner sind. Entschuldigend für diese wäre nur zu bemerken, daß der seinerzeitige Entschluß zur Aufrüstung der BRD mit den Argumenten des »Kalten Krieges« motiviert wurde. Der tatsächliche Grund für unsere westlichen Freunde, uns die Aufrüstung zu gestatten, war doch, den deutschen wirtschaftlichen Druck auf die Exportmärkte zu dämpfen, indem man uns eine große inländische Aufgabe stellte. Man sollte eigentlich weder Politiker noch Militär sein müssen, um schon lange beurteilen zu können, daß der wirkliche Friede in Mitteleuropa ausschließlich und allein auf dem Atomschwert der USA beruht und unsere Bundeswehr heute höchstens noch den Zweck erfüllt, nationalen Emotionen Genüge zu leisten (wie Oberst von Bonin richtig urteilt): den Osten zu provozieren! Köln KURT VON HELMITZ Oberstleutnant a. D. Endlich ein Militär, der klar und vernünftig denkt und die so häufig propagierte »Vorwärtsverteidigung« zu Schleuderpreisen verramscht. Dieser Elan, gepaart mit pragmatischem Denken, fehlt leider in vielen unserer Institutionen. Stuttgart LUTZ SCHENK Eine so klare Definition der Verteididungskonzeption für die BRD, wenn sie wirklich nötig sein sollte, habe ich noch nirgendwo gelesen. Warum sitzen nicht Leute wie Herr von Bonin in verantwortlichen Stellen? Oder haben die »Ostlandreiter« und sonstige Kalte Krieger immer noch zuviel Macht? Hamburg JÜRGEN JUNGHANEL Bei soviel »teurem« Geschwafel ringsumher - ein Lichtblick mit Substanz! Tornesch (Schlesw.-Holst.) H. E. DIETRICH Es ist nur zu hoffen, daß neben der bundesdeutschen Wirtschaft auch die Bundeswehr Männer vom Schlage des Obersten a. D. von Bonin aufzuweisen hat: Soldaten nämlich, die nicht nur ihre Waffensysteme technisch beherrschen, sondern auch einen offenen Blick und Feingefühl für den politischen Rahmen haben, in dem ihr Kriegsapparat (bisher zum Glück noch passiv) wirkt. Die Forderung, Westdeutschland von Atomwaffen größeren Kalibers freizuhalten, ergäbe sich schon aus dem vielleicht auch für Kriegsfachleute diskutablen Gedanken, die ebenso angriffsgefährdeten wie -gefährlichen Kernwaffenbasen aus den dichtbesiedelten Großräumen überhaupt zu entfernen und dort wiederaufzubauen, wo höchstens Fisch, Eisbär oder Wüstenmaus (schade genug auch um sie) gefährdet wären. Lütjenburg (Schlesw.-Holst.) PETER HÖHNE BONINS BESTECHENDE THESEN KLARSTE LOGIK. Fallingbostel (Nieders.) HANSJOACHIM MAYFARTH Leutnant der Reserve Ich bin kein Militarist, nur ein kleiner Gefreiter des Zweiten Weltkriegs. Aber - irgendwo schnappt es doch ein, diesmal beim Aufsatz des Herrn von Bonin. Mir fiel ein Stein vom Herzen, ich bin doch nicht so dumm, wie ich mir bisher immer vorkam, wenn ich Herrn von Hassel oder Leute seiner Richtung hörte. Was Herr von Bonin schreibt, das hat doch Hand und Fuß; ich hoffe, er verübelt es mir nicht, wenn ich behaupte, mir genau dasselbe schon gedacht zu haben. Macht es wohl die Luft in Bonn oder Umgebung, daß dort das Denken andere Bahnen geht? Haben wir so verschiedene Schaltungen im Gehirn, daß es möglich ist, die Logik derart auszuschalten? Ich glaube, daß unsere vielberufene »heutige Jugend« von der Vaterlandsverteidigung anders und besser dächte, wenn Männer wie von Bonin die Führung (in der Hardtkaserne - Pentabonn) hätten. Da würde ehrlich gedacht und argumentiert! Asperg (Bad.-Württ.) DR. Ivo LEMKE Zahnarzt Ich begrüße die Gedanken des Obersten von Bonin als sehr willkommene Unterstützung des jahrelangen Bemühens der FDP, die Verteidigungsanstrengungen der Bundeswehr auf eine wirkungsvollere und den politischen und militärischen Gegebenheiten angemessenere Grundlage zu stellen. Die FDP hat in einem Antrag zur dritten Lesung bei Verabschiedung des Haushalts 1964 gefordert, daß jeder ersten Phase eines wie auch immer gearteten kriegerischen Konflikts begegnet werden kann, ohne Zuflucht zu atomaren Waffen irgendwelcher Art nehmen zu müssen. Sie hat weiter im gleichen Antrag gefordert, der Territorialverteidigung den Vorrang vor allen anderen Planungen zu geben und den Grundgedanken der jederzeit eingreifbereiten Truppe zur Grundlage auch für Reserveverbände zu machen. Diese Überlegungen wurden auf dem wehrpolitischen Kongreß der FDP in München Anfang November dieses Jahres erneut dargelegt. Richtig ist insbesondere die Aussage von Bonins, daß die militärpolitische Haltung der Bundesrepublik zur Ausrüstung mit atomaren Waffen nicht völlig durchdacht ist. Neben den militärischen Gefahren einer »atomaren Teilhabe« für unser Volk, die er richtig erkennt, macht eine atomare Strategie der Bundesrepublik auch ihre Friedensbemühungen unglaubwürdig. Atomare Waffen, auch taktischer Art, können angesichts ihrer verheerenden Wirkungen schon allein für die eigene Position nicht zur Verteidigung eingesetzt werden. Sie haben ohne Zweifel Abschreckungswert und sichern bei der Überlegenheit des US-Potentials den relativen Frieden, in dem wir leben. Atomwaffen haben zwar einen Abschreckungs-, aber keinen konkreten Verteidigungswert. Daß sie abgefeuert werden, kann man sich nur vorstellen, wenn es sich um »das letzte Gefecht« handelt, nach dem allerdings dann die neue Steinzeit beginnt. Für die abschreckende Wirkung reicht jedoch das atomare Potential im Besitz der USA voll aus. Für eine Verteidigung der Bundesrepublik, die der Bevölkerung eine Überlebenschance läßt, kommen nur moderne konventionelle Waffen in Betracht. Insofern ist die Bundeswehr aber schlecht gerüstet. Not tut der Auf- und dann Ausbau der Grenzsicherungsverbände, sowie die Umgestaltung der territorialen Verteidigungsorganisation zu einem Instrument, das das brachliegende Potential der ausgebildeten Reservisten für die Landesverteidigung besser nutzbar macht. Bei der Umstrukturierung der Bundeswehr ist eine Verringerung des stehenden Heeres möglich und sogar erforderlich, damit das »Weiterwurschteln« mit zu wenig Unteroffizieren und Offizieren in den Streitkräften aufhört. Allerdings würde ich nicht generell die Wehrpflichtzeit verringern. Es ist besser, von dem nach dem Wehrpflichtgesetz zulässigen Instrument des verkürzten Grundwehrdienstes Gebrauch zu machen und die verbleibende Zeit der Dienstpflicht in mehreren längeren Übungen für eine bessere Ausbildung der Soldaten zu nutzen. Der Aufsatz von Bonins wirft natürlich noch verschiedene Fragen auf, die einer eingehenden Diskussion bedürfen. Kann man damit rechnen, daß ein »big litt« so rechtzeitig durchgeführt wird, daß von ihm auch eine politisch abschreckende Wirkung auf den möglichen Gegner ausgeht, und wie schnell können die herangeflogenen Soldaten in den Besitz der Waffen kommen? Sollen auch weiterhin Streitkräfte unserer Verbündeten in der Bundesrepublik stationiert bleiben, wie lautet ihr Verteidigungsauftrag und wie sind sie bewaffnet? Ist es denkbar, daß z. B. die USA Truppen in Deutschland belassen ohne Atomwaffensysteme? Verlangt nicht gerade die Inanspruchnahme des amerikanischen nuklearen Abschrekkungpotentials mit »strategischen Fernwaffen und den in Europa stationierten Pershing-Raketen« die Stationierung der letzteren auch in der Bundesrepublik? Wie verträgt sich damit die Forderung, »die Entfernung sämtlicher Atomwaffensysteme aus der Bundesrepublik muß das oberste Ziel der deutschen Militärpolitik werden«? Auf jeden Fall weist jedoch der Artikel von Bonins deutlich auf die Schwächen unserer gegenwärtigen Verteidigungskonzeption hin. Bonn FRITZ-RUDOLF SCHULTZ Man kann Herrn von Bohin nur dankbar sein für den hervorragenden Beitrag zur deutschen Wehr- und Ostpolitik. Seine Ausführungen und Schlußfolgerungen wirken so überzeugend, daß es überaus leichtfertig wäre, wenn die zuständigen Stellen sie nicht genauestens prüfen würden. Sollte sich aber die Richtigkeit seiner Ansichten ergeben, so hat er uns auch einen Weg zur Wiedervereinigung Deutschlands gewiesen, der die Sowjet-Union ja erst dann keinen Widerstand mehr entgegensetzen will, wenn militärpolitisch Vereinbarungen getroffen worden sind, die die Gefahr einer nochmaligen Invasion Rußlands beziehungsweise der Sowjet-Union aus dem westeuropäischen Raum innerhalb eines Jahrhunderts soweit wie möglich ausschließen. Vom politischen Standpunkt aus wäre es natürlich richtiger, die in den Vorschlägen Bonins enthaltenen Konzessionen nicht als »Vorleistungen« durchzuführen, sondern sie in den Rahmen eines umfassenden europäischen Sicherheitspaktes zu stellen, dessen Zustandekommen angesichts der Möglichkeit gegenseitiger Vernichtung der nuklearen Großmächte gleichsam In der Luft liegt und nur durch die Fortdauer des Vietnamkonfliktes verzögert wird. Coesfeld (Nordrh -Westf.) DR. OTTO BRÄUTIGAM Meiner Meinung nach geht Herr von Bonin bei der Beurteilung der gegenwärtigen falschen Verteidigungskonzeption unserer Regierung von psychologisch falschen Voraussetzungen aus: Er unterstellt, daß man in Bonn guten Glaubens und redlichen Gemüts ganz einfach strategische Denkfehler begeht und die elementare Andersartigkeit herkömmlicher Militärtaktik, was die Atomwaffen betrifft, einfach nicht erkennt. Die Wirkungskraft nuklearer Waffen ist bis in die kleinsten Details bekannt. Hieraus und aus der sattsam bekannten Tatsache, daß die USA nichts anderes als Ihre eigenen Wirtschaftsinteressen kennen, ergeben sich Herrn von Bonins Schlüsse zwangsläufig wie das Resultat einer einfachen arithmetischen Rechnung, zu der es keines strategisch gefütterten Computers bedarf. Deshalb kann man getrost von der Gewißheit ausgehen, daß den Säbelraßlern in Bonn Herrn von Bonins »Strategie des Überlebens« nichts Neues sagt. Die Geschichte der Germanen beweist, daß sich die Obrigkeit niemals und zu keiner Zeit je Gedanken um das Wohl der Untertanen gemacht hat, dafür aber immer und ausschließlich darum, wie die Allmacht des Staates zu erhalten sei. Daran hat sich nichts geändert. Warum rechnet Herr von Bonin seine Strategie des Friedens nicht zu Ende? Wenn es wahr ist - und es ist wahr -, daß sich die USA einen Griff des Ostens nach dem westdeutschen Industriepotential einfach nicht erlauben können, wozu dann überhaupt eine Bundeswehr, die mit gebleckten Zähnen die Grenze bewacht? Jeder auch nur irgendwie geartete militärische Angriff auf die Bundesrepublik bedeutet doch für Washington klar und eindeutig den Versuch der Sowjets, sich Westdeutschland auf den Teller zu legen. Das Risiko eines Atomkrieges ergibt sich also für Rußland nicht nur allein durch amerikanische A-Bombendepots in Westdeutschland, sondern aus jeder ersichtlichen Aggression, und selbst dann, wenn russische Armeen mit Pfeil und Bogen und auf Fahrrädern die Grenze der BRD überschritten! Aber Herr von Bonin bringt es einfach als Militär nicht fertig, Militär in unserer Lage für völlig sinnlos anzusehen. Warum macht er einen Strich unter eine halbfertige Rechnung und begnügt sich mit dem Zwischenergebnis, daß Militär doch nützlich sei, einer Aggression auf die Hühneraugen zu treten! Das Endergebnis seiner taktisch-militärischen Einsichten ist die Neutralität der Bundesrepublik und ihre vollkommene militärische Entwaffnung! Das würde schlagartig den auf uns gerichteten russischen Nuklearsprengköpfen die taktische Aufgabe entziehen und einer neuen deutschen Politik ungeahnte Möglichkeiten eröffnen. Man könnte die Entwaffnung der DDR nicht nur damit erzwingen, sondern wahrscheinlich für diesen Preis der Neutralität und Entwaffnung sogar die Wiedervereinigung! Und je mehr Rüstungsmilliarden in die Wirtschaft, Wissenschaft und Sozialpolitik gesteckt würden, um so elementarer würde Washingtons Interesse daran sein, einen russischen Zugriff auf ein ständig wachsendes und gedeihendes Deutschland zu verhindern. Auf der anderen Seite würde der Entzug ungezählter Milliardensubventionen für die amerikanische Rüstung durch Fortfall entsprechender deutscher Käufe den Russen starke Genugtuung verschaffen, ganz zu schweigen davon, daß Moskau die Welt angesichts eines derart massiven friedlichen und militärisch hilflosen Deutschlands schon in Vollnarkose versetzen müßte, um noch irgendein Argument gegen die Deutschen anbringen zu können. Alpirsbach (Bad.-Württ.) H. J. STAMMEL Herr Oberst i. G. a. D. von Bonin nennt als Ziel der höheren Strategie den Zweck, »einen besseren Frieden zu sichern ...« - worin ich ihm nur zustimmen kann. Auch weist er überzeugend nach, daß allein auf Grund des sicheren Einsatzes amerikanischer A Waffen ein sowjetischer Großangriff in Europa unwahrscheinlich ist. (Allerdings eignet der in diesem Zusammenhang zitierte McNamara sich nicht ganz als Stütze dieses Gedankenganges, da er mit seiner Forderung, die Allianz solle in den nächsten fünf Jahren sich sowohl auf die strategische und taktische A-Waffe als auch auf die konventionellen Möglichkeiten der Luftwaffe abstützen, eindeutig von der Vorstellung eben dieses Großangriffs ausgeht.) Weiterhin ist klar, daß - da die Sowjets im Kriegsfall bestrebt sein müssen, die A-Waffen des Gegners zu vernichten - die Vernunft fordert, solche Waffen auf dem eigenen Gebiet zu entfernen. (Der in diesem Zusammenhang erwähnte de Gaulle ist allerdings auch wieder ein schlechter Kronzeuge, da er die amerikanischen A-Waffen ja nur gegen eigene, zwar zahlenmäßig geringere, aber für die Sowjets sicherlich auch vernichtenswerte austauscht.) Bis hierher ist alles überzeugend. Doch dann tauchen Fragen auf: Im Falle eines »begrenzten sowjetischen Überfalls« soll die neugegliederte Bundeswehr der Roten Armee »einen empfindlichen Schlag« versetzen. »Gegenangriffstruppen ... stehen ... in der Tiefe der Verteidigungszone bereit, um durchgebrochene Feindkräfte zu vernichten und die Ausgangslage wiederherzustellen.« Hier ist zu fragen: 1. Wenn schon für einen Großangriff den Sowjets jedes Motiv fehlt, was in der Welt sollte sie zu einem begrenzten Überfall verleiten (von dem angesichts der vielfältigen Verflechtungen Europas niemand vorhersagen könnte, daß er auch begrenzt bleibe)? 2. Wenn aber solch ein Unternehmen gestartet würde, wer sagte uns und den ja wahrscheinlich nicht ganz uninteressierten Verbündeten, insbesondere den USA, daß der Überfall auch wirklich an der holländischen, dänischen, französischen oder ähnlicher Grenze haltmachen wird, sich mithin also der Einsatz von A-Waffen erübrigt? Immerhin werden auch die Sowjets - wahrscheinlich sogar eher als die USA - bald über eine heute noch unvorstellbare Lufttransportkapazität verfügen, die sie in die Lage versetzen wird, einen zunächst anscheinend begrenzten Überfall schnell in einen weniger begrenzten auszuweiten. 3. Vor allem aber: Wie soll die Bundeswehr der Roten Armee einen »empfindlichen Schlag« versetzen und die »Ausgangslage wiederherstellen«, wenn sie, wie es einige Absätze weiter oben heißt, schon in ihrer heutigen Stärke »von der Roten Armee zerdrückt« würde? Stellt man die auf acht Divisionen reduzierte Bundeswehr den 20 sowjetischen Divisionen in der DDR und NVA gegenüber (die Streitkräfte der Verbündeten müßten nach diesem Vorschlag ja aus der BRD entfernt worden sein, da sonst das Konzept reiner Grenzsicherung wieder unglaubwürdig wäre), ergibt sich genau das Kräfteverhältnis von 3:1, das anfangs als Voraussetzung für einen erfolgversprechenden Angriff auf Westeuropa mit weitgestecktem Ziel genannt wird. Abgesehen davon, daß heute in den Begriff des konventionellen Krieges die Anwendung taktischer A-Waffen eingeschlossen wird, hätten diese Grenzsicherungskräfte kaum eine andere Wahl, als solche Waffen - sofern noch vorhanden - einzusetzen und damit die Eskalation auszulösen oder nach Austeilen eines mehr oder weniger empfindlichen, auf jeden Fall aber für den Angreifer kalkulierbaren und daher nicht abschreckenden Schlages unterzugehen. Und gesetzt den Fall, die Rote Armee würde sich, ohne daß auf unserer Seite A-Waffen zum Einsatz gekommen wären, tatsächlich in den tiefgestaffelten Verteidigungszonen festlaufen, muß man, wenn man den Sowjets schon einen so unsinnigen Überfall zutraut, konsequent auch in Rechnung stellen, daß sie sich dann nicht sang- und klanglos zurückziehen, sondern ihrerseits zu A-Waffen greifen, um das Angriffsziel zu erreichen. Fazit: Auch die Vorstellung eines begrenzten Überfalls der Sowjets, auf den hin die ganze vorgeschlagene Umgliederung der Bundeswehr erfolgen soll, ist ebenso unrealistisch wie die vom sowjetischen Großangriff. Mir scheint daher folgende Korrektur an den Gedankengängen von Herrn Oberst i. G. a. D. von Bonin notwendig: - Schutz vor einem Großangriff durch strategische A-Waffen der USA - ja; - Schaffung einer kleineren, aber schlagkräftigen Armee (Elite!) in der BRD - ja; - aber: Abschaffung des im Osten fixierten Feind-Popanz, vielmehr allgemeiner Auftrag für jede Armee: »Verteidigung des Staatsgebietes«, ohne auf Ewigkeit einen einzig möglichen Gegner festlegen zu wollen. München GEORG W. KAEBEL Oberleutnant Falls Sie auf die Idee kommen sollten, einen Sonderdruck dieses Beitrages an sämtliche Mitglieder des Bonner Kabinetts, des Bundestages und an höhere Offiziere der Bundeswehr zu verschikken, möchte ich mich an den Unkosten mit 200 Mark beteiligen. Den augenblicklichen Finanzkommissionen der verschiedenen Parteien, die sich mit der Bewältigung der Bonner Finanzkrise zumindest äußerlich befassen, sollte dieser Beitrag auch nicht vorenthalten werden, zumal sich doch hier die Möglichkeit ergibt, einige Milliarden für den Bundeshaushalt zu sparen - ganz abgesehen davon, daß uns ein möglicher atomarer Untergang außerdem erspart bleibt. Selbst wenn die Hälfte der ersparten Bundeswehrkosten den USA als Beitrag für deren Interkontinental-Raketensystem Jahr für Jahr gezahlt würde, sähe es immer noch besser um unsere Finanzen aus. Hamburg CHRISTIAN SCHRÖDER von Bonin FDP-MdB Schultz Bräutigam * * Leiter der Ostabteilung des Bonner Auswärtigen Amtes von 1953 bis 1958.",https://www.spiegel.de/politik/landesverteidigung-a-0cb5b654-0002-0001-0000-000046415322?context=issue,,12,1966,December,2489,17999,True,True,1966,1960s,1965-69
1967,5,62,1967-01-22,Briefe,Konzertierte Mystik,,"(Nr. 3 1967, Wirtschaft) Statt ständig mystische »konzertierte Aktionen« anzukündigen, sollte der ewig lächelnde Schiller auf die Pauke hauen, um die fast unerträglichen Tonstörungen in der Wirtschaft zu beheben. Köln RAIMUND LINDT Gelingt es dem Wirtschafts-Professor tatsächlich, den in Richtung Wirtschaftskrise und Deflation abgefahrenen Zug noch zum Stehen zu bringen? Erfreulich ist zunächst, daß es ihm gelungen ist, die Restriktions-Fanatiker bei der Deutschen Bundesbank in die Defensive zu bringen. Schillers Feststellung, daß ein künstlich ausgetrockneter Kapitalmarkt mit exotischen Zinssätzen weder geeignet ist, für die Stabilität der Währung noch für die Erhaltung unserer Konjunktur zu sorgen, trifft genau ins Schwarze. Zu wünschen bleibt, daß nunmehr auch die wichtigste Ursache der derzeitigen Kapitalmarktmisere, die Kuponsteuer, unverzüglich abgeschafft wird. Berlin REINHARD ONNASCH* Eine Vollbeschäftigung bei stabiler Währung läßt sich nur erreichen, wenn mit der derzeit vorhandenen Geldmenge mengenmäßig -- mehr gekauft werden kann. Voraussetzung hierfür wäre ein Stillhalten der Gewerkschaften, eine bessere Arbeitsmoral und eine Beschränkung des Arbeitsplatzwechsels. Hamburg RUDOLF WOLTER Die Schiller-Lyrik »konzertierte Aktion« läßt tief blicken. Hat sich damit der sozialistische Professor des wirtschaftlichen Rationalismus nicht auch bereits auf das Glatteis der Wirtschafts-Mystik der Vergangenheit begeben? Solange wir eine Preis-Mystik haben, solange hier nicht Plan und Gesetz analy- * Geschäftsführendes Vorstandsmitglied der Interessengemeinschaft freier Aktionäre (IFA) e. V. tisch klare Voraussetzungen bringen, solange also die Industrie und hinterher Groß- und Kleinhandel willkürlich Preise, das heißt Inflation machen können, solange wird die konzertierte Mystik eine Nebel-Aktion bleiben. Hamburg CHRISTIAN F. URHAMMER Lange habe ich immer mit gespitzten Ohren hingehört, wenn der neue Bundeswirtschaftsminister Schiller in seinen Reden von einer Aktion sprach, die, so verstand ich es, kontensiert, konzentriert oder ähnlich sein soll. Jetzt liest man es im SPIEGEL endlich schwarz auf weiß: Es wird eine konzertierte Aktion angestrebt, k-o-n-z-e-r-t-i-e-r-t. Dieses hochtönende Wort erklärt der »Duden« mit »ein Konzert geben«, während das 220 000 Stichworte umfassende »Große Deutsche Wörterbuch« das Verbum konzertieren vom italienischen« concerto beziehungsweise dem lateinischen concertare ableitet, was Wettstreit der Stimmen und Übereinstimmung bedeuten kann. Das soll ein Bild-Zeitung-Leser wissen Man hat aber das Gefühl, daß hier nicht für das simple Volk gesprochen wird, sondern für Kandidaten eines Seminars, für (werdende) Nationalökonomen. Ich selbst bin jedem dankbar, der mir in kurzer Fassung erklärt, was Herr Dr. rer. pol. Karl August Fritz Schiller (siehe »Wer ist wer?«, 1951) in seinen Buchveröffentlichungen »Arbeitsbeschaffung und Finanzordnung in Deutschland«, erschienen im Jahre 1936, und »Marktregulierung und -ordnung in der Weltagrarwirtschaft«, erschienen 1940, zu diesen bemerkenswerten Fragen zum bemerkenswerten Zeitpunkt geschrieben hat. Damit keine Mißdeutungen entstehen, muß ich sagen, daß ich diese beiden Bücher nicht kenne und sie nur in dem obigen Nachschlagewerk zitiert fand. Dortmund ROBERT ARNOLD Mit Kennedy-Look, Keep -- smiling und Grüppe-47-Image ersetzt der neue Bundeswirtschaftsminister Ludwig Erhards glücklose »Formierte Gesellschaft« durch die »Konzertierte Aktion« und -- die Wirtschaftskrise findet nicht statt. So einfach ist das ... Richtig ist folgendes: Die Wirtschaft, und nicht nur die deutsche, steht vor einem totalen Umbruch. Kriegs- und Nachkriegs-Nachholbedarf sind weitgehend gedeckt; viele andere Länder sind wirtschaftlich mündig geworden, beziehungsweise werden es. Politische Konstellationen, Machtblöcke auf der einen Seite, Automation und neue Erkenntnisse auf der anderen haben den naturgemäßen Zeitablauf dieser Entwicklung nur unwesentlich verschieben können ... Die wirtschaftlichtechnische Volljährigkeit vieler, auch kleiner Nationen beweist das stetig wachsende Angebot hochqualifizierter Werkzeuge, Maschinen, Fahrzeuge und so weiter auf dem Weltmarkt, das den traditionellen Industriestaaten wie etwa England und Deutschland erheblich Konkurrenz macht (inwieweit westöstliches Entwicklungshilfsstreben aus machtpolitischen Gründen diese an und für sich natürliche Entwicklung provoziert hat, soll hier nicht untersucht werden). Beides zusammen, sinkender Bedarf und wachsendes Angebot auf dem Weltmarkt, hat auf ein wirtschaftlich instabiles und exportabhängiges Land wie die Bundesrepublik, das fast ein Drittel der Grundnahrungsmittel kaufen und mit Exporterlösen bezahlen muß, schwere Auswirkungen. Die bundesdeutsche Wirtschaftsdevise heißt: exportieren oder krepieren. Export, wenigstens im ausreichenden Maß, ist nur möglich, wenn deutsche Waren besser oder (und) billiger auf dem Weltmarkt angeboten werden. Darum: bundeseinheitliche Wirtschaftslenkung und Förderung mit Zielrichtung Export, * bundeseinheitliche Grundlagen- und Zweckforschung, weltweites Marketing und Handel mit allen, ohne politische Scheuklappen, > sofortige, gezielte, bundeseinheitliche Begabtenerfassung. -förderung, Berufsbildung und -lenkung. Der Ernst der Sachlage verbietet Rücksichtnahme auf falsch verstandenen Föderalismus, auf politische Freundschaften« und andere. Wirtschaftlich gibt es sowieso keine Freunde, allenfalls Partner. Beim Röhrenembargo, bei den Nordvietnam-Lieferungen durch englische Schiffe, bei den gezielten Aufkäufen von US-Dollar und Umtausch in Gold durch die Franzosen sind, übrigens keineswegs nachahmenswerte, Beispiele wirtschaftlichen Zweckdenkens vorexerziert worden. Schweinfurt HANS SCHWARTZ Gewerbestudienrat Die Karikatur » Schluß mit dem Gießkannenprinzip« paßt schlecht zu dem Lob für den Herrn Minister wegen seiner Mitwirkung am Berlin-Hilfe-Gesetz, denn es gibt kein schlimmeres Gießkannenverfahren als die Umsatzsteuer-Vorteile für Berliner Lieferungen nach Westdeutschland. Wann treten an deren Stelle im Interesse auch Berlins endlich gezielte Hilfen? Heute bekommt derjenige, der seine Ware nur zum letzten Arbeitsgang nach Berlin schickt (also zum Beispiel an im Westen fabrizierte Anzüge in Berlin nur die Knöpfe nähen läßt), Vergünstigungen in der gleichen Höhe wie derjenige, der seine Ware von A bis Z in Berlin produziert. Verwaltungstechnisch hat dies Verfahren den Vorzug größter Einfachheit, aber dieser kleine Vorteil kostet ungeheuer viel. Denn erstens werden auf diese Weise in Berlin nicht genug Arbeitsplätze geschaffen, denn man erlaubt den Produzenten ja, die Vergünstigungen zu kassieren, ohne mit viel Personal nach Berlin zu gehen. Zweitens werden mehrere hundert Millionen an mißbräuchliche Bezieher ausgeschüttet. Drittens werden in unnötigem Ausmaß Wettbewerbsverzerrungen geschaffen, die ihrerseits zu hohen Steuerausfällen führen. Wuppertal FRIEDRICH BALKS Herrn Schillers Produktionsstress in Ehren; sollte man aber nicht endlich einmal fragen, für welchen Bedarf? Zum Beispiel: Statt 30 Quadratmeter Primitivwohnung im Wunderland, mit der sich viele seit mehr als 20 Jahren begnügen müssen, sollte der Bundesdeutsche mit den Seinen besser 100 Quadratmeter Kulturwohnung beziehen können. Doch bleibt die durchschnittliche Neubauwohnung in Größe, Bauweise und Umgebung vielfach weiterhin an der unteren Grenze menschlichen Gebotes. Dagegen beginnt und endet die heutige »Kultur« des Durchschnittsbürgers häufig beim kostspieligen eignen Wagen, dessen Extras und ähnlichen »Werten«, zum Erwerb veranlaßt durch eine Bedarfsweckung des Marktes, nicht durch ein spontanes Bedürfnis des Verbrauchers. Statt eines milliardenverschlingenden, auf immer begrenzterem Lebensraum unlösbaren Individualverkehrs wären menschenwürdige Massenverkehrsmittel allerorts längst wieder vonnöten, mindestens so bedarfsangemessen wie vor 50 Jahren, nicht erst im Jahre 2000, vielmehr ab sofort bei höchster Priorität! Statt dauernder Gefährdung des öffentlichen und Einzellebens vor dem Haus des Bürgers in Stadt und Land ein Steig, breit genug, wieder zu lustwandeln und zu atmen. Manch Bundesbürger wird in der letzten Regierungserklärung einige überfällige Pioniergedanken vermißt haben: Professor Schiller als marktplanender Wirtschaftsminister (nach dem Plan der CDU/ CSU/SPD) könnte einen erlösenden Hinweis auf eine gewisse folgerichtige Bedarfsbeeinflussung einer sonst freien Marktwirtschaft geben. Das Auto etwa, noch immer zwecks Vollbeschäftigung« zum Überfluß produziert, von Sportnomaden oder aus gewohnter Bequemlichkeit allzu häufig mißbraucht, ist der Güter höchstes nicht; das größte Übel aber einer wachsenden Legion verkehrstoter Arbeitskräfte, Verkehrskrüppel und -kranker, darf nicht länger unsere Schuld sein München DR. KURT MERKMANN Das, was Herr Schiller zum besten gibt, ist die Preisgabe des Sozialismus schlechthin. Es macht das Urteil rechtskräftig, das der letzte deutsche Minnesänger Peter Hille 1887 fällte: »Die Sozialdemokratie führt zu keiner Weiterentwicklung. Deshalb darf man auf sie als den Zustand, in welchem man die schönsten, menschlichen Kräfte entfaltet, nicht rechnen.« Eine vollkommene bildliche Version des Verhältnisses der heutigen SPD, der simpelsten Karikatur von Bernsteins Revisionismus, zum Sozialismus gelingt nur noch dem bekannten Gemälde von Repin: Iwan, der Schreckliche, seinen sterbenden Sohn haltend. Man muß sich an den. Kopf fassen, wenn man Schiller und die SPD Arm in Arm mit Strauß sieht. Alle Deutschen, die das Vermächtnis der Lassalle und Bebel bisher wie ein Geländer in der Hand spürten, werden nicht nur betrübt sein. Schiller und die SPD haben beschlossen, Sozialismus zu nennen, was der Einrichtung der von ihnen gewünschten Gesellschaftsordnung dient. Berlin HEINZ SIEBERT",https://www.spiegel.de/politik/konzertierte-mystik-a-80b5c09a-0002-0001-0000-000045440952?context=issue,,1,1967,January,1273,9816,True,True,1967,1960s,1965-69
1967,6,56,1967-01-29,Briefe,Soll Und Haben,,"(Nr. 41967, Interview) Den SPIEGEL-Redakteuren gebührt Dank dafür, weitesten Kreisen einmal klargemacht zu haben, mit wieviel Extrawürsten das deutsche Beamtenheer gefüttert wird. Das Echo aus der Bevölkerung auf dieses Gespräch wird. dem Beamtenbund-Vorsitzenden, Herrn Krause, noch lange in den Ohren klingen. Bertin HEINZ BAUER Gegen die Forderung der Beamten, ihre Bezüge in den nächsten drei Jahren um 25 Prozent zu erhöhen, erscheint Rehwinkel ja wie Mailhalter Erhards Musterschüler. Hannover ERNST DIECK Die Gehaltsforcierung des Deutschen Beamtenbundes im gegenwärtigen Augenblick paßt wie die Faust aufs Auge. Aachen JOSEF GROTECLAES Seit Erscheinen Ihres Blattes habe ich noch keinen Artikel und kein Interview gelesen, das mich derartig empört hätte wie dieses mit Herrn Krause. Die Ausführungen dieses Herrn sind unverschämt und dummdreist. München KARL SCHMID Ich schäme mich für Herrn Krause. Würzburg PROF. DR. ALFRED WENDEHORST (Beamter auf Lebenszeit) Herrn Krauses Beamten-Kollegen sollen Gott dafür danken, daß sie beim Staat beschäftigt sind, denn 50 Prozent von ihnen würden in der freien Wirtschaft -- ganz abgesehen vom Verzicht auf hohe Ruhegehaltsansprüche und der Sorge um den Erhalt des Arbeitsplatzes -- weit weniger verdienen. Sprantal ROLF-RÜDIGER MÜLLER Mit seinen im denkbar ungünstigsten Augenblick erhobenen weitgespannten Forderungen hat Herr Krause den von ihm repräsentierten Berufskollegen in der Öffentlichkeit einen schlechten Dienst erwiesen. Sorgen sich doch heute viele Menschen nicht nur um die Höhe ihres Lohnes, sondern befürchten sogar den Verlust ihres Arbeitsplatzes. Berlin DR. RUDOLF FRITZ ... der Staat hat bisher gegenüber den Beamten und Angestellten im öffentlichen Dienst mehr als seine Fürsorgepflicht erfüllt. Durch die Unkündbarkeit, noble Altersversorgung, geregelte Arbeitszeit und sonstigen sozialen, finanziellen und wirtschaftlichen Vergünstigungen hat er praktisch sogar eine besondere Menschenklasse geschaffen, die heute selbstherrlich und ohne Bedenken sich auf ihre Tradition beruft, Dort, wo der Angestellte und Freiberufler hart um seine Existenz kämpfen muß und mit zunehmendem Alter um seine Einkünfte und seinen Arbeitsplatz bangt, erwarten den Staatsdiener Sorglosigkeit, automatische Gehaltserhöhungen und eine garantierte Altersversorgung ... Hamburg UNION ZUM SCHUTZ DER BÜRGER-RECHTE EDV. Deutschland, deine Beamten! kann ich nach Lektüre des SPIEGEL-Interviews mit Herrn Krause nur ausrufen. Schlecht bestellt ist es um einen großen Teil unserer Staatsdiener, denn nicht einmal der Vorsitzende des Deutschen Beamtenbundes ist fähig, seine ständig wiederholte verschwommene These von der Anpassung an eine allgemeine Einkommensentwicklung mit Fakten zu belegen. Er erliegt dem erdrückenden Material der SPIEGEL-Redakteure und läßt angesichts dessen die Frage offen, ob ein Beamter noch unterbezahlt sei. Und dennoch: Der deutsche Beamte hat seine Prinzipien; er bleibt bei der Forderung der 25prozentigen Gehaltserhöhung! Berlin DIETMAR WIEHLE Als Sie sich von Herrn Krause verabschiedeten, hatte er da noch Boden unter den Füßen? Saarlouis (Saarl;) WOLFGANG KLÜTSCM Von Herrn Krause das Eingeständnis eigenen Fehlverhaltens zu erwarten, ist zuviel verlangt. Ihm fehlt das Gespür für politische Situationen. Bei vollen Staatskassen galt er als »Musterknabe« unter den Gewerkschafts- und Verbandsvorsitzenden. Noch vor Jahresfrist schrieben ihm die im Deutschen Beamtenbund organisierten Zollbeamten: »Sie sind schon früher bei kleineren Entgegenkommen der Regierung und des Parlaments in Dankes- und Jubelgeschrei ausgebrochen ... Jetzt haben Sie ihre Befriedigung ausgedrückt über etwas, was überhaupt nicht gegeben worden ist, für ein unverbindliches Versprechen.« In dieser massiven Kritik der eigenen Verbandsmitglieder dürfte das Motiv dafür zu suchen sein, daß Herr Krause plötzlich lautstarke Töne anschlägt. Nicht die Gewerkschaften haben also ihre Einstellung geändert (etwa wegen der Großen Koalition in Bonn), sondern Herr Krause, der von einem Extrem ins andere gefallen ist. Der Beamtenschaft ist nicht damit gedient, wenn ein Verband den Eindruck erweckt, als interessiere ihn die augenblickliche wirtschaftliche und finanzielle Situation in der Bundesrepublik Deutschland nicht. Die kritische und teilweise empörte Reaktion in der Öffentlichkeit war vorauszusehen. Der DBB-Vorsitzende hat den Beamten einen Bärendienst erwiesen. Die berechtigten Ansprüche der Beamtenschaft -- können nur gewahrt werden, wenn Verbandsfunktionäre darauf verzichten, aus Effekthascherei die Atmosphäre zu vergiften. Man muß nämlich nicht lange nach dem Grund für den von Herrn Krause für seine Besoldungsforderung gewählten Zeitpunkt suchen. Dafür gibt es eine ganz banale Erklärung: Mit Datum vom 29. Dezember 1966 hat der Bundesminister des Inneren auf Anforderung des Bundestagsinnenausschusses einen »Vergleich der Entwicklung der Beamtengehälter mit der allgemeinen wirtschaftlichen Entwicklung« vorgelegt, aus dem sich ergibt, daß »das durchschnittliche Beamteneinkommen gegenüber dem Durchschnittslohn des Industriearbeiters einen Rückstand von zehn von Hundert aufweist«. Darauf aufbauend hat Herr Krause den erhofften Produktivitätszuwachs der nächsten drei Jahre aufgeschlagen und diese »Weisheit« als Besoldungskonzept des Deutschen Beamtenbundes verkauft. Dabei scheint die Befürchtung, eine andere Organisation könnte ihm zuvorkommen, bei Herrn Krause größer gewesen zu sein, als die Einsicht in gegebene Realitäten. Im übrigen wissen durch das SPIEGEL-Interview jetzt wenigstens alle, was Herr Krause zu tun gedenkt, wenn seine Forderung abgelehnt wird: Nichts! Kennern der Verhältnisse war das ohnehin klar. Hilden (Nordrh.-Westf.) WERNER KUHLMANN Ihrer Ansicht, der Beamte sei das wohlbehütete Wunderkind der deutschen * Erster Vorsitzender der Gewerkschaft der Polizei. Wirtschaft, möchte ich energisch widersprechen. Sicher, es gibt ältere Beamte, die ganz gut verdienen, aber vielleicht ändern Sie Ihre Meinung, wenn Sie erfahren, daß zum Beispiel das Land Nordrhein-Westfalen seinen Studienreferendaren 490 Mark netto im Monat anbietet. Und das nach Abitur und oft zehn bis zwölf Semestern. Hat der Referendar das Pech, noch keine 26 Jahre zu zählen, bekommt er sogar nur 410 Mark netto; 40 Mark weniger als ein Berglehrling im dritten Lehrjahr. Gelsenkirchen H.-DETLEV BECKERS Einmal Beamter geworden, sitzt man in einem Boot, das auf dem Wasser der Dienstbezüge langsam und träge dahinplätschert, umschifft alle zwei Jahre eine Dienstaltersstufe und erlebt alle X-Jahre eine Verbesserung in der Besoldungsgruppe. Man wird bei dieser Prozedur sehr leicht schläfrig, und man muß nur aufpassen, daß man nirgends aneckt oder auffällt. Es ist für den jungen Beamten beruhigend zu wissen, daß für ihn die Zeit arbeitet. Er kann sich in etwa seine Bezüge ausrechnen, die er in zehn Jahren verdienen wird, und kommt zu dem Ergebnis, daß er mit 36 Jahren ganz annehmbar verdient. Doch heute, im 27. Lebensjahr, als verheirateter Bundesbahnassistent mit dem geographischen Pech, in einem 25 000köpfigen Dorf zu wohnen (daher Ortsklasse A), erhält man nur 671,66 Mark Bruttobezüge. Mein Vorschlag wäre, entweder eine andere, zeitgemäßere Staffelung der Beamtenbesoldung, damit sich auch der -- junge Beamte eine anständige Existenz aufbauen kann, oder aber ein Heiratsverbot bis zum 31. Lebensjahr, denn erst von dort an kann sich ein Beamter des einfachen und mittleren Dienstes mit einer Familie ordentlich ernähren. Waiblingen (Bad.-Württ.) KURT SCHAAL Halten Sie einen Oberregierungsrat, der nach langer akademischer Ausbildung und zehn Jahren verantwortungsvoller Tätigkeit 1800 Mark verdient, für gut bezahlt? Und das, obwohl junge Arbeiter zum Teil ebensoviel verdienen? Halten Sie unseren Außenminister oder den Bundeskanzler für überbesoldet, obwohl schon Fußballtrainer mehr erhalten? Mülheim (Nordrh.-Westf.) JAKOB RINGENBERG Zieht man den von der Bundesregierung bereits anerkannten Rückstand der Beamtenbesoldung hinter der allgemeinen Einkommensentwicklung von zehn Prozent ab, so erscheinen die 25 Prozent schon in einem wesentlich anderen Licht. Bei den restlichen 15 Prozent handelt es sich lediglich um die notwendige Anpassungsrate der Beamtenbesoldung in den nächsten drei Jahren von jeweils durchschnittlich fünf Prozent, entsprechend der von Sachverständigen vorausberechneten allgemeinen Einkommensentwicklung. So ergibt sich aus dem derzeit bestehenden Nachholbedarf von zehn Prozent und der zukünftigen jährlichen Steigerung der allgemeinen Einkommensentwicklung in Höhe von drei mal fünf Prozent die notwendige Besoldungserhöhung von 25 Prozent. Es war nicht nur das Recht, sondern auch die Pflicht von Herrn Krause, in dem Augenblick, da die Bundesregierung an einer mittelfristigen Finanzvorschau bis 1970 arbeitet und dabei von einer sechsprozentigen Einkommenssteigerung jährlich ausgeht, im Interesse einer gerechten Beamtenbesoldung die ·konkreten Zahlen zu nennen, die sich in den nächsten Jahren für die Beamtenpolitik ergeben. Speyer NORBERT HEGMANN Vorsitzender des Kreisverbandes Speyer des Deutschen Beamtenbundes Sie nennen als Lohnsteigerung der Beamten seit 1957 die Zahl von 58 Prozent und als Zahl für die Steigerung der Lebenshaltungskosten in der gleichen Zeit 25 Prozent. Daraus leiten Sie ab, die Beamten hätten einen echten Einkommenszuwachs von 33 Prozent geerntet«. Mich wundert, daß Ihr Partner, der Vorsitzende des Deutschen Beamtenbundes, Ihnen nicht widersprochen hat. als Sie diese Zahl angaben. Sie wissen, daß Sie aus den beiden Zahlen einfach die Differenz gebildet haben, um auf die Reallohnsteigerung zu kommen. Ich weiß nicht, ob es Ihre Absieht war, Ihren Partner zu täuschen und vor Ihrer Leserschaft bloßzustellen; ich nehme jedenfalls nicht an, daß Sie es nicht besser wissen. Wenn Ihre Angaben stimmen, beläuft sich die Reallohnsteigerung wirklich nur auf etwa 26,3 Prozent (158:125 = x:100). Hamburg RAINER Dorrt Schlage vor, bisherigen Etat für gesamten Beamtenhaushalt beizubehalten und durch Rationalisierungen -- wie dies in der Industrie üblich ist -- Geld einzusparen. Dieses kann dann zur Erhöhung der Beamten-Gehälter verwandt werden. Opfenbach (Bayern) GÜNTER STÖRL",https://www.spiegel.de/politik/soll-und-haben-a-4b1c2dec-0002-0001-0000-000045549357?context=issue,,1,1967,January,1407,10228,True,True,1967,1960s,1965-69
1967,12,75,1967-03-12,Briefe,Gutes Gedächtnis,,"(Nr. 7/1967, Bonn) Sie schreiben in einem Artikel über meinen Nachfolger Leber: »Für jede Kabinettsitzung bestellt er sich von Referenten seines Hauses zu jedem einzelnen Punkt der Tagesordnung eine Vorlage, auch wenn die Interessen seines Ministeriums nicht berührt werden.« Bringen Sie in Ihrem Blatt nicht solchen abgestandenen Kaffee! Jeder Minister ist nicht nur für sein Ressort, sondern für alle Beschlüsse des Kabinetts mitverantwortlich. Infolgedessen ist im Bundesministerium für Verkehr die von Ihnen angegebene Methode seit der ersten Kabinettsitzung im September 1949 selbstverständlich. Auch andere Ministerien arbeiten in gleicher Weise. Jeder Minister bekommt zu jedem Punkt der Tagesordnung eine Vorlage von dem zuständigen Referenten seines Hauses, die gegebenenfalls auch noch mit anderen Häusern abgestimmt ist. Herr Leber hat hier also keineswegs eine neue Arbeitsweise eingeführt. Daß die »Techniker- und Ingenieursriege« seines Ministeriums sich auf ihn einstellt, ist ihre selbstverständliche Pflicht. Natürlich besteht zwischen den Arbeitsmethoden verschiedener Minister ein entsprechender Unterschied, der sich aus der Entwicklung und der inneren Einstellung des jeweiligen Ministers ergibt. Übrigens darf ich bemerken, daß ich noch niemals ein Computergehirn besessen habe. Ich habe nur im Studium und in der Praxis etwas gelernt und ein gutes Gedächtnis. Bonn HANS-CHRISTOPH SEEBOHM * Bundesverkehrsminister von 1949 bis 1966.",https://www.spiegel.de/politik/gutes-gedaechtnis-a-55bc6daa-0002-0001-0000-000046437739?context=issue,,3,1967,March,198,1454,True,True,1967,1960s,1965-69
1967,24,65,1967-06-04,Briefe,Ins Schwarze,,"(Nr. 21/1967, Bücher) Großartig hat Heinrich Böll anläßlich seiner Besprechung des Amery-Buchs »Fragen an Welt und Kirche« in die Tasten seiner Schreibmaschine gehauen -- hoffentlich doch nicht zum letzten Mal, wenn es gegen den bundesdeutschen Mischpoke-Katholizismus geht. Seine Böll-er treffen ins Schwarze; der Kölner Kardinal sollte es ihm klug damit danken, daß er ihm fortan die Kirchensteuer erläßt: Förderer christlicher Wahrhaftigkeit, auch die derben, sollte man nicht noch schröpfen! 1961 denunzierte ein Moraltheologe einen jungen Doktor der Soziologie, dessen Dissertation er rühmte, hinterhältig als »wissenschaftlich völlig ungeeignet« -- und wurde Bischof von Münster. 1965 schuldigte ein Stadtdechant, der 1962 ein Kirchengrundstück schwarz versilbert hatte, seinen Mitarbeiter falsch an -- und wurde Militärdekan. 1967 rüpelte Nuntius Bafile einen Mainzer Weihbischof trotz schwerer Grippe in Bad Godesberg so schlimm an (""Totengräber katholischer Ehemoral""), daß der trotz allen Gehorsams sich den Ton verbat und den »Dialog« abbrach. Nur drei von unzähligen Beispielen für die nicht aussterbende katholische Mischpokerei. Woran liegt's? Zu wenige handeln nach Bölls Motto: Immer feste druff! Den Schaden hat die gute Sache. Münster DR. RER. POL. GÜNTER WEIGAND Herr Böll läßt -- Gott sei Dank -- keinen Zweifel darüber aufkommen, auf welchen Platz dieser destruktive, machtgierige Katholizismus zu verweisen ist. Düsseldorf RÜDIGER FRAMING Herr Böll wirft Amery zuwenig Emotionen vor. Er schreibt sicher emotional und das spricht uns so an. Kann man aber den »miesen Katholizismus« so erkennen und mit Recht angreifen und doch noch r. k.-Kirchensteuer bezahlen? Wo bleiben da Bölls Emotionen, die sich in diesem Falle sogar als Konsequenz auslegen ließen? Warum so zartfühlend seinem Vater gegenüber, was die Exkommunikation anbetrifft, und was hält ihn heute zurück, die gewünschte Exkommunikation (""Ich wünschte, ich sei wirklich exkommuniziert"") selbst herbeizuführen durch seinen längst fälligen Austritt? Wir waren wohl ebenso engagiert, aber auch ebenso betroffen von allem, was er so gut beschreibt. Das Ende des Konzils veranlaßte uns im Dezember 1965, aus der Kirche auszutreten. Anstatt der Kirchensteuer übernahmen wir die Patenschaft für ein SOS-Kinderdorf-Kind. Baden-Baden DR. EGON UND INGEBORG MESSMER Böll hat ja schon in seinen »Ansichten eines Clowns« diesen miesen, devotisch-subalternen Verein bloßgelegt. Und seine Ansichten zu »Fragen an Welt und Kirche« sind zwar mehr als offen und ehrlich und sicher auch mit spitzer Feder geschrieben. Aber mir scheint, sie kommen aus ehrlich (wenn es dieses Wort überhaupt noch gibt> weiterschauendem, für den Dichter in seiner Umwelt betroffenem Herzen. Für mich ist Böll ein Mann objektiver bloßlegender Kraft, fast mit Galilei gleichzusetzen, -- nur, daß er nicht »in pontificalibus« dem Inquisitor vorgeführt wird. Das wissen sicher einige Herren, denn es würde seinem Ruf als Ankläger nur dienlich sein! Essen RUDOF JOHANSON Einen wie Heinrich Böll haben die bösen Deutschen gar nicht verdient. aber für die zur Einsicht Bereiten ist er nötig wie""s liebe Brot der frühen Jahre, um zu merken, wie viele wirklich gute Menschen und Schriftsteller uns noch fehlen. Aarhus (Dänemark) ERNST METZNER",https://www.spiegel.de/politik/ins-schwarze-a-54573957-0002-0001-0000-000046251938?context=issue,,6,1967,June,475,3278,True,True,1967,1960s,1965-69
1967,53,49,1967-12-24,Briefe,Wunschzettel 67,,"Nachdem ich mich vergeblich an die Bundesregierung, an mehrere Freimaurerlogen, an meine Gewerkschaft und an den Päpstlichen Nuntius gewandt habe, sehe ich in einem Brief an den SPIEGEL meine letzte Rettung. Ich erlaube mir, Sie anzufragen, ob Sie bereit sind, mich bei meiner Kampagne zu unterstützen, daß ab sofort nicht nur Trunkenheit am Steuer, sondern jeder Betrunkene, der sich öffentlich zeigt, bestraft wird. Ich sehe keine andere Möglichkeit mehr, den schweren Schaden, den der Alkoholismus in unserem Volk anrichtet, abzuwenden. München ERNST P.* Kann sich der SPIEGEL nicht mal mit den anderen bedeutenden deutschen Zeitschriften und Zeitungen zusammentun und eine große Photoreportage veröffentlichen, die es uns künftig erspart, die Frauen und Mädchen mit den häßlichsten Beinen in den kürzesten Miniröcken zu sehen! Siehe anliegendes Photo. Gießen OSKAR S. Als Informations- wie auch als Oppositionsblatt möchte ich Euch bitten, doch mal ganz energisch etwas für den Film zu tun, daß mal endlich die Schnippelei der Zensur aufhört. Tuttlingen (Bad.-Württ.) SIEGFRIED F. ... sollte wenigstens der SPIEGEL so liberal sein, einmal eine Liste zu veröffentlichen, wo man Antibabypillen * Bei dieser Auswahl van Leserwünschen aus dem Jahre 1967 veröffentlicht der SPIEGEL nur die Anfangsbuchstaben der Leser-Nachnamen, um die Persönlichkeitsrechte der Absender zu schützen. bekommen kann, ohne sich bei einem Arzt dafür entblößen zu müssen. Köln KATHERINA S. Seit langem stelle ich bei Fernsehübertragungen fest, daß der Plenarsaal des Bundestages oft nur sehr spärlich mit Abgeordneten und Regierungsmitgliedern besetzt ist. Deshalb wende ich mich an Sie und wünsche mir im SPIEGEL eine etwa halbseitige, regelmäßig erscheinende Tabelle, in der folgende Angaben enthalten sind: > Tag und Stunde der Sitzung, > Thema der Debatte und > Anzahl der anwesenden Abgeordneten und Regierungsmitglieder. Neuß (Nrdrh.-Westf.) WERNER D. Wie wär""s mit einem kleinen SPIEGEL-Preisausschreiben: Gleich haut er ab, nachdem er die SPD vermanscht hat. Who is it? Eckernförde (Schl.-Holst.) THEODOR P. Erbitte jetzt kategorisch, folgender Idee Realität zu geben: Gründung dynamisch-phantasiebegabten Arbeitskreises für Deutschlands politische Erneuerung. Himmelsthür (Nieders.) ERNST B. Ich weiß nicht, ob es mein freier Wille ist, der mich dazu bringt, diese Zeilen an Sie zu schreiben. Gemischte Gefühle begleiten jeden Anschlag meiner Schreibmaschine. Der freie und reflexiv wahre Geist des SPIEGEL ermutigt mich zu diesem Schreiben. Es ist von mir beabsichtigt, eine neue Partei zu gründen, und zwar unter dem zunächst wenig erfolgversprechenden Namen NICHT-CHRISTLICHE UNION (NCU). Aber schon diese Bezeichnung allein dürfte ein nicht mehr zu entfernender Stachel im Fleisch der sogenannten christlichen Unionsparteien sein. Zur Gründung der Partei und zur finanziellen Absicherung meiner schon gespitzten Lästerzunge wäre ein nicht öffentlich in Erscheinung tretender Geldgeber notwendig. Mein politischer Instinkt läßt mich hoffen, daß Sie, Herr Augstein, dieser Auserwählte sein werden. Es würde mich freuen, wenn Ihnen das Schicksal einen gehörigen politischen Klaps versetzen sollte, so daß Sie nicht mehr anders könnten, als sich in meinem gewünschten Sinne politisch zu bewähren. München JOHANN R. Ich entnehme Ihrem geschätzten Blatt. daß Herr Augstein dem Sozialistischen Deutschen Studentenbund finanzielle Zuwendungen macht. Deshalb wage ich eine Bitte vorzubringen: Könnte sich der SPIEGEL nicht an der von mir geplanten Expedition in den Himalaja finanziell beteiligen? Es ist nämlich (aufgrund wissenschaftlichen Materials, daß Sie gern einsehen können) absolut sicher, daß es meinen Freunden und mir gelingen wird, die Existenz der Schneemenschen nachzuweisen. Hannover HEINRICH K. Nach fast zweijähriger Entwicklungsarbeit ist es mir gelungen, eine Industrie-Seife aus Kunststoffen herzustellen. Dieser bisher konkurrenzlose Artikel ist bereits erprobt und begutachtet. Um den Markt schlagkräftig zu erschließen und den bereits vorliegenden Nachfragen gerecht zu werden, benötige ich potentielle Geldgeber. Bitte teilen Sie mir mit, ob Sie innerhalb Ihres Wirkungsbereiches eine Möglichkeit zur Realisierung meines Anliegens sehen oder mir mit entsprechenden Empfehlungen helfen können. Meinerzhagen (Nrdrh.-Westf.) HANS-JOACHIM A. Ich habe die Ehre, Ihnen mitzuteilen, daß ich eine neue Ein-Liter-Inhalt-Kaffeemaschine, womit man den Genuß des Kaffees steigern und zugleich seine Zubereitung verbilligen kann, mit Hilfe Ihrer Werbungsmöglichkeiten an den Endverbraucher verkaufen möchte. Die Verwendung dieser Maschine ist eine wirtschaftliche und praktische Notwendigkeit, weil sie Kaffee spart und seine Zubereitung sehr vereinfacht. Die Maschine ist außerordentlich stabil und billiger als die bisher bekannten Maschinen vergleichbaren Systems. Da ich der Lizenzinhaber bin, habe ich auch die Alleinvertriebsrechte und möchte gern von Ihnen wissen, ob und unter welchen Bedingungen wir eventuell diese Maschine zusammen vertreiben könnten. Frankfurt MAURICE S. Mir wurde vor einigen Tagen die Beteiligung an einem Fabrikationsbetrieb von Whisky angeboten, der neu errichtet werden soll. Die mir genannte Rendite ist so günstig, daß ich die Angelegenheit nicht von vornherein ablehnen möchte. Da ich branchenfremd bin, fehlt mir jedoch jede Erfahrung und suche ich eine Stelle, die mich bei den gesamten Fragen beraten kann. Können Sie mir eine solche nennen? Mir wurde schriftlich erklärt, daß es mit verhältnismäßig einfachen Mitteln möglich ist, schottischen Whisky einzuführen, diesen mit Bundes-Monopolschnaps zu mischen und dann einen Marken-Whisky, unter Umständen sogar mit der Bezeichnung »echt schottisch« zum Preis von 7,60 Mark in den Handel zu bringen. Da ich mich in dieser Angelegenheit sehr rasch entscheiden muß, wäre ich Ihnen für umgehende Stellungnahme sehr dankbar. Stuttgart NORBERT H. Kaufmann Ich verfüge jetzt über die Verkaufsrechte des ehemaligen Paradewagens Hermann Görings, nicht aber über die Adressen entsprechend zahlungskräftiger Interessenten für eine derartige Rarität. Deshalb möchte ich Sie bitten, aufgrund Ihrer umfangreichen Unterlagen die Anschriften von Mr. Cunningham (Texaco?) und etwaigen anderen »Automuseumsdirektoren« zu ermitteln und mir mitteilen zu wollen. Ihnen dabei entstehende Unkosten bin ich selbstverständlich bereit zu übernehmen, sofern sie 500 Mark nicht übersteigen. München MANFRED R. cand. jur. Könnten Sie mir bitte die Adresse eines zuverlässigen Graphologen für Personalgutachten nennen? Augsburg FRIEDER S. Bitte teilen Sie uns doch mit, ob Sie in Ihrem Archiv statistische oder sonstige Tatsachenuntersuchungen haben zu dem Thema: »Haben es die Lehrer doch sooo gut.« Mein Mann möchte dieser Volksmeinung einmal gründlich zu Leibe rücken, denn wir haben schon häufiger feststellen müssen, daß gerade Lehramtsanfänger kaum über ihr erstes Lehrjahr kommen, ohne Zusammenbruch, und daß ältere Lehrer oft vom Zitterlein geplagt werden, daß heißt, daß Kopf und Augenlider oder die Mundpartie unkontrollierbare Zuckungen ausführen. Weder mein Mann noch ich möchten bei diesem Problem nur von uns ausgehen -- denn wir kommen beide erschlagen von unserem Dienst nach Hause -- noch möchten wir mit unserer verbliebenen Puste versuchen, diese Riesenwindmühle des Vielleicht-Vorurteils anders herumzudrehen. Bremen INGRID G. Meine acht Jahre alte Tochter besuchte hier in Mannheim-Sandhofen die Volksschule in der dritten Klasse. Bisher wurde sie an zwei Stunden in der Woche in Religion unterrichtet. Seit Beginn des dritten Schuljahres sind aber drei Religionsstunden eingeführt worden. Ich habe mich bemüht, beim Lehrkörper eine Auskunft über das Zustandekommen der dritten Unterrichtsstunde zu erhalten. Nach meiner Auffassung ist es gerade zum augenblicklichen Zeitpunkt nicht gutzuheißen, die Kinder während dieses Kurzschuljahres noch mit zusätzlichem Regigionsunterricht zu belasten. Weder die Lehrer noch das Schulamt und auch nicht die Stadtverordneten konnten mir die gewünschte Aufklärung über das Zustandekommen der dritten Unterrichtsstunde in Religion geben. Unsere Familie ist evangelisch, und ich wandte mich deshalb auch an einen hiesigen Pfarrer. Nach seiner Auffassung ist die Einführung der dritten Religionsstunde von seiten der katholischen Kirche betrieben worden. Meine Bitte an Sie geht dahin, doch einmal präzise festzustellen, auf wessen Veranlassung nun wirklich den Kindern die meines Erachtens im augenblicklichen Entwicklungsstadium unnötige Mehrbelastung durch den zusätzlichen Religionsunterricht zugemutet wird. Mannheim INGRID A. Gemäß Ladung des Oberverwaltungsgerichts in Münster ist mündliche Verhandlung auf Freitag, den 7. April 1967, um 12 Uhr anberaumt worden. Es handelt sich um meinen Verwaltungsrechtsstreit (Ruhegehalt) gegen das Land Nordrhein-Westfalen. Sollte sieh im Sitzungssaal ein Kruzifix befinden, so werde ich vor Beginn der Sitzung die Richter als befangen ablehnen (da ich keiner Konfession angehöre), werde meine Ablehnung begründen und im Falle der Weigerung des Gerichts, das Kruzifix zu entfernen, den Sitzungssaal verlassen. Sollte es einem Ihrer Herren möglich sein. der Eröffnung dieser Sitzung beizuwohnen, so wäre ich Ihnen zu Dank verbunden. Münster DR.-ING. Hans G. Fast unbemerkt und in aller Stille geht zur Zeit eine in der Bibelübersetzung tolle Sache vor sich. Matthäus Kapitel fünf, Vers 31 und 32, sowie Kapitel 19, Vers neun, hieß bisher:« Ich aber sage Euch: »Wer seine Frau entläßt, außer wegen Unzucht, und eine andere heiratet, begeht Ehebruch« und wird plötzlich mit: »Ich aber ·sage Euch, wer seine Frau entläßt, auch der Unzuchtsgrund gilt nicht, und eine andere heiratet, begeht Ehebruch« übersetzt. Ich meine, man sollte das nicht übersehen, zumindest nicht ohne die Frage an die zuständigen kirchlichen Stellen, welche Wahrheit beziehungsweise welcher Heilige Geist nun Gültigkeit haben soll. München HANS A. Die Zeit saust mit einer Intensität dahin, die absolut neu ist. Hätten wir Deutschen nicht den SPIEGEL, wüßten wir bald gar nichts mehr. Ich schlage Ihnen in Anbetracht des erschreckend weitermarschierenden Fortschritts vor: Lassen Sie den SPIEGEL nur alle 14 Tage erscheinen. Es wird sicher auch ein finanzielles Problem sein. Da meine ich freilich, daß, wer SPIEGEL liest, statt 1,50 Mark auch drei Mark geben muß. Machen Sie einmal eine Umfrage, ob Ihre Leser mittun werden? Itzehoe (Schleswig-Holstein) DR. MED. M. In der Hausmitteilung der Ausgabe Nr. 22/1967 wurde hervorgehoben, daß Sie beim Erwerb der Vorabdruckrechte von Swetlanas Memoiren 20 000 Mark gespart haben. Für diese 20 000 Mark biete ich Ihnen hiermit meine Geschichte an, die zwar nicht von solch zeitgeschichtlicher Bedeutung, aber von einer nicht minder meinungsformenden Qualität sein dürfte, wenn auch auf einem ganz anderen Gebiet. Ich wage es, mit der Geschichte eines Menschen, Deutscher, der als Geschirrspüler, Tellerwäscher, Dekorationsmaler und Bartender bei amerikanischen Einheiten in 15jähriger Tätigkeit allerlei lustige, komische und sogar erschreckende Erlebnisse hat, an Sie, Herr Augstein, heranzutreten. Was halten Sie davon? Stuttgart JOSEF A. Barmeister Ich möchte Sie um etwas bitten. Können Sie jemand von Ihren Redakteuren zu mir persönlich schicken? Ich möchte mich gern mit Ihnen unterhalten, um Ihnen und den deutschen Lesern zu helfen. Ich möchte Kurzgeschichten schreiben, die den Tatsachen entsprechen und die in allen Zeitschriften und Zeitungen veröffentlicht werden sollen. Toronto (Canada) GUNTHER C. Seit einigen Jahren -- ich bin frisch gebackener Abiturient -- gilt mein vornehmliches Interesse der Literatur und Dichtung, denen ich einen großen Teil meiner Freizeit widme. Dem Drang nach eigener Aussage in Versform liegen die beigefügten Gedichte zugrunde, deren Beurteilung von sachkundiger Seite her mir aber bislang versagt blieb. Um eine solche Beurteilung der Gedichte durch einen Ihrer Literaturkritiker möchte ich Sie hiermit herzlich bitten. Ich bitte Sie, falls Ihnen einige meiner Gedichte der Veröffentlichung wert zu sein erscheinen, diese in einer Ausgabe des SPIEGEL wiederzugeben. Selbst wenn Sie mir in diesem Punkte eine Absage geben müßten, so wäre ich Ihnen doch für jedes Urteil. das ich als absolut verbindlich ansehe. sehr dankbar. Rheydt (Nordrh.-Westf.) Wolfgang A. Hiermit möchte ich freundlichst anfragen, ob Sie noch an einem sehr werbewirksamen, monatlichen Publikationsstoff interessiert sind. Es handelt sich um einen prämiierten Meinungstest. Gegebenfalls bin ich als Gründer, Vorsitzender und Geschäftsführer des Volksbefragungsbundes bereit, mit Ihnen schriftlich zu vereinbaren, daß Sie das Recht haben, monatlich auf postkartenstarkem Papier in der Mitte Ihrer Zeitschrift, auf den beiden letzten Seiten oder auf einer Beilage den »VBB -- Meinungstest« zu veröffentlichen. Ich glaube, daß sich dadurch die Auflage ihrer Zeitschrift wesentlich erhöhen wird und Sie einen prozentualen Betrag Ihrer verkauften Exemolare an den Volksbefragungsbund abtreten können, damit die Meinungstest-Unkosten gedeckt werden. Langenhagen (Nieders.) BERNHARD 0. Können Sie mit nicht, helfen, daß eine Beschwerde den Justizminister erreicht, damit, nach jahrelangem Bemühen Ermittlungen gegen den Oberstadtdirektor Kuhn durchgeführt werden. Unser Anwalt will aufgeben. Bielefeld (Nordrh.-Westf.) L. N. Ich bitte Sie persönlich um Schutz meines halben Doppelhauses mit kleinem Garten und Sicherung des kleinen Eingangs. Das hohe Gericht sieht, sieh dazu nicht in der Lage. Das hohe Gericht gestattet mir nicht. um mein Grundstück einen Zaun zu errichten, gegen Diebstahl, Nachbarn. Tiere und so weiter. Die Baupolizei dagegen hat keine Einwendungen, sondern sieht es als selbstverständlich an. Mit Hilfe des Gerichts will der Nachbar auf meinem Hauseingang eine Autobahn errichten. Hamburg Willy F. Nachdem ich über neun Jahre verwitwet war, habe ich 1961 eine um 22 Jahre jüngere Frau geheiratet. Durch dauernde Einmischung der Schwiegereltern kam es schon im März 1963 zum Zerwürfnis mit denselben. Im Februar 1964 wurde mir bereits von den Rechtsanwälten der Frau zum erstenmal mit der Scheidung gedroht ... Da die ganze Angelegenheit mit einer Schärfe, um nicht zu sagen »Gemeinheit« geführt wird, habe ich die Absicht, alles der Öffentlichkeit zu übergeben, zumal ich der Ansicht bin, daß der Rechtsanwalt, der die Sache seit 1964 systematisch betreibt, vielleicht gar kein studierter Jurist ist (er stammt aus Sachsen!), sondern so eine Art »Köpenick«, weil er so »dünne« Schriftsätze verfaßt. Um dies festzustellen und ihn noch vor der Hauptverhandlung hochgehen zu lassen, brauche ich Ihre Hilfe. Berlin FRITZ E. Ich bin ein Privatsammler erotischer Literatur und habe von einem Bekannten das Buch »Gamiani« geliehen bekommen. Es ist ein Privatdruck. Da man hier in Westdeutschland diese Bücher nicht bekommt, möchte ich Sie bitten, falls Sie einen Katalog mit Preisangabe ausgeben, mir diesen zuzusenden. Ich werde dann bei Ihnen die Bücher bestellen, die in meiner Sammlung nicht vorhanden sind. Schreiben Sie mir auch bitte, wie ich das Geld überweise. Aachen ARNOLD J.",https://www.spiegel.de/politik/wunschzettel-67-a-59d94fa1-0002-0001-0000-000046195953?context=issue,,12,1967,December,2151,15179,True,True,1967,1960s,1965-69
1968,7,53,1968-02-11,Briefe,Cuitlapilli,,"(Nr. 411968, Währung) Es wäre meiner Meinung nach höchste Zeit, daß der »Mythos vom Wert des Goldes« endlich durch rationale Überlegungen zunichte gemacht wird. Grundlage einer Währung soll nicht ein manipulierbarer »Wert« wie Gold sein, sondern schlicht und einfach: das menschliche Vermögen, die Arbeit. Klagenfurt (Österr.) GÜNTER KANZIAN Handelsakademiker Der mystische Glaube an das Gold ist auch heute noch nicht tot. Man muß sich folgendes kindliche Spiel vorstellen: Da wird das Gold unter großen Mühen in Südafrika aus der Erde geholt. Kaum ist es am Tageslicht, wird es in Kisten verpackt und wieder in die Erde, nämlich die Banktresore, versenkt. Der Kreml lacht sicher auch über den westlichen Aberglauben, gute Maschinen für Gold herzugeben, das die Russen in Sibirien ausgegraben haben. Der Aberglaube wird dann gefährlich, wenn die Weitwährung (Dollar), die an das Gold gebunden ist, und zwar mit einem festen Preis, ins Wackeln gerät. Leonberg (Bad.-Württ.) GERHARD TRÖSCHER Der Menschheit ganzer Jammer grinst aus dem Gold-Mythos. Was sagt Herr Professor Schiller, der bundesdeutsche Schuldenmacherkönig, der uns auf Generationen hinaus in die Schuldknechtschaft dieser Gold-Mythoisten zwingen möchte? Die Welt -- und jedes einzelne Volk -- wird sich um seiner Existenz willen letztlich und ernsthaft mit dieser Frage beschäftigen müssen, die von sogenannten »Außenseitern« längst gelöst ist, während die Welt weiterhin im Irrgarten goldgehäkelter Währungsverbrechen gehalten wird. Mannheim ALBERT LÄMMEL Ihre Titelgeschichte »Gold« sollte jedem deutschen Leser viele Goldstücke wert sein; der Regierung sogar Goldberge. Warkworth (Kanada) CARI. O. NEUPERT Diese »Gelbsucht« (Goldsucht) ist für alle Völker lebensgefährlich. Staaten, die zuviel davon haben, ziehen sich den Neid und Haß derer zu, die wenig oder nichts von diesem Metall besitzen. Als sich Moses auf dem Berge Sinai von Jahwe die Gebote in die Steintafeln meißeln ließ, tanzte sein Volk um das »Goldene Kalb«. Die Herren Morgenthau und Genossen inszenierten nach dem Zweiten Weltkrieg wieder den Tanz um das »Goldene Kalb« -- und auf diesen Tanz erfolgt der tödliche Kater. Liblar (Nrdrh.-Westf.) GOTTFRIED GROSSMANN Im Zeitalter der Kybernetik mutet es fast wie ein Witz an, daß in London ernsthafte Männer mit Fähnchen ein Spiel um das Gold betreiben. Die Welt-Goldproduktion pro Jahr beträgt nur zirka acht Milliarden Mark, während der Welthandel einen Umfang von zirka 1500 Milliarden Mark pro Jahr hat. Die Golddeckung des Geldes scheint in Anbetracht dieser Größenverhältnisse eine gefährliche Illusion zu sein. Hassloch (Rhld.-Pf.) PETER LUTZ Eine Volkswirtschaft ist in Ordnung, wenn der Warenumlauf und der Geldumlauf korrespondieren. Wenn die Weltwirtschaft ihre unbegrenzte Produktivkraft drosselt aus Mangel an Gold, so begeht der Kapitalismus Selbstmord vor dem Kommunismus aus einer fixen Idee. Das Gold wäre längst eine Aufgabe für den Psychiater. München JOSEF SCHAEFELER Amerika hatte das meiste Gold, heute steht man vor leeren Kammern und Hirn-Gigant Johnson will das Gold für wertlos erklären. Statt dessen will Amerika uns ein proamerikanisches Ersatzteil basteln. Es bleibt zu hoffen, daß sich die übrigen Weststaaten mündig zeigen werden und den USA verwehren, daß das Gold als allgemein anerkannter Wertmesser abgeschafft wird. Kaiserslautern A. STRICKER Bankkaufmann Die Meinung, daß man Gold durch irgendein bedrucktes Papier ersetzen kann, ist irrig, denn eine Banknote ist eben keine Ware, kein gegenständlicher Wert, sondern nur ein Schuldschein (des Staates, und wenn wir von der strikten Terminbegrenzung absehen, sehr ähnlich einem Wechsel unter Kaufleuten). Dagegen ist Gold eine effektive Ausgleichsware, gegen die alle anderen Waren mit Leichtigkeit getauscht werden können. Man kann auch als effektives Zahlungsmittel statt Gold Silber nehmen, wie es geschehen ist, und, wenn wir ganz modern sein wollen, dann Plutonium. Bielefeld R. LÜBBERT Wenn Sie die Liebe zum Gold in den Tiefen des Analbereiches suchen, hat dies sicher manchen geschockt und Kritik herausgefordert. Aber ganz neu ist das nicht! Vor mehr als einem Jahrtausend bezeichnete das alte Kulturvolk der Inkas Gold und Silber poetisch als Sonnen- und Mondtränen, das rauhe Kriegervolk der Azteken hatte hingegen dafür einen Namen, der den Tiefenpsychologen wie Musik in den Ohren klingen dürfte: Cuitlapilli ... Götterexkremente! Wie die wohl darauf kamen; wurde ihre Sprache vielleicht von Psychologen gemacht? Hamburg ALFRED ED. FRAUENFELD",https://www.spiegel.de/politik/cuitlapilli-a-e23d409a-0002-0001-0000-000046135614?context=issue,,2,1968,February,660,4524,True,True,1968,1960s,1965-69
1968,14,79,1968-03-31,Briefe,Pressionen,,"(Nr. 11 und 12/1968, Schuschnigg) Der Untertitel in der SPIEGEL-Ausgabe Nr. 11/1968 (Seite 114) lautet: »Aus einem Brief des österreichischen Kanzlers Kurt von Schuschnigg an Adolf Hitler.« In der Ausgabe Nr. 12/1968 (Seite 156) wird meine Stellungnahme vom 28. Februar 1967 auszugsweise unter der Überschrift: »Nichts aus freien Stücken, Kurt von Schuschnigg zu seinem Brief an Hitler« veröffentlicht. Nun habe ich aber weder als freier Mann noch als Häftling jemals einen Brief an Hitler geschrieben. Selbst der vom SPIEGEL veröffentlichte Text mit Datum 11. Juni 1938 ist als Erklärung bezeichnet; er enthält keinen Adressaten; er entspricht, wie kaum bestritten werden kann -- auch wenn er zur Gänze authentisch wäre, was er nicht ist -, keineswegs der Form eines Briefes. Außerdem hat es seit dem 11. März 1938 keinen Kanzler Schuschnigg gegeben. Die Textierung im SPIEGEL ruft für den, der nur die Überschrift liest, einen irreführenden Eindruck hervor. Im Nachsatz des Gestapodokuments ist eine Bitte enthalten, die »Erklärung der Höchsten Stelle· vorlegen zu wollen«. Diese war damals für Osterreich und die in Haft befindlichen früher führenden österreichischen Politiker und hohen Beamten Hitler, Göring oder Himmler. Nach dem im SPIEGEL (Seite 157) abgedruckten Faksimile trägt der Originaltext den Einlaufstempel: RFSS (also Reichsführer SS) -- SD Hauptamt, 21. September 1938. Es wird mir (SS. 156/157) ein Bestreiten der Echtheit des Dokuments in verschiedenen Graden vorgeworfen; »die verschiedenen Versionen riefen den Eindruck hervor, als sei Schuschnigg überraschend einem ihm bisher unbekannten Dokument konfrontiert. worden ... Tatsache ist vielmehr, daß ich bereits in der ersten telephonischen Durchgabe am 11. März 1968 -- auf die Veröffentlichung in »L'Express« (Paris) hin -- meine »Dementi-Version« (Seite 156) in der Fassung vom Februar 1967 unter namentlicher Bezugnahme auf das Schreiben des Herrn Dr. Leichter, New York, bekanntgab. Zusammenfassend und wiederholend: 1. Ich habe in Gestapohaft, im Juni 1938, aus bestimmtem Anlaß und unter von mir bereits angeführten Umständen eine Erklärung abgegeben, die eine Bitte für meine Mitarbeiter und eine versuchte Selbstverteidigung enthalten hat. 2. Eine Loyalitätserklärung habe ich aus freien Stücken niemals abgegeben, noch jemals bezüglich Anschluß und Drittes Reich nach Sinn und Stil des damaligen »Völkischen Beobachters« und der offiziellen Propaganda von damals gedacht, gesprochen oder geschrieben. 3. Eine Schreibmaschine hatte ich damals nicht zur Verfügung. Ein Transkript meiner an den Wachkommandanten der SS-Wache abgelieferten »Erklärung« habe ich nie gesehen. Es bleibt schließlich die Frage offen. warum ein solches Dokument, wie es jetzt, 30 Jahre später, von »L'Express« und vom SPIEGEL aufgegriffen wurde, in den SS-Archiven verschwand, ohne im Dritten Reich für seine Zwecke Verwendung zu finden. Weiteres habe ich zur Sache nicht zu sagen. Mutters (Österreich) DR. KURT VON SCHUSCHNIGG Als Häftling des Schutzhaftlagers Sachsenhausen-Oranienburg hatte ich Gelegenheit, mit Herrn von Schuschnigg einigemal zu sprechen. Er bewohnte mit seiner Frau und seiner Tochter eines der an der Nordseite des Lagers kurz zuvor erstellten Siedlungshäuser, die mit einer besonderen Mauer umbaut waren. Seine Gattin war jedoch frei und konnte sich auch frei bewegen. Wir waren mit acht oder zehn Häftlingen an Sonntagen damit beschäftigt, den Flugsandboden des Hausgartens mit Grassoden zu belegen. Als einziger Deutscher des Arbeitskommandos fungierte ich als Vorarbeiter. Es dauerte einige Sonntage, bis ich Gelegenheit hatte, mit Herrn Schuschnigg zu sprechen. Sicherlich sah er in mir anfangs einen Spitzel, der ihn aushorchen sollte. Doch auf die Dauer siegte doch wohl sein Mitteilungsbedürfnis, zumal er mit niemand, außer seiner Gattin, sich unterhalten konnte. Zu seinem unmittelbaren Nachbarn, Herrn Rudolf Breitscheid, hatte er keinerlei Beziehungen. Seine Ansichten über das, was mit ihm geschehen würde, und wie der Krieg und der Hitlerstaat enden würden, waren, gelinde gesagt, etwas wirklichkeitsfremd. Mal sprach er davon, daß in ganz Europa ein großer Aufstand ausbreche, der von Wien ausgehe. mal war er davon überzeugt, daß seine Freunde im Hitlerstaat diesen stürzen würden. Seine Prognosen änderten sich von Woche zu Woche, doch erklärte er stets zuversichtlich, daß er bald wieder in Freiheit sei. Herr Breitscheid. der 1940 in Paris verhaftet über verschiedene Gefängnisse und Nebenläger nach Sachsenhausen gekommen war, amüsierte sich nur über Herrn Schuschnigg und nannte ihn in seinem Kölner Dialekt »dä ärme Geck«. Köln HERMANN BETZ Österreichs Bundeskanzler Schuschnigg rief am 9. März 1938 nicht nur zu einer Abstimmung für ein freies Österreich auf, er wollte auch die Frage, ob Österreich deutsch sei, bejaht wissen, und er begründete am 11. März 1938 den Verzicht auf sein Kanzleramt damit, daß er nicht haben wolle, daß »Deutsche auf Deutsche schießen«. Sowohl Dollfuß als auch Schuschnigg, die österreichischen Antipoden Hitlers, erklärten immer wieder, daß sie die Bannerträger des wirklichen und wahren Deutschtums seien. Dies muß man immer wieder jenen Opportunisten, Geschichtsfälschern und »Superösterreichern« vor Augen halten, die im 20. Jahrhundert eine neue Nation erfinden wollen, die österreichische Nation. Ihnen sei 30 Jahre nach dem 13. März 1938 gesagt; »Österreich ist frei, Österreich ist deutsch und wird deutsch bleiben. Köflach (Österreich) DR. HERBERT TAX Rechtsanwalt Es ist mir unverständlich, wieso der SPIEGEL übersehen kann, daß das Schreiben von Dr. Schuschnigg an Adolf Hitler vom 11. Juni 1938 doch nur schmerzhaft deutlich die bekannte Pression in der Gestapohaft erkennen läßt. Daß dem so war, geht aus einer Aufzeichnung des damaligen Staatssekretärs im Berliner Reichsaußenministerium, von Weizsäcker, über eine Unterredung mit dem Chef des Reichssicherheitshauptamtes, SS-Obergruppenführer Heydrich, deutlich hervor: Laut Akte 1649/391824-826 des AA (veröffentlicht 1950 von der Imprimerie Nationale der französischen Militärregierung in Baden-Baden) sagte Heydrich zu Weizsäcker: Schuschnigg befindet sich in einer nach äußeren Umständen durchaus erträglichen Haft. Ob über Schuschnigg ein gerichtliches Verfahren zu eröffnen sein werde, sei aus dem vorliegenden Material noch nicht mit Sicherheit abzuleiten. Von dem etwaigen Vorgehen gegen Schuschnigg werde das Schicksal der Herren Hornbostel, Adam, Ludwig, Schmitz usw. abhängig sein müssen ...« Diese Niederschrift machte Weizsäcker am 5. Juli 1938, während die angebliche Loyalitätserklärung Schuschniggs schon am 11. Juni 1938 konstruiert worden ist. Es bedarf keiner Phantasie, zu erkennen, daß man Schuschnigg erpreßte, indem man die Eröffnung eines Verfahrens mit ähnlichen Maßnahmen gegen die vorgenannten Herren, Mitglieder der Regierung Schuschnigg oder der Vaterländischen Front, in Verbindung brachte. Auch die von Franz von Papen geleitete deutsche Botschaft in Wien hat die »bedingungslose Loyalität zum Führer« doch wohl anders eingeschätzt. als sie kurz vor dem »Anschluß« an das Auswärtige Amt in Berlin berichtete: eine Loyalität läßt die Person des Bundeskanzlers Schuschnigg hinsichtlich seiner politischen Vergangenheit nicht zu (Akten des AA 1958/437355-358). Dortmund ROBERT ARNOLD Zu Ihrem Artikel »Osterreich-An.. schluß« in Nr. 12 vom 18. März erlaube ich mir zu bemerken. daß der von Ihnen auf Seite 156 wiedergegebene Auszug aus Schuschniggs Stellungnahme meinem soeben im Europa-Verlag Wien-Frankfurt-Zürich erschienenen Buch »Zwischen zwei Diktaturen« (468 Seiten) entnommen ist, Ich sandte Schuschnigg dieses Dokument, das ich in meinem Buch veröffentlichen wollte, aus Fairneß zur Stellungnahme mit der Zusage, daß ich seine Bemerkungen ohne Kommentar abdrucken werde. Dies ist auch geschehen. New York DR. OTTO LEICHTER Die im SPIEGEL Nr. 11 und 12 gebrachte Dokumentation über die Erklärung des ehemaligen österreichischen Kanzlers und späteren Professors für Politische Wissenschaften der Universität von St. Louis. Missouri. Kurt Edler von Schuschnigg. erinnert an die autobiographische Aufzeichnung seines Landsmannes, politischen Widersachers und späteren Chefs des Reichssicherheitshauptamts, SS-Obergruppenführer Dr. Ernst Kaltenbrunner. Während sich Schuschnigg im Juni 1938 in Wiener Gestapohaft zu »Führer, Reich und Volk« bekannte. behauptete Kaltenbrunner Ende 1945 im Nürnberger Gefängnis, er habe im Grunde »gegen jeden Radikalismus Stellung« genommen und eine demokratische Regierung angestrebt, Freiburg (Bad.-Württ.) JOHN M. STEINER Vis. Ass. Professor",https://www.spiegel.de/politik/pressionen-a-b08307c1-0002-0001-0000-000046093957?context=issue,,3,1968,March,1215,8609,True,True,1968,1960s,1965-69
1968,39,77,1968-09-22,Briefe,Gesunder Höhepunkt,,"(Nr. 37/1968, Gesellschaft) Ihr Beitrag über Heiraten in Deutschland gibt sicherlich -- in der Problematik der Heiraterei -- einen Einblick, der jeden Deutschen zum Nachdenken bringen sollte. Kann es überhaupt mit der Lockerung der Sex-Moral noch weiter abwärts gehen? Auch die Erotik büßt durch Profanierung an Reiz zunehmend ein. Die Emanzipierung der Frau hat ihren gesunden Höhepunkt überschritten. Die Zahl der dauerhaften Ehen ist geringer geworden. Sie wird noch weiterhin sinken, wenn keine Moral-Renaissance auftauchen sollte. Hoffen wir es! Berlin DR. WALTER MÜHLBÄCHER Wenn man die Beiträge der kirchlichen Profis im Heiratsreport liest, darin weiß man, wo das Christentum in Deutschland noch Zukunft hat: im Hochzeitsbusiness. Ohne großen theologischen Aufwand bewahrt sich die Kirche noch ihre Nähe zum Volk. Um gut im Geschäft zu bleiben, scheuen die talarbehängten Kultbeamten keine Mühe, da wird noch nachgetauft und nachkonfirmiert, damit alles für die große »Modenschau mit Orgelmusik« recht christlich vorbereitet ist. Ohne Beschwerden erzählen die Seelenhirten dann dem SPIEGEL, daß die »Motive der Hochzeiter« wohl oft mehr mit »Aberglauben und Magie, damit die Ehe gut wird« zu tun haben als mit dem Christentum. Und bei diesem heuchlerischen Betrieb hat dann einer. der Pfarrer, noch »durchaus positive Empfindungen«. Er hat das »Gefühl, hier ist was da«. Allerdings die unredliche Praxis der verspießbürgerlichten »Völkerkirche«. Heidelberg WINFRIFD SCHIMPF Ihr Bericht übers Heiraten war sehr lesenswert, doch in einem Punkt wäre etwas mehr Objektivität geboten gewesen: Ich meine die Computervermittlung. Denn auch ich vertraute meine Sorgen einem Computer an. Mein anfängliches Mißtrauen gegen diesen wurde noch gestärkt, als ich -- eine Schwarze (!) kennenlernte. Doch nun bin ich glücklich mit ihr verheiratet und möchte sie gegen keine weiße Frau der Welt eintauschen. Walsum (Nrdrh.-Westf.) JÜRGEN BRUCKMANN",https://www.spiegel.de/politik/gesunder-hoehepunkt-a-e757cbb3-0002-0001-0000-000045935432?context=issue,,9,1968,September,280,1938,True,True,1968,1960s,1965-69
1968,47,87,1968-11-17,Briefe,Geteilt Durch Vier,,"(Nr. 44/1968, Spielzeug) Als achtfacher Weltmeister im Nim-Spiel erlaube ich mir die Anfrage, welchen Sinn ein Computer in unserem edlen Sport haben soll. Nicht nur der Computer, sondern jeder nicht schwachsinnige Nim-Spieler gewinnt mit tödlicher Sicherheit, sofern er das Spiel beginnen darf -- es sei denn, die Zahl der Hölzchen wäre durch vier teilbar; dann allerdings verliert er ebenso unfehlbar (und der Computer auch)... Köln M. H. DANZEBRINK Der Lehrmittelverlag »Kosmos« treibt für 68 Mark tatsächlich Spaß mit der Logik. Um beim »Nim«-Spiel zu gewinnen, brauchte man nämlich weder Computer noch Professoren, ... ja nicht einmal Kinder von zwölf Jahren. Es genügt, wenn man zählen und durch vier dixidieren kann! Und wenn man dann dafür sorgt, durch das Wegnehmen von ein, zwei oder drei Hölzchen dem Gegner immer ein Mehrfaches von vier zu hinterlassen, so muß der Arme verlieren. Mainz DR. W. HOOGENDOORN",https://www.spiegel.de/politik/geteilt-durch-vier-a-54ef43ed-0002-0001-0000-000045922077?context=issue,,11,1968,November,143,916,True,True,1968,1960s,1965-69
1969,9,72,1969-02-23,Briefe,Einmal In Der Woche,,"(Nr. 8/1969, Pressekonzentration) Die Angabe in Ihrem Beitrag »Beihilfe für Opfer«, Axel Springer habe damals (im Sommer 1968) über 39 %, aller Tageszeitungsauflagen verfügt, ist falsch. Richtig ist vielmehr, daß dieser Anteil rund 29 % betrug, wobei »Bild« als populäre Massenzeitung mit ihrer mehr als vier Millionen Auflage allein weit über 20 % ausmacht. Der Arbeitsstab der Pressekommission, der den Anteil von 39 % behauptet hat, kam zu dieser Zahl dadurch, daß er Tages- und Sonntagszeitungen zusammengerechnet hat. Dabei wurde übersehen, daß die Tageszeitungen pro Woche auf sechs, die Sonntagszeitungen dagegen nur auf eine Ausgabe kommen. Bei dieser Rechenweise wurden also Sonntagszeitungen mit ihren Auflagen überbewertet, und zwar genau sechsmal zu hoch. Dieses Verfahren hat SPIEGEL-Verlagsdirektor Hans Detlev Becker am 12. Oktober 1968 in Hamburg kritisiert: »Es ist rechnerisch unvertretbar, daß die Günther-Kommission die Auflage von einmal wöchentlich erscheinenden Sonntagszeitungen mit der von täglich erscheinenden Tageszeitungen gleichsetzt.« Im übrigen enthält der Beitrag eine Reihe weiterer Ungenauigkeiten und Unterstellungen, über die sich jedoch diejenigen bei Ihnen beklagen müssen, die es direkt angeht. Berlin W. JOACHIM FREYBURG Verlagshaus Axel Springer, Abteilung Information",https://www.spiegel.de/politik/einmal-in-der-woche-a-3674ccc6-0002-0001-0000-000045793893?context=issue,,2,1969,February,180,1310,True,True,1969,1960s,1965-69
1969,17,67,1969-04-20,Briefe,Betriebsintern,,"(Nr. 16/1969, Spionage) Für Ihren Artikel »EDV angezapft« sind Sie Fehlinformationen zum Opfer gefallen, soweit Sie die Rolle unseres ehemaligen Mitarbeiters Gerhard Prager darstellen. Es ist richtig, daß Prager 1968 als Agent vom Vierten Senat des Oberlandesgerichts Stuttgart zu zwei Jahren Gefängnis verurteilt worden ist. Wir legen jedoch Wert auf folgende Klarstellung: Prager war bei uns nicht als Techniker und Spezialist für Datenverarbeitungsmaschinen tätig; er arbeitete vielmehr als Buchhalter in der Betriebsbuchhaltung des Werkes Singelfingen der IBM Deutschland. Prager wurde nicht mehrfach mit Geldprämien für Verbesserungen an IBM-Computern belobigt; er erhielt vielmehr ein einziges Mal eine Prämie in Höhe von 115 Mark für seinen Verbesserungsvorschlag, »für Lagerung von Lochkarten in der zentralen Altablage Behälter T-Nummer 4229013 oder 4229015 zu verwenden«. Prager war niemals in eitlem Rechenzentrum beschäftigt, noch hatte er mit den Rechenzentren der IBM zu tun. Deshalb und bei den strengen Sicherheitsbestimmungen der IBM-Rechenzentren war es ausgeschlossen, daß Prager als Unbefugter Magnetbänder entnehmen und kopieren konnte. In dem Strafverfahren wurde Prager niemals der Vorwurf gemacht, Magnetbänder dupliziert und weitergegeben zu haben. Soweit das Verfahren gegen Prager die IBM betraf, beruhte die Verurteilung auf dem Kopieren und Weitergeben IBM-interner Unterlagen wie Organisationsplan, Haustelephonbücher, Werksanlagen, Verwaltungsanweisungen und ähnlichem. Im übrigen ist Ihr Hinweis auf die Methoden und die latenten Gefahren östlicher Agententätigkeit eine für die gesamte Öffentlichkeit wertvolle Information. Sindelfingen IBM-DEUTSCHLAND Boesenberg Dr. Wahl",https://www.spiegel.de/politik/betriebsintern-a-3b087aa5-0002-0001-0000-000045741649?context=issue,,4,1969,April,223,1705,True,True,1969,1960s,1965-69
1969,18,78,1969-04-27,Briefe,Aufklärung,,"(Nr. 15/1969, Titel »Versagt die Kripo?"") Eine der Hauptursachen für die rückläufige Tendenz der Verbrechensaufklärung haben Sie nur beiläufig erwähnt, wobei ich annehmen möchte, daß Sie es nicht deswegen taten, weil die Behebung dieser Ursache finanzielle Mittel erfordern würde und daher unpopulär ist. Ich meine die chronische Unterbesetzung, den Personaimangel der Polizei. Trotz häufiger gegenteiliger Darstellungen ist er eines der Grundübel der negativen Entwicklung in der Verbrechensbekämpfung. Ottweiler (Saarland) GERALD LAUERMANN Polizeikommissar Zum Beispiel verhindert eine starre Dienstzeit die optimale Erfolgschance in der Verbrechensbekämpfung. Zum anderen zwingt die Masse der zu bewältigenden Vorgänge den einzelnen Kripo-Beamten, von der Bearbeitung zur bloßen Verwaltung überzugehen. Wer aber soll erfolgreich ermitteln, wenn seine Arbeitszeit durch die erzwungene »Verwaltungsarbeit« ausgefüllt und seine Arbeitskraft gebunden ist? Alarmieren Sie mal um 2.30 Uhr einen jungen Kripo-Mann, der weder Telephon noch Auto besitzt und 20 Kilometer vom Dienstort entfernt wohnt! Heiligenhaus (Nrdrh.-Westf.) GERHARD PETER Kriminal-Obermeister Dienststellenleiter, um das Wohl ihrer Mitarbeiter bemüht, begeben sich wie Bettelmönche zu anderen, besser gesegneten Behörden und zu polizeifreundlichen Industriebetrieben, um dringend benötigtes Büromaterial, das von der Verwaltung einfach nicht beschafft wird, zu bekommen. Daß beispielsweise die stark frequentierten Polizeidiensträume, die zudem in der Regel gar nicht mehr ausreichend sind, mit vorsintflutlichem Mobiliar ausgestattet sind und bezüglich des Anstrichs und der Tapeten Asozialenunterkünften ähneln, nicht gerade dazu geeignet sind, ein gutes Betriebsklima aufkommen zu lassen, dürfte sich von selbst verstehen. Moers (Nrdrh.-Westf.) PETER BUSSMANN Polizeikommissar Deutschlands Kripo rekrutiert sich fast ausschließlich aus Idealisten -- in jeder Hinsicht! Muß die Kripo da nicht versagen (verzagen)??? Ibbenbüren JÜRGEN MITSCHKE In einer Diskussion mit Polizeibeamten erfuhr ich, daß die Wirklichkeit nicht hinter der von Ihnen abgedruckten Karikatur aus dem »Vorwärts« zurücksteht. Nicht nur, daß die Ausrüstung der Polizei-Büros weit hinter der der Kommune oder gar der Bundeswehr zurücksteht: Gegen Jahresende kommt es immer wieder zu Streichungen in den einzelnen Haushaltsplänen, so daß manchmal einfachste Hilfsmittel für eine erfolgreiche Arbeit fehlen. So fehlte der hiesigen Kripo das Photopapier, Wagen der Polizei standen mangels einwandfreier Reifen ungebraucht herum, Polizisten fuhren mit Privatwagen auf Verbrecherjagd. Celle (Nieders.) ANNEUS BUISMAN Die Titelgeschichte »Versagt die Kripo?« trifft den Nagel auf den Kopf. Mit diesem Problem befaßt sich seit geraumer Zeit der neugegründete »Bund Deutscher Kriminalbeamter«, der endlich einmal aus der Sicht der Kriminalpolizei heraus die in Ihrem Bericht geschilderten Zustände anprangern will. Beschämende Versager, wie die jahrelange Verfolgung des flüchtigen Bruno Fabeyer, müssen durch zukunftsweisende Organisations-, Beschulungs-, Gesetzes-, Ausrüstungs- und besoldungspolitische Maßnahmen unmöglich gemacht werden. Bundestag und Länderparlamente, der Arbeitskreis II der Innenminister, die Presse, die Öffentlichkeit, die Demoskopie-Institute, aber auch die NPD interessieren sich in zunehmendem Maße für die Frage: »Versagt die deutsche Kripo?« Einerseits bedauern führende Kriminalisten, wie der BKA-Chef oder leitende Fachleute aus Düsseldorf, München, Nürnberg, Hamburg und Berlin, die derzeitige Organisation, die Personalstärke, aber auch die unzureichende technische Ausstattung der Kripo-Dienststellen. Andererseits ist unverkennbar, daß die nach dem Reichskriminalpolizeigesetz von 1922 unglücklicherweise erst durch die Nazis eingeführte zentrale Ausrichtung der Kripo, ihre einheitliche Beschulung, übersichtliche Organisation und zweckentsprechende Beschaffung von Geräten, vorteilhafter, zweckmäßiger und in den Augen der Kriminalpolizeien anderer Länder auch »vorbildlich« war. Daher müßte die Zeit jetzt endlich gekommen sein, dem kriminalpolitisch überspitzten Föderalismus ein Ende zu bereiten und Maßstäbe für die Bekämpfung der Kriminalität bis zum Jahre 2000 zu setzen. Dem deutschen Volke waren der äußere wie der innere Feind bisher stets ein Greuel. Nachdem wir seit nunmehr 15 Jahren Unsummen in den Aufbau der Bundeswehr gesteckt haben, ist es an der Zeit, jetzt einmal in verstärktem Maße finanzielle Spritzen in den Aufbau einer modernen und schlagkräftigen deutschen Kriminalpolizei zu pumpen. Dem SPIEGEL gebührt Dank für seinen mutigen Beitrag und die Offenheit, mit der er diese nicht mehr aufschiebbaren Probleme ansprach. Kiel FRIEDHELM POLLMANN* Der Kripo-Artikel ist amüsant, vielseitig und lehrreich, nur wird das * Kriminalhauptkommissar, Fachlehrer an der Landespolizeischule Eutin und stellvertretender Bundesvorsitzender des »BDK«. wirkliche Hauptproblem der Kriminalität schamhaft übergangen: die Anonymität des Geldes! Jedes Kind weiß doch, daß bei fast allen schweren Delikten das anonyme Geld direkt oder indirekt im Mittelpunkt der Bemühungen unserer Kriminellen steht. Solange ein gestohlener Geldschein den gleichen Kurswert hat wie ein normal erworbener, solange also das Geld ein Anspruch an die Volkswirtschaft ist, der jeder Kontrolle entzogen ist, darf man sich nicht wundern, daß durch dieses anonyme Geld ein Selektionsprozeß zugunsten aller labilen Charaktere und aller Kriminellen ausgelöst wird. Karlsruhe OSCAR HAGEMANN Es ist gut, daß Sie in Ihrem Leitartikel über die Polizei die Gewichte richtig verteilt haben. Problem Nummer eins ist tatsächlich die Eigentumskriminalität. Ergänzend dazu ist noch zu bemerken, daß trotz der Wohlstandsgesellschaft die Sorgfaltspflicht vieler Bürger zu wünschen übrig läßt. Die Beamten können Bände davon erzählen, was zum Beispiel alles in nicht verschlossenen Kraftfahrzeugen zum Diebstahl reizt. Ähnlich verhält es sich mit Selbstbedienungsläden, wobei das Wort »Selbstbedienung« mißverstanden wird. Ohne die Hilfe der Bürger wird es jedenfalls auch der besten Polizei nicht möglich sein, den Anstieg der Kriminalität zu stoppen. Hamburg Da. JÜRGEN FRENZEL Staatsrat Bezugnehmend auf Ihren Artikel »Versagt die Kripo?« darf ich Ihnen mitteilen, daß neben den von Ihnen genannten Mißständen einige weitere Faktoren für die ständig zurückgehende Aufklärungsquote der Verbrechen und Vergehen von ursächlicher Bedeutung sind. Erwähnung verdient hier in erster Linie das völlig veraltete System der Dienstgradeinteilung und der damit verbundenen Beförderungen. Es ist der ideale Nährboden für Neid und Intrigenspiel und hat zur Folge, daß Teile der Beamtenschaft heftiger gegeneinander kämpfen als gegen die Flut der zunehmenden Straftaten. Hierzu kommt das um sich greifende Unbehagen -- vor allem jüngerer Kriminalbeamter -- gegen eine oftmals patriarchalisch-autoritäre Führung, die durch geistige Bevormundung die Eigeninitiative erheblich beschränkt. Zu welcher Einstellung * 1964 bis 1968 Polizeipräsident von Hamburg, jetzt Staatsrat in der Justizbehörde. Charakter unserer im Bundesgebiet begangenen Straftaten. Die in Nordrhein-Westfalen seit Oktober 1967 feinzerlegte Kriminalitätsmasse beweist: Hunderttausende von Straftaten haben Bagatelleinschlag. Auch Fachleute hören das ungern! Von der Gesamtdiebstahlskriminalität (1968) in Nordrhein-Westfalen -- etwa 400 000 Fälle -- sind 58 Prozent (231 000) leichte/schwere Diebstähle mit einem Beutewert bis 100 Mark zuzüglich der mißlungenen Diebes-Unternehmen (Versuche). Bei diesem Ergebnis -- von anderen Resultaten ganz zu schweigen -- fehlt der gern zitierte Schreckenseffekt des Verbrechens. Falsch ist auch der Eindruck, den Ihre Titelseite hervorruft, wonach die Kriminalpolizei das Verbrechen allein bekämpft! Die von Bundes- und Landesgesetzen gewiesene Aufgabe nehmen beide Dienstzweige, uniformierte wie Kriminal-Polizei, bundeseinheitlich wahr. Die gescheiterten Einbruchs- und Raubaktionen beispielsweise gehen häufig auf das Konto der als »Sonntagspolizei« verhöhnten Funkstreifen der Schutzpolizei. Düsseldorf DR. OSKAR WENSKY Leitender Kriminaldirektor Richtig ist, daß der gesamte polizeiliche Apparat nicht nur im Zuge der allgemeinen Entwicklung In verschiedenen Punkten verbessert und vervollständigt werden muß, sondern daß eine Neuorientierung unserer gesamten Arbeitsweise vonnöten ist und gewissermaßen ein qualitativer Absprung von der bisherigen Ebene vollzogen werden muß. Diese Planungen bedürfen einer eingehenden Analyse des gesamten Aufgabenbereichs, die eine Prognose mit einschließt. In diesem Zusammenhang warne ich mit großem Nachdruck vor dem Glauben an irgendeine Zauberformel, heiße sie nun Computer, Zentralisierung oder sonstwie. Die Probleme einer Neuorientierung und Umstrukturierung unserer polizeilichen Arbeit sind so umfassend, daß sie nicht mit einem Schlagwort gelöst werden können. Was unter vielem not tut, ist eine Verdichtung des Erkenntnisaustausches zwischen den einzelnen Polizeidienststellen. In der Praxis ist dies primär keine Unterstellungsfrage, sondern ein funktionelles und dabei ein bürotechnisches Problem, insbesondere auch eine Frage des heißbegehrten Computers beim BKA und der von Ihnen ebenfalls angezogenen Bildübertragungsgeräte. (Beides wird kommen, die Bildübertragungsanlagen zuerst.) Mannheim DR. STÜMPER Polizeipräsident Die gesamte Kripo sollte dem Bundeskriminalamt unterstellt werden. Ein polizeieigenes Fernsehen, welches nur von Polizeidienstelien empfangen werden kann, könnte zur schnellen Übermittlung von Suchmeldungen beitragen. Außerdem sollte die Fingerabdruck-Kartei auf alle Bewohner der Bundesrepublik ausgedehnt werden. Hamburg WERNER GROTE Ihre Zeitschrift ist eine wahre Fundgrube neuzeitlicher Schildbürgerstreiche. Verbrecherfahndung per Briefpost! Wir haben in der Bundesrepublik eine zentrale VerkehrssUnderkartei, aber keine zentrale Verbrecherkartei. Für den Fall, daß eine solche kommen sollte: Flensburg ist besetzt, aber Passau ist noch frei. So ließe sich der Eindruck von politischem Zentralismus verhüten. Datteln (Nrdrh.-Westf.) LEOPOLD J. SCHNEIDER Abhilfe wäre möglich, wenn die Polizei oder das Gericht von vornherein solche Leute (Verbrecher) In Sicherheit hält, die in ihrer Jugend schon als Kriminelle und unbeeinflußbar galten. Düsseldorf CHRISTIANE BUGUSTYIAK 35 000 Täter gesucht! Das hat es bei Adolf nicht gegeben! Dörnigheim (Hessen) KURT RÖMER",https://www.spiegel.de/politik/aufklaerung-a-754296b8-0002-0001-0000-000045589614?context=issue,,4,1969,April,1352,10470,True,True,1969,1960s,1965-69
1969,20,74,1969-05-11,Briefe,Freiwillige Hilfe,,"(Nr. 17/1969, Contergan-Verband) So also wurden die Contergan-Spenden »ausgegeben«... es verschlägt einem die Stimme ... 3000 Mark Monatsgehälter ... Mein Gott -- wir hielten die Mitarbeiter fast alle für ehrenamtliche Helfer! Alle Spender, alle Geldsammler mit großer oder kleiner Börse fühlen sich nun brüskiert und vermutlich für immer mißtrauisch. Düsseldorf GERT ANDERSON Über die Handhabung der einzelnen Verbände in einer so tragischen Sache bin ich sehr empört. Könnten Sie mir vielleicht eine Stelle nennen, an die Spenden überwiesen werden können, wobei aber sicher ist, daß diese Mittel nicht zweckentfremdet verwendet werden*. Vielleicht ist es auch möglich, einen Spendenbetrag direkt an eine geschädigte, wirklich hilfsbedürftige Familie zu überweisen. Göppingen (Bad.-Württ.) SIEGFRIED FRANK Für den offenen und sehr detaillierten Artikel zu dem Fall »Contergan-Verband« möchte ich Ihnen meinen Dank aussprechen. Bonn KURT KIELWEIN Was sich Staat, Gesellschaft und die Contergan-Verbände in bezug auf die Förderung und Unterstützung der Contergan-Kinder bis jetzt geleistet haben, ist erschütternd. Dafür haben also die Spender ihr Geld gegeben. Wo ist der Staatsanwalt, der diesen Herren endlich das Handwerk legt? Schweinfurt (Bayern) RICHARD SCHMIDT * Spenden können überwiesen werden an die Orthopädischen Universitäts-Kliniken in Heidelberg, Hamburg oder München. Die Contergan-Affäre zeigt, wie viele andere Beispiele auch, wie unfähig die Bonner Regierung doch ist, derartige Geschehnisse überhaupt zu verhindern, oder, wenn auf Grund ihrer mangelnden Gesetzgebung in puncto Arzneimittelschutz derartige Fälle doch auftreten, durch finanzielle Hilfe so gut wie möglich zu lindern. Ahrensburg (Schl.-Holst.) REINHARD WOLTER Sie schreiben hauptsächlich in bezug auf die deutsche Arzneimittelkontrolle: »Obwohl die USA von der Contergan-Tragödie weitgehend verschont blieben, wurden ... aus der Tragödie kaum Konsequenzen gezogen.« Wenn es möglich wäre, vollkommene Arzneimittel herzustellen, was wollten dann wohl die Ärzte machen (ausgenommen die Diagnostiker)? Im Gegensatz zu den erwähnten Zitaten schrieb am 2. September 1968 »Life« in dem Artikel »The Thalidomide-Generation« In Germany, solutions that America missed.« (""Deutschland, Lösungen, die Amerika verpaßt hat«.) Darin wurde vorwiegend die Orthopädische Universitätsklinik in Heidelberg erwähnt, die in Ihrem Bericht nicht erwähnt wird. Außerdem sagt in diesem Bericht Karl-Hermann Schulte-Hillen: »Die verschuldeten Staats- und Bundesregierungen haben uns Millionen gegeben.« Wie sich doch die (Krankheits-)Bilder (in der Presse) gleichen! Nicht genug, daß Eltern solche Kinder bekamen, nein -- jetzt werden die Thalidomid-Kinder noch mit ihren Eltern gestraft. Gammertingen (Bad.-Württ.) HANS OSSYRA Der Bericht über den Streit im Contergan-Verband könnte bei manchen Lesern den Eindruck erwecken, daß die Beanstandungen, die gegen die Geschäftsführung dieses Verbandes hin -- sichtlich der Verwendung der Spendengelder vorgebracht werden, auch für die Stiftung Delphin gelten. Im Namen des Vorstandes der Stiftung Delphin darf ich dazu feststellen: 1. Die vom Bundesverband der Eltern körpergeschädigter Kinder e. V. --Contergankinder-Hilfswerk -- errichtete Stiftung Delphin bezweckt in erster Linie, aber nicht ausschließlich, die Unterstützung thalidomidgeschädigter Kinder, die infolge ihrer körperlichen und geistigen Beschaffenheit auf die Hilfe anderer angewiesen sind. Die Stiftung Delphin ist kein Finanzierungsinstitut für den Contergan-Verband, sondern eine selbständige und unabhängige Stiftung. Zuwendungen aus Mitteln der Stiftung erfolgen auf Antrag für Einzelvorhaben, Von den Zuwendungsempfängern wird eine ordnungsgemäße Abrechnung mit Belegen gefordert. 2. Von den der Stiftung in den Jahren 1967/68 zugeflossenen Spenden von annähernd 500 000 Mark sind Mittel für dem Stiftungszweck entsprechende Vorhaben in Höhe von 330 000 Mark zur Verfügung gestellt worden. Damit konnten die Konstruktion und Anschaffung von Schulbussen, Gymnastikgeräten, Spezialfahrrädern. Spezialmöbel, Spezialkieldung, Lehr- und Lernmittel wie Lichtschreiber und pneumatische Schreibmaschinen, Lehrschwimmbecken. Sonderschuleinrichtungen, Ferienerholung und anderes mehr gefördert und finanziert werden. 3. Die Stiftung wird von einem Vorstand verwaltet, der ehrenamtlich tätig ist und auch keine Aufwandsentschädigung erhält, sondern lediglich Anspruch auf Ersatz seiner huren Auslagen hat. Daher fallen Verwaltungskosten nur für gelegentliche Vorstandssitzungen, die Unterhaltung einer Geschäftsstelle mit einem Angestellten, den notwendigen Telephonverkehr und den für Dankschreiben und Spendenbescheinigungen sowie Anfragen und Antragsbescheide nicht unbeträchtlichen Schriftverkehr an. 4. Die Stiftung Delphin untersteht als gemeinnützige Stiftung der Rechtsaufsicht der Senatskanzlei der Freien und Hansestadt Hamburg als Stiftungsaufsichtsbehörde. Beanstandungen über die Geschäftsführung und die Verwendung des Spendenaufkommens sind bisher von seiten der Stiftungsaufsicht nicht erfolgt. 5. Es kann keine Rede davon sein, daß das Vorstandsmitglied Helmut Hering die Stiftung Delphin »im Interesse seiner privaten Ambitionen« steuert, wie nach dein Bericht über den Contergan-Verband von anderer Seite unterstellt wird. Herr Hering ist nur ein Vorstandsmitglied unter vieren. Beschlüsse des Vorstandes werden bei Anwesenheit von mindestens drei Vorstandsmitgliedern mit Mehrheit gefaßt. Im übrigen übt Herr Hering bis zur Klärung der gegen ihn von anderer Seite erhobenen Anschuldigungen seine Tätigkeit im Vorstand der Stiftung Delphin nicht aus. Die Stiftung ist von dem Streit im Contergan-Verband -- abgesehen von den abträglichen Nebenwirkungen in der Öffentlichkeit nur insoweit betroffen, als sie der Rautenberg-Stiftung auf Antrag st) Otto Mark zweckgebunden für Renovierungsarbeiten an den Kureinrichtungen der Rautenberg-Stiftung in Bad Höhenstadt zur Verfügung gestellt hat. Da die vom Freistaat Bayern genehmigte und beaufsichtigte Bautenberg-Stiftung gemäß ihrer Satzung der Errichtung und dem Betrieb eines Kurzentrums für körpergeschädigte Kinder dient, betrachtet der Vorstand der Stiftung Delphin dieses als ein dem Stiftungszweck entsprechendes Vorhaben. Es wird dafür Sorge getragen werden, daß die Zuwendung ihrer Zweckentsprechung abgesichert wird. Notfalls bleibt der Stiftung das in der Satzung verankerte Recht auf Widerruf der Zahlung. Bad Godesberg HERBERT SCHLÖMANN Vorsitzender des Vorstandes der Stiftung Delphin Ihr Bericht macht uns in zweifacher Hinsicht Sorge. 1. Dürfte die Öffentlichkeit nun nur zu leicht geneigt sein, alle Elternverbände in einen Topf zu werfen, obwohl das alles nur auf einen, einen der kleinsten, zutrifft. 2. Wird durch diesen Bericht erneut die Gefahr verstärkt, statt der Probleme aller körperbehinderter Kinder und Jugendlicher wieder nur die der Contergan-Kinder zu sehen, obwohl deren Anteil weniger als fünf Prozent beträgt. Sie sprechen von einer Lex Contergan. Dagegen wenden wir uns entschieden. Wir meinen, daß jeder Behinderte entsprechend der Schwere seines Leidens unterstützt werden muß und nicht kategorisiert nach vermuteten Schadensursachen. Die notwendigen Vorschläge zur Verbesserung des Bundessozialhilfegesetzes haben wir, nicht der Contergan-Verband, gemacht. Vorhaben anderer Elternverbände werden von dort ja nach wie vor gefördert. (Ob ausreichend, sei hier nicht diskutiert.) Sie unterliegen damit einer Kontrolle, die die geschilderten Mißstände ausschließt. Auch mit anderen Verbänden arbeiten wir zunehmend besser zusammen, und selbst Fachleute erkennen unsere Arbeit, die von Laien also, an und unterstützten sie. Es bleibt nur zu hoffen, daß wenigstens die Kinder nicht Schaden leiden unter Dingen, mit denen ihre Väter nicht zurechtkamen. Augsburg H. KRAIS* Das Fazit für jeden unbeteiligten Leser muß der Eindruck sein, daß die Arbeit der Eltern unter dem Zeichen einer Konzeptlosigkeit, eines finanziellen Chaos und der Verschwendung von Spendengeldern bis zu meinem Ausscheiden als erster Vorsitzender des Bundesverbandes im Jahre 1967 gestanden habe. Diesem Eindruck muß schon im Hinblick auf die wertvolle Arbeit in den über vierzig örtlichen * Vorsitzender des Verbands Deutscher Vereine zur Förderung und Betreuung spastisch gelähmter Kinder e. V. Elternverbänden entgegentreten werden. Irgendwelche finanziellen Unregelmäßigkeiten sind bis zu meinem Ausscheiden im Jahre 1967 nicht aufgetreten. Über sämtliche Einnahmen und Ausgaben ist dem zuständigen Finanzamt gegenüber ohne Beanstandung Rechnung gelegt worden. Über die in Zusammenarbeit mit dem Grünen Kreuz, im Jahre 1962 gesammelten und im Herbst 1963 und Frühjahr 1965 auf uns übergeleiteten Gelder wurde sowohl dem Finanzamt als auch gegenüber der Arbeits- und Sozialbehörde Hamburg Rechnung gelegt. Bei dieser und bei der im November 1965 durch das Gesundheitsministerium durch zwei seiner Beamten bei der Vermögensverwaltung in Hamburg durchgeführten Überprüfung unserer Kassen und Buchführung ist keine Beanstandung erfolgt. Vom Verband war eine für den Laien nicht lesbare, jedoch vorn Finanzamt anerkannte und weder vom Ministerium noch von der Arbeits- und Sozialbehörde beanstandete Maschinenbuchführung mit Kennziffersystem eingerichtet worden. Diese ist dann von den Kassenprüfern. nachdem die Buchführung rückwirkend bereits auf eine einfache Spaltenbuchführung umgestellt worden war, zunächst als undurchsichtig beanstandet worden. Eine Entlastung ist nie verweigert worden, sondern wurde auf meinen Antrag hin bis zur abschließenden Überprüfung der Bücher durch Verbandsmitglieder bis Januar 1968 zurückgestellt. Nachdem die in dem von Ihnen zitierten Zwischenbericht enthaltenen offenen Fragen geklärt wurden sind, wurde dem gesamten alten Vorstand bis Januar 1967 Entlastung erteilt. Im Jahre 1968 versuchte eine Mehrzahl von Mitgliedsverbänden Herrn Hering zu bewegen, sich einer außerordentlichen Mitgliederversammlung wegen verschiedener Vorkommnisse, unter anderem der Lumpensammelaktion und der Rautenberg-Stiftung, zu stellen. Das Landgericht Arnsberg übertrug, wegen der Dringlichkeit der anstehenden Fragen und der Weigerung von Herrn Hering, den Verbänden, die Einladung selbst vornehmen zu dürfen. Die am 4. Januar 1969 einstimmig erfolgte Abwahl, die in der Mitgliederversammlung vom 1. Februar 1969 wiederholt wurde, erkannte Herr Hering nicht an. Mit gerichtlichen Schritten versuchte er die Eintragung des neuen Vorstandes zu verhindern. Aufgrund weiterer Verdachtsmomente hat der neue Vorstand im Februar ein Ermittlungsverfahren eingeleitet. Ich gehöre weder einer Gruppe noch einer harten« Richtung an. sondern fühle mich allein als mitbetroffener Vater mitverantwortlich. Finanzielle Gespräche über Lösungsmöglichkeiten des Schadenersatzproblems sind seit mehreren Monaten zwischen Verteidigern und der Nebenklage geführt weiden. Diese Gespräche sind augenblicklich abgebrochen. Ich habe mich weder bereit erklärt, noch habe ich durchblicken lassen, daß ich mich für eine »leitende Position in einer Firmenkonstruktion Die Zahl der von mir vertretenen Nebenkläger hat sich seit Prozeßbeginn erhöht. Das Oberlandesgericht Köln hat festgestellt, daß eventuelle Fristversäumungen nicht vorgelegen haben, und meine juristische Auffassung bestätigt. Ich würde mich freuen, wenn die Leser des SPIEGEL auch in Zukunft den örtlichen Elternverbänden ihr Vertrauen schenken würden, die sich in harter Arbeit darum bemühen, Versäumnisse verantwortlicher Behörden in der Vergangenheit aufzufangen. Hüttental (Nrdrh.-Westf.) KARL-HERMANN SCHULTE-HILLEN Rechtsanwalt Bitte den Verfassern des aufrüttelnden Conterganbeitrages meine und vieler Freunde Anerkennung zu übermitteln. Berlin EHRENSENATOR BUSSE",https://www.spiegel.de/politik/freiwillige-hilfe-a-c40d6011-0002-0001-0000-000045741353?context=issue,,5,1969,May,1542,11767,True,True,1969,1960s,1965-69
1969,25,82,1969-06-15,Briefe,Sonnenaufgang,,"Nr. 22/1969. Japan-Titel) Auf das japanische »Jahrhundert« dürfte sehr bald das chinesische folgen Maos Landsleute sind mindestens so begabt, dazu noch bedürfnisloser und siebenmal zahlreicher als die Japaner. Baden-Baden DR. FRANZ HUSSMANN Vielen Dank für Ihren Japan-Artikel. Leider kann man bei uns mit Wahrheiten und Aufrufen dieser Art keinen Hund mehr hinter dem Ofen hervorlocken. Wir baden in den Marshall-Lorbeeren, während Japan für seinen Aufbau selbst verantwortlich zeichnet. Was für uns den Start leichter machte, führte schnell in die Hochmütigkeit: Deutsches Wirtschaftswunder« und führende Industrie-Nation«. Gott sei Dank hat man in Japan rechtzeitig erkannt, daß es bei uns nichts mehr zu lernen gibt; bestenfalls, wie man es nicht machen soll. Burgthann (Bayern) MANFRED KUHLMANN Es wird höchste Zeit, daß wir Deutsche durch solche Artikel aus unserem Wirtschaftswunderschlaf aufgeschreckt werden. Mannheim Wolfgang Stumpf Ich kann es sehen, hören, fühlen und kann es trotzdem nicht glauben was die Japaner mit Hilfe ihres Imitationsgeistes geleistet haben. Mir scheint, nicht nur die Sonne geht dort auf und bei uns unter, sondern auch die Liebe zur Wissenschaft und Forschung. Bochum WOLFGANG STERNKOP Der Artikel über Japan findet meinen Beifall und meine Bewunderung für das tüchtige Volk, das so weit in die Zukunft blickt, d« 13 es sich eine »Denkerstadt« leisten will. Das nennt man das Geld gut anlegen, wenn es um die Zukunft der Jugend geht. Weinheim (Bad.-Württ.) ILSE SCHÖPS Ihr Artikel über Japan war ausgezeichnet, Aber irgendwelche Angaben über die Verteidigungsausgaben fehlen. Meines Wissens hat die Freiwilligen-Armee Japans eine Stärke von 246 000 Mann. Der japanische Verteidigungsetat betrug 1967/68 etwa 4,2 Milliarden Mark. Der westdeutsche Militärhaushalt dagegen betrug 18,5 Milliarden Mark. Hätte Westdeutschland sich wie Japan militärisch Beschränkungen auferlegt und hätte die Bundesrepublik den Unterbetrag für Forschungs- und Entwicklungsaufgaben ausgegeben, wäre Westdeutschland für das postindustrielle Zeitalter besser vorbereitet und wir hätten dann wenigstens die Zukunft bewältigt. Stuttgart HEINRICH KLEINSCHMIDT Ein Gespenst geht um in Europa -- das Gespenst Japans. Obwohl es noch eine verkrampfte« Erscheinung ist, ist sein Geist so »grausam«, daß sogar der »zu Neuem mutige« SPIEGEL beinahe nicht mehr reflektieren, sondern nur allergisch reagieren« konnte. Aber der »unbedingt nationale« SPIEGEL vergißt keinesfalls seine Pflicht, seine »von nationalem Ehrgeiz« noch nicht genug geprägten Landsleute vor einer Gefahr des National-Interesses zu warnen. Nun nimmt er es in Angriff, zu beweisen, wie gefährlich das »schweigende und lächelnde« Volk für Deutschlands Märkte sein kann. Rodenkirchen (Nordrh.-Westf.) HISASHI WATANABE Nach der Lektüre des Japan-Berichts stelle ich beruhigt fest, daß für uns noch drei Bereiche bleiben, in denen uns die Japaner niemals einholen. geschweige denn schlagen werden: Im Ausverkauf unserer Industrie an die Amerikaner, in unserem Bürokratismus, der diesen nicht verhindert, sondern im Gegenteil beschleunigt und der in Verbindung mit den vielerlei Kompetenzschwierigkeiten unsere wissenschaftliche Forschung und technische Entwicklung hemmt und teilweise lahmlegt, Nendingen (Bad.-Württ.) PAul. STADLER Ihre Beurteilung der Arbeitsmoral ist schon für die Gegenwart falsch gesehen. Bereits heute erweist sich die zunehmende wirtschaftliche Besserstellung des einzelnen als retardierendes Moment für den Arbeitseifer. Der Lebensstandard, der in den kommenden Jahren noch größere Wachstumsraten als in den vergangenen Jahren haben wird, wird diese Tendenz verstärken. Damit wird Japan zunehmend den gleichen Problemen wie andere führende westliche Industrieländer konfrontiert sein. Im übrigen ist Ihre Darstellung der Lebensbedingungen in Japan recht unvollständig. Zwar treffen Ihre Angaben über die Verbreitung von Fernsehern, Waschmaschinen und Kühlschränken zu, jedoch sind folgende Angaben für die Lebensbedingungen in Japan schließlich nicht unwichtig: Im Vergleich zu den westeuropäischen Ländern (gleich 100 Prozent) beträgt Japans Anteil beispielsweise an befestigter Straße 13 Prozent, an Wohnraum pro Haushaltsmitglied 68 Prozent, an Kanalisation 22 Prozent und an Wasseranschlüssen für Wohnungen 73 Prozent. Diese Zahlen lassen einen verhältnismäßig großen Nachholbedarf im Bereich der Infrastruktur erkennen, der das Wirtschaftswachstum zukünftig nicht unwesentlich beeinträchtigen dürfte. Unzutreffend ist auch Ihre Behauptung über die Verdrängung des US-Giganten IBM«. Nach wie vor ist IBM der größte Computer-Hersteller in Japan, und die sechs nächstgrößten japanischen Computerhersteller arbeiten nicht ohne amerikanisches Kapital und Lizenzen. Zum Abschluß noch eine historische Richtigstellung: Die von Ihnen erwähnte »tausendjährige selbstgewählte Isolation« währte allenfalls etwas über 200 Jahre. Zumal im 16. Jahrhundert herrschte ein lebhafter Kultur- und Handelsaustausch sogar mit europäischen Ländern. Tokio W. WALBRÖL Deutsche Industrie- und Handelskammer Japan Allerdings kommt bei der Aufzählung aller statistischen Superlative und Erfolge der für westeuropäische Maßstäbe noch immer enorm niedrige Lebensstandard zuwenig zum Ausdruck: Nicht nur drei Millionen Arbeiter leben am Rande des Existenzminimums, sondern auch das Heer der Angestellten lebt spartanisch und bescheiden. Wenn man die hohen Prozentsätze der Haushalte mit Kühlschränken, Fernsehern und Waschmaschinen nennt. muß man dazu bemerken, daß diese Dinge ungefähr die Hälfte der japanischen Haushaltseinrichtung ausmachen, weil Möbel, Teppiche, Dekorationen und gekachelte Bäder weitgehend fehlen. Das japanische Durchschnittshaus würde bei uns von jeder Fertighausfirma für weniger als 10 000 Mark hingestellt! Japan macht Schlagzeilen mit dem Tokaido, aber ein TEE- und F-Zug-Netz hat es nicht. In Tokio werden unterirdische Schnellstraßen gebaut, aber im Lande kann man auf den engen, von Abgasen verpesteten Straßen kaum einen Schnitt von 50 km/h erreichen. Bürgersteige und Vorgärten in unserem Sinne kennt man nicht: Das Land ist zu arm dazu, es hat keinen Raum. Reinbek (Schl.-Holst.) BERNHARD SINNING Was ein Land hervorzubringen vermag, beweisen beispielsweise seine Eisenbahnen. Die Tokaido-Bahn in Japan ist die derzeit schnellste Eisenbahn der Welt. Rheine (Nrdrh.-Westf.) EBERHARD STRIECK Sie bieten derart viele Ansatzpunkte zum Vergleich Deutschland-Japan, daß jeder, der Initiative und Verstand besitzt, ob Politiker. Arbeiter. Student oder Unternehmer, nach Durchlesen Ihres Berichtes wahrscheinlich verzweifeln könnte. Details wohl kaum nötig. Da kann man nur sagen: Michel. wach auf ... oder: Michel, schlaf ruhig weiter, den Zug hast du sowieso schon lange verpaßt. Stuttgart CARLOS RENZ Wie man sieht, hat diese pervertierte und mit Dumping und rigorosem Zollschutz einem weltweiten Wirtschaftsimperialismus frönende Wirtschaftspolitik Japans bereits einen verständnisvollen Nachahmer gefunden Franz-Josef Strauß (Rede auf der Hauptversammlung der Arbeitsgemeinschaft selbständiger Unternehmen am 16. Mai), Wenn damit wohl auch das letzte Stündlein eines möglichst liberalisierten Welthandels geschlagen haben dürfte, kann die kommende Situation für einen Teil der Welt doch rosige Aussichten eröffnen. Die Einwohner der armen Länder werden ihr Realeinkommen ohne eigenes Zutun auf das Niveau der anderen steigen sehen. Karlsruhe GERHARD WEISSEBERGER",https://www.spiegel.de/politik/sonnenaufgang-a-afb157fd-0002-0001-0000-000045589336?context=issue,,6,1969,June,1008,7463,True,True,1969,1960s,1965-69
1969,48,96,1969-11-23,Briefe,Geistiger Kostümverleih,,"(Nr. 4511969, SPIEGEL-Gespräch mit Karl Löwith) Die Philosophie ist vielleicht nicht die »Krone der Wissenschaften«, aber sie ist jedenfalls deren Gewissen. Die Vertreibung der Philosophie von den deutschen Universitäten, die Löwith gelassen hinzunehmen gewillt ist, würde irrationalen Kräften Tür und Tor öffnen. Die positiven Wissenschaften stellen keine Abwehrkraft gegen das Irrationale bereit, da sie streng und starr auf ihren Gegenstand ausgerichtet sind. Merzhausen (Bad.-Württ.) PROFESSOR DR. GERHART SCHMIDT Wenn es Professor Löwith ist, der die Abschaffung des Philosophikums begrüßt, so macht mich das traurig. Seine Vorlesungen gehörten zu ·den ganz wenigen, die ich nur mit ehrfürchtiger Bewunderung hören konnte. Ohne den Zwang, ein »Philosophikum ablegen zu müssen, hätte ich sie aber wohl nie gehört. Sindelfingen (Bad.-Württ.) PETER MOMMSEN Studienrat Interessant die Widersprüche in den Äußerungen Löwiths: Einmal ist Philosophie nur möglich, wenn sie sich um das »Ganze« kümmert, dann wieder wird sie in neopositivistischer Weise auf Sprachkritik reduziert (die der Gesellschaftstheorie vorgezogen wird, die doch das »Ganze« im Auge hat). Interessant auch, daß ein Philosoph, der Habermas gelesen hat, nicht auf die Idee kommt, die Verbindung von Wissenschaft und Philosophie zum Beispiel in der Erkenntnistheorie zu suchen: in der Reflexion auf die Voraussetzungen der Möglichkeit von Wissenschaft. Grenoble (Frankreich) F. Hiss Es ist allen Kennern der Lage klar, daß auch philosophische Theorie kollektiv (weil es der einzelne nicht mehr schafft) mittels elektronischen Bibliotheken und so weiter erarbeitet werden muß, im engen Bezug zu den Einzeldisziplinen und als deren Meta-Theorie: vor allem hat sie den Auftrag zur Regelung der Verhältnisse, also Rechtsphilosophie £ Angesichts des totalen Unvermögens der Universität, ihrem Hockenbleiben auf der Ontologie beziehungsweise Ontologiekritik (von Heidegger über Löwith bis Adorno und Habermas) hat sich nunmehr Philosophie industriell-futurologisch und außeruniversitär organisiert! Ob von Weizsäcker die Rettungsaktion gelingt, wird sich erst zeigen. Noch nie so klar wie hier hat sich die materialistische Bedingtheit aller Theorie offenbart! Wie Ihnen vielleicht bekannt, gibt es in Westdeutschland nicht einen Lehrstuhl für philosophische Kybernetik oder marxistische Philosophie. Kurzum: Westdeutsche Philosophie ist vormarxistisch und vorkybernetisch institutionalisiert: geistiger Kostümverleih! Reutlingen (Bad.-Württ.) OTTO GMELIN Sachlicher, maßvoller, vernünftiger, entkrampfter und folglich sympathischer hat sich wohl im letzten Dezennium kein Philosoph mehr über Philosophie geäußert: eine Wohltat. Gröbenzell (Bay.) DR. WILLY HOCHKEPPEL",https://www.spiegel.de/politik/geistiger-kostuemverleih-a-eb398a19-0002-0001-0000-000045317889?context=issue,,11,1969,November,362,2728,True,True,1969,1960s,1965-69
1969,53,56,1969-12-28,Briefe,Denkende Eltern,,"(Nr. 50/1969, Gesellschaft) Interessant, daß seine Untersuchungen Herrn Professor Jaide zu der Schlußfolgerung brachten, daß nur noch eine »radikale Bildungsreform« die Jugend in die gewünschte Linksrichtung zwingen könnte. Der geneigte Leser kann sich nunmehr des Verdachtes nicht erwehren, daß dieses Ziel von den Regierungen einiger Bundesländer von jeher in den Blick gefaßt wurde, daß man es aber erst jetzt mit der Rückendeckung des Regierungswechsels in Bonn offen auszusprechen wagt. Das wäre allerdings eine Perspektive, die die Bildungsreform nicht mehr unter dem Aspekt einer möglichst guten und individuellen Bildung des Kindes sähe, sondern unter dem seiner Manipulation zum »linken Intellektuellen«. Amelgatzen (Nieders.) R. FARKI Demokraten, die gelernt haben, in geschichtlich fortschrittlichem Zusammenhang zu denken, wundert es nicht, wenn in unserer pluralistischen, konsumträchtigen Gesellschaftsordnung Diplom-Psychologe Bönner zu der Feststellung gelangt die Professor Jaide aufgrund seiner Erhebung nur bestätigen konnte -, Deutschlands Jugend sei reif für einen neuen Faschismus. Zur Genüge sind Interessengruppen bekannt, die diesen Zustand nicht nur begrüßen, sondern darüber hinaus auch noch mit allen erdenklichen Mitteln unterstützen. Ja, der Faschismus ist nicht nur die NPD, er ist viel allgemeiner, er ist insgesamt im Spätkapitalismus vorhanden. Dortmund HERMANN KAMPMANN Es handelt sich um eine kommende Wählergeneration, die einem Angst einjagt. Man kann ihnen diese Primitivität nicht einmal verdenken, denn die Art, wie bereits in der Schule einer demokratischen. staatsbürgerlichen Erziehung aus dem Weg gegangen wird, ist geradezu virtuos, wobei ich überzeugt bin, daß der Grund für diese Haltung nicht bei den Lehrern zu suchen ist, sondern bei der wie Unkraut wuchernden obrigkeitlichen Gesinnung. Und das vergeht ja bekanntlich leider nicht! Trotzdem hoffe ich -- und die Resultate der letzten Wahl berechtigen etwas dazu -, daß sich irgendwann mal ein Unkrautvertilger finden wird, der es fertigbringt, diese bornierten Kreaturen wachzurütteln aus ihrem gefährlichen Phlegma. Ich stehe übrigens weder links noch rechts, ich bin lediglich in der glücklichen Lage, denkende Eltern zu haben. Zürich A. HÖTSCHI-WÜSTE Leider, leider haben Sie recht. Ich bin 19 Jahre alt und sehe es in meinen Reihen selbst. Für viele ist die einzige »wahre« Zeitung die »Nationalzeitung«, für viele sind die Übeltäter im Nahost-Krieg »die Juden und Amis« und so weiter, wenn ich nach den Quellen suche, finde ich nicht selten Menschen, die bei der NSDAP »gut gestellt« waren. Berlin FRIEDRICH-WILHELM ROTH Politisches und demokratisches Verhalten der Jugend sollte nicht nur ein Produkt ihrer Ausbildung und Bildung sein, sondern des persönlichen Engagements. Demokratie wird für den einzelnen meist ein abstrakter Begriff bleiben, solange er nicht selbst betroffen ist (siehe numerus clausus). Jedoch bei 15jährigen von potentiellen Faschisten zu sprechen, heißt, sehr wenig Vertrauen zur Jugend zu haben, so wenig, wie man in sich selbst setzt. Bonn MICHAEL JALETTZKE Seit langem hat mich nichts so beunruhigt wie die Ergebnisse von Professor Jaides Untersuchungen über die reaktionäre deutsche Jugend.« Wie Vati«, sicher! Aber was sagt die Schule dazu? Bei ihr müßte die Bestürzung doch groß und alarmierend sein. Hat hier der Unterricht nicht sehr weitgehend versagt? Wie eindringlich ist ihm die Geschichte der jüngsten Vergangenheit behandelt worden? Ein Vorschlag: die beste und unsere Situation erhellendste Rede dieses Jahres, Professor Alexander Mitscherlichs Rede beim Empfang des Friedens-Preises des deutschen Buchhandels »Über Feindseligkeit und hergestellte Dummheit«, müßte in allen Schulen verbreitet, gelesen und diskutiert werden. Daß jeder Lehrer sie kennt, hoffe ich. Berlin DR. HUGO HARTUNG Ich möchte zu der Aussage des Herrn Professor Dr. Walter Jaide, unsere Jugend sei nach extrem rechts orientiert, Stellung nehmen. Entweder hat Herr Jaide seine Untersuchungen in einem sehr kleinen Personenkreis durchgeführt, oder der Computer hat sich geirrt. Die Mehrheit der Jugendlichen ist, meiner Meinung nach, links orientiert. Als Beispiele kann ich die unzähligen Demonstrationen aufführen, welche kommunistisch denkende junge Leute organisiert und durchgeführt haben, dann die Jungsozialisten, die sich auf ihrem Bundeskongreß deutlich nach links abgesetzt haben, die Bombenanschläge in Berlin (offensichtlich auch von jungen Kommunisten, die die sogenannte kapitalistische Gesellschaft zerstören wollen, durchgeführt). Es gibt noch viel mehr Beispiele. Dagegen kann man die Existenz einer »faschistischen Jugend« nicht beweisen. Langen (Hessen) THOMAS KAISER Die Befürchtung, die BRD sei »reif für einen neuen Faschismus«, scheint mir etwas übertrieben. Heidelberg HARTWIG GAsEI. stud. med. et psych. Es trifft zu, daß in dieser Jugend faschistoide Züge zu erkennen sind. In den Untersuchungen von Professor Jaide wurde festgestellt, daß 38 Pro- * Schriftsteller und Autor von »Wir Wunderkinder«. zent der Befragten es für möglich halten, daß »ein Hitler wieder die Macht ergreifen« kann. Diese Aussage zeigt noch keine faschistischen Züge. Auch ich glaube daran, nur spreche ich damit nicht meine Hoffnung, sondern meine Befürchtung aus. Neumünster (Schl.-Holst.) KLAUS HOHMANN",https://www.spiegel.de/politik/denkende-eltern-a-3b4cec94-0002-0001-0000-000045226431?context=issue,,12,1969,December,751,5323,True,True,1969,1960s,1965-69
1970,13,82,1970-03-22,Briefe,Geldprobleme,,"(Nr. 10/1970, Bonn: Konjunktur) Es ist schon eine peinliche Sache, wenn einer als volkswirtschaftlicher Wunderdoktor hochgejubelt wird und sich bald herausstellt, daß er lediglich ein ganz gewöhnlicher Erhard ist. Hückeswagen (Nrdrh.-Westf.) ERNST DITTRICH Der Artikel ist lehrreich. Ein sozialdemokratischer Minister macht bürgerliche Wirtschaftspolitik und kommt auf plus minus null. Das ist symbolisch. Eine Brandt-Regierung, die auf Adenauer-Grundlage kontinuierlich fortschreitet, kann rechnerisch kaum etwas anderes ergeben. Berlin FRITZ GRAAP Mehrheitswahl-Enthusiasten mögen jetzt zwar die besondere Situation der SPD/FDP-Koalitionsregierung anführen, in der die SPD ihre arbeitnehmerfreundliche Haltung gegen den Widerstand der FDP nicht durchsetzen kann und andererseits die Forderung der FDP nach Erhöhung der Lohnsteuer -- die allerdings wohlweislich nicht artikuliert wird, obwohl sie im Sinne kapitalistischer Wirtschaftspolitik im Augenblick durchaus angebracht wäre -- am Widerstand des Gewerkschaftsflügels der SPD scheitert. Das Problem liegt aber tiefer: Selbst wenn die SPD die absolute Bundestagsmehrheit hätte (also allein regieren könnte), trägt der Arbeitnehmer die Hauptlast, da die durch die gegenwärtigen Aufwendungen der Wirtschaft auf dem Umweg über Preiserhöhungen letztlich doch auf den Verbraucher abgewälzt werden. Gemäßigte linke Kritiker werden jetzt zwar einwenden, daß die SPD bei alleiniger Regierungsverantworturig eingreifendere konjunkturelle Maßnahmen wie etwa den Abbau steuerlicher Vergünstigungen für Investitionen oder Erhöhung der Einkommensteuer bei hohen Einkommen ergriffen haben würde. Sie vergessen dabei allerdings, daß solche Maßnahmen aufgrund der intensiven personellen und strukturellen Verflechtungen der Monopolindustrie mit der Exekutive eh von vornherein zum Scheitern verurteilt wären. Willich (Nrdrh.-Westf.) BERND LINDNER Gravierend aber ist, daß die Preisstabilität für die Regierung kein Dogma mehr Ist. Man sieht dieses Phänomen nur noch relativ im Vergleich mit anderen Ländern, wo man eine größere Schwundquote feststellt. Bochum WALTER RÜPING",https://www.spiegel.de/politik/geldprobleme-a-8c5fa4e6-0002-0001-0000-000045225647?context=issue,,3,1970,March,269,2112,True,True,1970,1970s,1970-74
1970,16,95,1970-04-12,Briefe,Seltsam Liberal,,"(Nr. 13/1970, Futurologie, Häußermann über Steinbuch) Ihre Darstellung der Gründe des Ausscheidens von Herrn Dr. Jungk aus der Gesellschaft für Zukunftsfragen (GfZ) ist teilweise irreführend. Unhaltbar ist vor allem, daß Herr Dr. Jungk von einer industriehörigen Camarilla abgeschossen worden sei. Richtig ist dagegen, daß Herr Dr. Jungk -- den Sie selbst mit extremen Ideologen In Verbindung bringen -- innerhalb von GfZ die Rolle eines Extremisten spielte und sich bei den Beratungen nicht durchsetzen konnte. Kennzeichnend hierfür war beispielsweise, daß er anläßlich der Mitgliederversammlung als einziger gegen die Entlastung des Vorstandes stimmte. Was die Zusammenarbeit mit Herrn Dr. Jungk so unerträglich machte, war, daß die Argumente, mit denen er sich bei den Beratungen innerhalb der GfZ nicht durchsetzen konnte, flugs in die Presse lanciert und dort ohne Gegenargumente dargestellt wurden. Eventuelle spätere Entschuldigungen wurden allerdings nicht in die Presse lanciert. Nach dem Inhalt meines Buches »Programm 2000« gehört schon ein erstaunliches Maß von Weltfremdheit dazu, mich als Agenten der Industrie zu verdächtigen. Ich stimme mit Herrn Dr. Jungk darin überein, daß unsere Zukunftsentwürfe nicht von der Industrie bestimmt sein dürfen. Allerdings halte ich Zukunftsentwürfe gegen die Industrielle Entwicklung für absurd. Ich habe mich nie gescheut, Herrn Dr. Jungks Verdienste um die Zukunftsforschung öffentlich anzuerkennen (siehe zum Beispiel publiziertes Protokoll des Darmstädter Gesprächs 1966). Ich mußte zwischenzeitlich aber leider erkennen, daß ein konstruktiver Aufbau der Zukunftsforschung mit ihm nicht möglich ist. Ettlingen (Bad.-Württ.) PROFESSOR DR.-ING. KARIN STEINBUCH Für Steinbuch, so meint Häußermann, liegt die Wahrheit, wenn überhaupt irgendwo, im Computer. Abgesehen davon, daß Häußermann uns jetzt eigentlich sagen müßte, wo sie liegt -- sofern sie liegt -, ist Steinbuch falsch zitiert, für ihn ist der Computer nur Mittel zur Wahrheitsfindung. ... »Naturwissenschaftliches und technisches Denken ist für Steinbuch per se progressiv. Die zumeist konservative politische Einstellung der technischen Intelligenz in Deutschland ist ihm deshalb ein Rätsel ...«, schreibt Häußermann weiter, und er folgert: »Das stößt ihn (Steinbuch) aber nicht etwa auf die Problematik seines Rationalitätsbegriffs« Häußermann stieß und er fand auch -- die technische und die vernünftige Rationalität. Und die bemißt er so: »Technische Rationalität ist eine methodische, sie bemißt sich an Kriterien wie falsch und richtig; dagegen ist die Anwendung von Technik ebenso wie die Organisation des menschlichen Zusammenlebens in einem Rationalitätsbereich zu diskutieren, der von der technischen Rationalität nicht mehr gedeckt werden kann.« Mit einer anderen Seite des Problems, so Häußermann, habe Steinbuch sich überhaupt nicht beschäftigt ... wie unsere Zukunft rational gestaltet werden könne. Und das genau ist der Mangel, »der sein (Steinbuchs) Buch so naiv macht ...« Herr Häußermann ist nicht so naiv ... zu glauben, eine durchs Profitprinzip gelenkte Gesellschaft lasse sich eine neue Rationalität aufschwatzen. Diese Gesellschaft wird immer nur so weit rational sein können, wie es der Rationalität des Profits nicht schadet. Berlin GÜNTER HERMANN Die Rezension von Steinbuchs »Programm 2000« durch den Herrn Häußermann zeigt wieder einmal mit wünschenswerter Klarheit die Schärfe des Intellekts des »kritischen« Studentenführers und Assistenten. Gebraucht er sie doch nur, um sein offensichtlich großes Unbehagen über die pragmatische Denkweise des Technikers Steinbuch, die ihm zwangsläufig fremd sein muß, abzureagieren. München GÜNTHER WILDHOFER",https://www.spiegel.de/politik/seltsam-liberal-a-3f40b18a-0002-0001-0000-000045122483?context=issue,,4,1970,April,512,3688,True,True,1970,1970s,1970-74
1970,20,92,1970-05-10,Briefe,Freispruch Möglich?,,"(Nr. 15 bis 18/1970, SPIEGEL-Serie über Ferbach-Brühne) Mit Herrn Dr. Klaus Seibert »kann ich nicht umhin, die ungeheure Arbeit und die Sachlichkeit zu bewundern« die Rudolf Augstein auf den »Brühne-Prozeß« rückschauend verwendet hat. Wenn diese Mühe helfen würde, die rechtsstaatliche Ordnung zu verbessern, so wäre Herrn Augstein unendlich zu danken. Kassel DR. JOACHIM SCHUBERT Ich freue mich über weitgehende Übereinstimmungen in der Analyse brüchiger Beweismittel des Schwurgerichts; einige der aufgetretenen Differenzen, von denen Augstein selbst eine Reihe zur Sprache bringt, darf ich präzisieren. »Keine Rede kann davon sein -- Augstein im SPIEGEL 17. 1970 über Frau Brühne -- »daß sich sämtliche gegen sie vorgebrachten Beweismittel »in nichts' auflösen, wie Ulrich Sonnemann im Hessischen Rundfunk vortragen ließ.« Eine eher ermittlungsrichterlich als Augsteinisch ungenaue Referierung des Vorgetragenen! Übereinstimmend in Funk-Feature und meinem beschlagnahmten Buch, das es dann erweiterte, lautet der Satz: Abgesehen von diesem Verhalten der Brühne, lösen sämtliche Beweismittel sich in nichts auf. Abgesehen von welchem Verhalten? Von der berühmten Alibi-Jagd. in deren Bereich dann auch Augstein, nachdem er Rechtens die Säulendreiheit Sylvia -- Schramm -- Blauer Brief in die Luft sprengte, die schwerer auflösbaren Indizien findet. Die entscheidende Differenz -- in der unmittelbaren Fakteninterpretation -- beginnt hier erst: Augstein zitiert meinen Satz »Die Panik der Frau Brühne war also begründet« und kommentiert, daß sie es nicht schon vor Bekanntwerden der Todesnachricht gewesen sein kann, nicht in der Mordnacht. Freilich nicht, diese Unterscheidung ist einschneidend: was für Anhaltspunkte aber haben wir, daß es die Panik und die Alibi-Jagd überhaupt zu jener frühen Stunde gegeben hat? Zu konzedieren ist, daß mein Feature, anderthalb Stunden Dialog nicht ausschließlich über die kriminologischen Fragen, auf diesen Punkt noch nicht einging; um so ausführlicher tat es dann (Seite 61 bis 63) das Buch. das Anfang März bereits vorlag. Sämtliche Anhaltspunkte für eine Alibi-Jagd Frau Brühnes vor der Todesnachricht stammen aus ihrem eigenen Kopf nach dieser Nachricht: teils durch ihre Aussagen, teils durch den offenbaren Versuch, sie durch eine nachträgliche Manipulation (den Notizbucheintrag ihrer Mutter) zu stützen. Über diese nachträglichen Motive scheint wieder Übereinstimmung zu bestehen, und entgegen den Deutungen, psychologischen Spekulationen des Schwurgerichts, deren greifbare Willkür der Buchpassus sehr eingehend auseinandernimmt, war an ihrer Nachtfahrt selbst und was sie danach tat, durchaus nichts für ihre Lebensführung Absonderliches; außer allenfalls, daß sie Herrn Wittich weckte. Auch das ist unbeweiskräftig, die Haustür hat nach seiner ersten Aussage (27. April 1960) tatsächlich auch schon früher geklemmt, mag es früh um halb sechs an jenem Karfreitag genauso getan haben; womit die Verdächtigung des Sich-bemerkbar-Machens Frau Brühnes entfiele. Nicht so »leichterhand« also -- Augstein -- wurde der zuletzt zitierte Satz niedergeschrieben, wie eine provozierte Justiz (annehmen könnte), zu der ich seit dem 24. März nicht in ausschließlich dialogischem Verhältnis stehe, sein Urteil zitieren könnte. Aber diese Differenz in der Beurteilung gerade des hartnäckigsten Verdachtkomplexes erklärt erst, warum Augstein. gegen das Zeugnis seiner eigenen Aufdeckungen, am Schluß »Kein j'accuse« schreibt, nach so viel Analyse von begründet Anklagendem gegen die schlecht begründenden Monopolisten von Anklage; warum er nämlich Frau Brühne nach wie vor für möglicherweise schuldig hält (SPIEGEL 18/1970), ja ihre Schuld für ungleich wahrscheinlicher als die Wahrheit der Aussage Roger Hentges'! Erst nachdem von allen Verdachtsmomenten nichts übrigbleibt, wird diese Aussage wichtig. daher auch erst im letzten Viertel meines Buches Der bundesdeutsche Dreyfus-Skandal' aufs Tapet gebracht; vorher erörtert es am Brühne-Ferbach-Fall den Zustand unserer Strafrechtspflege im ganzen und des ihr dienenden Menschentypus: etwa dessen eigenes Vorleben im Vergleich mit dem diffamierten Frau Brühnes. Während es in der Tal noch wenig beweist, daß Frau Repenning für die Tatzeit ein »durchschlagendes Alibi« ihres Mannes nicht nachweisen kann. operiert die Justiz mit diesem Alibi, als wäre es sicher: es stehe fest, daß Repenning damals Tennis spielte, steht ib der Anschuldigungsschrift, die der Münchner Ermittlungsrichter mir zustellte. Seit der meteorologischen Ausschließung dieses sagenhaften Matches durch »Monitor« kommen die Neuigkeiten von Rudolf Augstein: etwa die wechselnden Gründe des Staatsanwalts Rüth für die Diskreditierung der Hentges'schen Aussage waren mir noch gar nicht bekannt gewesen. Vernünftigerweise hat man Gründe, aus denen sich eine Ansicht ergibt, hier. obwohl man doch Staatsanwalt ist. eine festgelegte Ansicht zuerst; dann findet man Gründe. Was wird der nächste sein? Und was für einer bleibt uns selbst eigentlich, zwischen der Wahrhaftigkeit dieses Verantwortungsträgers in der Angelegenheit und der seines Kronzeugen eine sichere Unterscheidung zu treffen? München ULRICH SONNEMANN Zu Ihrer ausgezeichneten SPIEGEL-Serie über den Brühne-Ferbach-Prozeß möchte ich Sie beglückwünschen! Das Aktionskomitee Justizreform hat sich mit dem dadurch aufgeworfenen Problem auf seiner letzten Sitzung beschäftigt. ihrem Appell, schleunigst rechtspolitische Folgerungen für das Wiederaufnahme- und Revisionsrecht zu ziehen, stimme ich zu. Mit diesen Fragen will sich das Aktionskomitee Justizreform auf seiner nächsten Sitzung befassen. Frankfurt H. WASSERMANN Landgerichtspräsident In dem neuen Strafrechtsentwurf müßte unbedingt aufgenommen werden, daß derartige Urteile nicht »im Namen des Volkes« gesprochen werden. Ich beteilige mich sofort an einer Entwicklungshilfe für derartige Richter, damit sie in England demokratisches Recht erlernen können. Mainz GEORG HACHENBERGER Sie machen das so: 1. Schramm beweist nichts; 2. Durch Cossy ist nichts zu beweisen; 3. Durch den Brief ist nichts zu beweisen, obschon er a) auf der für Frau Brühne erreichbaren Schreibmaschine ihres Untermieters geschrieben ist, und b) nur den Zweck haben kann, den Arzt und seine Haushälterin zu täuschen; 4. Durch die Tatsache, daß Frau Brühne den Vermerk im Notizbuch der Mutter geändert hat, ist nichts zu beweisen; 5. Dadurch, daß sich Frau Brühne durch Lügen ein Alibi verschaffen wollte, ist nichts zu beweisen; 6. die Frage, warum sie sich überhaupt ein Alibi verschaffen wollte, wird besser nicht gestellt; 7. Durch das, was Frau Meyer dem Arzt erzählt hat, ist nichts zu beweisen, obschon dies allein für die Verurteilung genügt hätte; 8. Dadurch, daß Praun Frau Brühne als Erbin eingesetzt hatte und beabsichtigte, das Testament zu ändern, ist nichts zu beweisen. Summe von 1-8: Es ist überhaupt nichts zu beweisen. Einige Ihrer Leser schreiben: »Da stimmt was nicht Die Leute haben recht. Lüdinghausen (Nrdrh.-Westf.) DR. SCHMITZ Rechtsanwalt Können Sie nicht folgende Karikatur zeichnen? »Wiederaufnahme« Erdkugel -- Seibert ganz klein in Amtsrobe, die Arme zum Empfang von Praun sen. zum Himmel streckend. Praun sen. mit Engelsflügeln wird unterwegs von einem Satelliten gefragt, wo er hinführe. Praun sen.: Nach München. Ich wurde als Zeuge geladen, um bei Gericht Aussage zu machen, wer mich damals erschossen hat. Frankfurt GEORGE PLAGGE",https://www.spiegel.de/politik/freispruch-moeglich-a-df78eb5b-0002-0001-0000-000044943684?context=issue,,5,1970,May,1039,7411,True,True,1970,1970s,1970-74
1970,41,98,1970-10-04,Briefe,Einsicht Und Einsatz,,"(Nr. 38/1970, Der Rhein zwischen Basel und Duisburg) Jedesmal wenn ein »kompetenter Fachmann« erklärt, Abwässer oder Abgase seien unschädlich oder der Preis für den »Fortschritt«, zeigt er, daß er fachlich eine Null oder aber ein Lügner ist. Die durch Jahrmillionen fein eingependelten Gleichgewichte in der Natur lassen sich nicht straflos stören. Auch aus dem scheinbar übervollen Gewirr eines Fernsehers oder Computers darf man nicht das kleinste Drähtchen straflos entfernen. Außerßdem zeigen solche Äußerungen, wie kurzsichtig letzten Endes -- also dumm -- die betreffenden Leute sind. Wenn die Bevölkerung endgültig vertrieben. vergiftet oder sonstwie dezimiert sein wird, wer wird denn dann die Industrieprodukte, ob Klopapier oder Kunststoff, kaufen? Ergo -- eine von Lobbys unabhängige Regierung muß die Rettung der Nation erzwingen. Dormagen (Nrdrh.-Westf.) HERMANN MEUIER Wenn es sich so verhält, daß der Gesetzgeber die führenden Industriekapitäne hinsichtlich Reinhaltung der Luft und Gewässer nicht zur Räson bringen kann, dann bleibt nichts anderes übrig, als daß die Bürger zur Selbstwehr greifen, nach der Parole: Da hilft nur noch Gewalt. Dem rücksichtslosen und gewalttätigen Terror der Industriehyänen kann nur mit ebensolchem Terror begegnet werden. Ludwigshafen KARL OSIRA Daß große Konzerne auf Kosten der Allgemeinheit Profite machen und weder auf Volkswirtschaft noch auf Gesundheit und Leben der Bevölkerung Rücksicht nehmen, ist schlicht kriminell. Nicht einmal Unwissenheit über die Folgen sollte von der Öffentlichkeit als Entschuldigung akzeptiert werden; denn im allgemeinen enthalten die Entscheidungsgrundlagen für größere technische Investitionen sehr wohl Unterlagen über das Gefahrenpotential für die Allgemeinheit. Berlin KLAUS BRANDES Dr. Ing. Ein Lob Ihren Ausführungen über die Verschmutzung und Verpestung des Rheins. Als Anrainer dieses »schönen« und »malerischen« Stromes kann Ich mich Ihrer Meinung nur anschließen. Die Sorgen von Ministerialrat Häringer im Hinblick auf die »Ohnmacht« seiner Landesregierung sind nur zu gut zu verstehen. Die noblen Herren sitzen vielleicht gerade in einer Aufsichtsratsitzung jener Werke, die den »Preis der Technik« beschwören, wenn. sich In unserem Kaffeewasser Reste ihrer ungeklärten Produktionsrückstände tummeln. Kamp-Bornhofen (Nrdrh.-Westf.) HERMANN NINE Danke für diesen Artikel, werde meine BASF-Aktien zum Schleuderpreis an der Börse feilbieten. Berlin FRANK RIEMER Die entscheidende Feststellung des Artikels besteht In der Aussage von Professor Sontheimer, daß die Politiker das Geld zur Verfügung stellen müssen, aber keine Ahnung von den notwendigen Aufgaben haben. Kein deutscher Politiker muß sich heute in Wahlveranstaltungen oder sonstigen Diskussionen seines politischen Programmes ernsthaft mit gezielten Fragen über seine Einstellung zu den Umweltproblemen auseinandersetzen. Der deutsche Wähler ist noch desinteressiert. Dagegen sind diese Probleme das ernsthafte Thema einer breiten Schicht in den USA. Es existiert ein großes Angebot an auch für den Laien verständlicher Literatur. Gewisse Erfolge haben sich schon eingestellt: das Thema ist ein ernsthafter Wahlkampfpunkt. Auch für Deutschlands Wähler muß bei allen nächsten Wahlen der Grundsatz gelten, daß ein Politiker ohne Einsicht und Einsatz auf diesem Gebiet nicht mehr gewählt wird. Nur so können wirksame Maßnahmen gegen die Verschmutzung erwartet werden. In wenigen Jahren kann einiges erreicht, aber noch viel mehr verdorben werden. Cambridge (USA) JOCHEN KÜHNER Ihren Artikel über die Verschmutzung des Rheins habe ich zur Grundlage einer (erfolgreich und fruchtbar verlaufenen) Unterrichtsstunde gemacht. Neyiges (Rhld.-Pf.) H. LAWRENZ Konrektor",https://www.spiegel.de/politik/einsicht-und-einsatz-a-c5014226-0002-0001-0000-000043800879?context=issue,,10,1970,October,508,3713,True,True,1970,1970s,1970-74
1970,47,83,1970-11-15,Briefe,Monturen,,"(Nr. 45/1970, Herrmann Schreiber über Hans-Dietrich Genscher) Es macht stutzig, wie in Bild und Text der »Arbeitsdienstmann Genscher 1944« vorgestellt wird. Der schlichte »Arbeitsmann« trug auch schlichte Kragenspiegel, wie Ihnen diese Zeichnung zeigen mag. Bekleidete »Arbeitsdienstmann« Genscher einen Dienstgrad? Die Kragenspiegel deuten auf Truppführer, doch fehlen zu den Rangabzeichen des Truppführers die Schulterklappen, und um Truppführer zu werden, hätte Genscher wohl auch 1944 noch freiwillig länger dienen müssen? War er »freiwillig Längerdienender« des RAD? Oder wurden auch im Arbeitsdienst, getreu der Jahrhundert-Tradition aller Armeen des Kontinents, die Monturen, selbst und erst recht im Krieg, alle paar Jahre geändert? Hamburg JOHN BRAAKVOGEL Kragenspiegel dieser Art in Webstickerei trugen nach 1940 alle Dienstgrade bis zum Obertruppführer. Genscher war Arbeitsmann. -- Red. Zur Charakterisierung des quirligen Mannes aus Sachsen würde das eine Wort »Gschaftlhuber« vollauf genügen; statt dessen, welche Platzverschwendung auf fünf Seiten. Kappelrodeck (Bad.-Württ.) KURT GAYER Ich wußt's ja schon immer von dem Genscher, daß dieser wirklich gar kein Mensch mehr ist. Jetzt speichert er selber seine Telephonate. Er Ist ein Computer mit höchster efficiency rate. Douai (Frankreich) GÜNTHER SCHILD",https://www.spiegel.de/politik/monturen-a-2ff76706-0002-0001-0000-000044906643?context=issue,,11,1970,November,178,1320,True,True,1970,1970s,1970-74
1970,52,72,1970-12-20,Briefe,Ordnende Hauspostille,,"(Nr. 49/1970, SPIEGEL-Essay von Joachim Fest: Die verneinte Realität) Joachim Fest hat in seinem Essay über die Neue Linke die fragwürdige Methode angewandt, seine zentrale These, die Protestbewegung sei Im Kern gegenrevolutionäre Romantik, nicht etwa an der Realität zu überprüfen, sondern als Filter zu benutzen, um nur die Phänomene der neuen Opposition in sein Bild von ihr aufzunehmen, die mit seinem Vorurteil vereinbar sind. Diese Methode verführt ihn neben einer Reihe eher kurioser Fehleinschätzungen auch zu der ebenso realitätsblinden wie beleidigenden Unterstellung, die jugendliche Widerstandsbewegung stehe eher in der Tradition der antisemitischen Rassisten Gobineau, Lagarde und Moeller van den Bruck als in der entgegengesetzten Marx« und Lenins. Frankfurt KLAUS GOLDECK Wenn das Feuilleton sich au! Phänomene einläßt, die es lieber dem Ressort Politik überlassen sollte, kommt dabei heraus: Feuilleton. Die paar Aphorismen, diese beflissene Nörgelei, die sich aufgeklärt gibt, sind so neu nicht, Herr Fest. Die Gleichsetzung von Rot und Braun, von Neuer Linker und Faschismus gehört zur eisernen Argumentationsration derjenigen, die an der Beibehaltung des augenblicklichen gesellschaftlichen Anstandes mit all seinen Mängeln interessiert sind. Vielleicht wäre es doch ganz nützlich, ein wenig Faschismustheorie (empfehlenswert: Tholheimer, Otto Bauer) und Politökonomie zu büffeln, ehe man die Schreibmaschine in Tätigkeit setzt und Dutschke und Enzensberger in die Nähe von Gregor Strasser rückt. Das Geschäft der Denunziation der Linken -- die Regierung Brandt hier einmal eingeschlossen -- besorgen die Löwenthals, Habes und Springers zur Zeit doch sowieso besser als ausgerechnet der SPIEGEL! Köln WOLFGANG STENKE Ziel: Den »weltweiten Protest« wieder einmal auf einen gemeinsamen Nenner zu bringen und als autoritär zu durchschauen. Ergebnis: Kapitalist Jagger, Soziologe Marcuse, Marxist Cohn-Bendit, Rocker, Provos und Woodstock-Konsumidioten, alle, alle wollen im Grunde doch nur eins: die gute, alte, idyllische Zeit, »das Glück unter der Linde«. Methode: Verquickung verschiedenster Motive, geschickt exzerpierende Zitatensammlung. Folgerungen: Hinter allem Protest steckt ein romantisch-autoritärer Urgeist. Kritik: So weit, so schlecht (schlecht gemacht). Aber nachdem das »Schlachtgetümmel« durchschaut und eingeteilt ist, schürt Kriegsberichterstatter Joachim Fest auch noch die Angst: Auch hier steht die Romantik »im Dienste anderer(?), unromantischer Energien. Nun rätsele, o Leser, was das wohl für Energien sind. Der SPIEGEL eine beschaulich ordnende Hauspostille. Köln ALBERT SCHMIDT stud. päd. Die Gleichsetzung von rechtem und linkem Protest macht es deutlich; für die Ideologie der Mitte, für die Apologie des Bestehenden. Das wird Fest ganz gewiß bestreiten, er hat es, mit diesem literarischen Versuch, auch ganz gewiß nicht gewollt. Aber er wird es merken. An dem Beifall »von der falschen Seite"": es ist die Seite, die sich durch diesen Essay von Anfang an bestätigt fühlen kann und fühlen wird. Stuttgart PETER MÜLLER",https://www.spiegel.de/politik/ordnende-hauspostille-a-24f17922-0002-0001-0000-000043800994?context=issue,,12,1970,December,428,3064,True,True,1970,1970s,1970-74
1971,3,69,1971-01-10,Briefe,Besserer Mensch,,"(Nr. 52/1970, SPIEGEL-Titel Über Biochemie) Da es den Biochemikern so schnell nicht gelingen wird, das Raubtier im Menschen aus dem genetischen Code zu löschen, fürchte ich mehr Fluch als Segen aus der Gen-Chirurgie der Zukunft. Deshalb sollte sich die Biochemie ein anderes Ziel setzen, beispielsweise: Wie bekommt man das zum größten Teil aus maßloser Überschätzung von wissenschaftlichen Teilerkenntnissen und Profitgier einiger weniger über die ganze Erde verstreute DDT wieder aus dem Biozyklus heraus? Ludwigshafen I. SCHMITT Die Biochemie ist eine interdisziplinäre Wissenschaft zwischen den Fachgebieten Biologie und Chemie. Sie erforscht vor allem die chemischen Funktionen der Organismen. Dabei erweist sie sich von großem Nutzen für die angewandten Bio-Wissenschaften, wie zum Beispiel Agrarwissenschaften, Züchtung, »biologische Schädlingsbekämpfung, Hygiene und Medizin. Daß die Erkenntnisse auch zum Nachteil für die Menschheit ausgenutzt werden können, dürfte klar sein. Jede Naturwissenschaft wurde bisher für humanitäre wie auch für militärische Zwecke angewandt. Eine so interessante und vielseitige Wissenschaft wie die Biochemie/Biologie darf in ihren Mitteln nicht beschränkt werden, nur weil sie von einigen machtgierigen Politikern mißbraucht werden kann. Ob die Menschheit durch Manipulationen am Erbgut oder durch die Atombombe degeneriert, ist letzten Endes belanglos. Friedrichshafen WOLFGANG WALZ Zweifellos eine zukunftsorientiertbahnbrechende, menschlich-wissenschaftliche Hochleistung (oder eine Schnapsidee?). Auch hierdurch wird man gleichzeitig ahnungsvoll an den »Turmbau zu Babel« erinnert. Bremen ERICH TEGETHOFF Diese Titelgeschichte in der Weihnachtswoche war gewiß nicht einlullend. Zwar stottern die modernen Bio-Alchimisten noch an Rezepten über Menschenumwandlung. Im Hintergrund lauern aber bereits die Bosse der Chemie-Industrie. Sie wittern wieder einmal das ganz große Geschäft. Kommt dann der Polimax, braucht er nur zu entscheiden, wie der künftige Sklavenmensch zu programmieren ist. Neu-Ulm RICHARD WERKMANN Die Geschichte nennt den Ursprung von Krebs einen »genetischen Lesefehler. Man könnte diesen Ursprung auch nennen: eine vom Organismus aufgenommene (genetische) Information, die von diesem Organismus in ihrer destruktiven Bedeutung nicht erkannt wird, und die deshalb nicht abgewehrt, sondern weitergeleitet und vervielfältigt wird, um so -- über Boten-RNS (Ribo-Nuklein-Säure), Proteinsynthese, Stoffwechselkatalyse -- den Aufbau von Krebszellen zu bewirken, beziehungsweise den Tod des krebskranken Menschen. Das heißt, diese Terminologie, welche die das Leben darstellenden molekularen Vorgänge in der Zelle mit Begriffen wie »genetische Information«, »Code-System«, »triplet-Schrift«, mit »Wörtern«, »Satzzeichen«, »Syntax« et cetera, also mit Begriffen der Sprache und Kommunikation beschreibt, diese Terminologie ist ganz erstaunlich einleuchtend, wenn man den Zusammenhang sieht von zwischenmenschlichen Kommunikationsverhältnissen »im großen« (Sozialstoffwechsel) und intrazellulären Kommunikationsverhältnissen »im kleinen« (Zellstoffwechsel). Denn nur die Einsicht in diesen Zusammenhang ermöglicht überhaupt ein Verständnis von Krankheit« etwa beim Krebs, der nicht nur im biochemischen, sondern auch im psychoanalytischen Sinne die Aufnahme einer destruktiven Information, die Ausführung eines Befehls zur Selbstzerstörung darstellt. Und ein solcher Befehl, erteilt von Familie und Gesellschaft, läßt sich im Leben jedes Krebskranken finden. Heidelberg HANS GEORG MÜLLER Arbeitsgruppe Kranke Medizin Bei aller Achtung und Bewunderung für die Biochemie-Forscher und ihre Ergebnisse scheint mir die noch vor ihnen liegende Strecke nicht nur nicht kürzer, sondern immer länger zu werden. Das Modell mit den farbigen Kugeln ist ein Sinnbild für die Wirrnis, in die jeder Versuch führen muß, ein die menschliche Fassungskraft übersteigendes Geschehen zu erklären oder zu verstehen. Weder mit Ursache-und-Wirkungs-Denken noch mit einem Zweck-und-Sinn-Suchen ist dem unerforschlichen Geschehen beizukommen. Engenhahn (Hessen) DR. MED. GUIDO MÖHRING Der Autor geht zwar allgemein verständlich auf wesentliche Aspekte der modernen biologischen Forschung ein, er untersucht aber leider nicht die Zusammenhänge, die ethische und Glaubensprobleme aufwerfen, denn gerade die theologische Weise der Wahrheitssuche bietet heute mehr denn je Anlaß zum Nachdenken, Es genügt nicht, über Cyborgs, Sperma-Banken und die Manipulation der menschlichen Erbanlagen zu sprechen, denn das deutsche Gemüt zieht offenbar die Gartenlaube (Zwerg) dem Computer vor, und als Humanist gilt hierzulande, wer seinen Homer im Urtext lesen kann, nicht aber wer heikle Themen zur Diskussion stellt. Trotz allem möge diese Titelgeschichte dazu beitragen, den »Menschen der Zukunft« zu prägen. Speyer (Rhld.-Pf.) CHRISTIAN NEUMANN Es ist festzustellen, daß Programmaufbau und -ablauf, die der Spezies »Mensch« vorgegeben sind, eigentlich doch (noch) ganz in Ordnung sind. Meine Hochachtung vor dem Systemdenker und -analytiker, der das Programm entwickelt und verschlüsselt hat! Jever (Nieders.) WOLFGANG WELLE",https://www.spiegel.de/politik/besserer-mensch-a-25e9a548-0002-0001-0000-000043375179?context=issue,,1,1971,January,668,5142,True,True,1971,1970s,1970-74
1971,13,68,1971-03-21,Briefe,Landesverrat?,,"(Nr. 11 bis 12/1971, SPIEGEL-Serie »Pullach intern"") Zum erstenmal wurde mir Ludwig Erhard sympathisch: in seiner elementaren Ablehnung dieser widerilchen Institution. Und wie entlarvend Ist Franz Josef Straußens Entrüstung über Ihre Veröffentlichung. Lassen Sie sich nur nicht einschüchtern! Trautheim (Hessen) ERICH KOATHER Kein Wunder, daß Bundespräsident Heinemann die Arbeitsprodukte dieses Unternehmens so wenig freundlich abqualifiziert. München Dr. BERT EGGER »Pullach intern« -- ein Abgrund von Landesverrat. Wie recht hatte doch Adenauer! Stuttgart HEINZ HENCKEL Ich gratuliere den Journalisten Zolling und Höhne zu ihrer ausgezeichneten Situationsanalyse des Bundesnachrichtendienstes! In den USA würden beide Herren den Pulitzer-Preis erhalten. München RICHARD JOHNSON Herzlichen Dank auch im Namen des größten Teils der hiesigen Mitarbeiter dafür, daß endlich der SPIEGEL in das Wespennest durch Aufdeckung eines leider nur zu geringen Teils der skandalösen Vorgänge gestochen hat. Hoffentlich gewähren Sie Ihren Quellen innerhalb des BND Quellenschutz, das heißt überlassen die Briefe und Namen der Informanten nicht dem BND zur Auswertung von Schreibmaschinentypen und Fingerabdrücken, denn wenn der Schutz absolut gesichert ist, können Sie jede Woche mit hochaktuellen Personal- und Organisationsskandalen von einer Vielzahl von Mitarbeitern beliefert werden. Sie haben den prominentesten »Differenzler«, den es je gab, nicht erwähnt. Präsident Gehlen wurde nach seiner Pensionierung ab 1. Mai 1968 In dieser Form weiterbeschäftigt, wobei man ihm zur Vermeidung eines 25 Kilometer langen Anfahrtswegs nach Pullach eigens eine Dienststelle in unmittelbarer Nähe seiner Villa eingerichtet und mit der Führung dieser Dienststelle seine frühere Wehrmachtshelferin und Vorzimmersekretärin nach Einstufung in den Höheren Dienst des BND betraut hat. München L. MACK Der SPIEGEL bietet absoluten Quellenschutz. -- Red. Die katastrophale Situation des Bundesnachrichtendienstes, die der SPIEGEL-Beitrag »Pullach Intern« so zutreffend schildert, ist nicht zuletzt eine Folge der von Nepotismus und Protektionismus bestimmten Personalpolitik in Pullach. Adel, Verwandtschaft und Beziehungen gehen bei Beförderung und Auslandsverwendung stets vor Leistung und Eignung. So entsendet zum Beispiel der Bundesnachrichtendienst mit Vorliebe ins Ausland adelige Herren, deren intellektueller Zuschnitt oft dem des Witzblatt-Grafen Bobby entspricht. Heute stellt der Bundesnachrichtendienst ein Refugium für Untalentierte, Mittelmäßige und Halbgebildete dar. Gescheiterte SS-Offiziere, ehemalige HJ-Führer, Militärs mit naiven Vorstellungen vom politischen Zeitgeschehen und dekadente Adelige tanzen hinter einer Fassade verschwommener Staats- und Verfassungstreue einen närrischen Reigen. München DR. WERNER EIBL Ihre Serie enthält sehr viel Richtiges -- bedauerlich Richtiges. Es ist erschütternd, mitzuerleben, wie die unter Reinhard Gehlen ausgezeichnet gelenkte und funktionierende Organisation mittlerweile von unfähigen Politikern und Beamten systematisch zugrunde gerichtet wird. Das hat nichts damit zu tun, daß gegenwärtig eine sozial-liberale Koalition in Bonn regiert. Vielleicht Ist für Sie jedoch ein Hinweis Interessant, den ich bisher in allen Veröffentlichungen über den BND unberührt fand. Neben General Gehlen und seinem damaligen Stellvertreter (der nach Gehlens Ausscheiden Selbstmord beging und zu den fähigsten Männern In Pullach gehörte) gab es noch einen »dritten Mann« im BND. Er unterhielt einen vollkommen selbständigen und weitgehend abgeschirmten Beschaffungsapparat unter der Bezeichnung »Strategische Aufklärung«. Sein Klarname wurde in der Öffentlichkeit nie genannt. Zeitweise war er auch für die gesamte Sicherheit des BND verantwortlich. Unter anderem zeichnete er mit dem Decknamen »Holten«. Was die Leute an ihm nicht so recht mochten, war, daß er besser informiert war, mehr wußte, sich besser »verkaufte« als all die Kleinkarierten, die mitmischen wollten, und der über Verbindungen verfügte, die niemand anderer zu haben schien und daß er sich in dieser Hinsicht aber auch gar nicht in die Karten blicken ließ. Um so weniger mochten manche Leute dazumal Holtens Macht. Herrn Wessel paßte dieser viel zu gescheite, erfahrene und ältere General neben sich nicht. Wessel, für den der Mensch erst vom Oberst aufwärts oder von einem entsprechenden Bankkonto an zu existieren beginnt, begriff schon mal nicht, daß zwischen Agenten und Agenten und Quellen und Quellen ein Unterschied besteht. Aus seiner Praxis im MAD schmiß er Agenten, Zuträger, Überläufer und hochqualifizierte politische Informanten und Quellen rundweg in einen Topf. Ganz anders Holten. Sein Wahlspruch lautete: Spitzenleute für Spitzenqualität. Eine Lieblingsidee von ihm: ND des high label. So war eine der ersten Amtshandlungen des neuen Präsidenten, sich des Generals Holten zu entledigen, und dies tat er just in dem Augenblick, als die Große Koalition in die Brüche ging und Holten in Bonn niemanden bereit fand, ihm zu helfen und seine Sorgen mit ihm zu teilen. Das Prozellan, das so zertrampelt wurde, kann nie mehr gekittet werden. Die Diplomaten, Prominenten und Sonderverbindungen, die in Holtens Quellen-Verzeichnissen standen, wurden mit einem Federstrich abserviert, als wären sie Dreigroschenjungen. Verbindungen, die nie wieder zurückgewonnen werden können. Holten konnte die Partitur, die seine Leute aus dem Material dieser Verbindungsmänner schrieben, lesen und interpretieren. Kein Nachfolger war dazu fähig, und das mag das Schicksal der »strategischen Aufklärung« besiegelt haben. Nebenbei, Holten erwies sich nach seinem Rausschmiß auch nicht gerade als Held. München GASTON BERN Daß der SPIEGEL eine Bande von Dummköpfen ist, die an eine russische Entspannungswilligkeit glauben, wissen wir schließlich schon lange; daß Brandt und Wehner alte Kommunisten und erfahrene Landesverräter sind, ist ebenfalls bekannt. Ebenso, daß Ehmke von Tuten und Blasen keine Ahnung hat. Hoffentlich bringen Sie in Ihrer neuen Nummer wirklich »Pullach intern« -- sonst lohnt sich der ganze Käse nicht zu lesen. Stuttgart KARL BASSLER Abgeordneter im Landtag von Baden-Württemberg Wie wäre es, wenn der SPIEGEL die Arbeit des BND wahrnehmen würde? Da SPIEGEL-Nachrichten stets ideologisch vorfabriziert sind, wären sie linken Dienstherren immer willkommen. Außerdem wäre der zur Zeit übliche Umweg der BND-Nachrichten zu den Redaktionstischen via Kanzleramt überflüssig. Eckernförde (Schlesw.-Holst.) URSULA SCHELLER Heute geht es mir nur darum, das Fehlurteil über den Chef der »Auswertung«. Robert Borchardt, zu korrigieren. Zu der Zeit, wo ich Gesandter in Washington (1953 bis 58) war, übernahm Robert Borchardt das Pressereferat. Die Vorstellung, er sei Opportunist, bringt mich zum Lachen. Denn ich habe des öfteren Mühe gehabt, ihn von seinem bayerischen Starrsinn und seiner »Raunzerei« abzubringen, es ließ sich das nur dadurch erreichen, indem ich an seinen Sinn für Humor appellierte. Er hat einen noblen Charakter, ist auf eine nachdenkliche Weise klug und kam mit den Journalisten aller Nationalitäten vorzüglich aus. Ich kann mir gut vorstellen, daß sein im Journalismus und der Diplomatie geschulter Stil manchen derzeitigen Kollegen irritiert, während ihm wohl mißfällt, daß sie alle politischen Ereignisse mit der militärischen Eile messen wollen. Bonn ALBRECHT VON KESSEL Gesandter a. D. Ihr mit erstaunlichem Detailwissen ausgestatteter Beitrag hat hier bereits recht segensreich gewirkt. Statt der gewohnten Arroganz trägt die BND-Führungsmannschaft welkendes Selbstbewußtsein zur Schau. Herr Borchardt gab in der »schlauen Stunde« eine müde Stellungnahme ab. Der von Ihnen zu Hecht als »Akademikerschreck« gekennzeichnete SS-Offizier blickt zerknirscht und trübsinnig in die Welt. München DR. SUSANNE ZENNER Ich bin hellauf entsetzt und ich betrachte es als einen außergewöhnlichen Skandal, daß entgegen aller Vernunft und allen Sicherheitsbestimmungen Listen von Klar- und Decknamen der Mitarbeiter und auch der Quellen an das Kanzleramt ausgeliefert wurden und nun tatsächlich der begründete Verdacht besteht, daß diese Listen in unbefugte Hände oder sogar östlicher Spione fallen. Wenn diese Ihre Behauptung zutrifft, müßten die für die Anordnung der Zusammenstellung zuständigen Unterabteilungsleiter sofort suspendiert und disziplinarrechtlich belangt werden. München G. ROLLMANN",https://www.spiegel.de/politik/landesverrat-a-20712550-0002-0001-0000-000043345558?context=issue,,3,1971,March,1153,8412,True,True,1971,1970s,1970-74
1971,25,93,1971-06-13,Briefe,Nur Eine Million,,"(Nr. 22/1971, Bundesmarine) Darf ich folgendes richtigstellen: 1. Nicht der »Satir« -Computer, sondern die FK-Rechenstelle ist unter Wasser gesetzt worden. 2. Der Schaden beträgt nicht 20 Millionen, sondern weniger als 1 Million Mark. 3. Die Reparatur dauerte nicht »mehrere Monate«, sondern genau 6 Wochen. 4. »Lütjens« ist nicht »seit 18 Monaten«, sondern von insgesamt 27 Monaten Indiensthaltung 6 1/2 Monate »in Behandlung« gewesen. 5. Das Schiff ist voll fahr- und einsatzbereit und führt zur Zeit bei der US-Navy Übungen durch, die mit einem Raketenschießen abschließen, Am 30. Juni läuft »Lütjens« in seinem Heimathafen Kiel ein. Schlamperei in der Marine? Oder beim SPIEGEL? Mayport (USA) DIETER ERMARDT Kommandant Zerstörer Lütjens Der SPIEGEL bedauert den Irrtum. Es handelt sich um eine Verwechslung der zentralen Rechenanlage »Satir« mit einem anderen Rechner des Schiffes. Daraus ergaben sich Fehleinschätzungen von Kosten und Dauer der Reparatur. Der Führungsstab der Marine in Bonn hatte auf Anfragen des SPIEGEL nicht auf den Irrtum hingewiesen und Angaben über die Höhe der Havariekosten verweigert. -- Red. Die Redaktion des SPIEGEL behält sich vor, Leserbriefe gekürzt zu veröffentlichen",https://www.spiegel.de/politik/nur-eine-million-a-9de10b51-0002-0001-0000-000043231175?context=issue,,6,1971,June,177,1206,True,True,1971,1970s,1970-74
1971,35,74,1971-08-22,Briefe,Deppen Der Nation,,"(Nr. 32/1971, SPIEGEL-Titel über »Wirtschafts-Kriminalität"") Das Rechts-Chaos des Wirtschaftslebens beginnt mit den unzureichenden Gesetzen. Viele sozialschädliche Handlungen können mangels klarer und Upto-date-Begriffe nur durch »gesundes Beamtenempfinden« verfolgt werden. Der Oberstaatsanwalt, der zum Beispiel eine halbe Million »Verlust« wegen der Krise am Investment-Markt vermutet, hat sicherlich niemals von Fund-Bewertung und Börsenspiel etwas gehört. München DR. LASZLO MIKLOS Ausgezeichnet, daß Sie in einem Leitartikel das höchst aktuelle Thema der Wirtschaftskriminalität und ihrer mangelhaften strafrechtlichen Ahndung aufgreifen. Man sollte allerdings nicht verkennen, daß -- wie ich in einem meiner Bucher* anhand zahlreicher Beispiele aufgezeigt habe -- hier kein typisch deutsches Problem vorliegt, sondern daß sich zum Beispiel auch ganz besonders die USA mit Intelligenzverbrechen auseinanderzusetzen haben (Intelligenz gibt es eben nicht nur in Deutschland ...). Dabei zeichnet sich in beiden Ländern immer stärker die Tendenz ab, das Problem nicht durch Schweigen lösen zu wollen. Natürlich informiert eine Berichterstattung über betrügerische Delikte zunächst einmal beide Seiten. Aber: von dieser Information dürfte per Saldo die »ehrliche Seite« in weit stärkerem Maße profitieren, weil ihrer verbrecherischen Phantasie und Gerissenheit zwecks Selbstschutz und wirksamer Bekämpfung von Delikten auf die Sprünge geholfen werden muß. Intelligenzverbrechen sind eben in einer intelligenten Umwelt schwer durchzuführen -- beziehungsweise sind wegen fehlenden In- * Post/ Post: »Die Unterschlagung im Betrieb und ihre Bekämpfung unter Berücksichtigung der elektronischen Datenverarbeitung«. 3. Auflage, August 1971. verlag Dr. Otto Schmidt KG in Köln. telligenzgefälles begreiflich bereits etwas anderes. Hohes Ziel bleibt es deshalb, dieses Intelligenzgefälle auch in Zukunft soweit wie möglich abzubauen. Hamburg DIPL.-KFM. MANFRED POST Nachdem ich den interessanten Artikel, insbesondere den Satz: »Unkontrollierbare Gier nach materiellem Gewinn ...« des Psychogrammes, gelesen habe, so frage ich mich, wer wohl heutzutage kein charakteristischer »Whitecollar-Verbrecher« ist. Maßgeblich erscheint mir die Tatsache, daß »jeder« Kauf- oder Geschäftsmann und »jeder« im Wirtschaftsleben stehende Protagonist im Unterbewußtsein ein kleines bißchen »Weiße-Kragen-Unternehmer« spielt. Frankfurt DIETMAR KOTTISCH Für die großartige Charakterisierung des modernen Wohlstandsbürgers in der Gestalt des Wirtschaftsverbrechers verdient Herr Dr. Mergen besondere Dankbarkeit, weil sie auch im privaten Bereich Hilfen an die Hand gibt, das Undurchschaubare zu durchschauen. Er bedarf des Nährbodens unserer wirtschaftwunderlichen Fluren, um sich als Vampir in einem solchen Maße ausbreiten zu können. Die Frage ist nur: Wie lange sollen wir es uns noch gefallen lassen, daß der (überführte!) Verbrecher nicht nur gegen, sondern sogar mit dem Gesetz sündigen darf? Marburg E. KRANZ In Ihrer Aufzählung von Weiße-Kragen-Kriminalität haben Sie eine wichtige Art vergessen: 21-Monate-Minister-Pensionen. Duisburg E. MÜLLER Millionen werden auch »verdient« durch die vielen tausend Erfindungs- und Verbesserungsvorschläge, welche die Arbeitnehmer jährlich der deutschen Industrie zur Verfügung zu stellen haben. Ist nicht auch das Wirtschaftskriminalität? Castrop-Rauxel JOACHIM KÜMMEL Eins haben Sie noch vergessen: Die sogenannten »Großmärkte«, die angeblich nur an Wiederverkäufer liefern, aber ihre »Einkaufsscheine« wahllos herausstreuen. In der Zeit von 18.30 bis 21 Uhr drängen sich in diesen Märkten 90 Prozent Privatkäufer, die mit geborgten und sonstwie organisierten Einkaufsausweisen für ganze Häuserblocks einkaufen, und zwar nur gängige Ware. und dies mit Händlerrabatten. München OTTO WAGNER Wie lange wird es wohl noch dauern, bis die Mehrheit der Leute und deren Regierungsvertreter dahintergekommen sind, daß die Steuermanipulationen einiger unserer hochgeachteten Wirtschaftsbosse schon längst kein Kavaliersdelikt. sondern ganz schlicht ein Verbrechen an der Allgemeinheit darstellen. Mal ganz abgesehen von der »Charakterverschmutzung«, die diese »sauberen« Herren in der Umwelt verursachen. Braunschweig FRANZ MAURER Die Mißstände im Steuerwesen der Bundesrepublik werden durch den einen Satz deutlich: »Um nicht weniger als 30 Prozent, so taxiert Professor Dr. Tiedemann, könnten die Steuersätze gesenkt werden, wenn alle ehrlich wären.« Schwalmstadt (Hessen) HELMUT VIEHMANN Bei weitem das Beste, was ich je im SPIEGEL über dieses Thema gelesen habe. Wer jetzt noch behauptet: Wirtschafts-Verbrechen lohnen sich nicht, dem ist nicht zu helfen. Köln WILHELM KLöCKENER Die Wirtschaftskriminalität und die Unfähigkeit, sie zu ahnden und zu bekämpfen, sind auch Folgen des ungebremsten Wirtschaftswachstums. Das war vorauszusehen. Remscheid (Nrdrh.-Westf.) FRIEDRICH ZÖLZER Ihr Ansatz, antiquierte Gesetzestatbestände anzuprangern, ist richtig. Sie entziehen sich allerdings den Konsequenzen: die Reform der Kriminalpolizei zu fordern. Es ist auch in der Wirtschaftskriminalität so, daß bei der Kripo der Sachbearbeiter im Laufbahngefüge dort endet, wo er in der allgemeinen inneren Verwaltung beginnt: an den Toren des gehobenen Dienstes. Es blieb der bundesdeutschen Nachkriegskripo bis heute vorbehalten, Millionenkonkurse, Kapitalverbrechen, Raub, Brandstiftungen und so weiter von Beamten ermitteln zu lassen, die sich, sehr im Gegensatz zu ihren Leistungen, in den Niederungen des mittleren Dienstes (Sekretärslaufbahn) angesiedelt sehen. Übrigens haben Sie einen in diesem Zusammenhang sehr bedeutsamen »Quasi-white-collar-crime-Typus« schlicht übersehen: die Länderinnenminister und -senatoren. Sehen Sie diese als Firmenchefs und die ihnen unterstehenden Kriminalpolizeien als Firmen, so gehören die Herren samt und sonders eingesperrt: Sie haben schon vor geraumer Zeit vergessen, den Konkurs ihrer Firmen den zuständigen Stellen (Länderparlamente) anzuzeigen -- Statt dessen betätigen sie sich lieber als Kriminalitätskosmetiker. Hannover HEINRICH TOEBERG Bund Deutscher Kriminalbeamter 1. Vorsitzender des Landesverbandes Niedersachsen Sie vertreten die Auffassung, daß zur Bekämpfung der Wirtschaftskriminalität praktisch nichts getan werde. Wenn auch einigen in diesem Artikel aufgestellten Behauptungen kaum widersprochen werden kann, so muß ich doch der Grundtendenz Ihres Artikels aus meiner beruflichen Sicht widersprechen. Es ist nämlich Ihrer Aufmerksamkeit entgangen, daß im Lande Nordrhein-Westfalen bereits seit etwa zwei Jahren die Einrichtung der Schwerpunktstaatsanwaltschaften für die Verfolgung von Wirtschaftsstraftaten besteht, zu denen außer Köln, Düsseldorf und Bielefeld auch meine Behörde gehört. Diese Staatsanwaltschaften verfügen über qualifizierte Dezernenten, Wirtschaftsreferenten, die Diplomkaufleute oder »Diplomvolkswirte sind, und Buchhalter; sie sind mit den notwendigen Maschinen wie Rechengeräten, Kopiergeräten, Diktiergeräten und Schreibautomaten ausgerüstet; außerdem stehen ihnen fachkundige Kriminalbeamte (Wirtschafts-K) zur Verfügung, die ihr Fachwissen im Laufe der Zusammenarbeit mit meiner Behörde immer mehr erweitern. Bereits in der kurzen Zeit des Bestehens dieser Schwerpunktstaatsanwaltschaften konnte eine Reihe von großen und umfangreicheren Verfahren abgewickelt und zum Teil auch der Aburteilung zugeführt werden. Wie ich amtlich weiß, sind die zuständigen Stellen laufend bemüht, diesen Schwerpunktstaatsanwaltschaften weitere Fachkräfte zuzuführen, was allerdings wegen der Fülle des Arbeitsanfalles auch dringend erforderlich ist. Bochum H. ENGWITZ Leitender Oberstaatsanwalt Ein solcher Artikel müßte doch in einem gesunden Volkskörper ein seelisches Erdbeben, einen Sturm der Entrüstung auslösen. Aber die Seismographen der westdeutschen Volksseele bleiben offenbar ruhig. Ich habe noch keine Protestaktionen bemerkt. Wat nu? Ettlingen (Bad.-Württ.) HANS RISSMANN Was speziell die Erkenntnis von der besonderen Sozialschädlichkeit wirtschaftskrimineller Praktiken angeht, so bedarf es hier kaum noch einer besonderen Schärfung des gesellschaftlichen Bewußtseins. Was not tut, ist eine sorgfältige Bestandsaufnahme der Fakten und ihre Aufbereitung für eine wirksame rechtspolitische Reform. Hier treffen sich denn auch die gemeinsamen Bemühungen des Bundesjustizministers, der namens der Bundesregierung noch für diese Legislaturperiode die Vorlage eines entsprechenden Reformgesetzes angekündigt hat, und des Arbeitskreises Rechtswesen der SPD-Bundestagsfraktion. Kurzum: daß Wirtschaftsstraftätern künftig energischer auf die Finger geklopft wird, ist nicht nur ein Anliegen des SPIEGEL, sondern -- und das nicht erst seit heute -- auch ein erklärtes Ziel der sozialdemokratischen Bundestagsfraktion. Bonn MARTIN HIRSCH SPD-MdB Der SPIEGEL kann immer mehr das Verdienst beanspruchen, ein soziales Ersatzgewissen der Nation für die »Deppen der Nation« (G. Zwerenz) zu sein. Hauingen (Bad.-Württ.) BERND SCHAFER Endlich hast du wieder Hand und Fuß! Ingelheim (Rhld.-Pf.) HANS STORZ Was haben Sie mit dem Tausendmarkschein gemacht? Saarbrücken DR. GERT ROSPRICH",https://www.spiegel.de/politik/deppen-der-nation-a-0b072adf-0002-0001-0000-000043143896?context=issue,,8,1971,August,1166,9156,True,True,1971,1970s,1970-74
1971,48,94,1971-11-21,Briefe,Das Recht Ist Blind,,"(Nr. 46/1971, SPIEGEL-Titel über Angela Davis) Wir Amerikaner glauben an Gleichheit vor dem Gesetz. Wenn man einen Mord gemacht hat, macht es nichts, welche Farbe man hat, das Recht ist blind. Ich glaube, daß die Deutschen die Bosheit in anderen Ländern suchen, weil ihre Vergangenheit so übel ist. San Diego, Californien (USA) JIM PETERSON Von dem Augenblick an, da Amerika die Mächte der Zeit -- Angela Davis ist eine Manifestation davon -- in der Gaskammer enden läßt, von diesem Augenblick an bröckeln die ersten Steine aus dem stolzesten Freiheitsgebäude unseres Planeten. Wolfsburg (Nieders.) LOUIS KUMMER Wie schön wird es in ein paar Jahren in den USA zu leben sein, wenn »Wallace kommt« und Millionen auf dem Marsch zu den Gräbern farbiger Bürgerrechtskämpfer wie zum Beispiel Angela Davis in Schlachten mit Polizei- und anderen faschistischen Organen verwickelt werden! Henry James hatte recht, als er vor einigen Jahrzehnten schrieb: »Es ist ein schwieriges Schicksal, Amerikaner zu sein. Balve (Nrdrh.-Westf.) ULRICH SEGHERS Für Angela Davis sehe ich schwarz. Nixon und die weißen Bestien auf der ganzen Welt haben schon ganz andere Dinge geschafft. Aber so wie der Tag gekommen ist, an dem China in die Uno aufgenommen wurde, so wird der Tag kommen, an dem die Bestie Kapitalismus ihr Ende finden wird. Bonn ERNST SMOLKA Ich habe ihren Artikel mit größter Genugtuung gelesen. Obwohl Sie sich in einigen Argumenten widersprachen, sollte man dies zum Anlaß nehmen, die »Freiheit für Angela Davis«-Bewegung zumindestens moralisch zu unterstützen. Ich sehe auch in der Bundesrepublik ein System des Rechtsradikalismus entstehen, wenn nicht im Frühstadium hier etwas unternommen wird. Gießen DIETER KEIL Amerika ist so vom Faschismus bedroht wie die Bundesrepublik oder Rußland oder Italien beispielsweise. Das faschistoide Wachstum ist Nationalitäten-eigentümlich und darum in den Anfängen so schwer erkennbar. in Griechenland zum Beispiel hinter der königlich-militärischen Staatsform in Stille gereift, brauchte es nur eines geringen Anstoßes, um sich von heut auf morgen voll zu etablieren. In Südafrika sind derzeit nur Verwaltungsanordnungen nötig, da die Machtakzente gleich zu Anfang gesetzt wurden, als die Mehrheit der Bevölkerung sich noch auf der Suche nach Staatsbegriffen »befand. Kiel GREGOR ALSCHER Nirgends kann man die Unfähigkeit der USA besser erkennen als in ihrer Auseinandersetzung mit ihrer eigenen Jugend. Schriesheim (Bad-Württ.) GERHARD ZITTEL Als Student und ehemaliges Parttime-Mitglied des »besetzten Computer-Centers der Sir George Williams-Universität (1969), hier in Montreal, kann ich Ihnen nur mitteilen, daß die soziale Situation der Schwarzen (nebst den Indianern und Eskimos) in Kanada auch nicht viel anders ist als in den Vereinigten Staaten. Montreal (Kanada) DIETER ANTON HALBWIDL Das Anliegen, sich für unterprivilegierte Bevölkerungsteile in den USA einzusetzen, sollte nicht dazu führen, eindeutig kriminelles Verhalten zu beschönigen. Darmstadt VOLKMAR RAUSCH Es ist zu hoffen, daß endlich auch die letzten »We shall overcome«-Romantiker begreifen, daß es nicht möglich ist, die Nixons, Reagans oder Wallaces (diese Figuren sind beliebig austauschbar) mit Gewaltlosigkeit zur Vernunft zu bringen. USA-SA-SS -- die Apo-Losung scheint zu stimmen. Für die Zukunft kann nur gelten: Ob militant-aggressiv, subversiv oder innere Emigration, jedes Mittel muß recht sein, um dem Wahnsinns-Imperium USA den Rest zu geben. Höchst (Hessen) HERMANN HESSE Einer der Sündenböcke der amerikanischen Gesellschaft ist Angela Davis. Gott oder wer weiß auch immer mag verhüten, daß sie auf dem Altar der einst wirklich großen amerikanischen Nation geopfert wird, um die Verdrängung der Schuld weiterzutreiben. Höchberg (Bayern) LUTZ CHRISTIAN ISTEL Man sollte doch nicht versuchen, sie zur Märtyrerin zu stempeln, bevor der Prozeß, der wahrscheinlich nicht nur völlig unhaltbare Recherchierungs-Ergebnisse der Anklagevertretung bringen wird, überhaupt begonnen hat. Köln WOLFGANG WEIDEMANN Hätte Angela Davis unter der Diktatur Hitlers gelebt, so wäre sie verloren, unter Nixon hat sie noch eine Chance. Rheydt (Nrdrh.-Westf.) H. G. HEIDFELD Die USA können es sich eigentlich nicht mehr erlauben, auch diese Symbolfigur noch mundtot zu machen. Wenn das der Fall sein sollte, dann »ade, du freie Welt«. Tübingen ROLAND SCHÖLLKOPF Nixon vergeht, aber Angela Davis wird leben! Köln MICHAEL EDELMEIER Bemerkenswert ist das Gespräch mit Herbert Marcuse. Insbesondere seine ausweichende Antwort auf die Frage, wie der Prozeß gegen Angela Davis verlaufen wird. Seine Antwort ist bezeichnend für viele Amerika-Immigranten, denen dieses Land einmal Zuflucht gewährt hat. Sie sind von einem Gefühl der Dankbarkeit beseelt, das zu einer Betriebsblindheit führt und sie an die ungebrochene amerikanische Tradition von Rechtsstaat und Demokratie glauben läßt. Dieser Glaube steht jedoch in einem tragischen Widerspruch zu dem Schicksal der intelligentesten Schülerin Herbert Marcuses. Er glaubt, sie habe noch zwei Chancen. Was muß eigentlich noch geschehen, bis Herbert Marcuse ein Licht aufgeht. Hamburg STEFAN HÜTHER Jetzt wollen Sie uns auch noch weismachen, die USA sei auf dem Weg zum Faschismus. Einseitiger und verbohrter. als Sie es tun, lassen sich die Verhältnisse in Amerika nicht mehr beurteilen. Rendsburg (Schl.-Holst.) R. GÜNTHER Die gleichen Kreise, die Angela Davis vernichten wollen, haben Hiss, Sacco und Vanzetti auf dem Gewissen. Sie haben sich nicht gescheut, John F. Kennedy ermorden zu lassen und die Aufklärung dieses Verbrechens mit allen Mitteln zu verhindern. Das winzige Positive an einem solchen Fall ist, daß Leuten, denen My Lai und der Ku-Klux-Klan nicht genügen, die Barbareien gezeigt werden, zu denen eine »Kulturnation« fähig ist. Daß solche Zustände nicht auch bei uns eindringen, da sei Brandts Ostpolitik vor. Nürnberg CLAUS LÜCK Faschismus in Amerika? Wie lange noch wird das Fragezeichen seine Berechtigung haben? Wittlensweiler (Bad.-Württ.) CLAUS ALTENDORE Auf Ihrer Titelseite befindet sich ein Fragezeichen zuviel! All Power to the People! Dudweiler (Saarland) RUDOLF RUPPERATH War das eigentlich Zufall, daß Sie den Angela-Davis-Titel so dicht an Südafrika gerückt haben? Ich meine, es muß ja nicht jeder wissen, was in den USA los ist. Sie mit Ihrem ewigen Aufgerüttle! Aber ich schlafe weiter, ich versprech's! München KARL-HEINZ MATTNER",https://www.spiegel.de/politik/das-recht-ist-blind-a-f79efcd6-0002-0001-0000-000043144564?context=issue,,11,1971,November,935,6409,True,True,1971,1970s,1970-74
1971,51,79,1971-12-12,Briefe,Gigantische Ausbeutung,,"(Nr. 48 und 49/1971, SPIEGEL-Report über Gastarbeiter) Auch der SPIEGEL dreht an der Gebetsmühle, welche dem Bundesbürger weismachen will, die Gastarbeiter bildeten die Fundamente unseres Wohlstandes. Wer profitiert? Die kinderreiche Familie, welche aus ihrer billigen Altbauwohnung herausgeworfen wird, um daraus eine Gastarbeiterherberge zu machen? Die Arbeiterin am Fließband, der jetzt auch in der schärfsten Hochkonjunktur ihre tägliche Ersetzbarkeit vor Augen geführt wird? Der Krankenhauspatient III. Klasse, der sich angesichts einer türkischen Putzfrau, einer koreanischen Krankenschwester und eines indischen Assistenzarztes nur wegen der Überbelegung der Krankenzimmer vor absoluter Kommunikationslosigkeit bewahrt sieht? Auf einmal soll ein Bodensatz von zehn Prozent sprachloser Analphabeten in der Erwerbsbevölkerung den Wohlstand, sprich das Realeinkommen, der großen Mehrheit entscheidend bestimmen. Handelt es sich dann nicht um einen gigantischen Fall von Ausbeutung? Diese Wirtschaftsform ist angetreten unter dem Gesetz, daß jeder nach seiner Leistung bezahlt wird. Gibt dann die Einkommenshöhe den Leistungsbeitrag der Gastarbeiter richtig wieder? Die wirklichen Nutznießer lassen sich bei gutem Willen sehr schnell ausmachen: Es sind die Unternehmen, die mit Hilfe der Gastarbeiter Produktion und Profit in einer sonst nicht möglichen Weise ausdehnen. Lange galten Humankapital, Investment Education etc. als die entscheidenden Wachstumsfaktoren der entwickelten Industriegesellschaft; nun sind es auf einmal die ungelernten Handlanger, auf die sich unser Wohlstand gründet. Darmstadt DR. GÜNTER SCHILLER Als Gastarbeiter habe ich natürlich die SPIEGEL-Reportage über die Gastarbeiter besonders aufmerksam gelesen. Möchte ich sagen, Sie haben die Probleme der Gastarbeiter in Deutschland und (soweit als Türke mich betrifft) in den Heimatländern ganz genau geschrieben. Meine Anerkennung! Nur manche Bekannte, die in letzter Zeit ihre Arbeitserlaubnis erneuern lassen mußten, sind in tiefster Besorgnis. Sie haben die Arbeitserlaubnis bekommen mit einem Stempel, und der lautet: »Die Arbeitserlaubnis kann aus Gründen der Arbeitsmarktlage zum Ablauf des 1. oder 2. Jahres ihrer Geltungsdauer widerrufen werden.« Es ist gut und schön, sagen die alle, wir haben Verständnis, sogar wenn mal die Arbeitslage sich verschlechtert, erst die Gastarbeiter arbeitslos werden; aber was uns alle ärgert, ist, daß im Falle einer schlechten Arbeitsmarktlage die Arbeitserlaubnis widerrufen werden kann. Und trotzdem wird immer noch jeden Monat zwölf Mark für Arbeitslosenversicherung von unserem Bruttoeinkommen abgezogen. Da ein Ausländer ohne Arbeitserlaubnis nicht in Deutschland bleiben darf und so in die Heimat gehen muß, obwohl man jahrelang für die Arbeitslosenversicherung zahlen mußte und damit im Falle einer Arbeitslosigkeit Anspruch auf Unterstützung hat. Ist es nicht gesetzwidrig? Warum soll man einen Beitrag zahlen, ohne sogar schriftliche Bestätigung auf Gegenleistung. Wir haben schon ins Auge gefaßt, daß wir als Gastarbeiter kaum Möglichkeit haben, bis zum Rentenalter arbeiten zu dürfen, aber immer gehofft. Hamburg HAZIM TAPCU Wir, die »Gastarbeiter«, zahlen außerdem die Weiterbildung der Deutschen, denn mit unserer Arbeitslosenversicherung studieren Hunderte von Deutschen, Techniker im Maschinenbau, EDV und anderes. Stuttgart MANUEL MERANO Im ersten Teil Ihres Gastarbeiter-Reports verbinden Sie die Photos von Herrn Kemal Sülker und mir durch die Unterschrift: »Die Türken im Ausland ... arbeiten gegen die Türkei«. Dieses Zitat stammt von Herrn Sülker, den ich lediglich dem Namen nach kenne. Die Tatsache, daß eine türkische Wissenschaftlerin und ein aktiver türkischer Gewerkschaftler Kritik an der Gastarbeiter-Wanderung üben, bedeutet noch lange nicht, daß ich mir eine Aussage wie die in Ihrer Bildunterschrift zu eigen machen würde. Denn diese Aussage beruht nur auf persönlichen Eindrücken; ich aber habe empirische Belege dafür, daß die Identifikation mit der Heimat und damit auch der Patriotismus unter den Türken im Ausland eher wachsen. Ankara PROFESSOR DR. NERMIN ABADAN Lehrstuhlinbaberin für Polit. Wiss. Universität Ankara Die Veröffentlichung der Gastarbeiter-Karikatur aus der spanischen Zeitung »Madrid« war recht unglücklich. Alle SPIEGEL-Leser, die über Spanien nicht gut informiert sind -- das sind wohl die meisten -, müssen aufgrund dieses Bildes annehmen, daß es in Spanien liberale Zeitungen geben kann, die unter anderem satirisch-politische Zeichnungen bringen dürfen. Leider war die Abendzeitung »Madrid« die einzige liberale Zeitung Spaniens; denn das spanische Informationsministerium hat sie seit Freitag, 26. November 1971, aus der Liste der zugelassenen Zeitungen gestrichen. Diese für Spanien wichtige Begebenheit sollten diejenigen deutschen Großverdiener bedenken, die »aus Trotz gegen die Steuerpläne der SPD Millionenbeträge in spanischen Apartment-Hotels investieren« (SPIEGEL vom 29. November 1971). Vielleicht können die spanischen Verhältnisse zusehends ungünstiger werden? Gießen GABY REHNELT Wer kann besser als die Gastarbeiter deutlich machen -- wer die Arbeitgeber, nämlich sie, und -- wer die Arbeitnehmer, nämlich die Industriestaaten, sind! Die begriffliche Umfunktionierung der Wörter Arbeitgeber und Arbeitnehmer durch den Frühkapitalismus -- damit die Ausgebeuteten glauben, ihre Ausbeuter »schenkten« ihnen die Gelegenheit zu »Arbeit und Brot« -- macht es, daß heute noch ein Herr Sabel (immerhin gewesener Chef der Bundesanstalt für Arbeit!) die Aufnahme von Gastarbeitern mit Entwicklungshilfe gleichsetzt. Das Verhältnis der Industriestaaten zur Dritten Welt, der sogenannten unterentwickelten, entspricht Ihrer Darstellung der Gastarbeiterfrage. In den letzten 200 Jahren wurde die Dritte Welt immer ärmer und die »entwickelte« Welt immer reicher, durch systematische Ausbeutung der ersteren. Das kapitalistische System, als dessen größte Tugend stets seine Wandelbarkeit gepriesen wird, hat keine Mittel und Wege zur Lösung des Nord-Süd-Problems hervorgebracht, ja es tut, seiner »unwandelbaren« Natur entsprechend, alles, um es täglich schwerwiegender zu machen ... und sich selbst damit zugrunde zu richten. Mailand HANS DEICHMANN Was nützt es zu wissen, daß in Cavindir niemand sagen kann, wie viele Einwohner es genau sind? Soll das etwa bestätigen, was wir »Aufgeklärten« schon längst wissen, nämlich, daß die Türken, Süditaliener, Portugiesen, Spanier und Griechen ignorant; faul und ein bißchen blöd sind? Soll ich in Weinkrämpfe ausbrechen, weil Frau Fatma von ihrem in Deutschland arbeitenden Mann einen Kassettenrecorder, eine Reiseschreibmaschine und ein Kind anstelle der ersehnten Karotten, Waschmittel und Anti-Baby-Pillen bekommt? Kiel YVES LEMAY Vor Jahren argumentierte die kanadische Einwanderungsbehörde mit der Theorie -- Jeder Einwanderer schafft innerhalb von zwei Jahren einem neuen Einwanderer einen Arbeitsplatz -- für ihre Politik. Bei vorwiegend mittel- und besitzlosen Einwanderern mit enormen Konsumbedürfnissen eine durchaus sinnvolle Denkungsweise einer Behörde, die einen menschenleeren Kontinent bevölkern und erschließen will. Wo liegt der Sinn bei der ohnehin schon überbevölkerten Bundesrepublik? Laufend höhere Steuereinnahmen werden gewiß die Defizithaushalte speisen, und die Geschäftswelt wird immer mehr umsetzen und höhere Gewinne erzielen. Aber auf lange Sicht wird die deutsche Gesellschaft unlösbaren Sozial- und Minderheitenproblemen gegenüberstehen, von den wachsenden Umweltproblemen einer immer mehr bevölkerten Asphalt- und Betonlandschaft, von all ihren Nebenerscheinungen ganz zu schweigen. Fort Lnuderdale (Florida, USA) HANS J. RAAB Lupenrein (Nr. 48/1971, SPIEGEL-Gespräch mit Peter Homann) Zweifellos sind die derzeitigen Verstöße der Mitglieder der Baader-Meinhof-Gruppe gegen unser geltendes Strafrecht eine Folge ihrer Situation. Wie wär's eigentlich mit einer Amnestie? -- ich glaube, Schmid und auch Schelm würden dann noch leben, und vielleicht wären weitere Tote zu vermeiden. Besigbeim (Bad.-Württ.) WERNER METZGER Es ist der deutschen Polizei zu empfehlen, die Fahndung nach der Baader-Meinhof-Gruppe einzustellen und sich psychotherapeutisch gegen ihren »Baader-Meinhof-Gruppen-Wahn« behandeln zu lassen. Wenn jemand, der steckbrieflich von Interpol gesucht wird, neben fünf Polizisten in einer Sauna sitzt und diese anschließend als freier Mann verläßt, so zeugt das doch von einer gewissen Unfähigkeit der deutschen Ermittlungsbehörden. vierheim (Hessen) E. PFEIFER Aus dem Gespräch mit Peter Homann geht wohl hervor, daß die physische Kraft der Baader-Meinhof-Gruppe bald bis auf den Nullpunkt abgesunken sein wird. Selbst für politische Gruppen, die an einem Umsturz der Verhältnisse in diesem Staat interessiert sind, scheint es nur einen gangbaren Weg zu geben, ihr Ziel zu erreichen: der lange Marsch durch die Institutionen. Dusseldorf HERBERT MOHR Homann hat den Mut gefunden, dem Baader-Meinhof-Mythos einen Schlag zu versetzen. Was unter dem Mythos an Realität zum Vorschein kommt, auch an Psychostrukturen der Hauptdarsteller dieser »Gang«, ist für den Staatsapparat (Wäre es nicht heroischer, gegen Helden antreten zu können?) wie für Mahler und Meinhof unbequem -- wie Wahres allemal. Homann ist ein Genosse, der einen Prozeß durchgemacht hat, der ihn zu diskutablen Einsichten gebracht hat. Und: Er hat Baader endgültig die Show gestohlen. Stuttgart JOHANNA MASCHKE Den Herrn Homann kann ich Ihnen als Redakteur empfehlen. So schlagfertige, präzise und gescheite Antworten habe ich noch nie gelesen. Herr Homann kann sicher auch Fragen stellen. Altbach (Bad.-Württ.) HANS ZIMMER",https://www.spiegel.de/politik/gigantische-ausbeutung-a-b58386f7-0002-0001-0000-000044914616?context=issue,,12,1971,December,1306,9657,True,True,1971,1970s,1970-74
1972,13,93,1972-03-19,Briefe,Nur Wahlrechner,,"(Nr. 9/1972, Bonn) Sie schreiben in Ihrem Artikel mit der Überschrift »Rechter Kettenhund« im Zusammenhang mit angeblichen Bemühungen des CDU-Vorsitzenden Rainer Barzel, einen geeigneten Kandidaten für das Amt des Bildungs- und Wissenschaftsministeriums zu finden, unter anderem, daß der »ZDF-Wahlrechner« Rudolf Wildenmann sich um dieses Amt »beworben« habe, »ohne eine Barzel-Offerte abzuwarten«. Diese Behauptung ist unzutreffend und entbehrt jeder Grundlage. Mannheim Prof. RUDOLF WILDENMANN Lehrstuhl für Politische Wissenschaft der Universität Mannheim (WH)",https://www.spiegel.de/politik/nur-wahlrechner-a-52fab31e-0002-0001-0000-000042945000?context=issue,,3,1972,March,71,563,True,True,1972,1970s,1970-74
1972,16,79,1972-04-09,Briefe,Zuviel Freiheit?,,"(Nr. 14/1972, SPIEGEL-Titel über Deutschlands Schüler) ][n einem Schulsystem, das die Kreativität und das Selbstbewußtsein der Schüler vergewaltigt, um wohlgeschliffene Rädchen für die Leistungsmaschinerie der bundesrepublikanischen Streßgesellschaft zu fabrizieren, braucht sich niemand zu wundern, wenn die Betroffenen mit Aggressivität oder schlimmstenfalls mit Indifferenz -- sprich Resignation -- antworten. Karlsruhe WOLFGANG SICKINGER Deutschlands Schüler haben a) keine »unantastbare Würde«. Wer den Rektor mit »Du« anspricht, beleidigt ihn, Schüler dagegen werden ungefragt mit »Du« angesprochen. b) Kein Lerndienstverweigerungsrecht. Wer sich nicht anpaßt, landet (wie in Diktaturen) über kurz oder lang beim Psychologen. c) Fast keine Wahlfreiheit und fast keine Einsicht in den Lehrplan. Noch immer gilt es als gekonnt, wenn die Schüler nach einem pädagogischen Bauchtanz des Lehrers das Thema erraten. d) Einzelrichter, die nach einer Tathaftung urteilen, die in der öffentlichen Rechtssprechunq schon bei Karl dem Großen abgeschafft wurde. Nach der Willenshaftung, die heute selbst einem Waffenhändler, Steuerhinterzieher oder Umweltverschmutzer zugebilligt wird, wären die meisten Betragensnoten nicht haltbar. Alles in allem: ein Sklavensystem mit der Freiheit -- wie es in der Geschichte immer schon war -, die der Mensch sich selbst erkämpft. worms EDGAR GRAS Der Mißbrauch demokratischer Freiheiten führt zur Diktatur (Platon); das gilt auch für die Schule! Lehrer und Schüler haben eine zu große Beweglichkeit erlangt; sie kann chaotische Zustände herbeiführen, die eines Tages schmerzlich abgeschafft werden müßten! Eine Erziehung ohne Autorität der Lehrer ist genauso unmöglich wie ein Finanzamt ohne Machtbefugnisse! Köln DR. ALBERT KOLLER Studiendirektor Lehrer wird mit Plakat empfangen, dessen Text noch mehr als anzüglich ist. An Asthma erkrankte Lehrer müssen ihre Schüler um frische Luft bitten. Lehrer, deren Zeugnisnoten dem Schüler nicht genehm sind, werden verprügelt. Amerika, wir kommen! Schüler erschießen ihre Lehrer. Es lebe die antiautoritäre Erziehung!! Dortmund NORBERT STOLL Auf die Idee, daß sämtliche Versuche der Demokratisierung der Schule darauf hinauslaufen, kapitalistische Durchhalteparolen in Fleisch und Blut übergehen zu lassen, kommen Sie anscheinend (und leider) nicht. Durch reine Beschreibung bestehender facts und deren Aneinanderreihung zu einer möglichst zum Lesen motivierenden Story trägt man nicht zur Mündigkeit von Menschen bei, sondern dient durch derart »lustfördernde Meinungsmache« nur der Verschleierung der herrschenden Ideologie. Aber zur Mündigkeit, bzw. dem, was Marcuse, Adorno u. a. darunter verstehen, gehört unübersehbar die Reflexion. Und damit wird das Problem für ökonomische Interessen unlösbar. Büchenbach (Bayern) PHILIPP DEMLING Ansprüche und Wirklichkeiten im Bildungswesen der BRD klaffen derart weit auseinander, daß es immer dringlicher erscheint« eine grundlegende Bildungsreform durchzuführen. Dabei genügt es beileibe nicht, den administrativ-organisatorischen Bereich, die Bildungsinhalte und die Methodik zu reformieren. Bei den Lehrern selbst sollte dieser Prozeß beginnen, der zu einer Änderung führen muß. Nur eine veränderte Bewußtseinslage vermag die drohende Resignation zu überwinden. Bonn FRANK BERGER Alle Beteiligten, Eltern, Schüler, Lehrer, können Ihnen für die Analyse »Die Autoritätskrise der westdeutschen Schule« nicht genug danken. Leider werden ja wieder die Falschen diesen Artikel lesen und verstehen, diejenigen nämlich, die ohnehin die Ursachen der Misere kennen. Bünde (Nrdrh.-Westf.) HANS-WALTER BECKER Lehramisanwärter Die ohnehin bestehende Konfliktsituation Schule heute wird durch drei Idioten noch verschärft: 1. den Fach-Idioten: häufig auf Lehrerseite zu finden, überbewertet sein eigenes Fach und zieht sich bei notwendigen Neuerungen hinter seine Scheuklappen zurück. 2. den Theorie-Idioten: zeichnet sich durch mangelnde Kenntnis der grauen Schulwirklichkeit aus; seine imposant klingenden Theorien, häufig an nie zu erreichenden Idealfällen konstruiert, lassen den notwendigen Praxisbezug fehlen. Oft über Parteikarriere in Entscheidungsposten emporgefallen; z. Teil in der Lehrerausbildung tätig (Beispiel Studienseminarleiter), hilft er dann dem jungen Lehrer in bewundernswerter Weise, den clash Schultheorie/Schulpraxis noch zu vergrößern. 3. den Ideologie-Idioten (Teilmenge von 2.): zunehmend auch auf Schülerseite zu finden; schafft mit oft pauschalem, nicht relativiertem Transfer zum Teil überholter oder nicht ausgegorener Ideologien verantwortungslose Entweder-oder-Generalisierung und bezeichnet dies als progressiv. Nicht unbedingt Deutschlands Schüler, vielmehr diese drei, so scheint mir, haben zur Zeit zuviel Freiheit. Gießen HELMUT WEBER Studienrat Ich habe eine vierte Jahrgangsklasse mit 53 Schülern und Schülerinnen zu unterrichten. Meine Erfahrung zur Frage nach »zuviel Freiheit?« läßt weder eine pauschal positive noch eine pauschal negative Beantwortung zu. Denn die Frage nach der Freiheit und den Freiheiten, die sich Schüler gegenüber ihren Lehrern nehmen dürfen bzw. nehmen dürfen sollten, stellt sich in einer Klasse mit über 50 Schülern so absolut anders als in einer Klasse mit unter 30 Schülern, wie sich das nur der vorstellen kann, der sich täglich vor diese Frage gestellt sieht, einmal in dem überschaubaren Rahmen des einen Falles und ein andermal im regelrechten Massenbetrieb des zweiten Falles. Die Meinungen und Feststellungen über die adäquate Schülerzahl pro Klasse sind zwar nach wie vor geteilt. Aber man scheint es im Zweifels- und Entscheidungsfall immer noch für wichtiger zu halten, daß die Klasse auf einen Jahrgang beschränkt bleibt. Dabei weiß jeder, der darüber nachdenkt, daß die Einteilung nach Altersjahrgängen in unseren Schulen nicht viel mehr als ein Relikt ist. Das Gebot, die Schülerzahl einer Klasse auf ein adäquates Mindestmaß zu begrenzen, wird in der Schule der Zukunft dagegen wesentlich mit über das Maß der Freiheit entscheiden, die diese Schule ihren Schülern wird erlauben können, ohne sich selbst matt zusetzen. Solange sich dieser Teil unserer äußeren Schulverhältnisse (namentlich in der Grundschule) noch im Stadium des Hinterhofes befindet und daraus nicht auf ganzer Breite herausgeführt wird, läßt sich eine realistische Diskussion über moderne Schuldisziplin nur im Zustande der Selbsttäuschung führen. Schiltberg (Bayern) BENNO GRIEBEL Oberlehrer Als achtzehnjähriger Schüler, der alle Erfahrungen, die Ihr Artikel wiedergibt, kennt, gratuliere ich Ihnen dazu. Es ist bloß schade, daß man mit solchen Beiträgen bei dem großen Teil der Eltern und Verantwortlichen auf taube Ohren trifft. Bad Reichenhall PETER GOTTWALD Der Titelgeschichte sollte ein Artikel über Deutschlands Lehrer folgen. Als Titel empfehle ich: »Deutschlands Lehrer: zuwenig Reformbereitschaft?« Düsseldorf BERNHARD STENGEL Schüler Ich finde es sehr schade, daß Sie in Ihrem Schüler-Artikel nicht weiter in bayrische Verhältnisse eingedrungen sind; das wäre insofern interessant geworden. da der Bericht für dieses Thema den nötigen Schuß Empörung bzw. Resignation erhalten hätte. Nürnberg HELMUT PABST 3. Schulsprecher Die äußere Form hat sich zwar teilweise geändert, aber der Geist von Opas Schule lebt weiter. Dortmund PETER REGALI stud. päd. Ihre Betrachtung, in der Literatur (sprich Nibelungenlied) als unnützer Wissensballast, Datenverarbeitung und Technologie hingegen als lebensnah bezeichnet werden, erscheint mir widersprüchlich und undurchdacht. Es würde eine geistige Verarmung bedeuten, wollte man nur Fächer als Unterrichtsfächer vermitteln, die nützlich, d. h. für Beruf und Industrie verwertbar, erscheinen. Fächer wie Musik, Kunsterziehung und Geschichte können nicht nur die Kenntnis von menschlicher Kultur vermitteln, sondern sie gehören mit zu den Dingen, die das Leben lebenswert machen. Berlin HEINZ KOBS Wünschenswert wäre der Übergang der Kulturhoheit auf den Bund. Bochingen (Bad.-Württ.) RAYMUND HOLZER Nicht alle Erscheinungen sind aus einer Ursache zu erklären, aber vieles versteht man besser, wenn man die Aktivitäten von »progressiven« Verlagen wie Bärmeier und Nickel, Frankfurt (""Die Parole lautet: zersetzen -- zersetzen -- zersetzen«, Schüler-Zeitung »underground«, Nr. 1. Nov. 68) und Klaus Wagenbach, Berlin (""antiautoritär aufhetzen ...«, Roter Kalender 1972 für Schüler und Lehrlinge) unter die Lupe nimmt. Dabei ist dies nur die sichtbare Spitze eines ferngelenkten Eisberges, der dem Schulwesen der westdeutschen Demokratie das Schicksal der »Titanic« bereiten soll. -- Ulm R. RODENHAUSER Oberstudienrat",https://www.spiegel.de/politik/zuviel-freiheit-a-b3f7c4a7-0002-0001-0000-000042953812?context=issue,,4,1972,April,1168,8626,True,True,1972,1970s,1970-74
1972,19,84,1972-04-30,Briefe,Stein Auf Stein,,"(Nr. 15/1972, Wohnen) »Ehrlich rauh« war der Titel Ihrer Veröffentlichung der Wohnanlage und unseres Ateliers in München. »Äußerst rauh« war die Darstellung der Entwicklung des Baupreises, der Urheber und Mitarbeiter. Ihre Bezeichnung »in Gemeinschaft mit dem Büroapparat des Münchner Baumeisters Otto Steidle (29) entwickelten die Schweizer Architekten ...« erweckt den Eindruck, als seien lediglich Telephone, Rechen- und Schreibmaschinen und bestenfalls Hilfskräfte eines unbeteiligten Baumeisters oder Bauunternehmers zur Verfügung gestellt worden. Tatsächlich war es das junge Architektenteam von Otto Steidle und seinen Mitarbeitern -- Jens Freiberg, Gerhard Niese, Hans Rehm und Roland Sommerer, die ab 1968 am Projekt Genterstraße und der Entwicklung von Systemen arbeiteten. Als 1969 die von Ihnen allein als Urheber aufgeführten »Schweizer Architekten R. u. D. Thut« dem Team beitraten, war ein baureifes Projekt in flexibler Stahlkonstruktion mit variablen Grundrissen vorhanden. Wegen brandschutztechnischer Schwierigkeiten bei diesem Stahlsystem wurde im Architekturbüro eine Stahlbetonskelettversion erarbeitet, welche 1970 durch die Architekten Otto Steidle und Partner mit R. u. D. Thut entwickelt und ausgeführt wurde. Der tatsächliche Baupreis (ohne Mehraufwendungen für Schwimmbad und örtliche Gründungsschwierigkeiten) war ca. 1300 Mark/qm Wohnfläche trotz geringer Stückzahlen und des noch nicht rationalisierten Prototyps. Der genannte Baupreis von 2000 Mark war in Wirklichkeit der Verkaufspreis inkl. Grundstück. Wäre es der Baupreis, so müßte man daraus schließen: »Besser Stein auf Stein ...« München OTTO STEIDLE JENS FREIBERG GERHARD NIESE HANS REHM ROLAND SOMMERER DORIS THUR",https://www.spiegel.de/politik/stein-auf-stein-a-3010f185-0002-0001-0000-000042944798?context=issue,,4,1972,April,227,1704,True,True,1972,1970s,1970-74
1972,33,78,1972-08-06,Briefe,Zu Hause Bleiben,,"(Nr. 30/1972, SPIEGEL-Titel über Tourismus) Eigentlich sollte man den Herren Höltl, Hoch, Neckermann und Erpenbeck dankbar sein; denn je mehr der »programmierte Tourismus« bundesdeutsche Urlauber in Gottes ferne Welt lockt, um so wertvoller wird das von den Urlaubsmachern den daheimgebliebenen Individualisten (durchaus mit Sinn für kommune Konvention) ermöglichte Abeiiteuer: go easy -- go by feet -- be happy. Hamm (Nrdrh.-Westf.) DETLEF RIGOL Meine Frau (40) fliegt nach Afrika. Sie will auf Safari Löwen sehen und andere Menschen! Meine Sekretärin (25) hat die Bermudas im Auge, und ihr Banckonto -- dortselbst. Mein Lehrling (18) hat für FKK-Strand in Jugoslawien gebucht. Er will ja noch was lernen. Meine Putzfrau (34) reizt der goldene Strand von Grado/Adria und die sagenhaften italienischen Amore-Künstler, genannt Papagalli. Und ich? Ich (60) bleibe daheim in meinem Garten. Wie schön. Oberursel (Hessen) FRITZ SALCH Soeben vom »Sporturlaub« im Stella Maris auf Ibiza zurückgekehrt, lese ich das Selbstlob von Herrn Erpenbeck. Die von der Touropa groß angekündigten Sportmöglichkeiten bestehen aus: zwei Tennisäckern, zwei durchgerittenen Gäulen, zwei reservierten Segeljollen. fünf Kilometer vom Klub entfernt, vier Eseln. Und das für 750 Gäste; die Vormerkung für die einzelnen Sportarten -- täglich 22 Uhr für den darauffolgenden Tag -- gleicht dem Kampf um Freikarten für Olympia-Finalkämpfe. München WALTHER MAYR Fiel als Fachgeograph mit 20jähriger Reiseerfahrung auf »blendenden« Aalto-Prospekt herein. Nahm März/April 1972 an sogenannter Afrika-Expedition teil. Geplante Route: Douala -- Fort Larny Djanet. Reiseleiter: Firmenchef und Alkoholliebhaber Johannes Hoch persönlich. Was klappte, war Flug Frankfurt-Douala. Reise erreichte trotz Verlängerung von einer Woche nie ihr Ziel. Erhebliche Regreßforderungen verschiedener Gäste inzwischen zum Teil erfüllt, da anscheinend Furcht vor Prozeß. Last not least: grobe Behandlung der Gäste durch Herrn Hoch und seinen Fahrer Dr. Loges. Und das für knapp 4000 Mark! Bad Pyrmont Nieders.) JOACHIM GARES Wahre Abenteuer bietet eine »Afrika-Durchquerung« in eigener Regie. Alle wesentlichen Informationen für die Vorbereitung und Durchführung dieser Fahrt habe ich erstmalig in einem 55seitigen Umdruck zusammengefaßt. Aachen BERND TESCH Die Entlarvung des ideologisch begründeten »Individualismus« des Einzelreisenden hätte schon vor Jahren erfolgen können. Vielleicht lag die Verzögerung darin begründet, daß auch in Ihrer Argumentation ein starkes Motiv unerwähnt bleibt -- das »männliche« Ein- und Durchdringungsmotiv des »Kriegers"": Das zu besuchende Land liegt offen und wehrlos vor ihm, er kann es »erobern«. Vor sechs Jahren notierte ich mir einen enthüllenden Ausspruch eines solchen mechanischen Kriegers: »Als Pauschalreisender fühl' ich mich wie »ne Kuh, die zum Stier geführt wird.« Berlin F. URSEL LEUE Von Ihrem Artikel hatte ich mir etwas mehr versprochen. Vor allem fehlt die sozialkritische Würze. Warum belauschen Sie den »Urlaub 72« nicht mal unter folgenden Aspekten: 1. Die Reiseveranstalter erheben regional gestaffelte Saisonzuschläge, die zum Teil nicht niedrig sind und nicht unbedingt dem Saisonzuschlag und der Saison im Urlaubsland entsprechen. Gerade in dieser Zeit müssen Familien mit Kindern im schulpflichtigen Alter ihre Ferien verbringen. Das mag marktwirtschaftlichen Grundsätzen entsprechen. Entspricht das aber dem Grundsatz sozialer Marktwirtschaft? 2. Die Reiseveranstalter haben nunmehr fast jede Herberge in den Urlaubsländern unter Vertrag. Die Individualtouristen, die bisher selbst ihren Urlaub planten, Hotels anschrieben, Urlaub festmachten, müssen sich nunmehr mit der Antwort der Hotelbesitzer zufriedengeben. daß in der Saison alle Zimmer zum Kontingent der großen Reiseveranstalter gehören. Keine Möglichkeit für Privatgäste! Hier haben sich die Reiseveranstalter in aller Stille ein Monopol geschaffen. Köln WERNER LOOSEN Es gibt, auch in Europa, noch viele Urlaubsmöglichkeiten für Individualisten in Orten, in denen man keine »Neckermänner«. keine »Scharnowisten« oder »Hummeln« findet, wo also der Urlauber nicht in Scharen auftritt, ich kenne noch viele solcher Urlaubsgelegenheiten, aber werde mich hüten, auch nur eine zu verraten! Berlin HANS SCHIRMER Ich glaube nicht, daß Günter Hausen von Kraxeltouren in Himalaja-Höhen sprach. Zu den vom DAV ausgeschriebenen Auslandsbergfahrten melden sich Ausnahmen bestätigen die Regel -- Bergsteiger mit langjähriger Ost- und Westalpenerfahrung. Selbstverständlich ermöglichen diese vom DAV organisierten Fahrten leichter die Teilnahme des Einzelnen. Der Wunsch des Bergsteigers, 5000er und 6000er zu besteigen, bedarf nicht erst der Propagierung des Tourismus. Das Japan-Hotel mit Everest-View nimmt noch keine Komfort-Touristen für 55 Dollar mit Badewannen-Ausblick auf die Weltrekord-Gipfel auf, auch keine Bergsteiger; es ist noch nicht eingerichtet. Unsere Bergsteigergruppe in das Solo-Khumbu-Gebiet (Everest), 15 Mann stark, erhielt freundlicherweise einige wenige Dosen Bier. Die Bedienung nahm kein Trinkgeld an. Es gibt keine Verpflegung, kein bewohnbares Zimmer (April/Mai 1972). Der Hubschrauber-Landeplatz ist im Bau begriffen, ein Dutzend Eingeborene bearbeiten mit primitivem Werkzeug das felsige Gelände. Wer zu dem Hotel will. muß von Katmandu aus rund 14 Tage steigen, bergauf und -ab, von Lukla aus drei Tage. Ludwigsburg (Bad.-Württ.) FRANZ HAUER Vielleicht ist der SPIEGEL wieder wie schon so oft -- an der Bereicherung der deutschen Sprache beteiligt. Beim Auftraggeber ARTU Studenten- und Jugendreisen Berlin. kannte niemand die Bedeutung von »wuckern«. Unser Ureinwohnermitarbeiter hat's aufgebracht. Nur konnte er nicht sagen, ob ihm »wuckern« in der Tanzkneipe um die Ecke mal ins Ohr kam, oder ob er das Arm-in-Arm-im-Kreise-Drehen als, na eben als »gewuckent« empfand. Wissen Sie mehr darüber? Berlin JAN COSTIMA Musikdampfer zur Kontaktpflege oder gesellige Spiele der Erwachsenen reichen nicht aus, um das Geselligkeitsbedürfnis oder die Sehnsucht nach dem menschlicheren Leben im Urlaub zu befriedigen, wenn die Menschen nicht zusammenpassen. Dieses Problem der menschlichen Kontaktbegehr im Urlaub könnte durch die Technik gelöst werden, und zwar durch den Computer, der, durch entsprechende Dateneingaben, Urlauber mit gleicher oder ähnlicher Denkungsart, Interessen und Neigungen zu Reisegruppen zusammenstellt. Wiesbaden URSULA DUTI Ein, meines Erachtens, sehr wichtiger Punkt ist in ihren Überlegungen zu »Urlaub 72« nicht angeklungen. Es ist von sekundärer Bedeutung, ob Exotikrour, Stella-Maris oder Urlaub in der Arktis gewählt wird. Ausschlaggebend ist nur die Tatsache, ob der Gast möglichst schnell eine Umgebung findet, an der er seine Aggressionen ableiten kann. Daß sich hierfür besonders gut Gemüt und Mentalität der Bayern eignet, läßt wohl nicht zuletzt den großen Erfolg von Inzell und Ruhpolding erklären. Ruhpolphing (Bayern) MATTHIAS WÖRNLE",https://www.spiegel.de/politik/zu-hause-bleiben-a-85badd6c-0002-0001-0000-000042920111?context=issue,,8,1972,August,958,6956,True,True,1972,1970s,1970-74
1972,34,87,1972-08-13,Briefe,Reden Lassen,,"(Nr. 30/1972, Hochschulen) Es gibt nur eines, was noch schlimmer ist als unsere »Tollhaus-Universitäten« (um Alexander Schwan einmal mehr zu zitieren): Dies ist die Oberflächlichkeit. Leichtfertigkeit und mangelnde Sachkenntnis, mit der die Presse diesen Problemkreis behandelt. Ich will nur eines Ihrer Statements aus eigener Kenntnis etwas unter die Lupe nehmen: »in Konstanz kämpft Professor Gerhard Hess um das von seiner Universität entwickelte Mitbestimmungsmodell, welches CDU-Kultusminister Hahn rückgängig machen möchte.« Das ist richtig. Und zu diesem Satz gelangt man, wenn man ins SPIEGEL-Archiv geht, sich vorn dortigen Computer alle Pressetitel mit dem Stichwort »Konstanz« heraussuchen läßt und daraus das arithmetische Meinungsmittel nimmt. Dahinter steckt dies: Der demissionierte Gründungsrektor von Konstanz, Gerhard Hess, hat in langen Jahren als auf Lebenszeit bestellter, nahezu omnikompetenter Quasi-Präsident der »Reform-Universität« keine Grundordnung durchgesetzt, sondern jedermann -- vom Student bis zum Professor, mich inbegriffen -- in seinen Freiräumen angenehm dahinleben und daherreden lassen. Er hat sich und anderen Rechenschaft verweigert über seine Reformleistung im Zeichen des »Gut Ding will Weile haben«. Er hat Provisorien zu Gewohnheiten werden lassen und zeitliche Privilegien (Konstanzer Ausnahmeparagraphen im Landeshochschulgesetz) für ewige Rechte genommen. Mit »Leben und leben lassen« allein ist jedoch noch keine Reform gemacht. Die Frist ist nun ungenutzt verstrichen, die »ruhigste Universität aller Zeiten« -- Konstanz -- lehrt uns einmal mehr, daß eben nicht Ruhe erste Bürgerpflicht ist. Hess hat -- bewußt oder unbewußt -- sich davon leiten lassen, daß eine Universität ohne definitive Grundordnung von einem entsprechend bevollmächtigten Rektor-Präsidenten leichter zu regieren ist als mit Grundordnung. Wo Sie uns schon Herrn Hahn als Kultusminister nicht ersparen können, denn er ist vom Volke gewählt, ersparen Sie uns wenigstens Herrn Hess als »Märtyrer der Hochschulreform«. Konstanz PROFESSOR DR. P. HEMMERICH",https://www.spiegel.de/politik/reden-lassen-a-22749e3c-0002-0001-0000-000042854192?context=issue,,8,1972,August,280,2072,True,True,1972,1970s,1970-74
1972,41,87,1972-10-01,Briefe,Umweltverschmutzung,,"(Nr. 40/1972, SPIEGEL-Titel: »Wahlkampf um die letzte Stimme"") Das in Ihrer Bildunterschrift dem Bundestagspräsidenten zugeschriebene Wort: »Wir müssen jetzt durch Berge von Scheiße« stammt natürlich nicht von Kai-Uwe von Hassel. Wie dem Text des betreffenden Artikels zu entnehmen ist, soll es von dem Ministerpräsidenten des Landes Nordrhein-Westfalen, Kühn, geprägt worden sein. Daß hier, zumindest beim flüchtigen Leser, der Eindruck entstehen konnte, als handele es sich um ein Von-Hassel-Zitat, dafür fehlt wohl nicht nur dem Bundestagspräsidenten jedes Verständnis. Zu allem Überfluß legte der Sternchen-Hinweis zur Bildunterschrift auch noch die abenteuerliche Schlußfolgerung nahe, diese »anrüchige« Formulierung sei ausgerechnet in der Ansprache des Präsidenten zur Verabschiedung des Vi. Deutschen Bundestages enthalten gewesen. Die Frage, wie so etwas passieren konnte, bedarf unter diesen Umständen doch wohl dringend einer Antwort. Bonn HARALD 0. HERMANN Presse- und Informationszentrum des Deutschen Bundestages Der SPIEGEL bedauert, daß ein falscher Eindruck entstehen konnte. -- Red. Ich bin Katholik, wohne in einem Barzel-Wahlkreis, gehe jeden Sonntag in die Kirche. glaube an die Unsterblichkeit und wähle deshalb SPD. Wiedenbrück (Nrdrh.-Westf.) LUDWIG BAXTEN Die Hosen sind runter: Schönen Dank für die Veröffentlichung der Brandt-Drohung, alles kaputtzumachen, wenn CDU/CSU die Wahl gewinnen. Die Neugierde ist fatal, aber jetzt möchte man den Akt erleben und wählt CDU. Hamburg WTNFRIED KEMPKA Wer kirchlich ist, wählt CDU, wer christlich ist, wählt die anderen. Der Unterschied ist -- leider -- größer, als du denkst. Hamburg HELMUT HILMER »Hier in diesem Hohen Hause«, so tönte es dieser Tage wieder aus Bonn. Der Bundestag hatte Bundesschlußverkauf. Und die CDU hat sich im letzten Jahr mit Ramschware aus FDP und SPD fleißig eingedeckt. Stößt die CDU beim nächsten Bundesschlußverkauf diese Ramschware wieder ab? Heimbach (Nrdrh.-westf.) JOHANN LOTZ Der 6. Deutsche Bundestag ist nun abgewürgt. Viele Minenleger waren dabei an der Arbeit. Die Art, wie unter anderem Franz Josef Strauß gegen den Bundeskanzler, immerhin Nobelpreisträger. zu Felde zog, war reine politische Umweltverschmutzung. Dieser rüde Ton mag unter Viehhändlern üblich sein, im sogenannten Hohen Hause hat er jedenfalls nichts zu suchen. Ein solch übles Vorbild verdirbt die guten Sitten bis herab zu dem kleinen Mann von der Straße. Leider besitzen viele unserer Politiker nicht die wahre Reife zur Demokratie. Sie glauben, sich mit einer Art Haßpsychose gegen den politischen Gegner durchsetzen zu müssen. Wie lange dürfen unter diesen makabren Umständen die CDU/CSU den christlichen Namen noch mißbrauchen? Schwabach (Bayern) HEINRICH ENGELHARDT Im letzten SPIEGEL wird auf Seite 44 eine Karikatur der »SZ« (Murschetz: Eastern Rider) veröffentlicht. Im Text dazu heißt es, die »SPD-Baracke« streue diese Karikatur als Poster in hoher Auflage unters junge Wählervolk. Dies ist insofern unrichtig, als die »SZ« diese Karikatur der SPD nicht zur Verwendung im Wahlkampf freigab. Wir mußten dies aus prinzipiellen Erwägungen ablehnen; auch anderen Parteien wurden ähnliche Anfragen negativ beantwortet. München DR. HANS HEIGERT Chefredakteur der »Süddeutschen Zeitung« Sie reden wie Weise, mal laut und mal leise. sie geben uns Futter, wie ein Computer. den Alten die Renten. das Recht den Studenten, dem Arbeiter den Wohlstand, dem Bauer den Beistand. Wähl' ich den Brandt oder wähl' ich den Strauß, wähl ich den Walter oder halt ich mich raus? Denn recht haben sie alle. das ist mir klar; doch was ist gelogen und was ist hier wahr? Leverkusen MARIA PAUS",https://www.spiegel.de/politik/umweltverschmutzung-a-c49d212d-0002-0001-0000-000042805223?context=issue,,10,1972,October,533,3653,True,True,1972,1970s,1970-74
1972,46,88,1972-11-05,Briefe,Informationszentralisten,,"(Nr. 44/1972, Bundeskriminalamt) Bei meinem Amtsantritt waren die Voraussetzungen für eine moderne Entwicklung des Bundeskriminalamtes bereits geschaffen. Mein bajuwarischer Kraftspruch »Sauladen«. der in anderem Zusammenhang fiel, bezog sich daher weder auf den Zeitpunkt meiner Amtsübernahme noch auf Personen. Meinem Amtsvorgänger Präsident Dickkopf, den leitenden Beamten wie allen Bediensteten des Amtes ist es zu verdanken. daß die von Bundesinnenminister Genscher eröffneten Möglichkeiten zielstrebig genutzt und besonders in die Richtung einer funktionierenden Datenverarbeitung gelenkt wurden. Der Artikel, durch »Äußerungen« belegt, erzeugt den Eindruck. als würde eine Art Bundeskriminalpolizei unter Leitung von »Zentralisten« erstrebt. Um diesen Eindruck zurechtzurücken. seien die Wesensunterschiede zwischen polizeilicher Organisation und Information erneut hervorgehoben. Organisieren heißt, richtige örtliche und sachliche Grenzen ziehen. Niemand kann ins Grenzenlose organisieren. Angesichts der rasch wachsenden Komplizierung der gesellschaftlichen Beziehungskreise -- von denen die Arbeit der Polizei wesentliche Teile widerspiegelt verbietet es sich immer mehr, entstehende Probleme von einem zentralen Punkt aus übersehen oder gar lenken zu wollen. Deshalb ist die föderale Polizeiorganisation grundsätzlich richtig. Innerhalb dieser Grenzziehungen scheint jedoch eine Anerkennung polizeigeographischer und kriminalgeographischer Realitäten, das heißt eine weitere Dezentralisierung in Regionen. nötig. Nur auf diese Weise werden Bürgernähe. Transparenz der Organisation, ihre demokratische Kontrolle an der Basis, eine weitgehende Verantwortungsdelegation und Autonomie. verbunden mit der lebensnotwendigen hohen Entscheidungsgeschwindigkeit und den sie bedingenden kurzen Instanzenwegen, möglich. Die Information hingegen behebt die Nachteile. die in der Grenzziehung der Organisation liegen, indem sie diese Grenzen überschreitet und die drohende Abkapselung überwindet. Ihr Wesen besteht grundsätzlich darin, daß sie grenzenlos ist. Niemand bestreitet mehr, daß es zur Bekämpfung der wachsenden Mobilität der Kriminalität in der Bundesrepublik (tendenziell: weniger, jünger und mobiler werdende Täter begehen mehr Straftaten) einer polizeilichen Informations- und Kommunikationszentrale bedarf. Wenn das Bundeskriminalamt diese Rolle erfüllen soll, so muß es befähigt werden, nach Berücksichtigung der Bedürfnisse aller Beteiligten und deren erschöpfender Konsultation über letztlich verbleibende Widersprüche durch verbindliche Normsetzung abschließend zu entscheiden. Nur so lassen sich die dringend benötigten Grundmuster eines Informationsverbundes schaffen, in dem jeder Beteiligte im wahrsten Wortsinne grenzenlos beim anderen Beteiligten nach einheitlichen Erfassungs-, Verarbeitungs- und Transportkonventionen die benötigten Informationen abrufen kann. Die Formel zweckmäßiger Gestaltung muß daher lauten: Dezentralisation der Organisation -- Zentralisation der Information. Oder anders gesagt: Wir sind verpflichtet, »Informationszentralisten« zu sein. Wiesbaden DR. HEROLD Präsident des Bundeskriminalamts",https://www.spiegel.de/politik/informationszentralisten-a-9a910781-0002-0001-0000-000042764992?context=issue,,11,1972,November,370,3141,True,True,1972,1970s,1970-74
1972,46,89,1972-11-05,Briefe,Sichtbare Zeichen,,"(Nr. 44/1972, Nobelpreis) Nach dem Friedensnobelpreis für Willy Brandt das nächste Schelmenstück der Sozialistischen Internationale, um in Westdeutschland den Sozialismus an die Macht zu nobeln! Schamlose Wahlhilfe für die SPD! So oder ähnlich klang es bereits in deutschen Landen und wird es in den nächsten Tagen weiterklingen. denn es ist Wahlkampf. In Hamburg sieht man Axel Springer zu sich selbst beten und fragen, wann die Nobelkomitees in Oslo oder Stockholm endlich auf ihn und seine »Bild«-Zeitung aufmerksam werden. Koblenz KARL-HEINZ PICKEL Warum immer soviel Meckerei. wenn ein Deutscher mal in den Vorzug einer Nobelauszeichnung gelangt? Man hat den Eindruck, daß die Politik den literarischen Wert ausmacht! Literarische Kritik wäre wohl besser am Platz. Stockholm DETTLEFF HEINEMANN Ich bin der Überzeugung, daß die Nobelpreis-Kommission -- obwohl sie ein überparteiliches Gremium ist -- in ihrer Entscheidung bei der Verleihung der Nobelpreise sich nicht freimachen kann und auch nicht freimachen sollte von allgemeinpolitischen Einflüssen und Ereignissen im Weltgeschehen. Die Verleihung eines Nobelpreises ist somit ein weithin sichtbares Zeichen. Und das ist gut so. München MATHIAS SOMMERFELD Die Äußerungen des Franz Josef Strauß zur Verleihung des Literatur-Nobelpreises an Heinrich Böll befremden mich sehr. Sie sind wohl in einem Anfall geistiger Disziplinlosigkeit entstanden, die wiederum auf einen unbeschreiblichen Neid zurückzuführen ist. Bad Kissingen (Bayern) NORBERT PAULUS Einer Teilauflage dieser SPIEGEL-Ausgabe ist eine Postkarte der Sanyo Elektronik-Rechner Deutschland, München, beigeklebt. Die Redaktion des SPIEGEL behält sich vor, Leserbriefe gekürzt zu veröffentlichen",https://www.spiegel.de/politik/sichtbare-zeichen-a-ed963717-0002-0001-0000-000042764993?context=issue,,11,1972,November,235,1711,True,True,1972,1970s,1970-74
1972,49,94,1972-11-26,Briefe,Angebot Und Nachfrage,,"(Nr. 47/1972, SPIEGEL-Report über den Bauer-Verlag) Wenn man auch über die gelungene SPIEGEL-Darstellung des Sex-Politik-Mischmaschs von »Quick« und »Praline« noch lachen kann, so sollte die Tendenz doch bedenklich stimmen. Es steht schlecht um das bundesdeutsche Informationswesen, wenn großen Teilen der Bevölkerung mit subtilen Verdummungsmethoden objektiv überhaupt nicht vorhandene Bedürfnisse einsuggeriert werden, die sie dann mit Hilfe der Industrieprodukte, die gleich auf der nebenstehenden Seite der Illustrierten angeboten werden, zu befriedigen glauben. Die Frage, ob bei einer derartigen Verschmelzung von Industrie und Presse eine reale Informationsmöglichkeit noch gegeben ist, kann wohl gleich mit »Nein« beantwortet werden. Wehrda (Hessen) SUSANNE PRIES Fürwahr, ein kalter Bauer. Berlin HANS-DIRK ALBU Bauers Busen-Blätter sollten sich darauf beschränken, Politiker nach bewährter Verlagsart zu charakterisieren. Beispiel: Wirklich! Dieser Barzel ist ein richtig potenter Mensch! Husum (Schl.-Holst.) HARTMUT KRAUSE Verlag Bauer und SPIEGEL arbeiten zusammen. Verlag Bauer heizt mit seinen Sex-Zeitschriften ein. Der SPIEGEL setzt sich für die Beseitigung der Folgen (Paragraph 218) ein. München LUDWIG JÄGER Ich habe mich schon immer gefragt, wie es möglich ist, daß die CDU/CSU die 40-Prozent-Hürde überspringen kann. Der »Bauer-Artikel« macht es klar. Von den 40 Millionen »Wie sie die Menschen brauchen« -Blätter-Lesern lassen sich wohl etliche an der Nase herumführen. Der Weg vom schmierigen Presseerzeugnis zum öligen Barzel ist ja auch wirklich nicht sehr weit. Rodenkirchen (Nrdrh.-Westf.) GERHARD DIEFENTHALER Man kann Ihnen zweifellos nicht das Talent absprechen, gefühlsbetonte Bosheiten geschickt mit Tatsachen vermengt zu servieren! Glauben Sie nicht auch, daß es für die journalistischen und menschlichen Qualitäten Herrn van Nouhuys' vollkommen belanglos ist, ob er Salat mit Kaviar ißt und in Louis-quinze-Möbeln lebt? Bei dem durchschnittlichen Leser müssen durch solche Bemerkungen zwangsläufig die Gefühle von Neid und Eifersucht geweckt werden, und nicht nur das! Die Darstellung eines im »Überfluß« lebenden Herrn van Nouhuys mit Adressenangabe kann ihn sehr leicht in die Lage bringen, seine Familie und sein Eigentum vor kriminellen Elementen schützen zu müssen. Sie bringen mit so was nicht nur Herrn van Nouhuys, sondern auch den deutschen Journalismus in Mißkredit! Einem Mann, der die Fähigkeit hat, Artikel ohne Skript in den Fernschreiber zu »klappern«, kann wohl kaum ein überdurchschnittliches Talent abgesprochen werden. Wäre Herr van Nouhuys amerikanischer Staatsbürger, wäre er längst für den Pulitzerpreis nominiert worden! München DR. PETER LESLEY Es ist wichtig zu wissen und aufschlußreich. daß die Schmutz- und Schundliteratur des Bauer-Verlages vorwiegend von SPD-Anhängern gelesen wird. Wildbad (Bad.-Württ.) FRIEDR. K. MÜLLER Neue Form (Nr. 47/1972, Fernsehen) Niemand verlangt von einem Journalisten, daß er sich im Detail an Ereignisse erinnert, die längst Vergangenheit sind; zu diesem Zweck werden Archive unterhalten. Ihr Mainzer Mitarbeiter aber hat sich bei seiner Nachlese der Wahlnacht 1969 offenbar nicht auf das SPIEGEL-Archiv, sondern auf windige Informationsquellen gestützt. Die Tatsache, daß 1969 »wie beider ARD« so »auch bei der ZDF-Hochrechnung mehrere Stunden lang die CDU/CSU überrepräsentiert, die SPD unterrepräsentiert« waren (SPIEGEL 41/1969), wird jetzt nach drei Jahren zur »ARD-Schlappe« umfunktioniert, während das ZDF angeblich bereits gegen 19 Uhr »einen Trend zur sozial-liberalen Koalition signalisiert« habe. Fehler, die den »Hochrechnungs-Experten beider TV-Anstalten« unterlaufen waren und die nur deswegen zu voreiliger Siegesstimmung bei der CDU/CSU geführt hatten, weil »die gleichen Zufallsabweichungen in derselben Wahlnacht« unabhängig voneinander bei beiden Anstalten aufgetreten waren (SPIEGEL 41/1969), werden nun im SPIEGEL 1972 50 dargestellt, als ob die Fehler von damals allein auf einen Eingabe-Irrtum beim Infas-Computer zurückzuführen wären. Hier noch einmal die Fakten: Die gegen 19 Uhr von beiden Fernsehanstalten ausgestrahlten Hochrechnungen wichen mit einem maximalen Fehler von 1,7 (ZDF) beziehungsweise von 1,6 Prozent (ARD) vom Endergebnis ab. Trotz eines Eingabefehlers war die ARD-Hochrechnung also nicht nur nicht schlechter, sondern sogar noch um einen Bruchteil weniger ungenau als die des ZDF. Am 19. November hat sich gezeigt, was die neue Form der ARD-Wahlberichterstattung zu leisten vermag. Bonn-Bad Godesberg AXEL R. BUNZ Infas-Pressesprecher Bunz zitiert den SPIEGEL nicht vollständig. »Das ZDF deutete«, so schrieben wir auch 1969, »schon vor 20 Uhr die Möglichkeit einer SPD/FDP-Koalition an.« Denn laut »Arbeitsgruppe Wahlen« an der Mannheimer Universität hatte das ZDF um 18.56 Uhr für Sozialliberale und Christdemokraten je 47 Prozent und einen Trend zugunsten der SPD/FDP vorausgesagt, während der ARD-Computer um 19.03 Uhr die CDU/CSU mit 1,3 Prozent in Führung sah -- dank der versehentlichen Einfütterung eines CDU- anstelle eines SPD-Stimmbezirks. Mit »ARD-Schlappe« war auch gemeint: Das ZDF brachte als erster Sender eine Hochrechnung und harte mehr Zuschauer als die ARD. -- Red.",https://www.spiegel.de/politik/angebot-und-nachfrage-a-134f1751-0002-0001-0000-000042762952?context=issue,,11,1972,November,719,5225,True,True,1972,1970s,1970-74
1972,51,90,1972-12-10,Briefe,"Multa, Diwa",,"(Nr. 47/1972, Elektronik) Unter der Überschrift »Gleitendes Komma« werden japanische und amerikanische Rechnerfirmen zitiert. Der Artikel erweckt den Eindruck, daß nur Elektronikrechner aus dem Fernen Osten oder aus den USA auf dem deutschen Markt eine Rolle spielen. So kann man beispielsweise lesen, daß mehr als ein Dutzend Firmen fast ausnahmslos aus dem Ausland um die Rechenlust der Deutschen wirbt. Die »Walther Büromaschinen GmbH« produziert seit Ende 1969 selbstentwickelte elektronische Rechenmaschinen vom Überallrechner für Netz und Batterie bis zum druckenden elektronischen Rechenautomaten mit mehreren Speicherwerken. Wir haben in den letzten Monaten unsere Absatzbemühungen bei den Kundenkreisen forciert, die jahrelang unsere weltbekannten elektromechanischen Rechenmaschinen Comptess, Multa 32, Multa GT und Diwa 32 gekauft haben. Sie können sich vorstellen, daß wir natürlich etwas überrascht sind, daß der SPIEGEL nur über die ausländischen Mitbewerber berichtet und mit keinem Satz erwähnt, daß auch deutsche Hersteller elektronische Rechenmaschinen anbieten, die absolut wettbewerbsfähig sind. Niederstotzingen (Bad-Württ.) WALTHER BÜROMASCHINEN GMBH",https://www.spiegel.de/politik/multa-diwa-a-7c7f9568-0002-0001-0000-000042762612?context=issue,,12,1972,December,152,1172,True,True,1972,1970s,1970-74
1972,52,91,1972-12-17,Briefe,Dialektische Sozialisten,,"(Nr. 49 19/2, Philosophie) Wenn in dem Artikel »Apos Erben« der Professor Josef Schleifstein, dessen Institut ein von Fälschungen und Verzerrungen strotzendes Pamphlet eines DDR -Funktionärs gegen mich herausgebracht hat Harald Wessel, Philosophie des Stückwerks. Eine Auseinandersetzung mit dem neupositivistischen »kritischen Rationalismus« -, als mein Verbündeter hingestellt wird, so ist das etwa ebenso richtig, wie wenn man die Partei Ihres Herausgebers Rudolf Augstein als Verbündete der DKP ausgeben würde. Zu dieser Sicht der Dinge kann man ihnen nur gratulieren, ganz abgesehen davon, daß Sie offenbar immer noch dem Positivismus-Klischee verhaftet sind, von dem inzwischen sogar die Frankfurter Schule abgegangen zu sein scheint. Mannheim PROFESSOR DR. HANS ALBERT Bei den Beratungen über die Besetzung einer Professur. auf die Sie sich beziehen, ist von keiner Seite -- auch nicht von den studentischen Vertretern -- der Gesichtspunkt »Adornos Lehrstuhl« in die Debatte gebracht worden. Die Kontroversen um eine Berufung Hans Alberts nach Frankfurt wurden in der Fachbereichskonferenz vorwiegend mit allgemein wissenschafts- und fachbereichspolitischen Argumenten ausgetragen: sie haben mit der Frage, was aus der »Frankfurter Schule« werden soll, oder gar mit dem Schema »Rechts gegen Links« nichts zu tun. Wie Sie selbst bemerkt haben, paßt auch der von der Gegenpartei favorisierte Rüdiger Bubner nicht in ein solches Schema. Zu dieser Gruppe gehörten übrigens auch Professoren und Vertreter des Mittelbaus. Für die Kontinuität dessen, was andernorts »Frankfurter Schule« genannt wird, ist durch die Berufung von Alfred Schmidt gesorgt: somit ist dies nur noch für den »Teil der Presse ein Thema, der nicht rechtzeitig von eingefahrenen Klischees der Universitätspolitik loskommt, Frankfurt PROF DR. H. SCHNÄDELBACH Prodekan 1. Jede Theorie wird nur durch stichhaltige Argumente widerlegt. Ob sie institutionell oder personell an Hochschulen vertreten wird, ist für ihren Wahrheitsgehalt völlig irrelevant. Sie ist auch nicht widerlegt, wenn sie vergessen wird. Adorno selbst hat die These vertreten, Philosophiegeschichte sei nur allzuoft ein bloßes Vergessen und späteres Wieder-Erinnern von Problemen gewesen und selten genug eine kritische echte Auseinandersetzung. 2. Horkheimer und Adorno mußten nach der Erfahrung des Nationalsozialismus Marx' Glauben aufgeben. Unterdrückung. Verfolgung und Knechtung könnten Menschen zur revolutionären Emanzipation prädestinieren. Im Gegensatz zu Marx hat sich Nietzsche niemals Illusionen über die Verwüstungen und die Entmenschlichung gemacht, die Unterdrückung gerade auch in ihren Opfern anrichtet. (Das ist natürlich ein weiteres Argument gegen Unterdrückung: aber auch ein kritischer Einwand gegen jene »dialektischen Sozialisten«. die da meinten, gerade die Knute des brutalsten Faschismus werde das Proletariat zur sozialistischen Revolution zwingen.) Horkheimer und Adorno haben deshalb die kritischen Einsichten der »reaktionären Irrationalisten« de Sade, Schopenhauer, Nietzsche und Freud endlich für den Marxismus aufgearbeitet. 3. Adorno war viel zu informiert, um nicht das Unheil zu kennen, das im Namen irgendeines »positiven« Absoluten angerichtet worden ist. Jede Untat. die die Nazis verübten, habe sich moralisch herausputzen können, schrieb er in seiner Studie über das »Engagement«. Nicht zuletzt die Reflexion darauf, daß im Namen des Absoluten und »höchster Werte« die brutalste Rebarbarisierung herrschen konnte, motivierte bei Adorno das, was Schwachköpfe »negative Theologie« nennen: Das »Bilderverbot« und die Forderung nach »bestimmter Negation«. Damit ist gemeint: Mißstände sind konkret zu benennen und praktisch abzuschaffen -- ohne daß man dabei mit dem Anspruch, das Absolute zu kennen und selber zu vertreten, handeln darf. Adorno war keineswegs praxisfeindlich; er hatte aber im Gegensatz zu Brückner Kritikfähigkeit genug, um pseudorevolutionäres Ab. gleiten in Kriminalität nicht mit realer Befreiung zu verwechseln. Wer Adorno einen »bloßen Theoretiker« nennt, überführt seine Urteilsfähigkeit progredierender Idiotisierung: Nichts brauchen wir so sehr wie eine adäquate kritische Theorie des modernen Kapitalismus. 4. Adorno hat stets eine Philosophie der Hoffnung und der Trauer vertreten. Natürlich hat sein Reflektieren auf das Leiden und Auschwitz stets die Anfeindungen der braven Turnvater-Jahn-Sozialisten provoziert. Aber deren Stupidität löst nicht die drückende Frage, ob nach so vielem Leiden Glück noch möglich ist. 5. Kritisch bleibt gegen Adorno zu sagen: Er war wie Marx leider Hegelianer. In seiner Polemik gegen den »Positivismus« hat er stets eine erkenntnistheoretische Maxime mit einem moralischen Postulat verwechselt. Marx große Genieleistung war die Entdeckung der Produktivkräfte und ihrer Bedeutung für die gesellschaftliche Dynamik. Dialektik war für ihn das einzig vorhandene Begriffsnetz, mit dem er die von ihm entdeckten Wechselwirkungen ausdrücken konnte. Heute bietet oft die Kybernetik schon bessere Denkmodelle' ohne daß damit Marx widerlegt würde. Leider tun aber Marxisten oft genug so. als käme man nur mit Hegels Abstrusitäten in den Himmel, mit der Akzeptierung mathematisch-positivistischer Logik aber ins Konzentrationslager. Sancta simplicitas! Zum Teufel doch mit der Hegelei! 6. In Wahrheit ist der Positivismusstreit ein verkappter Streit um Ethik. Fr wird geführt, weil die Philosophen in der Nachfolge Kants von der Angst befallen sind, daß auch Metaphysikwerke als Wissenschaft« auftreten müssen. Gerade die Naturwissenschaftler kennen heute die Zukunft der Philosophie oft besser als ihre kleinmütigen Fachgelehrten aus Sprachphilosophie, Logik, Ethik Ästhetik und Rechtsphilosophie. Der »kritische Rationalist« Albert -- -- kein Positivist! -- kann bei dieser Auseinandersetzung, deren Wichtigkeit er kennt, von den profunden Analysen Adornos einen für uns alle wichtigen Nutzen haben. Frankfurt HERBERT WILLIG",https://www.spiegel.de/politik/dialektische-sozialisten-a-45173d7f-0002-0001-0000-000042787278?context=issue,,12,1972,December,816,5958,True,True,1972,1970s,1970-74
1972,53,75,1972-12-24,Briefe,Geburtenplanung,,"(Nr. 50/1972, Schüler) in dem Artikel kam ein erfreuliches Engagement des SPIEGEL für die Arbeit der Schulpsychologen zum Ausdruck. Das begrüße ich sehr. Leider neigen engagierte Leute dazu, »Kleinigkeiten« zu übersehen oder zugunsten der Schlagkraft ihrer Argumente zu vergröbern und Leute vergröbert zu zitieren. So erging es mir bei Ihrer zusammenfassenden Interpretation meines Beitrags in dem Buch »Der Auftrag der Schulpsychologie für die Schule von morgen«. Deshalb möchte ich betonen, daß es der deutschen Schule nach meiner Meinung trotz der häufig zu Recht beschworenen Schulmisere in der Regel durchaus gelingt, auch gute Begabungen weiterzuentwickeln, soweit sie in das Erwartungsschema der Schule passen. Ebenfalls gibt man sich redlich Mühe, Begabungsmängel auszugleichen. Diese Erfolge der Schule wären sicher durch Schaffung besserer Umstände für Schüler, Lehrer und Eltern erheblich zu steigern (zu einem Teil beispielsweise durch Verbesserung der schulpsychologischen Betreuung). Allerdings ist die Schule nur zu oft für solche Kinder eine Tortur, ein »Prokrustes-Betr, deren Initiativen, Bestrebungen, Kenntnisse, Fertigkeiten, deren Arbeits- und Sozialverhalten sowie deren Leistungsakzent dem Erwartungsschema der »Mittelklassen-Schule« nicht entsprechen. Hier ist eine Vermittlung nötig, solange die Schule Anpassung zuerst von den Kindern erwartet und nicht von sich selbst. Hamhurg OTTO RÖNNER Schulpsychologe Leiter der Dienststelle Schülerhilfe Als es 1945 darum ging, im Rahmen einer Rechtschreibereform die »gemäßigte Kleinschreibung« einzuführen (alles würde dann kleingeschrieben außer den Satzanfängen und Eigennamen), scheiterte das nicht zuletzt an dem erbitterten Widerstand der Druckereien und Verleger. Die Sache hätte zwar den Schulkindern (und ihren Lehrern) erhebliche Erleichterungen, den Druckereien aber Kosten verursacht. Statt dessen wurde die Ganzwortmethode auf den Schild gehoben; und so konnte man an neuen Lehrbüchern und Lehrmitteln gut verdienen. Was machte es schon, daß die Zahl der angeblichen Legastheniker immer mehr anstieg! Für diese konnte man zusätzliche Bücher drucken, Kurse einrichten und dergleichen meint. Inzwischen wurde nun aber die »Mathematik auf der Grundschule«, die Mengenlehre, eingeführt. Scharen von Eltern und Lehrern müssen auf diese neue Methode umgeschult werden. Mehr als 350 (!) Bücher sind allein auf diesem Sektor erschienen, und sie sind teuer. Noch teurer sind die zusätzlich benötigten Lehr- und Lernmittel. Während wir heute auf den Oberstufen aller Schulen eine große Zahl von Schülerinnen und Schülern haben, die nicht lesen können, von ihrer Rechtschreibung ganz zu schweigen!, werden wir es demnächst wohl auch mit jungen Menschen zu tun haben, die ohne Computer und Rechenmaschinen hilflos sind. Wer hat denn heute die Zeit und das Geld, sich so um seine schulpflichtigen Kinder zu kümmern und dafür sogar noch Kurse zu besuchen, daß diese wenigstens einigermaßen auf den Schulen mitkommen können? Es ist eben alles ein Geschäft! Chancengleichheit? Der olle Pestalozzi rotiert bereits in seinem Grabe! Harriehausen (Nieders.) KURT GERHARD Hat sich denn einer dieser Herren überhaupt schon einmal überlegt, daß man im umgekehrten Blickwinkel, nämlich aus der Sicht des Kindes, durchaus zu der Feststellung kommen könnte, daß neun Zehntel aller volljährigen Personen sich eines groben, fast verbrecherischen Fehlverhaltens gegenüber unseren noch »unmündigen« Mitbürgern schuldig machen? Allen voran die Schulbehörden, die alles daran setzten, den bei ihnen »dienstverpflichteten Bürgern mit beschränkter Freiheit« ein Maximum an sogenanntem Elementarwissen aufzunötigen, die uns weismachen wollen, daß Kinder heute möglichst schon im Vorschulalter auf Leistung getrimmt werden müssen, weil sie in bestimmten Lebensabschnitten besonders aufnahmefähig seien. Wann endlich hören wir auf, den Kindern schon im Kindergartenalter unsere Vorstellungen von Ertüchtigung und Vorbereitung auf das Leben aufzuzwingen. Wer gibt uns das Recht, einem Mitmenschen mehr an Lernstoff aufzudrängen, als dieser aus eigenem Interesse ab- beziehungsweise aufnehmen möchte. Das ist der Kern des ganzen sogenannten Schulproblems, das einen seiner grausamsten Gipfel darin hat, daß wir auch noch die Unverfrorenheit besitzen, die infiltrierte Leistung zu messen und zu bewerten, und mit dieser höchst zweifelhaften und subjektiven Messung Zwänge, Ängste und Neurosen erzeugen. Freudental (Bad.-Württ.) UTZ STAPPENBECK Bei der Lektüre fiel besonders der breite Raum auf, den Einzelfallbehandlung also Anpassungsprozesse an eine einmal funktionierende Lernmaschinerie -- für die Autoren und die befragten Kollegen einnimmt, Wie sehr sich einige Schulpsychologen als Disziplinierungsinstanz verstehen und die Grundübel bestehender Schulformen oder mangelhaft konzipierter neuer Systeme nur ungenügend sehen, zeigt sich in der Tendenz der Darstellung des Hauptarbeitsbereichs: Schulpsychologen »ordnen ... an, schicken in Heime oder Kliniken« und nennen die zur Beratung gemeldeten sogleich abwertend »Problemkinder«. Durch diese geschickte Art, die Gesamtproblematik auf eine große Anzahl von Einzelproblematiken zu reduzieren, bleibt das Ganze ganz schön richtig; man führt zwar soziale Gründe irgendwo als Ursachen des »Fehlverhaltens« und der »neurotischen Störungen« an, aber so entschuldigend lieb, daß ja keiner auf die Idee kommen muß, seine eigene Rolle und seinen Beitrag zu dieser Misere eines weitverbreiteten, unglücklichen und belastenden Schulapparates zu reflektieren. München HANS LENHARD Dipl.-Psych. Unsere Schulklassen platzen bald aus allen Nähten, es mangelt an Lehrern, an Erziehern, an »Psychologen«, an Kinderhorten und so weiter und so weiter. Wie wär""s denn, wenn man auch einmal bei uns die Überlegung anstellen würde: Geburtenplanung oder Geburtenförderung? Oder ... hat man Angst, das deutsche Volk stirbt aus? Berlin KARL BERNARD",https://www.spiegel.de/politik/geburtenplanung-a-d8594455-0002-0001-0000-000042762739?context=issue,,12,1972,December,810,5923,True,True,1972,1970s,1970-74
1973,27,73,1973-07-01,Briefe,Krankheit Aus Dem Zylinder,,"(Nr. 24 und 25 1973, Fluglotsen, und SPIEGEL-Gespräch mit dem Verkehrsminister Lauritzen) Unter Kaufleuten und manchen Unternehmern herrscht heute noch sehr verbreitet der Ausspruch: Techniker kauft man und wirft sie wieder weg! -- Das letztere kann man »leider im Falle der Flugleiter nicht tun, das ist eben die bedauernswerte Lage der anderen Seite. Aus anderen Meldungen wissen wir, daß die Techniker und Naturwissenschaftler aus ihrem Dornröschenschlaf erwachen und ihre standespolitische Stellung in der Gesellschaft unter die eigene Gestaltung nehmen. Um Herrn Minister Lauritzen zu zitieren: »Wir sind munter dabei, uns zu wehren!« Essen DR. RER. NAT G. ERNST Hier versuchen einige, ihr Spezialistenmonopol gegen das Wohl der Allgemeinheit auszuspielen. Die Anmaßung dieser Herren, die ja nicht gerade zu den sozial Schwachen gehören, kotzt einen an. Würden alle, denen im Berufsleben Streß abverlangt wird, streiken. dann hätten wir in Deutschland das totale Chaos. Beispiel. Würden alle, die in der Datenverarbeitung beschäftigt sind, streiken, so sind die Auswirkungen für die Allgemeinheit gar nicht übersehbar: nicht zuletzt bekämen die Fluglotsen keine Gehaltsüberweisung! Fazit: Eisern bleiben, Disziplinarmaßnahmen einleiten und keinen Pfennig Zulage; auch auf die Gefahr hin, alle Flugplätze temporär schließen zu müssen. Düsseldorf GERHARD EGGERT Als Betriebsrat im Gesamthafenbetrieb und ÖTV-Vertrauensmann kann ich den Fluglotsen nur meine Anerkennung zollen, wie sie versuchen, mit der Kraft ihrer Mittel eine von der Bundesregierung gegebene Zusage zu erzwingen. Hoffentlich ist diese Einigkeit einer Gruppe beispielgebend auch für uns Hafenarbeiter. wenn bei den Lohnverhandlungen zum Jahresende wieder der Kuhhandel beginnt, wo uns Betriebsräten und Mitgliedern der ÖTV wieder eine Statistenrolle zugedacht werden soll, um uns dann nach Abschluß mit salbungsvollen Worten mitzuteilen: »Kollegen, es lag nicht mehr drin!« Hamburg HARRY BENFELDT Mein oberster Dienstherr Lauritzen beklagt, daß wir verantwortungslosen Lotsen uns reihenweise krank melden und auch noch alle ein ärztliches Attest bekommen. Ich muß ihn korrigieren: Auf seine Initiative haben wir zwei bekommen, denn in den Fällen, wo Amtsärzte bemüht wurden, ist die vom Hausarzt bescheinigte Dienstunfähigkeit bestätigt oder sogar zeitlich verlängert worden. Peinlich, peinlich, denn es weist auf einen desolaten Gesundheitszustand bei den Fluglotsen hin, und dies, obwohl wir in Abständen von der Behörde zum Fliegerarzt zur Untersuchung geschickt werden. Kaum einer kehrt von dort zurück ohne den Hinweis auf irgendeine Unregelmäßigkeit im Gesundheitszustand, die dann behandelt werden kann. Das ist das Prinzip der Vorsorgeuntersuchung. Der Dienstherr kann uns also recht gut gesundheitlich überwachen. Er könnte dies aber noch besser, wenn er sich bei den Abständen zwischen zwei fliegerärztlichen Untersuchungen nicht auf sein Gutdünken verlassen, sondern die von der ICAO, der internationalen Zivilluftfahrtorganisation. in der auch die Bundesrepublik zahlendes Mitglied ist, erlassenen bindenden Vorschriften einhalten würde (ICAO Annex 1 Paragraph 1.2.5.1). Jetzt hat er den Salat. Seine Controller holen die Gebrechen aus dem Zylinder wie der Zauberkünstler die Kaninchen. Der Minister hat die Möglichkeit der besseren Kontrolle, aber er nutzt sie nicht. Man könnte ihm vorwerfen, er stecke mit uns unter einer Decke ... Frankfurt DIETRICH ENGELMANN Fluglotse Wenn die Arbeit, welche diese Herren ausüben, so stark zu Überlastungen führt, sollten schnellstens mehr Fluglotsen ausgebildet werden und eingestellt werden. Denn sonst verlieren wir die paar noch, die wir haben. wenn die Bundesregierung nicht schnell schaltet und ihnen die gewünschte Zulage gibt. Denn mit Geld ist scheinbar heutzutage alles käuflich: sogar Gesundheit! Hamburg MANFRED GOTTWALD Man sollte die Fluglotsen durch Lotsinnen ersetzen, da Frauen, wie man spätestens seit dem letzten Kriege weiß, im Fernmeldedienst besser arbeiten, reaktionsschneller sind und keine verantwortungslosen Aktionen unternehmen. z. Z. Saarbrücken FERDINAND WESTERNHAGEN Dienst nach Vorschrift bedeutet also, daß es nirgends klappt. Normalerweise klappt es aber, wenn man eben nicht nach Vorschrift arbeitet. Hat denn der Herr Minister nicht ein paar intelligente Leute an der Hand aus der freien Wirtschaft, die ihm in einer Woche neuere, modernere Vorschriften zusammenstellen. Die Unzahl der Vorschriften im öffentlichen Dienst beruht doch darauf, daß alles, aber auch die letzte Kleinigkeit »idiotensicher« zugeschnitten sein muß. Frankfurt HELMUT KRETZSCHMAR",https://www.spiegel.de/politik/krankheit-aus-dem-zylinder-a-0da52b34-0002-0001-0000-000041986566?context=issue,,7,1973,July,641,4612,True,True,1973,1970s,1970-74
1973,27,75,1973-07-01,Briefe,Geliebte Sklaverei,,"(Nr. 24/1973, Holmar von Ditfurth über B. F. Skinner: »Jenseits von Freiheit und Würde) Hat der Leser einer Buchbesprechung ein Recht auf Information? Die von H. v. Ditfurth gelieferte Besprechung gibt wenig Informationen über die Inhalte, wenn überhaupt. Sie liefert zweifellos nicht unwichtige Jedermann-Bewertungen. Die sind schon lesbar. Aber wer wissen möchte, wovon das Buch handelt, dem hilft die Besprechung nichts. Es sei denn, der Leser setzt allein auf das Prestige des Besprechers und die gut verpackten Bewertungen. Dann ist das Buch, aber nicht die Besprechung überflüssig. Wenn's aber umgekehrt wäre? Essen PROFESSOR DR. ERNST TIMAEUS Gesamthochschule Essen Fachbereich II -- Psychologie Entweder ruft man »du ahnungsloser Engel du, möge dir deine Naivität erhalten bleiben«, oder »du gewiefter Verschleierer, wer hat dich bezahlt?«. Was von Ditfurth als »aberwitzig« abtut, ist längst keine Vision mehr! Längst gibt es Lehrprogramme, längst gibt es computerisierten Unterricht, wo keiner mehr ausbrechen kann, wo keiner mehr selbständig denken darf. Hier in der Pädagogischen Psychologie und in den projektierten Schulplänen sind Möglichkeiten im Kommen und im Gebrauch, die auf Skinners Forschungsergebnissen beruhen. Wer wagt es. hier nicht Orwellsches 1984 zu fürchten? Empfehlung an den Rezensenten: Sich mit Lehrtechnologie auseinandersetzen, dann Skinner noch mal lesen. Vielleicht eröffnen sich ihm dann auch solche Horrorvisionen wie mir. Gießen FRITZ-GERHARD SCHMIDT Wenn von Ditfurth am Schluß seiner Besprechung die Gespenster-Gesellschaft »Skinners schöne neue Welt« nennt und fürchtet, »daß sich eines Tages jemand berufen fühlen könnte. so erinnert er an Aldous Huxley, der bereits vor »Diktatoren, Technokraten und gewissen Wissenschaftlern« wie den Behavioristen J. B. Watson und B. F. Skinner warnte und prophezeite: »Unter einem wissenschaftlich geschulten Diktator wird Erziehung wirklich etwas leisten -- mit dem Ergebnis, daß die meisten Menschen dazu heranwachsen werden, ihre Sklaverei zu lieben und sich nie von Revolution träumen zu lassen.« Und das ergibt einen weiteren Grund. Skinners Buch aufmerksam zu lesen: Wie dieses in den USA, so wurde die auf Skinners Verhaltenspsychologie basierende »Lernpsychologie« von W. Correll in der bundesrepublikanischen Pädagogischen Provinz ein Bestseller. Bremen ADOLF DANNENBERG Die Redaktion des SPIEGEL behält sich vor, Leserbriefe gekürzt zu veröffentlichen",https://www.spiegel.de/politik/geliebte-sklaverei-a-ea1d0633-0002-0001-0000-000041986568?context=issue,,7,1973,July,343,2443,True,True,1973,1970s,1970-74
1973,30,79,1973-07-22,Briefe,Richtiges Licht,,"(Nr. 26 bis 28/1973, SPIEGEL-Serie über die ITT) Mit seinem soeben erschienenen ITT-Buch hat Anthony Sampson ein Werk von fragwürdiger Wissenschaftlichkeit vorgelegt, das zum Teil auf grober Tatsachenverdrehung, Auslassung wichtigen Materials, falscher Interpretation von Informationen und ganz offenkundigen sachlichen Fehlern beruht. 1. Die empörende Anschuldigung zum Beispiel, ITT habe für die Nazis gearbeitet, ist nicht neu und war entgegen Sampsons Behauptung 1945 und 1946 bereits Gegenstand von Presseberichten von Journalisten und Kolumnisten wie Walter Winchell und Drew Pearson sowie der »New York Times« und anderer. Diese Anschuldigungen brachen in sich zusammen und wurden nie erhärtet (siehe auch SPIEGEL Nr. 27, Seite 89). 2. Es liegt kein eindeutiger Beweis vor, daß das Dita-Beard-Memorandum (SPIEGEL Nr. 28, Seite 83) authentisch war oder daß es von Dita Beard tatsächlich verfaßt wurde. Das von Jack Anderson erwähnte Papier war ursprünglich auf einer Schreibmaschine des Washingtoner Büros geschrieben worden. Es besteht jedoch keine Klarheit darüber, von wem oder wann es geschrieben wurde. Die in dem Memorandum gemachten Ausführungen sind absolut unkorrekt. 3. ITT bedient sich keiner anderen Buchführungsverfahren als andere US-Firmen (SPIEGEL Nr. 28, Seite 93). Im Gegenteil. Arthur Andersen & Co., das für ITT arbeitende unabhängige Buchprüfungsunternehmen, hat wesentlich zur Entwicklung der »accepted accounting standards« (der anerkannten Buchführungsnormen) beigetragen. 4. Im Rahmen der beschränkten Kommentarmöglichkeiten angesichts des noch schwebenden Schlichtungsverfahrens zwischen ITT und der Overseas Private Investment Corporation (Opic) möchten wir auf folgenden Passus des am 21. Juni 1973 veröffentlichten offiziellen Berichts des amerikanischen Senatsausschusses für multinationale Unternehmen hinweisen (SPIEGEL Nr. 28, Seite 92): »Wir befürworten nicht die Entscheidung Staatspräsident Allendes, Unternehmen in US-Besitz ohne angemessene Entschädigung zu enteignen. Im Gegenteil, wir verurteilen sie. Niemand sollte daran zweifeln, daß dieser Ausschuß der Enteignung amerikanischen Eigentums ohne Zahlung einer angemessenen Entschädigung entschieden entgegentritt. Wir sind der Meinung, daß realistische und aufrichtige Verhandlungen über die Höhe der zu zahlenden Enteignungsentschädigung unerläßlich sind ...« Eine weitere Anschuldigung, die Sie in Ihrer Ausgabe vom 9. Juli erheben, die aber nicht dem Sampson-Buch entstammt, sondern auf einer in zahlreichen amerikanischen Zeitungen veröffentlichten Kolumne Jack Andersons basiert, betrifft den Zusammenhang zwischen dem angeblich von ITT gemachten Geschenk eines Golfplatzes für Präsident Nixons Amtssitz in San Clemente, Kalifornien, und der Beilegung eines Anti-Trust-Falles. Das ist nicht nur völlig falsch, sondern ganz einfach absurd. Die Anlage eines Drei-Loch-Golfplatzes in San Clemente war die Idee einer »Gruppe der Golf-Freunde des Präsidenten«, die Ende 1969 an den örtlichen Verein der Golfplatz-Verwalter mit dem Vorschlag herantrat, der Verein und seine Lieferanten sollten auf dem Gelände des Amtssitzes einen kleinen Golfplatz anlegen. Zusammen mit anderen Lieferanten stellte die Firma 0. M. Scott and Sons kostenlos Material zur Verfügung. Das geschah etwa 18 Monate, bevor Scott Mitglied des ITT-Konzerns wurde. Seit 1969 hat Scott Material im Endverkaufswert von 2762,50 Dollar gestiftet. Um das Ganze ins richtige Licht zu rücken: 1972 betrug ihr Umsatz an einschlägigen Produkten zur Rasenpflege nur von Golfplätzen und Parks in Süd-Kalifornien allein über 300 000 Dollar. Der Zeitpunkt des Anschlusses der Firma Scott an ITT war dem Anderson-Stab durchaus bekannt, als er seine Nachforschungen anstellte. Doch offenbar zog er es vor, diesen ziemlich wichtigen Zeitunterschied zu ignorieren. Anderson behauptete auch, »der kostenlose Golfplatz geht Hand in Hand mit den versprochenen 400 000 Dollar zur Finanzierung des Republikanischen Parteitags«. Wie bereits früher dargelegt, hat ITT niemals versprochen, den Republikanischen Parteitag zu finanzieren. Tatsache ist, daß Sheraton dem Fremdenverkehrsbüro in San Diego einen Beitrag von 100 000 Dollar zugesagt hat, um die Stadt »in ihrer Bewerbung um den Republikanischen Parteitag 1972 zu unterstützen. Diese 100 000-Dollar-Verpflichtung der ITT-Hotelkette Sheraton ist eine im Hotelgewerbe rechtmäßige und übliche Werbepraxis. Im Juli 1971 holte ITT in dieser Frage von unabhängigen Rechtsberatern (Gilbert, Segall and Young) ein Gutachten ein und erhielt die Bestätigung, daß der Sheraton-Beitrag legal sei. Dieser Standpunkt wurde später von kalifornischen Gerichten bestätigt. Brüssel DAVID BARKER Vicepresident ITT-Europe Director Public Relations Sie berichten: »Wenig später ging der Christdemokrat Frei aus den Wahlen als Sieger hervor -- auch ohne ITT-Geld.« Das ist zwar buchstäblich richtig, vermittelt aber im Zusammenhang den falschen Eindruck, als sei der Wahlsieg Freis nicht auch auf massive Intervention der USA zustande gekommen. Richtig ist aber, daß sowohl über Kanäle des US-Außenministeriums wie der CIA der Wahlkampf des christdemokratischen Kandidaten mit etwa 20 Millionen Dollar (damals über 80 Millionen Mark) unterstützt wurde (siehe Bericht in der »Washington Post« vom 5. 4. 1973, AP-Meldung vom 6. 4. 1973). Das Geschehen aus dem Wahlkampf von 1964 wiederholte »sich bei den Präsidentschaftswahlen von 1970. Nach zuverlässigen Schätzungen aus dem chilenischen Finanzministerium belief sich die US-offiziöse Finanzierung des Wahlkampfes der beiden Gegenkandidaten Allendes auf 30 bis 40. Millionen Dollar, wobei der Löwenanteil auf den Kandidaten der ultrarechten Nationalpartei Alessandri entfiel. Form und Umfang der massiven Wahlhilfe geht auch mittelbar aus der Analyse der ITT-Dokumente hervor (vergleiche »Chile, Die ITT-Dokumente, US-Imperialismus in Lateinamerika«, Five-Verlag, Frankfurt/Main, September 1972). Die Aussage von Broe (Seite 91): »Die Regierung denke nicht daran, sich in die chilenischen Wahlen einzumischen« ist eine schlichte Lüge. Ihre Darstellung der ITT-Aktivitäten im Verein mit US-Administration und US-Botschaft in Santiago nach dem Wahlsieg Allendes hätte dementsprechend dank der zahlreichen eindeutigen Belege durchaus materialreicher sein können. So wäre Ihre Schlußfolgerung (Seite 92): »Der CIA-Plan wurde nie verwirklicht« äußerst relativierungswürdig: Durchgeführt wurde er schon, wenn auch ohne den gewünschten Erfolg. Limburg JÜRGEN ECKL In einer Teilauflage dieser SPIEGEL-Ausgabe ist eine Postkarte des VHG-Immobilienfonds, 8 München 22, Ludwigstraße 10, beigeklebt. Die Redaktion des SPIEGEL behält sich vor, Leserbriefe gekürzt zu veröffentlichen",https://www.spiegel.de/politik/richtiges-licht-a-71b6c387-0002-0001-0000-000041955234?context=issue,,7,1973,July,899,6700,True,True,1973,1970s,1970-74
1973,36,71,1973-09-02,Briefe,Richtiger Weg,,"(Nr. 34/1973, Österreich) Preisfrage: Welches kleine Land ist sympathischer: Mit einem Militäretat von 3,62 Prozent oder wie Portugal mit Kriegsausgaben von rund 45 Prozent? Nesselwang (Bayern) SEBASTIAN KNAPICH JR. Gerade dieser Tage machte der »Wehrfachmann« der um die Verteidigung unseres Landes so besorgten ÖVP einen Vorschlag, der dem ohnehin dezimierten Heer wohl den endgültigen Garaus machen soll: Im Jahr 1974 -- so »Experte« Tödling -- soll überhaupt kein Wehrpflichtiger zur Ableistung seines Präsenzdienstes einberufen werden. Bad Aussee (Österreich) WALTER KOVACIC So wie bei Kreisky hat sich auch bei uns die Auffassung durchgesetzt, daß die beste Wehrpolitik jene sei, wenn man die Grenzen durch vernünftige Außenpolitik absichere. Kreisky meint: Die Politik unter dem Motto »Viel Freund, viel Ehr« garantiere den Schutz der Grenzen eines kleinen Landes am besten. Die Wehrpolitik in Österreich ist heute auf dem richtigen Wege, und sie weist in die Zukunft, von der wir hoffen, daß sie einmal friedvoll sein wird. Einer muß schließlich den Anfang machen und den Mut zu einer sinnvollen Abrüstung haben. Fürstenfeld (Österreich) HERBERT MARTH Die österreichische Neutralität war bisher nur durch die USA gefährdet. Bis zum Feuerbefehl überflogen US-Verbände (als Garant der Neutralität) Österreich mit Auftrag Libanonkrise. Bis zur Protesteinlegung auch jene beklagenswert schlecht ausgebildeten Leute von der Bundesluftwaffe, welchen nicht einmal der Alpenkamm genügend Orientierungshilfe war. Marl (Nrdrh.-Westf.) FRITZ SCHIMKE Auch ich halte es für vernünftiger, Sicherheit durch gute Außenpolitik zu gewährleisten als durch 3 oder 38 veraltete Kampfflugzeuge und traditionellmilitärischen Verschleiß von Bergschuhen im Normaldienst. Meyrin (Schweiz) JÖRG SCHMIDT Ich glaube und hoffe, daß im Krisenfall keine demokratische österreichische Regierung die moralische Verantwortung übernehmen könnte, das Bundesheer auch tatsächlich einzusetzen, sofern es dann überhaupt noch möglich wäre. Es mag ironisch klingen, aber die letzte aus Österreichern bestehende Armee, die tatsächlich einsatzbereit war, existierte unter Hitler im Dritten Reich. Graz (Österreich) FRANZ JOSEF KOLLMANN",https://www.spiegel.de/politik/richtiger-weg-a-ba9048c2-0002-0001-0000-000041911403?context=issue,,9,1973,September,302,2199,True,True,1973,1970s,1970-74
1973,43,79,1973-10-21,Briefe,Dumpfe Trommel,,"(Nr. 42/1973, SPIEGEL-Titel über den Nahost-Krieg) Mit Ihrem neuesten Titelblatt schießen Sie als »objektive Zeitschrift den Vogel ab. In Anbetracht der offiziellen ägyptischen Bestätigung. mit den Kampfhandlungen begonnen zu haben, erscheint die brillante Zeichnung von Herrn Degkwitz als besonders absurd. Norderstedt (Schl.-Holst.) JULIANE NOWAK Tatsache ist doch, daß am höchsten jüdischen Feiertag das israelische Volk von seinen stärksten Nachbarn angegriffen wurde und daß heute acht andere »Nachbarn« -- manche so nah »benachbart« wie Uganda und Kuweit -- den Aggressoren zu Hilfe eilten. Hätten die Waffen auf Ihrem Titelblatt nicht konzentrisch auf Israel gerichtet erscheinen sollen, anstatt von ihm auszugehen? München DR. HANS LAMM Die Nachrichten vom Nahost-Krieg sind unmenschlich und barbarisch, weil sie das Leiden des einzelnen ignorieren! Der Krieg wird zu einem Fußball match, bei dem die Mannschaft FC Arabien gegen FC Israel bombt und jeder möglichst weit ins Spielfeld des an deren eindringen soll. Gundelfingen (Bad.-Württ.) PETER JAHN Zweimal -- 1956 und 1967 -- glaubte das Volk Israel einen Präventivkrieg führen zu müssen, und ebenso oft nahm die weit überwiegende Mehrzahl der deutschen Zeitungen eindeutig Partei für Israel. 1967 war die Parteinahme so »überschwenglich«, daß selbst Israelis sich an den Kopf faßten. Diesmal scheint man bei uns ein ganz klein wenig kürzer zu treten. Weiß unser Volk überhaupt, wie die mohammedanische Welt zu Deutschland steht? Ich denke da an die Zeit nach dem Zweiten Welt krieg, als die Weltöffentlichkeit uns Untermenschen und Barbaren schalt. Damals begegneten uns mit gleichbleibender Herzlichkeit und Sympathie »nur« alle Araber. »nur« alle Türken und überhaupt die ganze mohammedanische Welt! Die Siegermächte England und Amerika wurden zu der Zeit ins Getto der Nichtachtung delegiert. Dies heute zur Kenntnis denen, die offen sichtlich eines vergessen haben: So viele Freunde gibt es gar nicht, als daß man sich's leisten könnte, die bisherigen vor den Kopf zu stoßen. Kassel GERHARDT LEISTIKOW Als unertraglich empfanden von Beginn an die arabischen Staaten die Existenz Israels. Einzig für Jordanien läßt sich indes mit einiger Mühe eine direkte Beziehung zum Gebiet Palästina-Israel konstruieren. Jordanien selbst ist nicht einen Tag älter als Palästina und nur wenig älter als Israel. Die anderen arabischen Länder folgen der dumpfen Trommel und dem berauschenden Gong ihres blinden Stolzes. Hamburg ERICH KROHN Und wie steht es mit der Rechtsgrundlage für die Gründung: »Das Recht des Stärkeren.« Denn mit Hilfe der abziehenden Mandatsmacht England und dem Einverständnis der Uno -- beiden gehörte das Land nicht -- wurde der Staat Israel, gegen den Willen der wehrlosen und entrechteten angestammten Bevölkerung, ausgerufen. Eschringen (Saarland) ERICH FRITSCH Israel hat ein Recht auf staatliche Existenz. Aber es hat kein Recht, sich arabische Gebiete anzueignen und einzuverleihen, wie es dies nach seinem Sieg im Sechs-Tage-Krieg getan hat. Im Lichte historischer Erfahrung erweist sich die Politik Dajans, Israels Existenz durch militärische Expansion zu sichern, als irreal. Israel, das nur drei Millionen Einwohner zählt, kann auf die Dauer nicht in totaler Konfrontation mit 100 Millionen arabischen Nachbarn leben. Eine solche Politik fordert die Araber zu militärischen Gegenaktionen heraus, zwingt Israel ständig zu höchster militärischer Bereitschaft und ist in letzter Konsequenz selbstmörderisch. Düsseldorf ERICH MÜLLER Es ist bedauerlich, daß in Ihrem Artikel über den neuen Nahost-Krieg die Meinung widerspruchslos akzeptiert wird ohne die von Israel besetzten Gebiete wäre der neue Schlag der Araber tödlich für Israel gewesen. Ohne die Besetzung der Golan-Höhen, des Jordan-Tales und der Sinai-Halbinsel wäre es wahrscheinlich gar nicht zu einem neuen Krieg gekommen! Köln HENNING KATZ Warum nehmen die arabischen Staaten die Palästinenser, die doch dieselbe Sprache und dieselbe Religion haben. nicht auf? In unserem Jahrhundert haben die Deutschen, die Finnen und andere Völker insgesamt zehn Millionen Flüchtlinge umgesiedelt und eingebürgert. Warum können die Araber das nicht? Wenn sie im Krieg einig sein können, dann könnten sie auch in dieser friedlichen Sache einig sein. Hamburg OSSI YLISELA Der Vergleich mit dem Vietcong-Angriff am Tet-Fest 1968 und dem jetzigen Angriff der Araber am Ramadan-Fest ist sehr zutreffend. Es gibt den armen Teufeln das Gefühl, einen heiligen Krieg zu führen. Einen Krieg, in dem das israelische Volk verschlissen werden soll wie Südvietnam und die Amerikaner im Vietnam-Krieg. Seim (Nrdrh.-Westf.) FRANZ VRATNY Ich bin der Meinung, daß die Entscheidung politischer Fragen nicht mehr einzig und allein indirekt den Volksvertretern und deren Organisation überlassen werden soll, sondern dem Volk direkt. Wir sind heute technisch so weit fortgeschritten, daß dies nur eine Frage -der organisatorischen Durchführung wäre. Hier würde die Anwendung von Computern einem echten menschlichen und unheilabwendenden Ziel dienen: dem direkten Volkswillen! Frankfurt DIETMAR KOTTISCH",https://www.spiegel.de/politik/dumpfe-trommel-a-5ce79eb3-0002-0001-0000-000041843090?context=issue,,10,1973,October,739,5111,True,True,1973,1970s,1970-74
1973,43,84,1973-10-21,Briefe,Sportlicher Schalten,,"(Nr. 41/1973, Kleinschreibung) Laut SPIEGEL hat »FAZ«-Herausgeber Karl Korn erbitterten Widerstand gegen die gemäßigte Kleinschreibung im deutschen Sprachraum angekündigt und geäußert: »Es geht um die Sprache selbst.« Der berühmte konservative Zeitungsmann möge verzeihen, aber um genau das geht es nicht. Eine Rede ist keine Schreibe, und eine Schreibe ist keine Rede. Das lernt jeder Redaktionsvolontär. Eine Sprechweise, die erst dann verständlich wird, wenn man sie gedruckt oder geschrieben liest, ist schlechter Stil. Zwei Beispiele aus Ihrer Sammlung: »Der gefangene Floh. Der Gefangene entfloh. -- Er handelte mit Eisen, und er stahl. Er handelte mit Eisen und Stahl.« Bonn GERHARD FLÄMIG SPD-MdB Für die Kleinschreibung gibt es für mich mehrere Gründe: 1. zeitraubendes nachschlagen im duden entfällt (wesentliche zeitersparnis), 2. das schreibmaschineschreiben wird für anfänger erleichtert, und auch könnern ist es dadurch möglich, schneller zu schreiben (vereinfachung), und 3. beim sprechen wird auch nicht zwischen groß- und kleinschreibung unterschieden. München HUBERT KRETSCHMER Es geht den Gegnern der Kleinschreibung wohl nicht so sehr um die deutsche Sprache, sondern darum, daß sie einmal Eingepauktes nicht aufgeben wollen. Wie die Kleinwagenfahrer, die da im Stadtverkehr behaupten, »schalten ist sportlicher«. Bremerhaven HANS-RICHARD WENZEL Sehen wir einmal von der Gefahr der Verarmung der deutschen Sprache infolge der Kleinschreibung und ähnlichen mehr geistig-kulturellen Gesichtspunkten ab, so ist das Wichtigste, daß durch die Kleinschreibung die Lesegeschwindigkeit für deutsche Texte stark herabgedrückt wird. Remscheid FRIEDRICH ZÖLZER",https://www.spiegel.de/politik/sportlicher-schalten-a-2c8d6a3c-0002-0001-0000-000041843095?context=issue,,10,1973,October,227,1669,True,True,1973,1970s,1970-74
1973,44,90,1973-10-28,Briefe,Erbberechtigte,,"(Nr. 41/1973, Verlage) Bei dem Streit um die Tagebücher von Goebbels sind einige sehr wichtige Punkte bisher nicht berücksichtigt worden. Dabei ist die Öffentlichkeit besonders an dem Kernpunkt interessiert: Wer erhält den Erlös aus der Veröffentlichung der nachgelassenen Aufzeichnungen des großschnäuzigen Massenmörders, die als historische Quellen durchaus der Publizierung wert sind? Gehören diese Rechte vielleicht der Bundesrepublik und nicht dem Nachlaßverwalter Francois Genoud oder dem Verlag? Immerhin ist zu bedenken, daß zumindest die in Schreibmaschinenschrift vorhandenen großen Teile der Aufzeichnungen während der Minister-Tätigkeit von Goebbels auf amtlichem Papier, und zwar in den Dienststunden mit Hilfe der Beamten Otte und Scharping und mehrerer Sekretärinnen diktiert und übertragen wurden. Es waren eine Art täglicher Resümees, die zu den Reichsakten gehörten und teilweise -- deshalb mit der Maschine mit großen Buchstaben geschrieben -- Hitler vorgelegt wurden. Dies alles geschah in den Dienststunden, für die der Minister und die Mitarbeiter vom Reich bezahlt wurden. Die Frage der Urheberrechte an solchem amtlichen Material ist rechtlich zumindest streitig. Weit wichtiger, besonders für den Fall, daß Genoud und die veröffentlichenden Verlage im In- und Ausland doch noch irgendwelche Urheberrechte, etwa für Teile der Aufzeichnungen haben sollten: Diesen Rechten stehen ungeheure Schulden gegenüber, für die der Erlös durch Verkauf der Bücher in Anspruch genommen werden könnte. Als Gauleiter von Berlin und Reichspropagandaminister hat sich Goebbels nämlich, zusammen mit anderen Mittätern, des vielfachen Mordes und der Ausplünderung von Tausenden von Deutschen und Ausländern schuldig gemacht. zum Beispiel als Hauptpropagandist für die Durchführung der »Endlösung der Judenfrage«, als Hetzer gegen Priester, Nonnen und andere Geistliche, die umgebracht wurden, als Anstifter zur Plünderung von Klöstern und Synagogen, die zum Beispiel während der sogenannten Kristallnacht verbrannt wurden, als Boykotthetzer am 1. April 1933, nicht zu vergessen eine Anstiftung und propagandistishce Mitwirkung an Hitlers Ü vergessen eine Anstiftung und propagandistische Mitwirkung an Hitlers Überfällen auf fremde Länder mit der grausigen Folge von Hunderttausenden von Kriegsopfern in Deutschland. Soweit Entschädigungen durch die Bundesrepublik erfolgt sind. kann das Bundesfinanzministerium Regreßansprüche gegen die Erlöse aus der Goebbels-Erbschaft geltend machen. Nach Lage der Sache sind solche Ansprüche gegenüber den nun aufgetauchten Urheberrechten an den Aufzeichnungen keineswegs verjährt. Frankfurt DR. ROBERT M. W. KEMPNER ehem. stellv. US-Hauptankläger in Nürnberg",https://www.spiegel.de/politik/erbberechtigte-a-f12203a1-0002-0001-0000-000041898383?context=issue,,10,1973,October,361,2701,True,True,1973,1970s,1970-74
1973,48,68,1973-11-25,Briefe,Mark Und Pfennig,,"(Nr. 45/1973, Studenten) Jeder Lehrling dieser Republik bekommt Stipendium, das ist laut Duden »Geldbeihilfe« für eine Ausbildung. Auseinandersetzungen über Unterschiede zwischen Arbeiter- und Akademiker-Anwärtern in bezug auf zu leistende Arbeit sind emotional. Gleiche Behandlung beider ist grundsätzlich! Von »Vorteil« der Studenten zu sprechen, ist Zynismus: Wer aus geldlichen Erwägungen studiert, hat einen Vogel und die gesammelten Nachteile dazu! Fürth (Bayern) FRANK WIELAND cand. phil. Der Ausbildungsförderungssatz von maximal 420 Mark für Studenten ist ja schon traurig genug in seiner »Höhe« aber der meines Erachtens tollste Clou steht in § 23, 1, 1c des BAFöG; danach müssen nämlich Nebenverdienste, die 125 Mark monatlich überschreiten, auf die Förderung angerechnet werden. Das heißt also, daß Studenten für das geringe Einkommen ihrer Eltern (die ihnen zum großen Teil nicht finanziell unter die Arme greifen können, obwohl sie die gesetzmäßige Auflage dazu haben) bestraft werden. Aachen FRANZ PETER SCHMITZ Wie kann die durchschnittliche Miete von einer Studentenbude 130 Mark betragen? Ich wohne in einem Studentenheim (5 km von der Uni entfernt) vom Studentenwerk und soll 136,50 Mark bezahlen für 10,5 qm, ab Januar sogar 150 Mark. Dabei wird immer noch gesagt. daß Wohnheimstudenten wegen der geringeren Mieten gegenüber dem freien Wohnungsmarkt sowieso privilegiert seien. Der errechnete BAFöG-Höchstsatz für Mieten liegt aber nur bei 120 Mark. Efferen (Nrdrh.-Westf.) GERTRAUd NEUMANN In der Postauflage dieser SPIEGEL-Ausgabe ist eine Postkarte der Sanyo-Elektronik Rechner Deutschland GmbH, 8 München 22. Widenmayerstraße 25, beigeklebt. Die Redaktion des SPIEGEL behält sich vor, Leserbriefe gekürzt zu veröffentlichen",https://www.spiegel.de/politik/mark-und-pfennig-a-b7390db9-0002-0001-0000-000041840230?context=issue,,11,1973,November,244,1747,True,True,1973,1970s,1970-74
1973,53,56,1973-12-30,Briefe,Untertanen-Kartei,,"(Nr. 48/1973, SPIEGEL-Report über Personen-Kennzeichen und Daten-Schutz) Gerade weil ich selbst am Computer arbeite, stimme ich mit Ihnen überein. daß ein gutes Datenschutzgesetz vorhanden sein muß. Ich möchte außerdem anregen, da die Daten durch »finstere Kanäle« fließen können, eine genaue Kontrolle der Eingabe, notfalls durch ein Gesetz, durchzuführen. Berlin HANS-UDO PELZER Rund 70 Prozent der Westdeutschen haben -- laut INFAS-Umfrage -- keinerlei Bedenken gegen die Einführung des Personenkennzeichens. Dieses Ergebnis bleibt aber nur solange so »gut«, als die Bevölkerung bewußt im unklaren über die tatsächlichen Auswirkungen der EDV gehalten wird. München HELMUT-MARIA GLOGGER Die gefährliche »Transparent' des Bürgers spricht nicht gegen eine zentrale Datenbank, sondern für ein wirkungsvolles Datenschutzgesetz. Alsdorf (Nrdrh.-Westf.) JOHANN DERKSEN Es ist nicht einzusehen, warum man nicht ein einheitliches europäisches Personenkennzeichen schafft oder sich an Ländern orientiert, die bereits eine fortlaufende systemfreie Nummer eingeführt haben. Ehningen (Bad-Württ) H. KIPFER Offen gesagt: Die möglichst totale »Nummerung« des Bürgers schreckt mich mehr als alles Gekreisch -- mangels Öls -- im zivilsaturiert geglaubten Weltgetriebe. Mannheim NORBERT MEHLER ich habe nichts dagegen, als Nummer in der Bürger-Kartei zu erscheinen. Der Nutzen für die Allgemeinheit ist größer als der Schaden, den sie anrichten kann. Solange ich eine Nummer bleibe, darf, wer es zum allgemeinen Nutzen braucht, alles über mich wissen. Was der neue Personalausweis besagen würde, berührt meine Intimsphäre nicht, was darüber hinaus erfragt wird. bedürfte meiner ausgesprochenen Bereitwilligkeit. Wuppertal KURT SCHMELING Ihr Report kann nur begrüßt werden. Es kann nicht oft und laut genug auf weitere Schritte in Richtung »Orwell 1984«, den perfekten Staat mit totaler Bürgerkontrolle, verwiesen werden. So unbemerkt, wie Sie es aber darstellen. ist die Vorlage des Innenministeriums nicht vor sich gegangen. Nach Bekanntwerden der Vorlage haben wir uns gemeinsam mit dem DEHOGA gegen den § 10 Abs. 2 Satz 2 gewandt. Dieser lautet: »Die Leiter von Beherbergungsbetrieben haben die Identität der beherbergten Personen zu prüfen und deren Daten der zuständigen Behörde mitzuteilen. Abgesehen davon, daß wir darin eine unzulässige Delegation von Hoheitsaufgaben sahen, mußten wir uns gegen die weitere Einschränkung der Freiheit des Bürgers zur Wehr setzen. Über die Presse. die sich unter dem Motto »Keine Bettenschnüffelei« dankenswerterweise der Sache annahm, wurde die Öffentlichkeit alarmiert und reagierte überwiegend mit Zustimmung zu unserer Kritik. Das Innenministerium versuchte dann, die Innenministerien der Länder als Forderer dieser Formulierung darzustellen. Erfreuliches Ergebnis dieser Intervention, der Bundesrat strich bei seinen Beratungen zu diesem Gesetz die strittige Passage. Ausgestanden scheint die Sache aber noch nicht zu sein, da die Regierung erklärt. daß geprüft werden müsse, ob diese Änderungen beibehalten werden können. Für die parlamentarische Beratung wurden entsprechende Anträge an unsere Fraktion gestellt. Oberaudort (Bayern) BRUNO PACZKOWSKY Vorsitzender des Landesvserbandes Bayern der SPD Wozu dieser kostspielige Unsinn, der offenbar von Computer-Herstellern plus höheren Verwaltern -- die einen Nachweis positiver Beschäftigung bringen mußten -- ausgebrütet wurde?! Zu allen Zeiten haben alle Staaten ihre »subjects« erfaßt, um die Männer anschließend in den nächsten Krieg zu delegieren. Auch die bei uns angewandten Systeme haben immer funktioniert. Allenbach (Nrdrh.-Westf.) HANS BOCKEMÜHL",https://www.spiegel.de/politik/untertanen-kartei-a-55b35dff-0002-0001-0000-000041871420?context=issue,,12,1973,December,493,3637,True,True,1973,1970s,1970-74
1974,7,68,1974-02-10,Briefe,,," (Nr. 41/1974, Entwicklungshilfe) Die These, die Ihr Report über unsere Entwicklungshilfe beweisen sollte, ist simpel: Konzept vorbildlich, Durchführung miserabel. Niemand weiß besser als ich, wie steinig der Weg von einem richtigen Kabinettsbeschluß bis zur richtigen Projektpraxis ist. Einige Hindernisse haben Sie selbst genannt -- wir haben mit 90 souveränen Regierungen zu tun, mit Ressorts- und Wirtschaftsinteressen im eigenen Land. Nun ist es Ihr gutes Recht, diesen Abstand zwischen Konzept und Praxis aufzuzeichnen, auch wenn der SPIEGEL mich vor Jahren als Streithammel darzustellen beliebte, der mit aller Welt Krach anfängt, um sein Konzept lupenrein zu realisieren. Aber statt einfach zu fragen, wo ich Kompromisse machen mußte, wo etwas nicht klappt, hat der SPIEGEL »recherchiert«. Der Erfolg ist niederschmetternd. Nicht für uns, sondern für den SPIEGEL. -- Das OECD-Prüfungsergebnis, das laut SPIEGEL »im Hause Eppler sorgsam unter Verschluß gehalten wird«, hat das BMZ am 5. Oktober 1973 in einer Pressemitteilung veröffentlicht, zumal der Umfang unserer Hilfe kritisiert, ihre Qualität gelobt wurde. Ich selbst habe dazu Interviews gegeben. Darüber hinaus haben wir eine Broschüre dazu veröffentlicht. Fast alle Projekte, die Sie als Beweis für meine Inkonsequenz anführen, wurden beschlossen, ehe ich Minister war. Der Schlachthof in Saigon wurde 1966, die Gewerbeschule in Mexico-City 1966, das Hospital im Senegal 1961, die Fernsehstation in Neu Delhi 1966, von der Bundesregierung beschlossen. Dies bedeutet nicht, daß alle diese Projekte schlecht wären, aber für Ihre These werfen sie nichts ab. Daß es im übrigen leichter ist, ein Projekt anzufangen, als * Bei der Verleihung der Ehrendoktorwürde in Madras (Indien) im November 1973. es wieder abzubrechen, wird auch der SPIEGEL nicht bestreiten. Die genannte Klinik in Addis Abeba wurde nicht von Deutschen, sondern von Jugoslawen gebaut. Wir haben uns nie bereit erklärt, auch nur für Teile der laufenden Kosten des Krankenhauses aufzukommen, die übrigens nicht 75 Prozent, sondern zirka 20 Prozent des äthiopischen Gesundheitsetats ausmachen. -- Besonders pikant ist, daß Sie mir Polizeiprojekte in die Schuhe schieben. Am 24. 6. 1970 habe ich die Weisung gegeben, keine neuen Polizeiprojekte zu beginnen. Das haben wir, nicht ohne manche Rauferei, durchgehalten. Richtig ist, daß wir drei Polizeiprojekte noch nicht auslaufen lassen konnten. Das ruandische Projekt (Beschluß 1967) wird bis Anfang 1975 auslaufen, das afghanische (Beschluß 1960) bis Ende 1976, das algerische (Beschluß 1964) bis Ende 1975 auslaufen. Andere gibt es nicht mehr. -- Wie wäre es, wenn der SPIEGEL, statt unter mehreren tausend Projekten nach einigen mißlungenen zu suchen, sich den wirklichen Schwierigkeiten dieses »teuflischen Jobs« zuwenden würde? Bonn ERHARD EPPLER Bundesminister für wirtschaftliche Zusammenarbeit 1. Der SPIEGEL zitierte aus einem internen Papier des OECD-»Development Assistance Committee« vom 13. September 1973 mit der Überschrift »Restricted to Participants«. Dieser kritische, neun Schreibmaschinenseiten lange Bericht wurde vom Eppler-Ministerium nicht veröffentlicht. 2. Für den Schlachthof Saigon genehmigte Eppler am 4. Oktober 1973 (Projektvorlage Nr. 103/T2032 Südvietnam/15970) eine Aufstockung der Hilfe um 2.059.000 Mark für die »Entsendung von Personal zur Betriebseinführung und -anleitung des einheimischen kaufmännischen Personals für je zwei Jahre«. 3. An der Gewerbeschule in Mexico City arbeiteten letztes Jahr 22 deutsche Experten mit einem geschätzten Kostenaufwand von 100 000 Mark pro Kopf, ohne daß Änderungen der Zulassungsbedingungen bisher geplant sind. 4. Für das Hospital im Senegal, laut Bericht des Bundesrechnungshofs von 1973 ein Musterbeispiel für die aufwendige Ausstattung deutscher Klinikprojekte in der Dritten Welt, machte der SPIEGEL Eppler nicht verantwortlich, wohl aber für die während seiner Ministerzeit 1971 und 1973 genehmigten Krankenhäuser in Brasilien und Peru. 5. Zwar wurde das Fernsehprojekt Neu Delhi schon 1966 beschlossen, die Projekte Bombay und Poona aber erst am 29. Oktober 1969, als Eppler schon ein Jahr im Amt war, und noch im Juni 1973 einigte sich Eppler mit den Indern auf ein weiteres Regierungsabkommen, das beispielsweise »Hilfe bei der Einrichtung eines Fernseh-Lehrstudios« oder »Materiallieferungen für die Ausdehnung des Versorgungsbereichs des Senders Neu Delhi bis Mussoorie« vorsieht. 6. Was die Klinik in Addis Abeba anbelangt, hat Eppler recht. 7. Die Polizeiprojekte hat der SPIEGEL nicht Eppler »in die Schuhe geschoben«, sondern ausdrücklich Innenminister Hans-Dietrich Genscher (""gleichwohl drängte Innenminister Genscher immer wieder ..."") angelastet. Red. Wenn Sie Herrn Eppler kritisieren, weil er sein erhabenes Versprechen, die Kluft zwischen arm und reich zu schließen, nicht erfüllt, kann ich über Sie und Herrn Eppler nur lachen, weil Sie ebenso töricht und wie Indira Gandhi, die einst vor einem europäischen Fernseh-Publikum erklärte, sie würde in Indien das Kastenwesen ausrotten. Frankfurt BHALARONI SHENOY Die deutlich hochgespielten Feststellungen des Bundesrechnungshofes sind Teil einer gezielten Kampagne reaktionärer Kreise gegen eine fortschrittliche Entwicklungspolitik. Mannheim DR. DIETER BRICKE Entwicklungshilfe ist etwas, das nicht geht und auch nicht gehen kann. Auch Minister Eppler weiß das. Man sollte ihm dankbar sein, daß er mit Einsatz und Experimentierfreude versucht hat, hier etwas zu realisieren. München DR. ANDREAS LOMMEL Museumsdirektor",https://www.spiegel.de/politik/flurbereinigung-versaeumt-a-f596f9de-0002-0001-0000-000041784090?context=issue,,2,1974,February,780,5541,True,True,1974,1970s,1970-74
1974,12,61,1974-03-17,Briefe,,," (Nr. 10/1974, SPIEGEL-Titel: Gefährdete Autoindustrie -- Mit Tempo 130 in die Flaute) Ob der durch Nachfragemangel bedingte Untergang der Pyramidenbaukunst seinerzeit zu Massenarbeitslosigkeit und Wirtschaftskrisen geführt hat, ist heute wohl kaum noch auszumachen. Jedenfalls trauert heute niemand mehr dieser »Schlüsselindustrie« nach. Dasselbe gilt -- trotz ihrer Bedeutung für den Außenhandel -- für die antike Goldschmiedekunst, deren Rohstoffbeschaffungsmethoden übrigens unsere heutigen Verkehrsunfallzahlen an Unmenschlichkeit weit übertreffen. Jedenfalls sollte es aber angesichts der heute zur Verfügung stehenden technischen und organisatorischen Hilfsmittel möglich sein, Härten auszugleichen, wenn einmal eine Wachstumsindustrie an ihre naturgegebenen Grenzen stößt. Und diese Grenzen sind im Falle der Autoindustrie immer noch sehr weit gesteckt. Aachen PROF. DR. RER. NAT. GEORG RIEDER Was wäre, wenn vor Jahrzehnten die Stellmacher-Lobby durchgesetzt hätte, daß die Produktion von Fuhrwerken nicht gedrosselt, sondern ständig gesteigert werden müsse? Jeder siebte Arbeitnehmer wäre heute direkt oder indirekt von der Pferdewagenproduktion abhängig. Bietigheim-Metterzimmern (Bad.-Württ.) HARTMUT BERNECKER Aus Scheu vor neuen Wegen haben die Automobilhersteller jeder für sich konstruktions- und fertigungstechnische Weiterentwicklungen akzeptiert und Systemumwälzungen vermieden. So wurde 1968 die für einen großen Hersteller damals opportune Umstellung auf die technisch durchdachte und kaufmännisch interessante »Sandwich«-Bauweise (Polyelement-Pressen, rechnergesteuerte Teile-Summierung und Vertikal-Punktschweißung vom Boden bis zum Dach, Klemm-Montage von Frontattrappe, Kotflügel und Stoßfängern) vom Vorstand abgelehnt, nachdem auch ein führender Gewerkschafter wegen der zu geringen Beteiligung des Produktionsfaktors Mensch protestiert hatte. Das Projekt wurde geheimgehalten und abgeheftet. Gerade das Sandwich-Auto hätte die Ertragslage und Konjunkturresistenz der Autohersteller wesentlich verbessert und Arbeitskräfte von vornherein in anderen Erwerbszweigen ansiedeln können. Mülheim (Nrdrh.-Westf.) MANFRED ZEIDLER »Gefährdung der Arbeitsplätze« -- das ist der Knüppelausdemsack, mit dem einfallslose Manager das Volk und die Regierung in Angst und Schrecken versetzen wollen. Lachhaft! Auf den Mond fliegt man, im Weltall rotiert man herum; aber leise, ungiftige Autoantriebe sind noch lange nicht produzierbar. Angeblich! Wuppertal EDELTRAUD SCHEFFLER Neue Autofabriken werden sich als Fehlinvestitionen erweisen, und es wäre sinnvoller, die Mittel dafür in Forschung und Entwicklung neuer Produkte und damit in die Erhaltung von Arbeitsplätzen zu investieren. Je länger man noch versuchen wird, diesen kranken Giganten wie einen schon prallgefüllten und bereits recht dünnwandigen Ballon noch stärker aufzupumpen, desto lauter wird eines Tages der Knall, beziehungsweise desto folgenschwerer wird eines Tages der völlige Kollaps sein. Emden (Nieders.) WALTER MIELKE JUN.",https://www.spiegel.de/politik/duennwandiger-ballon-a-f02e1a54-0002-0001-0000-000041721991?context=issue,,3,1974,March,371,3007,True,True,1974,1970s,1970-74
1974,16,64,1974-04-14,Briefe,,," (Nr. 1411974, SPIEGEL-Titel »Wer rettet die SPD?"") Jeder Waschmittelproduzent weiß, daß die taktischen Finessen der Werbung das A und 0 des Erfolges sind. -- Die SPD hat das offenbar noch nicht bemerkt. Sie hat den Unruhefaktor als permanenten Begleiter. guter und erfolgreicher Reformpolitik und seine Wirkung auf den politisch apathischen Wohlstandsburger unterschätzt. -- Die vordergründige Polemik der Opposition, selbst im Detail, ist hier offensichtlich sehr erfolgreich. Sie hat es ja auch wesentlich leichter, denn gute Politik ist nun einmal häufig unpopulär, zumal, wenn sich die Regierungsparteien gezielter und lautstarker Werbung enthalten. Wesel (Nrdrh.-Westf.) HARTMUT LEIBNITZ Alle SPD-Spitzenpolitiker waren bisher unfähig, die trabende Inflation zum Stoppen zu bringen und haben deshalb das Vertrauen der meisten Lohnabhängigen verloren. Die SPD braucht daher. wenn sie auf dem Regierungsdampfer bleiben will, einen neuen Vorsitzenden und eine neue Führungsspitze. Hamburg KARL RASCHKE Wo bleibt der entscheidende Stoß, wo das Konzept der SPD gegen die von Friderichs geduldeten Absprachen, Konzentrationen und sonstigen weltbewerbseinschrankenden Maßnahmen? Wo bleiben die diesbezüglichen markigen Worte der Elektronik-Tiger Schmidt, Kühn und Genossen gegen diese Wirtschaftskriminalität? Nieder-Ramstadt (Hessen) FRITZ BRAMMER Als Lizenzträger einer SPD-Zeitung (1945) kann ich zu dem Wählerschwund nur sagen: Wer sich so rückhaltslos hinter die sogenannte Marktwirtschaft stellt, darf sich nicht wundern, wenn die Wähler aus lohnabhängigen Kreisen davonlaufen. Sollten denn nur die Lohnabhängigen und Rentner, mit einem Wort die Verbraucher, die ganze Stabilitätslast tragen? -- Schon von 1918 bis 1933 haben sich die Spitze der SPD und die Gewerkschaftsbürokratie in dieser Frage nicht mit Ruhm bekleckert. Vechelade (Nieders.) ERICH BURGDORF Gewerkschaftssekretär i. R Selbstverständlich gibt es an den Leistungen dieser Regierung zu kritisieren. Vielleicht findet sich in den Reihen Ihrer Redaktion ein heller Kopf. der versuchen könnte, sich auszumalen, wo wir beispielsweise in der europäischen Kette der Inflationsraten stünden, wenn diese Regierung den lautstarken Forderungen der CDU nach Aufhebung der Kreditbremse im November und Dezember 1973 gefolgt wäre. Taunusstein (Hessen) J. RINKENHACH Eine Partei, die es im Laufe ihrer Geschichte nur zum »Arzt am Krankenbette des Kapitalismus« gebracht hat. muß, früher oder später, auch mit ihrem Patienten untergehen. Daß die analphabetischen Wähler heute. selbstmörderisch wie die Lemminge. zur CDU desertieren, zeigt doch nur. wie wenig sich die entideologisierte SPD um das Bewußtsein der Deutschen gekümmert hat. Zeit also für die »Neue Linke«, sich endlich zu formieren. Der politische Ringeireihen zweier sogenannter Volksparteien muß endlich durchbrochen werden. Hückeswagen (Nrdrh.-Westf.) ERNST DITTRICH Für das Wahlplakate-Horror-Kabinett der CDU habe ich noch einen Vorschlag: Edvard Munch »Der Schrei«. mit der Unterzeile: »Wollen Sie, daß Ihre Frau nach acht Jahren SPD-Regierung so aussieht?« Münchcn PETER SIEGUSCH Die SPD kann sich selbst nicht mehr retten, es käme dem Versuch gleich, sich an den eigenen Haaren aus der roten Tinte zu ziehen. Die Genossen sollten das tun, was Wehner im Mai 1971 bei der damaligen Regierungskrise riet. nämlich »den ganzen Sauhaufen auflösen!« Frankturt JOACHIM HECKERT Der Bundestagswahlkampf 1973 wurde von der SPD mit ausgesprochen linker Sprache geführt und wesentlich von den Jusos bestritten. Auch Willy Brandt scheute sich nicht, das Wort »Sozialismus« zu gebrauchen. Folgerichtig führt die CDU CSU ihren Wahlkampf fast ausschließlich mit antisozialistischen Parolen. -- Nach der gewonnenen Wahl kam das, was die CDU auch in ihren kühnsten Träumen nicht erwartet hätte: Jeden Tritt, den sie der SPD versetzte, wurde von dieser an die Jusos weitergegeben. -- Es kam, wie es kommen mußte: Für Sozialisten war die SPD nicht mehr wählbar, sie gingen zum großen Teil gar nicht mehr zur Wahl. Die zweite Wählergruppe bekam die CDU-Meinung von der Gefährlichkeit der SPD-Linken durch die SPD-Spitze so nachdrücklich bestätigt, daß sie folgerichtig CDU wählte, und die dritte Gruppe sagte sich schlicht, daß eine Partei. die sich ständig selbst in den Hintern tritt, nicht wählbar sei. -- Und das ist die SPD, von der wir gehofft haben, daß sie uns in friedlicher Entwicklung zum demokratischen Sozialismus führen würde. Immekeppe (Nrdrh.-Westf.) HEINZ HARTMANN Auf welcher reaktionären Linie Sie mit Ihrer Zeitschrift schwimmen. verrät dieser Artikel wieder einmal mit aller Deutlichkeit. Strassers Satz von der Bildung eines politischen Bewußtseins mit dem Ziel der rationalen Selbststeuerung der Geschichte wurde aus dem Zusammenhang gerissen und somit völlig entstellt zitiert. Daß überdies zum Verständnis derartiger Theorien notwendige Kenntnis über marxistische Geschichtswissenschaft von Ihren werten Herren nicht zu erwarten ist, ist ohnehin klar. -- Die Forderung nach einer anti-kapitalistischen Politik, wie sie einer Arbeiterpartei (ist die SPD noch eine solche?) vom Selbstverständnis her zu eigen sein müßte, kann ihnen mit all Ihrer »liberalen« Borniertheit, die sich unter dem Mäntelchen »objektiver« Berichterstattung verbirgt, freilich nur haarsträubend erscheinen. Die gewerkschaftsfreundliche Politik der SPD (Verrat der Arbeiterklasse durch wirkungsvolle Kompromiß-Mitbestimmungsformel. Unterstützung der Arbeitgeber im Tarifkonflikt) ist selbstverständlich -- wo kämen wir denn da hin? -- keineswegs kapitalistisch. Würzburg RAINER GÖB ich werde die SPD und ihre zahlreich bei uns in Bayern vertretenen Jusokinder in keiner Weise mehr unterstützen. Und da stehe ich nicht alleine da. -- Ich sehe den Bundeskanzler Willy Brandt sowieso nur noch als weiße Lockpfote am roten Pelz des Wolfes, der die sieben Geil Mein aus ihrem sicheren Haus locken soll. Rosenheim (Bayern) ERIKA FUSS Die SPD könnte sich aus dem Juso-Dilemma befreien, wenn sie sich für eine Wahlrechtsänderung mit dem Ziel. die Fünf-Prozent-Klausel jetzt aufzuheben, stark machen würde. Randgruppen hatten dann die Möglichkeit. sich außerhalb der bestehenden drei großen Parteien-Ordnung auch parlamentarisch zu betätigen. Allen Beteiligten wäre dann geholfen. Die Jusos könnten eine eigene Partei gründen. Die SPD käme um die leidigen Parteiausschlußverfahren herum und würde gegenüber der Mitte an Profil gewinnen. Braunschweig KARL ALT Als ehemaliger Verfolgter, der elf Jahre im Zuchthaus und im KZ Buchenwald war, frage ich mich besorgt, wo die Passagen in Brandts Rede (Zehn-Punkte-Programm zur Lage in der SPD) waren. die den Rechtsaußen in der SPD gelten Kein Wort gegen einen SPD-Bundestagsabgeordneten. der dem Komitee für die Freilassung des NS-Führers Rudolf Heß seine unverhohlene Sympathie bezeugte. Kein Wort gegen den ehemaligen General und SPD- Bundestagsabgeordneten, der ebenso unverhohlen die Putschgenerale in Chile in Schutz nahm. Ich vermisse in den zehn Punkten ein Wort gegen jene 21 Offiziere, 55 Unteroffiziere und 49 »Sonstige«, die nachweislich Rechtsradikale sind und in der Bundeswehr tätig sind. Staatssekretär Berkhan (SPD&gt; nannte diese Zahlen. Hier offenbart sich eine gefährliche Entwicklung, die mehr Beachtung verdient, als etliche marxistische Lehrer, die diese Republik eines Tages gegen jenen Major Wolfram von Strachwitz verteidigen müssen, der von Willy Brandt sagte, daß man nun wieder von vaterlandslosen Gesellen sprechen könne. -- Unvereinbar ist die Aufforderung, nicht zuzulassen, daß aus der SPD ein Debattierklub wird. Sie richtet sich einseitig an alle Mitglieder, die eine echte Auseinandersetzung, aus welchem Grund auch immer. vermeiden wollen. -- Eine Partei, die auf den Vorstand hört und schweigt, ist tot und degeneriert. Die freie Diskussion ist unser Recht, ob es nun etlichen Leuten in der SPD paßt oder nicht paßt. -- ich habe nicht die Absicht, zu schweigen, denn meine Erfahrungen waren nachhaltig. Wer sozialistische Diskussionen verbieten will, sollte mich und andere jetzt schon feuern. Ratingen (Nrdrh.-Westf.) JOSEF SCHAPPE Der SPIEGEL gibt sich stets den Anschein äußerster Präzision und Genauigkeit. Zitate, seien sie auch aus kleinen und kleinsten Zeitungen, werden deutlich mit Herkunftsangabe gekennzeichnet. -- Ausgerechnet im Falle der linksstehenden Zeitung »das da« (in der die früheren »Konkret«-Autoren unter ihrem alten Herausgeber wieder ein Forum gefunden haben), machen Sie eine Ausnahme. Wenn Sie aus unserem ausführlichen Interview mit der Vorsitzenden der Jungsozialisten, Heidi Wieczorek-Zeul, wichtige Passagen zitieren, schreiben Sie verschleiernd, daß dieses in einem »Zeitschrifteninterview« erschienen sei. -- Das finden wir inkonsequent. Soll hier die einzige Publikumszeitschrift der Linken, in der Jochen Steffen regelmäßiger Kolumnist ist, bewußt verschwiegen werden? Hamburg KlAUS RAINER RÖHL Redaktion »das da« Wer die SPD rettet? Ganz simpel: Vor der Energiekrise der »ehrliche« und »aufrichtige« Willy. -- Während und vor allem nach der momentan überkleisterten Energiekrise nur noch der »Macher« und »Pfeil« Helmut Schmidt. Eine andere Lösung haben wir nicht. Zürich HANS-PETER GISLER Brandt, an dessen Katz ich mich, auch als Unternehmer, nicht beteiligen werde, ist auf Zeit, Geduld und Glück angewiesen, so sinnlich es auch klingen mag. Denn Geduld ist immer noch ein Pflaster für alle Wunden. Köln KARL-AUGUST POTZ »Ein Geduldiger ist besser als ein Starker, und wer sich selbst beherrscht, besser als einer, der Städte gewinnt« (Sprüche, 16, 32). -- Angesichts vernichtender Wahlniederlagen in ehemaligen SPD-Hochburgen hat wohl auch Willy Brandt inzwischen begriffen, daß nach diesem Motto keine erfolgreiche Politik betrieben werden kann. z. Z. Kiel WOLFGANG BEITZ",https://www.spiegel.de/politik/selbst-in-den-hintern-getreten-a-9aaa068e-0002-0001-0000-000041722077?context=issue,,4,1974,April,1382,9790,True,True,1974,1970s,1970-74
1974,18,67,1974-04-28,Briefe,,," (Nr. 15/1974, Spiele: Computer-Fachleute in aller Welt erfinden immer neue Varianten zu einem »Spiel des Lebens«, bei dem Punkte -- wie Menschen -- »geboren« werden und »sterben"") Bereits vor zwei Jahrzehnten entwickelte Nils Aall Barricelli dieses Spiel in allen dessen wesentlichen Zügen bei einem Aufenthalt bei dem Institute for Advanced Study in Princeton. Barricelli wies schon damals darauf, daß die Entwicklung beziehungsweise das Absterben künstlicher Organismen auf Fragen der Entstehung von Leben Licht werfen könnten.* Sein Ausgangspunkt waren in der Tat Beobachtungen von Lebensprozessen bei Mikroorganismen. Sehr ausführlich wurde sein Verfahren mit Angabe der genauen Spielregeln und Beispielen von sich vermehrenden, stationären und absterbenden Zahl-Organismen in einem hektographierten Bericht dargelegt, den ich zu Beginn der fünfziger Jahre an der Universität von Oslo erhielt. S. Arcangelo di Romagna (Italien) A. NADIANI Wenn Sie auch Ihrem Spiel die Lebensqualität mühsam eingehaucht haben, so hat es jedoch beim Hakenkreuz-Symbol erheblich mehr historische Perspektive, als Sie ihm zugestehen wollen: Es blinkt keineswegs unablässig, sondern stirbt in der fünften Generation aus: Bonn MATTHIAS WEITER Berlin UWE STEIN * Symbiogenetic Evolution Processes Realized by Artificial Methods, Methodos Nt. 35-36, Bd. IX 1957. Obwohl es mein Hirn wahrscheinlich nicht mit den auf Punkten programmierten Schaltkreisen eines Computers aufnehmen kann, fand ich einen, wenn auch nicht weltbewegenden Fehler in der zweitersten Bildfolge auf Seite 190. Die beiden letzten Figuren wiederholen sich so: Hannover NORBERT LIPPS 14,2 Jahre",https://www.spiegel.de/politik/muehsame-lebensqualitaet-a-a1709a93-0002-0001-0000-000041751374?context=issue,,4,1974,April,229,1645,True,True,1974,1970s,1970-74
1974,38,68,1974-09-15,Briefe,,," (Nr. 36/1974, Tourismus: Haie in der Adria) In dem von uns seit langem aufgesuchten Ferienort Medveja bei Opatija sind schon seit Anfang der sechziger Jahre »Hai-Abschirmnetze« angebracht. Die größte Gefahr für Schwimmer geht von -- zumeist deutschen ? Motorboot-»Haien« aus, die ihre Wut über volle Urlaubsautobahnen wohl dadurch kompensieren, daß sie ohne Rücksicht auf Verluste unmittelbar vor den Schwimmstränden die Höchstgeschwindigkeiten ihrer Boote erproben. Hier liegt die größte Gefahr für den Jugoslawien-Tourismus. Drensteinfurt (Nrdrh.-Westf.) HARTMUT KLEIN Als Filmmacher und Farbphotograph bin ich zwölfmal in Jugoslawien gewesen. Die Adriaküste ist mir von Rijeka bis Ulcinj bekannt. Von Haien habe ich nur selten gehört, von Menschenfressereien überhaupt nichts. Die Bevölkerung war liebenswürdig und gastfreundlich. Von Devisen-Einsammeln konnte nicht die Rede sein. Hamburg CURT PABST",https://www.spiegel.de/politik/ohne-ruecksicht-auf-verluste-a-3b071ae2-0002-0001-0000-000041652251?context=issue,,9,1974,September,122,904,True,True,1974,1970s,1970-74
1974,46,71,1974-11-10,Briefe,,," (Nr. 45/1974, SPIEGEL-Titel »Strauß Bundeskanzler?"") Jawohl, die Alternative beißt Strauß: Mit der Urkraft der Berge gegen die Not unserer Zeit! Hamburg HERBERT HAHT Welcher Teufelsaustreiber ist denn plötzlich in den SPIEGEL gefahren? Jetzt zeigt er schon eine Porträtstudie des Väterchen Strauß, auf der dieser fast so lieb blicket wie Papst Johannes XXIII. Berlin BARTEL BRUYN Dies Gesicht als Kanzler, es ist nicht auszudenken! Zum erstenmal in meinem Leben wäre ich eine sehr traurige Deutsche! Göttingen (Nieders) DOROTHEE RICHTER Kitsch &amp; Kunst ... gerade Sie als Presse hätten die Aufgabe, zu zeigen, daß sich der Rechtsradikalismus aus einem Appendix der herrschenden Unionspolitik in eine seinerseits treibende Kraft verwandelt hat. Es ist an der Zeit, daß Demokraten sich mit Strauß beschäftigen, bevor diese Demokratie von Magenkrämpfen geschüttelt wird. Speyer (Rhld.-Pf.) RICHARD THURO Public-Relation zum Null-Tarif. Hamburg WERNER ZWICK ... grausige Fiktion. St. Georgen (Bad.-Würrt.) GERD HOFFMANN ... Ideales (Bayern-)Maß vielleicht aber für nördlichere Regionen allenfalls Attraktion. Der König der Bayern, und dabei bleibt's. Berlin ROLAND EXNER Auf dem Höhepunkt der Wahlkämpfe entfernte sich Strauß vom politischen Mandat, um als Aufsichtsratsmitglied der englischen Computerfirma ICL in Deutschland in der Universität Hohenheim zu reden, den Verbund der europäischen Computerriesen Siemens-Philips-CII zu ermahnen, sich mit seiner englischen Firma zusammenzutun und um vor der amerikanischen IBM-Konkurrenz zu warnen, die immerhin seit Jahrzehnten wenige Kilometer weiter Tausende gutbezahlte und krisenfeste Arbeitsplätze bietet und hohe Gewerbesteuern zahlt ... Stuttgart HELMUT WAGNER Als alternder Polit-Star erkennt er seine einzige und letzte Chance ... Kiel (Schlesw.-Holst.) DR. RUDOLF FLECK Ein Mann mit der politischen Vergangenheit eines Rudolf Augstein sollte sich hüten, einem Vollblutpolitiker Wie Strauß, der seit mehr als 25 Jahren seine politische Meinung nicht zu ändern brauchte, Utopien zu unterstellen. Strauß ist Zeit seines politischen Kampfes Realist gewesen. Hannover CLAUS HUBIN Mit dem Altnazi Kiesinger als Bundes-Kanzler erfuhr unser Ansehen in der Welt keine positive Bewertung. Ein Kanzler mit so vielen unbereinigten Affären, wie Franz Josef Strauß sie aufzuweisen hat, wäre ebenfalls kein Aushängeschild. Berlin RICHARD MOKELKE Strauß darf nicht her, es gäbe ein Watergate in Deutschland! Cuxhaven (Nieders.) GERD JONAS Franz Josef Strauß als Bundeskanzler mit Fragezeichen. Und dann passiert es. Der SPIEGEL-Leser und Kirchenpapierverfechter greift zum Katechismus und findet folgende Zeilen: »Vergib uns unsere Schuld (denkt an dieses böse Papier) ... und erlöse uns von dem Übel« (denkt an das Titelbild mit Strauß). Es wäre zu überlegen, ob man -- sofern von dem Übel erlöst -- den sonntäglichen Gang zum Gottesdienst nicht doch wieder antreten sollte. Denzlingen (Bad.-Württ.) DIETRICH BERGER Hoffentlich ist es noch möglich, dem schwarzen Terror in der Wahlnacht 1976 zu entfliehen ... Langwedel (Schlesw.-Holst.) RITA GALLIEN Wenn Strauß Kanzler wird, emigriere ich nach Alaska. Ich hoffe aber, daß ich den SPIEGEL auch nach der Bundestagswahl 1976 noch in Berlin werde lesen können. Berlin GERHARD STURMHEIT Strauß als Bundeskanzler -- und warum nicht? Wenn nur die Schwarzkittel nicht hinter dem Manne stünden. So schon Klerikalismus in der Bundesrepublik übergenug. Mannheim (Bad.-Württ.) WERNER G. REINHARD Alles was Sie sagen und meinen in Ihrer Titelgeschichte über Strauß ist insofern richtig, als der letzte verbitterte Kampf um die Macht des Franz Josef Strauß identisch geworden ist mit der Politik der großen Lügen, die die Ostpolitik verdammt, obgleich man keine Alternative hat -- die unsere Regierung für die Inflation und die ganze wirtschaftliche Misere allein verantwortlich macht, obgleich man es nicht besser weiß ... Ob die klugen Parteiführer ihr Verhalten und ihre Politik wohl noch auf diese Tatsachen einstellen können? Ein Machtwechsel ohne klare Zukunftsperspektiven wäre jedenfalls ein Verhängnis.",https://www.spiegel.de/politik/grausige-fiktion-a-bae40566-0002-0001-0000-000041599149?context=issue,,11,1974,November,580,4092,True,True,1974,1970s,1970-74
1974,48,74,1974-11-24,Briefe,,," (Nr. 46/1974, SPIEGEL-Titel »Krebs-Rettung durch Frühdiagnose"") Solange die Vorsorgeuntersuchungen ein Klingeln in den Kassen der niedergelassenen Ärzte hervorrufen, werden die sogenannten Standesvertreter wohl kaum einer Verlegung der Untersuchungen in die dafür eingerichteten Krankenhäuser zustimmen. Das Schattendasein der Gesundheitspolitik geht zu Lasten unserer Brüste. Mannheim ANGELIKA FISCHER-LOHMAR Ich finde die Aussage des Hamburger Gynäkologen Hans-Joachim Lindemann deprimierend: »Hysterikerinnen, die jedes Knötchen gleich für eine bösartige Geschwulst halten.« Würde jeder Mediziner eine solche empörende Reaktion auf den nur zu verständlichen Wunsch einer Frau nach Gewißheit zeigen, dann würde aus vielen »Knötchen« bald ein nicht mehr zu heilender »Krebs« werden. Die Aussage ermutigt mich jedenfalls nicht gerade, einen Arzt wegen einer Vorsorgeuntersuchung aufzusuchen. Lübeck HEDDA STAMER Sie behaupten, daß die deutsche Krebsforschung, gemessen am Weltstandard. »ohne Niveau« blieb und -- was den Rang der wissenschaftlichen Veröffentlichungen betrifft die Bundesrepublik »noch hinter Ländern wie Italien, den Niederlanden, Australien und Israel« rangiere. Leider kann man den angezogenen Artikel aus der »Frankfurter Allgemeinen Zeitung« nur als ein unqualifiziertes Machwerk bezeichnen. -- Das größte Informationssystem wertet rund eintausend medizinische und biologische Fachzeitschriften aus. Derzeit sind in den Computern in Paris und Heidelberg Angaben über rund 50 000 Krebspublikationen gespeichert. Unter 49 986 Arbeiten aus dem Zeitraum Januar 1969 April 1974 kamen 4089 aus Zeitschriften der Bundesrepublik. ... Die Bundesrepublik liegt der Anzahl der Krebspublikationen nach an vierter Stelle hinter den USA. England und Frankreich. Heidelberg Prof. Dr. med. GUSTAV WAGNER Direktor des Instituts für Dokumentation, Information und Statistik am Deutschen Krebsforschungszentrum Ohne Zweifel ist die Mammographie eine wertvolle Methode zur Früherkennung. Daß sie nicht bei jeder Untersuchung angewandt wird, liegt jedoch nicht an der kassenärztlichen Bundesvereinigung, sondern einfach daran, daß diese Untersuchung von den Krankenkassen erst im begründeten Verdachtsfall und nicht bei jeder Untersuchung vergütet wird. Auch die Krankenhausärzte können diese Methode aus dem genannten Grund nicht häufiger einsetzen als ihre meist nur »fingerfertigen« Kollegen in der freien Praxis. Bad Homburg (Hessen) Dr. med. HERMANN SCHMIDT prakt. Arzt Ein wichtiger Schwerpunkt des in meinem Ministerium durchgeführten Programms ist die Entwicklung geeigneter Routineverfahren zur Früherkennung. So wird versucht, mit Methoden der Mustererkennung und speziellen optischen Verfahren vor allem bei Unterleibskrebs gesunde Zellen von entarteten automatisch zu unterscheiden. Informationen über krebsverdächtige Zellen werden unter anderem mit Fernsehsystemen automatisch erfaßt und anschließend in Datenverarbeitungs-Anlagen verarbeitet. Damit sollen Systeme entwickelt werden, die die schnelle Verarbeitung einer großen Zahl von Präparaten und Durchführung von Reihenuntersuchungen ermöglichen. Die bisherigen Untersuchungsmethoden. die nur durch geschultes Fachpersonal durchgeführt werden können, sind -- wie Sie mit Recht betonen -- zu kosten- und zeitintensiv. Außerdem fördern wir Arbeiten zur Früherkennung von Brustkrebs mit Hilfe der Elektroradiographie und Thermographie. Schließlich werden wir darauf hinarbeiten, daß Grundlagenerkenntnisse der Krebsforschung möglichst rasch in praktische Maßnahmen der Krebsvorsorge und Krebsbehandlung umgesetzt werden.",https://www.spiegel.de/politik/zu-lasten-unserer-brueste-a-059f5b43-0002-0001-0000-000041599372?context=issue,,11,1974,November,451,3587,True,True,1974,1970s,1970-74
1974,53,60,1974-12-29,Briefe,,," Ich bin seit 1969 in der Justizvollzugsanstalt in Saarbrücken inhaftiert. In den beiden ersten Jahren meiner Inhaftierung befand ich mich in sogenannter strenger Einzelhaft (Isolation). So durfte ich weder an Gemeinschaftsveranstaltungen teilnehmen noch an der Freistunde mit anderen Häftlingen. Zunächst befand ich mich drei Monate lang in einer Arrestzelle mit Gittertür unter ständiger Beobachtung von Beamten, die sich in zweistündigem Turnus abwechselten. Später wurde ich in eine weiße Einzelzelle verlegt, in der 24 Stunden lang das Licht brannte (dauernde Fernsehbeobachtung). Ein eigenes Radiogerät und eine eigene Schreibmaschine zu benutzen, wurde mir nicht erlaubt. Auch lehnte der Haftrichter meinen Antrag ab, Besuche des Münchner Studentenpfarrers A. Sommerauer zu empfangen. Andere Besuche bekam ich nicht, so daß ich zwei Jahre lang in vollständigerer Weise als jeder BM-Häftling isoliert war. Seit Rechtskraft des Urteils befinde ich mich auf Anordnung des Herrn Anstaltsleiters in sogenannter einfacher Einzelhaft. Das heißt konkret: Die »Strafe« wird in der Weise vollzogen, daß ich bei der Freibewegung, bei den mir erlaubten Freizeit- und Fortbildungsveranstaltungen sowie ähnlichen Gelegenheiten mit anderen Gefangenen zusammenkomme, mich im übrigen aber in meiner Einzelzelle aufhalte; infolgedessen ich auch dort zu arbeiten habe (Papierarbeiten). Diese Anordnung wird mit Sicherheitsgründen motiviert; im Gegensatz allerdings zu den BM-Anarchisten nicht wegen nachweislich konspirativen Verhaltens -- meine »Führung« ist ganz einwandfrei! -, sondern aus präventiven Gründen. Inzwischen liegt auch ein Beschluß des Strafsenats des Oberlandesgerichts Saarbrücken vom 5. September 1974 vor, der die Rechtmäßigkeit der Anordnung des Herrn Anstaltsleiters, mich bis auf weiteres in Einzelhaft zu halten, bestätigt. Ausgehend von dem Beschluß des Oberlandesgerichts hatte der Herr Anstaltsleiter denn auch keinerlei Skrupel, meinen Antrag vom November 1974. mir aus Gesundheitsgründen einen Mitgefangenen auf meine Zelle zu legen, aus Sicherheitsgründen abzulehnen. Ein eigenes Radiogerät und eine Schreibmaschine zu benutzen, wurde mir im 5. Jahr meiner Inhaftierung als * Fuchs, 31. wurde 1970 fünfmal lebenslänglich verurteilt. Grund: Gemeinschaftlicher Mord in vier Fällen bei einem Überfall auf das Munitionslagerdepot Lebach (Saarland) am 20. Januar 1969. Vergünstigung wegen guter Führung erlaubt. * Als einer, der die Erfahrung längerdauernder totaler und abgestufter Isolation kennt, weise ich deshalb die Behauptung, daß die Einzelhaft, wie sie praktiziert wird, Vernichtungshaft sei, aufs schärfste zurück. Gewiß führt das strikte Abschirmen von Menschen auf Dauer zu einem Leidensdruck, der um so stärker empfunden wird, je extravertierter ein Mensch veranlagt ist. So mag es denn -- wie auch draußen in einer unguten Familien- und Arbeitssituation zu vegetativen Störungen bis hin zu psychosomatisch bedingten Herz- und Magenleiden kommen; ich selbst leide zum Beispiel seit dem 4. Jahr meiner Einzelhaft an einem nervösen Reizmagen. Indes: von einem langsamen Dahinsiechen bis zur endlichen Zerstörung der Persönlichkeit in der Isolationshaft kann ernstlich keine Rede sein. Das verhindern schon Zeitungen. Bücher und Radios. die heute allen bundesdeutschen Gefangenen erlaubt sind. Freilich, wer keine inneren Hilfsquellen hat, kein Interesse an Büchern und ein ausgeprägtes Kontaktbedürfnis dazu, dem bleibt wohl nichts anderes übrig, als entweder zu resignieren oder sich via Hungerstreik und Pressekampagne zu wehren. Es ist letzteres also zu verstehen als eine Reaktion auf das Gefühl der Machtlosigkeit gegenüber dem Justizapparat. Um es mit einer Abwandlung des SPIEGEL-Wortes in betreff Baader-Meinhof zu sagen: Die Erkenntnis, mit den 1972er Bomben gescheitert (und inzwischen in Vergessenheit geraten) zu sein, kann durch den Bombenerfolg der Kampagne gegen angebliche Isolationsfolter und vermeintlichen Justizterror verdrängt werden.",https://www.spiegel.de/politik/ist-einzelhaft-vernichtungshaft-a-b4f754de-0002-0001-0000-000041599949?context=issue,,12,1974,December,544,3980,True,True,1974,1970s,1970-74
1975,7,71,1975-02-09,Briefe,Zum Versager Gemacht,,"(Nr. 5/1975, Arbeitsmarkt: SPIEGEL-Repart über Umschulung) Da wird jedem Umzuschulenden das gleiche vorgesetzt. Wer dabei nicht mithalten kann, der wird, über die Resignation hinaus, zum Versager gemacht. Homberg (Hessen) HANS-JÜRGEN VOLKE Obwohl ich die Prüfung vor der Industrie- und Handelskammer mit der Note »gut« bestanden habe, ist gar nicht daran zu denken, vom Arbeitsamt eine Stelle vermittelt zu bekommen. Lehrte WERNER HORN Als einzige Möglichkeit wurde mir ein Stenotypistinnen-Lehrgang angeboten mit dem Ziel: 120 Silben pro Minute (Stenographie), 180 Minutenanschläge (Maschine). Hatte man das Ziel erreicht, blieb einem dennoch eine Enttäuschung nicht erspart. Mir sagte der Vermittlungsbeamte des Arbeitsamtes (übrigens derselbe, der mir die Umschulung empfohlen hatte): »Mit den Schreibmaschinenkenntnissen finden Sie keine Arbeit. 260 Anschläge müßten Sie schon können.« Dafür also die Umschulung! Eckernförde GISA MÖDE Das von Ihnen zitierte »Arbeitsprogramm« ist nicht dazu angetan, das Auftauchen Arbeitsloser in der Statistik zu verhüten. Allein maßgebend ist vielmehr, die Wettbewerbsfähigkeit der Arbeitnehmer auf dem Arbeitsmarkt zu verbessern. Unbeschadet der Wiederholung einiger »alter Geschichten« halte ich freilich jenen Punkt, an dem die mangelhaften Lernbedingungen beklagt und in Beziehung zu Mauscheleien »des Arbeitsamtsleiters mit dem Chef des Fortbildungsinstituts« gesetzt werden, für gravierend. Mir sind eher schon einmal Klagen bekannt geworden, daß die Arbeitsämter zu strenge Anforderungen an die fachliche Bonität einer Bildungseinrichtung stellten. Deswegen wäre es ein Gebot der Sachlichkeit gewesen, wenn »Roß und Reiter« benannt worden wären, um das von Ihnen wiedergegebene Zitat zu belegen. Nürnberg DR. HARRY MEISEL Oberdirektor bei der Bundesanstalt für Arbeit",https://www.spiegel.de/politik/zum-versager-gemacht-a-4556acf9-0002-0001-0000-000041559065?context=issue,,2,1975,February,244,1814,True,True,1975,1970s,1975-79
1975,18,78,1975-04-27,Briefe,Steuergroschen Gut Angelegt,,"(Nr. 13/1975, Elektronik) Ihr Artikel über die technologischen Umwälzungen auf dem Gebiet der modernen Halbleitertechnik hat mich sehr gefreut. In der Tat werden die neuen ladungsgekoppelten Bauelemente eine bedeutende Rolle nicht nur in der Bildaufnahmetechnik. sondern auch als Speicher in Datenverarbeitungsanlagen spielen. Sie sind ein Beispiel für die ganz ungewöhnlichen Fortschritte in der gesamten Elektronik, die durch das Zusammendrängen einer riesigen Anzahl von Funktionen auf kleinstem Raum gekennzeichnet sind. Die USA nehmen in diesem modernsten Zweig der industriellen Entwicklung gegenwärtig eine Führungsrolle ein. Für uns wird es aufgrund des raschen Fortschritts zunehmend schwieriger. den Anschluß nicht zu verlieren. Ich habe mich daher bereits im vergangenen Jahr entschlossen, Forschung und Entwicklung auf diesem Gebiet im Rahmen eines auf fünf Jahre angelegten Programms mit insgesamt 286 Millionen Mark massiv zu fördern. Wir wollen damit Forschungskapazität und Industrie-Investitionen in einen Bereich lenken, der für unser aller Zukunft von großer Bedeutung ist. Eines der geförderten Gebiete ist dabei auch die von Ihnen angesprochene CCD-Technik. -- Der Aufbau leistungsstarker und wettbewerbsfähiger Zukunftsindustrien ist das beste Mittel, um die Arbeitsplätze in unserem Lande dauerhaft zu sichern. Für eine solche Politik brauchen wir die Unterstützung der Öffentlichkeit. Bonn HANS MATTHÖFER Bundesminister für Forschung und Technologie",https://www.spiegel.de/politik/steuergroschen-gut-angelegt-a-77912bca-0002-0001-0000-000041496421?context=issue,,4,1975,April,198,1473,True,True,1975,1970s,1975-79
1975,23,71,1975-06-01,Briefe,Auf Nach Braunschweig,,"(Nr 21/1975, Hochschulen: Etwa 160000 Studenten mehr ließen sich unterbringen, wenn die Verteilung von Universitätsräumen besser organisiert würde. Zu diesem Schluß kommt eine vom zuständigen Bundesministerium veranlaßte mathematische Studie) Selbst wenn unsere Hochschulen weitere Studenten in Horsälen unterbringen könnten, frage ich mich, wie untragbar die Arbeitsbedingungen in den Seminaren werden müssen. In diesem Zusammenhang würde mich interessieren, was das Ministerium mit diesen auf organisationstechnischen Kriterien basierenden Rechenkunststücken bezweckt. -- Ich habe dafür nur eine Erklärung: Die weiße Weste der Regierung muß gewahrt bleiben, der Schwarze Peter also den Universitäten zugeschoben werden. Bonn JOACHIM LOHFING stud. jur. Früher pflegte man einen entsprechenden wendigen Advokaten anzuheuern, um zu »beweisen«, was man gerade wahrhaben wollte. Heute scheinen einige Mathematiker den seltsamen Ehrgeiz zu entwickeln, in die Fußstapfen solcher »Juristen« zu treten. Derlei »Allzumenschlichkeiten« sind unvermeidlich mit der zunehmenden »Praxisrelevanz« dieses Faches verbunden. Kennzeichnend für den geistigen Horizont dieser cleveren Herren ist die Attacke auf die kleinen Fächer. Aachen DR. GEORG RIEDER o. Professor für Technische Mathematik maximale Hörerzahl 670 im Jahre 1969) Ohne Computer und ohne umzuorganisieren hätte während der letzten Jahre unsere Abteilung jährlich mehr als einhundert Studienanfänger zusätzlich aufnehmen können. Hier liegt ein Angebot von freien Studienplätzen vor. Obwohl das Studium auf den vielseitigen und aussichtsreichen Beruf des Diplom-Ingenieurs führt. nehmen die Abiturienten diese Chance nicht wahr. sondern drängen in Numerus-clausus-Fächer. Warum? Braunschweig PROF. DR. E. BROMMUNDT Stellvertr. Leiter der Abteilung Maschinenbau an der Technischen Universität",https://www.spiegel.de/politik/auf-nach-braunschweig-a-1c8ff521-0002-0001-0000-000041483782?context=issue,,6,1975,June,235,1837,True,True,1975,1970s,1975-79
1975,27,65,1975-06-29,Briefe,Heißes Rohr Zur Morgenstund,,"(Nr. 18/1975, Verkehr: Neues Radargerät) Fair war es bislang, wenn dem Autofahrer Gelegenheit gegeben wurde, eine Tempo-Überwachung frühzeitig zu erkennen und entsprechende Maßnahmen zu ergreifen. Wogegen ich grundsätzlich etwas habe, ist Automation. Seit ungefähr zwei Jahren haben wir eine Anti-Blitz-Anlage universell für jedes Fahrzeug entwickelt. Denn wenn man tatsächlich überlegt, welchen Sinn und Zweck eine Tempo-Überwachung um drei Uhr morgens wohl hat, dann kommt man zu dem Schluß, es geht einfach nur um den Mammon. Denn welcher Sportwagenfahrer fährt nicht einmal früh morgens gern ein »heißes Rohr«? Heilbronn HANS-D. WILL Ingenieur-Büro für Hydraulik",https://www.spiegel.de/politik/heisses-rohr-zur-morgenstund-a-6bc50c0e-0002-0001-0000-000041496331?context=issue,,6,1975,June,93,666,True,True,1975,1970s,1975-79
1975,28,77,1975-07-06,Briefe,Weisung Vom Admiral,,"(Nr. 15/1975, Fälschungen: Streit um Canaris-Tagebücher) Zu obengenanntem Artikel sind einige Anmerkungen nötig: Im Vorspann wird festgestellt, David Irving behaupte, die mir von Admiral Canaris übergebene und von ihm gegengezeichnete Kopie seiner »Tagebücher« sei gefälscht! In Wirklichkeit ist aber eine am 15. April 1943 von Canaris an mich ergangene Weisung bezüglich des Dokuments, nach dem Willen des Admirals, Bestandteil der Tagebuchkopie. Der Sachverständige für gerichtliche Schriftuntersuchung, Dr. Walter Hemsing, Aachen, hat am 3. Februar 1975, und als Wiederholung am 27. Mai 1975, mit Sicherheit festgestellt, daß die Unterschrift »Canaris« unter dieser Erklärung vom 15. April 1943 echt ist. Zu dem Papier und der Schreibmaschinenschrift dieser Erklärung haben Sachverständige des Landeskriminalamtes München begutachtet und festgestellt, »daß das Papier relativ alt ist und auch schon von dieser Qualität 1943 hergestellt wurde«, auch »die verwendete Schreibmaschinentype wurde schon 1943 in den Handel gebracht«. Mein Rechtsanwalt, Herr Dr. Knief, hat spätestens seit dem 24. Januar 1974 mehrmals dem Verlag W. Collins, London, schriftlich angeboten, die Dokumente (Canaris-Tagebücher) in seinem Büro in Nördlingen einzusehen -- wovon kein Gebrauch gemacht wurde. Über meinen Dienstrang und meine Verwendung bei der ehemaligen Wehrmacht wurde mit Dr. Irving gar nicht gesprochen. Ich war Offizier und kam durch den am 20. Juli 1944 beteiligten ehemaligen Oberbürgermeister Dr. Goerdeler -- einen Freund meiner Eltern -- 1941 mit Admiral Canaris in Verbindung. David Irving hat mich im übrigen im August 1973 nicht wegen arglistiger Täuschung verklagt und Schadenersatz verlangt, sondern wegen der ihm angeblich entstandenen Auslagen Ende 1973 eine Schadenersatzforderung in Höhe von 10 000 Mark gestellt und -- als diese nicht anerkannt wurde -- am 28. April 1974 mitgeteilt, er werde nun prozessieren. Eine Klage ging bis heute nicht ein. Ich hatte aber Irving schon am ii. Dezember 1973 mitgeteilt, daß ich bereit sei, vertretbare Unkosten zu erstatten. Zwischen mir und dem Verlag Collins ist keine »rechtsverbindliche Vereinbarung« dahingehend zustande gekommen, daß die Canaris-Tagebucher »zum frühestmöglichen Zeitpunkt leihweise Herrn Irving zu übergeben« seien. Eine solche Vereinbarung bestand mit David Irving; sie wurde aber hinfällig, da Irving seinerseits seine Pflichten aus dem Vertrag nicht erfüllte. Kleinsorheim (Bayern) KLAUS BENZING",https://www.spiegel.de/politik/weisung-vom-admiral-a-c930ea2d-0002-0001-0000-000041471322?context=issue,,7,1975,July,347,2470,True,True,1975,1970s,1975-79
1975,33,72,1975-08-10,Briefe,Nur Noch Gefeuert,,"(Nr. 32/1975, Angestellte) Daß jetzt auch das »Heer der Angestellten« und vorwiegend das Fußvolk unter ihnen, das oft genug den Sand sieben mußte für die naiven Sandkastenspiele der Top-Manager, von Entlassungen betroffen ist, wen wundert's noch. In den Vorstandsetagen glaubten Bosse und Manager den wissenschaftlich verbrämten Prognosen der Politiker, Weisen, Experten. Computerknechten und anderen Säulenheiligen mehr als dem gesunden Menschenverstand. Eine Unmasse der Pläne. Voraussagen. oft mit irrsinnigem Aufwand erstellt, erwiesen sich glatt als Makulatur. Die vorausgesagten Zuwachsraten in vielen Industriebereichen führten zu eklatanten Überkapazitäten, zu einem Kollaps -- auch in preislicher Hinsicht -, zu Kurzarbeit und Freisetzungen (wem nutzt dieses Wort?) in Millionen-Nähe. Wer wagt die Prognose für Herbst/Winter 75/76? Das deutsche Management, vielfach begieriger Nachahmer amerikanischen Businessdenkens, lernt wieder mal um, statt »hire and fire« wird nur noch gefeuert. The bosses are always right -- to the bitter end! -- P. S.: Selbstverständlich trifft obiges auf die Unternehmensführung in meiner Firma nicht zu. Aachen KURT GROMPE",https://www.spiegel.de/politik/nur-noch-gefeuert-a-93b52756-0002-0001-0000-000041471217?context=issue,,8,1975,August,158,1160,True,True,1975,1970s,1975-79
1975,34,68,1975-08-17,Briefe,Bedrohlicher Aufmarsch,,"(Nr. 32 1975. Bundesgartenschau in Mannheim) Sehr sachlich und treffend Ihr kurzer kritischer Bericht. Mannheim ANDREAS MIKSCH Der Blick Ihres Mitarbeiters schien sehr getrübt gewesen zu sein. DIETER ROHDE Was hat die Stadt Mannheim ihrem SPIEGEL-Kulturexperten getan? Mannheim SUSANNE BEATE KRÜGER Da kommen einem die Tränen: Wie kleine Tierchen einen Garten überfallen, so überfällt den Leser der bedrohliche Aufmarsch unfreundlicher Adjektive eines unfrohen Betrachters. dem die ganze Bundesgartenschau zu unfröhlich ist: eintönig, aufdringlich, verkrampft, plump, stumpfsinnig, teuer, anfällig, überladen ... Stuttgart ULRICH NOERING Ich bin ein einfacher Mensch und verfüge nicht über die für eine sachgerechte Kritik erforderlichen Beurteilungsmaßstäbe, aber darf man eine Gartenschau nicht so machen, daß einfache Menschen ihre Freude daran haben? Mannheim ROLF ROSCHMANG Hier werden unter dem Vorwand. dem Bürger Angenehmes und Schönes zu bieten, Unsummen von Geld in den Rachen von Sympathisanten geworfen. Was die seit Jahren SPD-regierte Stadt Mannheim auf diesem Gebiet schon alles getan hat, beweisen Bundesgartenschau, Fußgängerzone, Rosengarten, Collini-Center und Neckarufer-Nord. Es fehlt an Schulen, aber die Neubauten werden mit Teppichböden ausgelegt. Mannheim RUDI KOSTELNIK Mannheim ist nicht nur Industriestadt! Immerhin hat die Stadt ein sehr schönes Barockschloß und eine der schönsten Barockkirchen Südwestdeutschlands. Die so sehr vermißten Kieswege und gelungenen Wasserspiele hätte Bode mit etwas gutem Willen sogar inmitten des Stadtzentrums finden können; sie formieren sich malerisch um das Wahrzeichen der Stadt, den Wasserturm, zum Luisenring. Ludwigshafen THOMAS HAUPTMANN Nahezu in der gesamten Weltpresse wird die Bundesgartenschau als gelungenes Beispiel moderner Freiraumordnung und Stadtplanung gelobt. Es ist uns unverständlich, warum gerade der SPIEGEL diese Gartenschau so völlig anders und negativ beurteilt. Mannheim JÜRGEN STELTER Bundesgartenschau Mannheim Das macht die Hitze. Sie verklebt oft die grauen Ganglien. Freundliche Genesung wünscht Mannheim HANS LACH Gibt es Herrn Bode wirklich? Können Sie mir Ihr großes Ehrenwort geben, daß Herr Bode ein Mensch aus Fleisch und Blut mit zwei gesunden sehenden Augen ist? Haben Sie ein Bild von ihm, das echt ist? Seien Sie ehrlich! Sie haben in Ihren Computer zwei Steine geworfen, und in Sekundenschnelle war dieser so schöne unzutreffende Beitrag fertig und druckreif. Fünf Millionen Besucher, die neben mancher Kritik al les in allem doch recht schön fanden, wissen nun, daß sie gar keine Freude empfinden durften. Mannheim RUTH SONNE Es gibt ihn. Siehe Photo! Red. Daß man Rasen durch Polsterbilder und Kriechstauden ersetzen kann, wurde schon 1925 überzeugend in Darmstadt gezeigt. Mannheim führte unter anderem vor, wie man als Rasenersatz anstelle inzwischen massierten Cotoneaster und ähnliches auch eine Menge weniger bekannter, niedrig bleibender, aber aufrecht wachsender Stauden nutzen kann -- um noch ein gärtnerisch verdienstvolles Beispiel zu nennen. Aber vieles, was Mannheim 1975 lehrt, mögen vielleicht nur Gärtner erkennen. Windeck (Nrdrh.-Westf.) RUDULF HECTOR staatl. gepr. Gartenbaulehrer staatl. dipl. Gartenbau-Insp. Hiermit lade ich Herrn Bode recht herzlich zu einer Stadtrundfahrt und Führung durch das Gelände der Bundesgartenschau ein, da er wohl in einer anderen Stadt gewesen sein muß! Aus der Industriestadt mit dem blassen Image grüßt Sie Mannheim WOLFGANG RICHTER Schüler, 18 Jahre",https://www.spiegel.de/politik/bedrohlicher-aufmarsch-a-03edbea2-0002-0001-0000-000041458041?context=issue,,8,1975,August,490,3511,True,True,1975,1970s,1975-79
1975,52,66,1975-12-21,Briefe,Röntgen-Computer Gegen Krebs,,"Liebe SPIEGEL-Leser, vor einem Jahr habe ich die Bürger in unserem Lande zum ersten Mal aufgerufen, durch eine Spende die Deutsche Krebshilfe zu unterstützen. Das Echo, das mein Appell damals fand, war überwältigend: insgesamt konnten bisher acht Millionen Mark auf unserem Spendenkonto verbucht werden. Dabei überwiegend kleine Spenden. Sie alle haben ein Recht darauf, zu erfahren, was wir mit diesen Spenden getan haben und künftig tun wollen. Wir haben für über eine Million Mark medizinische Geräte beschafft für 16 Universitätskinderkliniken in der Bundesrepublik. Geräte, die aus öffentlichen Mitteln in absehbarer Zeit nicht beschafft werden konnten und die für die Bekämpfung der Krebskrankheiten bei Kindern dringend benötigt wurden. Wir haben auch eine halbe Million Mark für Geräte zur Früherkennung der Krebskrankheiten finanziert, und zwar an Kliniken, wo diese Geräte den höchsten Nutzeffekt erzielen können. Ein Kreis namhafter Mediziner hat jede einzelne Förderungsmaßnahme genau geprüft. Erst danach haben wir Ihre Spende zur Verfügung gestellt. Für das kommende Jahr nehmen wir uns vor: eine bundesweite Informations- und Aufklärungskampagne wird gestartet. Sie hat das eine Ziel, mehr Menschen als bisher zu bewegen, die kostenlosen Krebsvorsorgeuntersuchungen zu nutzen. -- Das teuerste und wichtigste Projekt wird die Anschaffung des ersten Röntgencomputers in der Bundesrepublik sein. Er wird zwei Millionen Mark kosten. Mit diesem sogenannten Ganz-Körper-Scanner kann der Röntgenologe Veränderungen an den inneren Organen im allerfrühesten Stadium erkennen. Wir wollen die Krebsforschung unterstützen, indem wir die »Deutsche Stiftung für Krebsforschung« errichten -- und zwar mit einem Startkapital von einer Million Mark. Geben Sie der medizinischen Forschung -- und damit uns allen -- eine Chance, den Krebs wirksamer zu bekämpfen. Herzlichen Dank! Ihre Mildred Scheel",https://www.spiegel.de/politik/roentgen-computer-gegen-krebs-a-7d1f4245-0002-0001-0000-000041376602?context=issue,,12,1975,December,267,1895,True,True,1975,1970s,1975-79
1976,4,60,1976-01-18,Briefe,»R U Ok 4 A Dd?«,,"(Nr. 52/1975, SPIEGEL-Serie »200 Jahre USA«; Heinz Lohfeldt über Amerikas Englisch) Und wenn man in den USA mal austreten möchte, kann man das Schild finden: 4 U 2 P* Köln JOCHEN RÖTHER Werbeslogan einer großen englischen Brauerei (Double Diamond): »R U OK 4 A DD?""** Hilden (Nrdrh.-Westf.) FRANK DORN Die Variationen mit X sind besonders schön. X steht nicht nur für Kreuz, sondern (basierend auf dem griechischen Buchstaben Chi) zum Beispiel auch für Christ, wenn man sich »Merry Xmas« wünscht. In der Technik bedeutet KS air = excess air (Luftüberschuß). XS-Rohre haben besondere Wandstärke (extra strong), noch dicker ist natürlich XXS-Material (double extra strong). Die Reklame preist einen Volkswagen an als A 1 derful car ein wunderbarer Wagen. Für Ihren amüsanten Artikel »THANX A LOT.« Ingolstadt (Bayern) DR. KARL MICHAEL 15 * For you so pee. ** Are you ok for a Double Diamond? *** I owe you ... Den Höhepunkt dieses »Stils« erreichte das berühmte amerikanische Show-Business-Journal »Variety« mit der nun schon Sprachgeschichte gewordenen Schlagzeile »STIX NIX HIX PIX«. Entschlüsselt: The sticks (die Leute auf dem Land) nix (ablehnen, aus dem Jiddischen), hicks (Dorftölpel), pix (= pictures = Filme). Übersetzt: »Das Provinzpublikum möchte keine Filme über ländliche Themen sehen.« Scharten <Österreich) EVA BORNEMANN Das Englische, seiner Struktur nach so präzise wie Latein, wird immer umständlicher, abstrakter, ungenauer. Substantive treten an die Stelle von Verben, Modewörter übertünchen das Fehlen klarer Begriffe oder logischen Denkens. Die verlogenen Floskeln der Nixonbande sind da das beste Beispiel. Aber mit dem altehrwürdigen IOU hat das doch nichts weiter zu tun! New York JOHN KALIIR IOU ist ein altes englisches Kaufmannsversprechen, auf eine Visitenkarte mit Betrag gekritzelt, gilt es vor Gericht**. Aus dem Vulgärjargon läßt sich überall und zu jederzeit örtlich begrenztes »Dickes« herausziehen. Die Rechtschreibung steht schließlich auf einem anderen Blatt (slo, go thoro). Hier möchte ich es mit den Italienern halten, die zwar Schnitzer begehen, aber herrliche Sinfonien geschrieben haben. Man mags bedauern, es ist aber amtlich: Zitto zitto! Dead quiet! Totenstill! -- sei der Nichtphilologe. Darmstadt DR. HANSJÖRG GARTE Dozent des Goetheinstituts i. R. Man könnte zu der Ansicht kommen, daß Amerika die englische Sprache töten wird. Bevor man jedoch diesen Stein wirft, wollen Sie bitte einmal folgende Wörter überfliegen: Boom, Test, Electronic, Electric, Fighter, Show, TV-Star, Tip, Spray, Spot, Disc-Jockey, Moderator, Economy-Klasse, Automatik, Drink, Profi, Europacup, Knowhow, Pocket Camera, Partner exorbitant, Computer, Party, Receiver, Lift, Selector, Service, Cassetten-Recorder, Ranger, Essay, Baby, Dealer, Boss High-Gefühl, Swimming-pool, allraund, Power-Sound. Manager, gemanagt, Paperback, Jet-set, Camp, Timing, Marketing, Stress, Trick Horror-Trip, Feedback, Thriller-Qualität Design. Wenn Sie nun fragen, wozu das gut sei, möchte ich Ihnen verraten, daß ich alle diese Ausdrücke beim oberflächlichen Lesen einer SPIEGEL-Ausgabe gefun -- den habe. Backnang (Baden-Württ.). WILHELM KÜBLER jun.",https://www.spiegel.de/politik/r-u-ok-4-a-dd-a-150850a1-0002-0001-0000-000041309511?context=issue,,1,1976,January,450,3153,True,True,1976,1970s,1975-79
1976,20,58,1976-05-16,Briefe,»Porduktvitäts«-Fortschritt,,"(Nr. 19/1976, Streik) Gott sei Dank, heute wieder SPIEGEL kaufen können! Egal, wie SPIEGEL aussieht, ich kaufe und lese ihn trotzdem. Brühl (Rhld.-Pfalz) Klaus Nowak Wie schwer verging da doch die Zeit In Tram, Bus, S-Bahn, Zug. Im kam uns vor der Weg so weit, der sonst verstrich wie im Flug. Diese Zeit ließ uns erschauern: »Wie lang wird es noch dauern?« Und man mußte sich gestehen ein, wie sehr es doch fehlte, das SPIEGELein. München Gerhard Simon Gymnasiast, 19 Jahre Für diese Woche den SPIEGEL bereits abgeschrieben, war ich einigermaßen überrascht, als am Dienstagnachmittag, wenige Stunden nach Streikende, ein (fast) komplettes 240-Seiten-Heft am Kiosk war. Eine journalistische und drucktechnische Glanzleistung. Glückwunsch Ihrem Blitz-Vertrieb. Schloß Ricklingen (Nieders.) PETER BORNEBUSCH Endlich mal nicht so hanseatisch s-teif! Fröhlich machen mich die fehlenden Linien, in die ansonsten die Überschriften eingezwängt sind, oder das Loch im Briefteil, als seien Ihnen die Zuschriften ausgegangen. Aus dem Wechsel zwischen Schreibmaschinen- und anderen Typen können aparte, moderne graphische Elemente entwickelt werden, und eine falsche Bildunterschrift mag dem Erzbischof Hamer sagen, wie ihn seine Schäflein einmal sehen möchten (Ich habe Ihnen das alles mal aufgeklebt). Berlin CAROLA CHRISTIANSEN Ihre Berichterstattung über den Arbeitskampf in der Druckindustrie, vor allem aber das SPIEGEL-Interview mit IG-Druck-Vorstandsmitglied Hensche, war ein Volltreffer im Gesicht der Drucker und Metteure. Gerade uns Journalisten stände es gut zu Gesicht, eine solidarischere Haltung gegenüber unseren Kollegen in der Technik einzunehmen, ohne deren Handarbeit unsere tägliche »Produktion« sicher nicht in Form von Zeitungen oder ähnlichem an die Öffentlichkeit gelangen könnte. Bergkamen (Nrdrh.-Westf.) MALTE HINZ Journalist Kann es vielleicht sein, daß die neuen Schrifttypen des SPIEGEL den Schreibmaschinen der Redakteure und Angestellten entstammen, die damit unter allen Umständen verhindern wollten, daß nicht die Setzer als Streikbrecher auftreten, sondern lieber sie selbst? Stuttgart ULRICH HARTMANN Student der FH Druck Stuttgart Rudolf Augstein, eh's zu spät, Gehe in Dich, wenn's noch geht. Heinrich Heine, könnt' er's wissen, Hätte Dir wohl sagen müssen, Daß In Deutschland in der Nacht An den SPIEGEL er gedacht. Stuttgart Cornelius Schuler Manch einer war sicher froh, infolge des Streiks der täglichen Bleiwüste, den Photokaskaden und Werbeposaunen entronnen zu sein. Bei mir dauerte dies bis Sonntagabend, 22.50 Uhr, Erstes Programm. Abgesetzt wurde da die Sendung über die Nicht-Sendung eines Gedichtes von Andersch, womit erneut die Auseinandersetzung über eines der wichtigsten Probleme der gegenwärtigen Innenpolitik, den Radikalenerlaß, verhindert wurde. Erschreckend, wenn das Medium Fernsehen die einzige Informationsquelle wäre. Ahe (Nrdrh.-Westf.) ULI und MAREN HORN An und für sich hatte ich nicht mehr mit Nummer 19 gerechnet, und nach dem Durchblättern habe ich noch nicht mal einen Negativ-Beitrag nach Art von »Bild« gesehen. Ich würde sagen, wenn man die Möglichkeit hat, Verhetzung zu verhindern, sollte man""s tun. Die Weimarer Republik ist nicht an fehlender Meinungsfreiheit, sondern unter anderem auch an Hugenberg gescheitert. Wuppertal H. KIPPING Dieser SPIEGEL ist der beste, den ich je las. Gerade weil er nicht so gewohnt perfekt ist. Machen Sie ruhig noch mal einen unvollendeten SPIEGEL. Stroelen (Nrdrh.-Westf.) KARL KOLISCH Das durch Druckerstreik blessierte Exemplar Nr. 19 werde ich verwahren. Es ist rührend, wenn der stets »korrekt angezogene« (korrigierte) SPIEGEL sich verschämt in der Hausmitteilung für »vielleicht einige Druckfehler mehr« entschuldigt. »Da platzt einem (nicht) der Kragen«, wenn auf Seite 25 vom »Porduktivitäts-Fortschritt« die Rede ist. Im Gegenteil. Eine gelegentlich verrutschte Krawatte gibt gerade einem »Bestangezogenen« wohltuend menschliche Züge. Bremen DR. G. GÄNGEL Abteilungsleiter am Staatl. Hygiene-Institut Bremen",https://www.spiegel.de/politik/porduktvitaets-fortschritt-a-45c66457-0002-0001-0000-000041237539?context=issue,,5,1976,May,563,4017,True,True,1976,1970s,1975-79
1976,26,66,1976-06-20,Briefe,Fragen Ohne Ende,,"(Nr. 23/1976, Affären) Seit der SPIEGEL zum Bericht des nordrhein-westfälischen Rechnungshofes über ein als KIS (Krankenhaus-Informations-System) apostrophiertes Forschungsvorhaben zur elektronischen Datenverarbeitung in der Medizin an der Technischen Hochschule Aachen geschrieben hat, nehmen die Fragen an mich kein Ende: Wurden für eine schwarze Kasse mit nicht kontrollierbaren Zwecken 150 000 Mark Industrie-Spende kassiert, gingen 18 505,16 Mark privat an einen Professor, bleiben 72 543,58 Mark im dunkeln, sind Belege verschwunden, wurde ein Professor ungeprüft in Schutz genommen? Wer jährlich eine halbe Milliarde Mark verantwortlich zu bewirtschaften hat, muß antworten: Die 150 000 Mark disponierte die Firma Siemens zur Verwirklichung eines Vertrages, der außer Anmietung eines Rechners gemeinsame Arbeit an Medizin-EDV festlegte. Aus rechtlicher Unkenntnis ließ der Professor 1973 zweieinhalb Monate lang Geld davon -- 18 505,16 Mark -- für KIS-Zwecke über ein privates Konto laufen. Da Ausgabe und Zweck der Gelder durchgehend belegt sind, konnte später rasch geklärt werden, daß der Professor sich nicht bereichert hat. Belege sind keine verschwunden; sicher verwahrt, sind sie allerdings nur wenigen zugänglich. Über 18 505,16 Mark hinaus wurde Geld aus der Siemens-Finanzbeteiligung nur noch unter Kontrolle und Wahrung der Rechtmäßigkeit durch die Verwaltung für das Vorhaben Medizin-EDV in Anspruch genommen. Aachen BURKHART MÜLLER Kanzler der Technischen Hochschule",https://www.spiegel.de/politik/fragen-ohne-ende-a-9e06e526-0002-0001-0000-000041213209?context=issue,,6,1976,June,202,1486,True,True,1976,1970s,1975-79
1976,34,64,1976-08-15,Briefe,Große Mehrheit,,"(Nr. 30/1976, Verfassungsschutz) Sie behaupten, das im Juni verabschiedete niedersächsische Verfassungsschutzgesetz habe in Niedersachsen »eine Art Volksaufstand« ausgelöst. Dem niedersächsischen Minister des Inneren ist davon nichts bekannt. Bekannt ist vielmehr, daß sämtliche Fraktionen der gewählten niedersächsischen Volksvertretung diesem Gesetz mit großer Mehrheit zugestimmt haben. Sie beanstanden, daß den Behörden ein »weiter Auslegungsspielraum« eingeräumt werde. Das Bundesverfassungsgericht hat diesen verfassungsrechtlichen Zentralbegriff bereits 1952 klar definiert, so daß ein »weiter Auslegungsspielraum« schon längst nicht mehr besteht. Sie kritisieren in Wort und Bild die Anwendung nachrichtendienstlicher Mittel durch den Verfassungsschutz. Dazu Paragraph 4 des niedersächsischen Gesetzes:« Bei dei Anwendung nachrichtendienstliche] Mittel ist die Verfassungsschutzbehörde an die allgemeinen Rechtsvorschriften gebunden. Der Verfassungsschutzbehörde stehen polizeiliche Befugnisse nicht zu.« Damit ist eindeutig fixiert daß sich der niedersächsische Verfassungsschutz an Gesetz und Recht zu halten hat. Sie halten es für »verfassungsrechtlich bedenklich«, daß der Verfassungsschutz bei der Überprüfung von Personen mitzuwirken hat. die sich um Einstellung in den Öffentlichen Dienst bewerben. In der Entscheidung vom 22. Mai 1975 hat das Bundesverfassungsgericht die Mitwirkung des Verfassungsschutzes bei der Überprüfung solcher Bewerber keineswegs untersagt, sondern lediglich besondere. zusätzliche Erhebungen im Einzelfall für unstatthaft erklärt. Solche zusätzlichen Erhebungen sind vom Verfassungsschutz in Niedersachsen bisher niemals angestellt worden und auch auf Grund des neuen Gesetzes nicht anzustellen. Ihre Annahme, Niedersachsens Innenminister könnte auf Grund des neuen Gesetzes »Erkenntnisse« des Verfassungsschutzes an »private Schnüffelfirmen« weiterreichen, entbehrt für den rechtsstaatlich denkenden Beamten nicht der Komik, ist darüber hinaus aber auch rechtlich unzutreffend. Paragraph 6 des Gesetzes schließt eine solche Weitergabe eindeutig aus. Hannover BERND DIETMAR SCHEER Referat für Presse- und Öffentlichkeitsarbeit beim Niedersächsischen Minister des Innern Zu den bedrohlichsten Aspekten der Situation gehört, daß zu wenige sich betroffen fühlen. Nach der Lektüre Ihres Berichts haben wir von der Saarbrücker Zeitschrift »Einzelheiten« uns aufgerufen gefühlt, unsere Betroffenheit weiterzuvermitteln. Ein Mittel dazu ist diese Postkarte unseres Graphikers Heinz Diesel, die inzwischen im Saarland massenweise verschickt wird. Saarbrücken RAINER PETTO Das Gesetz über den Verfassungsschutz spiegelt überdeutlich die Meinungen der drei im Bundestag vertretenen Parteien über den Begriff »Freiheit« wieder. Und mit diesem Begriff heuchelt man noch als Schlagwort für die Bundeswahl 1976. Gerlingen (Bad.-Württ.) VOLKER WENDEL Die Möglichkeiten zur Bespitzelung politisch unbequemer Bürger werden durch die neuen Gesetze nur legalisiert. In der Praxis haben die »phantastischen Möglichkeiten« der Computertechnik längst Datenpools nicht abschätzbaren Ausmaßes sowie deren Mißbrauch in die Realität umgesetzt. Gütersloh RÜDIGER BOLLWEG Kreisverband der Jungdemokraten",https://www.spiegel.de/politik/grosse-mehrheit-a-e978791a-0002-0001-0000-000041147284?context=issue,,8,1976,August,392,3217,True,True,1976,1970s,1975-79
1976,35,63,1976-08-22,Briefe,Achtung! - Polizei-Steinzeit,,"(Nr. 32/1976, SPIEGEL-Gespräch mit dem rheinland-pfälzischen Innenminister Heinz Schwarz: Ober den Entwurf für ein neues Polizeigesetz) Man sollte das Gespräch als Sonderdruck jedem Wahlbürger zustellen, damit er nicht sagen kann, wie einst bei Hitler, er habe nichts gewußt. Es ist höchste Zeit, daß jetzt Bürgerinitiativen entstehen, um dieses Gesetz legal zu bekämpfen. Berlin JOCHEN CLAUSS Mit kaum zu überbietendem Zynismus hat Minister Schwarz die Katze aus dem Sack gelassen. Höchste Zeit für Bürgerinitiativen! Solingen (Nrdrh.-Westf..) GÜNTER MERTENS Jeder das Grundgesetz achtende Bürger sollte gegen diese Absichten Sturm laufen und versuchen zu retten, was noch zu retten ist. Bitte drucken Sie meinen Namen nicht voll aus, ich bin Student ohne einflußreiche Eltern und habe Angst! Braunschweig T. F. 0. »Ein Sturm bricht los!« Dieses Zitat müßte nach diesem SPIEGEL-Gespräch Gültigkeit bekommen! Neubiberg (Bayern> GOTTHARD K. M. SIEGEL Wenn solche Leute sich als Hüter der Freiheit aufspielen (""Freiheit statt Sozialismus""), kann ich nur um den Fortbestand unserer Demokratie fürchten. Neuenhaus (Bad.-Württ.) HARALD BURKHART »Freiheit statt Schießbefehl!« Troisdorf (Nrdrh.-Westf.) W. JUNG »Freiheit durch Handgranaten!« Vlotho (Nrdrh.-Westf.) GERNOT RAEDER »Freiheit statt CDU!« Hammerstein (Rhld.-Pf.) GREGOR JUNGBLUTH Leistet Herr Schwarz Wahlhilfe für die SPD? Herbolzheim (Bad.-Württ.) ALFRED SCHROEDTER Ein Kompliment den beiden Interviewern und deren Recherchierqualitäten in Sachen Mentalität. J. 0. PETERS Ein Lob den beiden SPIEGEL-Redakteuren, die Herrn Schwarz die richtigen Antworten und Fragen gaben und so dessen absurden Standpunkt ans Licht brachten. Hameln (Nieders.) J. PAULOUSEK Wer weiß, ob ein Amtsnachfolger des Herrn Schwarz nicht in einem SPIEGEL-Gespräch erläutern wird, warum politische Opposition a priori des Terrorismus verdächtig und deshalb zu zerschlagen sei. Rosenheim (Bayern) WALTER BRUMM Erschreckend, mit welcher Kaltblütigkeit Herr Schwarz den Tod von Menschen (Tätern und Unbeteiligten) einkalkuliert. Wolfenbüttel (Nieder.) ACHIM SCHREIER Die Lust und die Verbissenheit, mit der hier staatlicher Terror propagiert wird, erscheint pathologisch und unheilbar. Die Polizei selbst sollte das »Gesetz« mit aller Kraft bekämpfen. Weesen (Nieders.) PETER BUTTGEREIT Gott schütze uns nicht nur vor Anarchisten, sondern auch vor solchen Heißspornen wie Herrn Schwarz. Bremen-Oyten PETER FRANCK CDU-Wähler Der endgültige k. o. für die ohnehin angeschlagene Rechtsstaatlichkeit. Göttingen NORBERT WIELSCH stud. jur. Ich sehe schwarz! Kettwig (Nrdrh.-Westf.) ALIBERT SASSEN Die Frage stellt sich, ob Herr Schwarz schwärzer als schwarz ist; oder ist er am Ende braunschwarz? Bremen PETER BERGER Deutschland auf dem Weg zum Polizeistaat ein neues 1933? Paris JÜRGEN GRIES Von diesem Gesetzentwurf zu einem neuen Ermächtigungsgesetz ist es nur noch ein kleiner Schritt. Nieder-Ramstadt (Hessen) FRITZ A. BRAMMER Damit könnte das zweite Jahrtausend beginnen -- wie gehabt! Göttingen DR. ANNA-ELISABETH STERN Hier geht es gar nicht mehr um mehr Macht für die Polizei oder um die grundgesetzlich garantierten Rechte der Bürger. Hier heißt die Alternative wohl nur noch: Polizeistaat -- ja oder nein. Haben wir nichts aus den Lehren des Hitler-Regimes gelernt? Bonn-Beuel JÜRGEN F. BECKER Mitglied der CDU Ich als junger Mensch (20), wurde zur Kritik erzogen. Jetzt muß ich erleben - das ist traurig -, daß nach nur 31 Jahren wieder jemand im Namen der Freiheit freiheitliche Rechte auslöschen will. Hamburg RÜDIGER SCHLÜTER Soldat George Orwells Roman »1984« erscheint nun doch nicht mehr so utopisch. The Big Brother is watching you! Mühlheim/Ruhr ARMIN STRUNK FRAUKE SCHLÜTER Erschreckend, was dieser Minister denkt und sagt: 1933 und 1984 im Jahre 1976! Bad Oldesloe (Schlesw-Holst.) FRED EPSTEIN 1984 ist nicht mehr weit! Regensburg NORBERT SCHOBER 1984 ist näher als acht Jahre. Es könnte nach dem 3. Oktober beginnen. Hongkong RUDOLF HONNEF Herr Schwarz hat einen neuen Begriff geprägt: der »friedvolle Bürger«. Das ist nicht einfach ein Bürger, der vielleicht phantasievoll ist oder anspruchsvoll, aber zugleich friedliebend. Nein. das ist ein neues Monstrum, so friedvoll wie gedankenleer, daß es keine Fragen stellt. Ein ganzes Volk derart »friedvoller Bürger«? -- grauenvoll. Karlsruhe GISELA BRÜNNER Man kann nur hoffen, daß solche Auswüchse kritische, denkende Menschen hervorbringen. Wahrscheinlicher ist jedoch der geduckte, deutsche Heldenbürger mit dem reinen Herzen. München CHRISTA HEFELE Während Tausende von anständigen Polizeibeamten tagtäglich und allnächtlich mit dem Berufsrisiko rechnen müssen, bemühen sich immer noch Gruppen weltfremder Ideologen darum, das Berufsrisiko von Verbrechern zu vermindern, die sich den Teufel um Menschenleben scheren. Wetter/Ruhr GUSTAV ILLGUTH Da bleibt nur die Hoffnung auf den gesunden Menschenverstand der Polizisten, die bestimmt mehr Ahnung von der Materie haben als Herr Schwarz. Trier MARITA ROEDER-OVERDICK Nunmehr wird auch vielen Polizisten bewußt werden, daß ihr Streben nach einem zivilen, bürgernahen Status schier unglaublich rücksichtslos von Schwarz & Co. auf die paramilitärische und Staatsbüttel-Funktion transformiert werden soll. Taunusstein (Hessen) GERD BEHRENDT Kriminalbeamter Erst unlängst haben Wissenschaftler der Universität Saarbrücken in ihrem Gutachten »Berufsbild der Polizei«, das im Auftrage der Innenministerkonferenz erstellt worden ist, Polizeidienst als sozialen Dienst am Bürger definiert. Dem Minister Schwarz aber scheint es einzig und allein um eine -- im wahrsten Wortsinne! -- schlagkräftige und entsprechend bewaffnete Polizei zu gehen. Bielefeld GÜNTER SCHRÖDER Vorsitzender Landesbezirk Nordrhein-Westfalen der Gewerkschaft der Polizei Es geht dem Minister wohl darum, das Rad der Polizeigeschichte kräftig zurückzudrehen. Bochum HELMUT ACKERMANN Leiter der Mordkommission beim Polizeipräsidium Bochum Zweifelsohne wird dadurch unsere Arbeit bedeutend erleichtert. Daraus resultiert jedoch die bereits von Ihnen angesprochene, auf keinen Fall auszuschließende Gefahr des Machtmißbrauchs. Was zählt, sind einzig und allein lückenlose Gesetze, nicht irgendwelche vagen Formulierungen. Dieser Entwurf wird uns von der Demokratie entfernen und dem Polizeistaat näher bringen. Großefehn (Nieders.) GERD BOHLEN Polizeibeamter Ihr Interview hat auch mich, als einen -- taut Gerichtsbeschluß -- hartnäckigen Kriminellen angesprochen, da ich demnach sicherlich später mit einer Polizistenkugel (legalen?) in Konflikt gerate. Berlin FRANZ OSWALD Alt-Moabit 12 A (Untersuchungshaftanstalt) Die Zulässigkeit des Einsatzes von Handgranaten durch die Polizei stellt einen Rückfall in die »Polizei-Steinzeit« dar. Es ist kein Fall bekannt, in dem sich Handgranaten als eine polizeiadäquate Waffe erwiesen haben. Das gilt auch für Maschinengewehre. Bonn HEINZ PENSKY MdB. SPD-Sprecher für Innere Sicherheit Georg Leber sollte Herrn Schwarz schnellstens zu einer Schießübung der Bundeswehr einladen, damit er endlich Wirkung und Einsatzmöglichkeiten von MG und Handgranate kennenlernt! Berlin EDMUND DIEDRICHS Wenn sich die CDU/CSU so für den Schutz des ungeborenen Lebens einsetzt, sollte dieser Eifer beim Schutz geborenen Lebens nicht so erlahmen. Doch auch SPD und FDP stünden hier mehr Gespür für Mißbrauch von Gesetzen gut zu Gesicht! Backnang (Bad.-Württ.) KLAUS HARIG Gefährlich wird für den Bundesbürger langsam jeder Aufenthalt in belebten Gegenden, da ja zufällig -- und aufgrund neuerer Interpretationen -- gehäuft Personen auftauchen können, die jemandem eine Leibesgefahr zufügen könnten, so daß auf sie geschossen werden dürfte. Hannover ROLAND JOHANNES Ich weiß nicht, was die Aufregung soll. Flammenwerfer werden nicht benutzt und Handgranaten werden nur danebengeworfen. Der Bürger hat doch noch Chancen! Hamburg K. BUSCH Wem käme da nicht der Gedanke, daß der Herr Minister nur zu gut weiß, welche Juristen er da gefragt hat, nämlich »unsere«. Hamburg KARL MATL Sollten wir nach dem 3. Oktober Sozialismus statt Freiheit haben, so wird CDU-Schwarz (Nomen est omen) das sicherlich für die »vorrevolutionäre Situation« halten. Ob er dann seine Polizei mit Handgranaten und MGs über die Mainzer Brücke ins »rote Hessen« schickt? Hinterher hat er dann einfach die falschen Juristen gefragt. Paderborn PROF LOTHAR M. WEESER-KRELL Man kann nur hoffen, daß die westdemokratischen Staaten diesmal die deutsche Katastrophe rechtzeitig verhindern und es nicht so weit kommen lassen, daß Herr Schwarz in Hessen einmarschiert und dort mit der Errichtung der Polizeidiktatur beginnt. Berlin DR. WALTER JACOB) Oberstudiendirektor i. R Ade, schönes Grundgesetz. Oder: Besser, man packt langsam wieder die Koffer. Berlin HERBERT CHRISTIAN SCHNEDLER Bekommen wir nun den katholitären Staat? Ich bleibe im Ausland! Antwerpen WOLFGANG HAGEDORN Guter Gott, wird dieses Volk niemals klüger? Ich werde mein Erbteil in der Bundesrepublik aufgeben und mich ganz in die Schweiz zurückziehen. Murten (Schweiz) ILSE RYTER Minister Schwarz beklagt, daß »die Täter ja heute nicht mehr ausschauen wie Täter«. Nun ja -- die Innenminister scheinen auch nicht mehr das zu sein, was sie früher waren. Rehau (Bayern) HELMUT JAKOB Die Leute, die sich nicht von handgranatenschmeißenden Polizisten »beschützt« sehen möchten, könnten sich schon mal ans Sammeln machen: für Herrn Schwarzens Freiflug, vielleicht nach Chile. München BRIGITTE HARTMANN Man sollte diesem Provinz-Fouché einen Freiflug nach London schenken* Er könnte sich ansehen, wie ein einziger unbewaffneter Bobby gelangweilt vor Downing Street 10 steht und nur äußerst unwillig dreiste (deutsche) Touristen von der Schwelle der Premierminister-Residenz komplimentiert trotz IRA und ähnlicher Terrorgruppen. Frankfurt LEO GOEBBELS Minister Schwarz sollte man in die DDR abschieben, dort kann man solche Gesetze gebrauchen, wenn man sie nicht schon hat. Wolfsburg REINHARD RÖGENER Werkzeugmacher Wer die Fernsehdiskussion im Winter 1975 verfolgen konnte, in der Minister Schwarz ernsthaft behauptete, das methodische Vorgehen der Polizei bei Demonstrationen beruhe auf Erfahrungen mit Karnevalsumzügen, kann nicht mehr verwundert sein. Mein Vorschlag: ihm den Vorsitz eines Karnevalvereins zu übertragen. Rotenburg (Nieders.) HELMUT BUSCH Immerhin gebührt dem CDU-Minister Dank für seine Offenheit. Stuttgart WERNER H. ROllt Unverständlich bleibt, daß sich der SPIEGEL für dieses Gespräch auch noch bedankt hat. Stuttgart RICHARD GMEINWIESER * Joseph Fouché (1759 bis 1820). Franzose, war als Polizeiminister (1304 bis 1810) -- auf Geheimpolizei und Spitzeiwesen gestützt -- nahezu allmächtig.",https://www.spiegel.de/politik/achtung-polizei-steinzeit-a-f2c24e2f-0002-0001-0000-000041147173?context=issue,,8,1976,August,1481,10665,True,True,1976,1970s,1975-79
1976,36,71,1976-08-29,Briefe,Maus Und Schießhund,,"(Nr. 34/1976, Kabinett: Planspiele vor den Bundestagswahlen um die nächste Bundesregierung) Nachdem ich zu Beginn meiner Ministertätigkeit in der Presse einmal als »feldgraue Maus« bezeichnet wurde, die zur Strafe SPD-Fraktionsvorsitzender werden müsse, hat sich nunmehr das Vertrauen in meine Zukunft deutlich gefestigt. Ich soll nämlich unter anderem DGB-Vorsitzender, Finanzminister, Hessischer Ministerpräsident und Chef eines Super-Infrastrukturministeriums werden. Eine sorgfältige. quantitative Analyse des Presse-Echos auf meine Tätigkeit als Minister hat mir das Geheimnis dieses Erfolgs entschlüsselt: Nach der Zahl der Meldungen war das wichtigste, was ich in diesen 28 Monaten getan habe: eine ausländische Regierung als etwas bezeichnet, was sie auch ist; einen mittelmäßig programmierten Schach-Computer geschlagen; 40 Journalisten zum Krill-Essen eingeladen. Meine bisherige Erfahrung mit Leuten, die ähnlich erfolgreich waren, zeigt mir, daß ich jetzt wie ein Schießhund aufpassen muß, damit ich wenigstens Forschungsminister bleiben darf. Bonn HANS MATTHÖFER Bundesminister für Forschung und Technologie",https://www.spiegel.de/politik/maus-und-schiesshund-a-749838d7-0002-0001-0000-000041147083?context=issue,,8,1976,August,143,1120,True,True,1976,1970s,1975-79
1976,45,80,1976-10-31,Briefe,»Wünsche Dicke Pneumonie!«,,"(Nr. 38-43/1976, SPIEGEL-Serie »Die ehrenwerte Familie -- Die Macht der Pharma-Industrie«; Nr. 411976 [Teilauflage], Briefe) Ich kann nur hoffen, daß die Serie Ihnen eine erfolgreiche Klage seitens des Bundesverbandes der Pharmazeutischen Industrie einbringt. Das Maß der Verunglimpfung ist übervoll! Köln DR. KARL HANS ROTH Zum kommenden Winter wünsche ich ihnen eine dicke Pneumonie und einen behandelnden Arzt dazu, der so therapieunbeholfen ist, wie Sie ihn in Ihrer Berichterstattung darzustellen pflegen. Essen HANS-J. BENDERT Langjähriger Ärzteberater In einer Karikatur unterstellen Sie, daß der Apotheker Befürworter, weil Nutznießer der von der Pharma-Industrie betriebenen Abschaffung von Arzneimittel-Kleinpackungen ist. Leider hielten Sie es nicht für erwähnenswert, daß diese Entwicklung seitens der Apotheker wiederholt heftig kritisiert wurde. Der Offizin-Apotheker wird durch diesen Trend zu größeren und zwangsläufig teureren Packungen immer stärker seiner Möglichkeit beraubt, auf dem ohnehin nicht gerade üppigen Gebiet der nicht verschreibungspflichtigen Medikamente beratend und helfend tätig zu werden, da der Patient verständlicherweise die Ausgabe scheut und sich das empfohlene Arzneimittel zu Lasten seiner Kasse vom Arzt verschreiben läßt. Dem Apotheker bleibt nur das Ausweichen auf eine sich rapide verringernde Zahl von preisgünstigen Kleinpackungen und die resignierende Einsicht, auf diese Weise von der pharmazeutischen Industrie zum bloßen Handlanger einer eifrig rezeptierenden Ärzteschaft degradiert zu werden. Daß die Großpackungen das Risiko des Arzneimittelmißbrauchs drastisch erhöhen, sollten Sie auf keinen Fall unerwähnt lassen. Landau (Rhld.-Pf.) HUBERT BADER Apotheker Am Donnerstag, 30. September 1976, erstand ich in der Central-Apotheke zu Linz (Österreich) eine Packung von 20 Dragees des Mittels »Mestinon« Trade Mark Roche zu 60 mg -- dafür wurde mir ein Preis von 92 Schilling 30 berechnet. Eine Packung von 20 Dragees desselben Mittels kostet in Frankreich genau fünf Franc (60 mg Dragees). Als ich den Apotheker darauf aufmerksam machte, daß in Linz dasselbe Produkt über fünfmal teurer sei als in Straßburg, war er sehr verwundert, kontrollierte nochmals seine Unterlagen und blieb bei dem Preis. Straßburg (Frankreich) MARGEL THOMANN Professor an der Rechtsfakultät Das teurere Medikament Regelan N 500 wird meistens verwandt, die billigeren Medikamente Atheropront 500 und Skleromexe 500 gibt es meist nur als Ärztemuster! Berlin ULRIKE SCHRAMM Krankenschwester Ich greife nur ein einziges Medikament heraus: » Roter«-Tabletten der holländischen Firma Pharmaceutische Fabriek, Roter, Hilversum. Wegen dieses Medikamentes (nicht rezeptpflichtig) habe ich mich bereits vor zwei Jahren an das Bundeskartellamt Berlin gewandt. Das holländische Werk gibt dieses Medikament (Packung à 100 Tabletten) zum Preis von umgerechnet 4,04 Mark ab. In Tunesien wird dieses Medikament zu umgerechnet 5,18 Mark verkauft, in Frankreich zu 8,75 Mark (nach dem neuen Kurs). In der Bundesrepublik dagegen kostet dieses Medikament 18,35 Mark. In Tunesien ist die Differenz zwischen »ab Werk« und Apotheke gleich 44%, in Frankreich gleich 117%, in der Bundesrepublik gleich 354%: Wucherverdienstspannen**. Frankfurt RICHARD CHRISTMANN Délégué D'Industries Allemandes Zu Ihrer Serie über unsere Pharma-Industrie schauen Sie sich einmal diese Preiswillkür an, die ich in Spanien feststellen mußte. Ibbenbüren (Nrdrh.-Westf.) HUBERT HOLTKAMP Wenn etwas geschehen soll, dann muß der Staat eine Zentrale, zum Beispiel Deutsches Arzneimittel-Museum genannt, aufbauen, wo jede Spezialität erfaßt, gedeutet, eingeordnet, klassifiziert, allgemeinverständlich erläutert, * 1 Pesete etwa 3,5 Pfennig. ** Das Bundeskartellamt (Az: B 6 -- 432 190 -- Z -- 87/73) schrieb Herrn Christmann: »... Besondere Schwierigkeiten ergeben sieh in diesem Falle aus den beträchtlichen Wechselkursveränderungen, die zu derartigen Preisunterschieden geführt haben könnten. Einen Mißbrauch einer marktbeherrschenden Stellung kann das Bundeskartellamt im Rahmen des Vergleichsmarktkonzeptes nur nachweisen, wenn die Preisunterschiede auf eine unterschiedliche Intensität des Wettbewerbs auf den ansonsten vergleichbaren Märkten zurückzuführen sind. in Vergleich gesetzt mit anderen Mitteln ähnlicher Art und dauernd ausgestellt werden. Es ist ferner nötig, dafür zu sorgen, daß Mittel gleicher Beschaffenheit und Wirksamkeit einer staatlich erstellten Einordnung unterworfen werden. Emden DR. ALBERT OCHMANN Wir sind als Apotheker auch für Kritik an Mißständen auf dem Arzneimittelmarkt, sie sollte aber sachbezogen und nicht polemisch sein. Eins jedoch sollte klar sein: Die »Molekülbasteleien« auf der Suche nach noch wirksameren Präparaten bat zum Beispiel bei der Penicillinentwicklung hervorragende und unbestrittene Verbesserungen gebracht. Teurer ist dieser Weg auf jeden Fall als der Nachbau erprobter Arzneimittel durch die Ostblockstaaten, wie zum Beispiel Euglucon als Maninil (VEB Arzneimittelwerk Dresden), Otriven als Movorin (Polfa Polen), Valium als Faustan (VEB Arzneimittelwerk Dresden). Kriftel (Hessen) A. MEILINGER Kreuz Apotheke Bad Homburg (Hessen) DR. K. MENKENS Hirsch Apotheke Frankfurt DR. W. LANGENECKERT Bruchfeld Apotheke In der ersten Folge Ihrer SPIEGEL-Serie sind Sie einer Fehlinformation erlegen. Die Veröffentlichung von Professor Kleinsorge (Knoll AG), auf die Sie sich offenbar beziehen, stammt aus dem Jahre 1973. Der Arzneimittelkommission der Deutschen Ärzteschaft gingen von den Ärzten aus der Bundesrepublik im Jahre 1975 3682 auswertbare Berichte über unerwünschte Arzneimittelwirkungen zu. Da dem Computerzentrum der Weltgesundheitsorganisation in Genf im gleichen Zeitraum 16 019 Berichte aus 22 Ländern zugegangen sind, haben die Ärzte in der Bundesrepublik mit 23 Prozent dieser Daten überproportional beigetragen. Heidelberg DR. MED. KARL H. KIMBEL Arzneimittelkommission der deutschen Ärzteschaft Anbei zwei Apotheker-Informationen, die ich beide im Laufe dieser Woche bekam. Offensichtlich ist es nun gelungen, eine Antibabypille speziell für jugendliche Verbraucherinnen zu entwickeln, nämlich »Ovoresta« von der Firma Organon (welches seit Jahren ohne Altersempfehlung auf dem Markt ist). Zufällig gleichzeitig informiert die Nourypharma Ärzte und Apotheker über »Pregnon 28«, abgestimmt auf die reiferen Jahre. Der Unterschied zwischen beiden Pillen-Präparaten liegt lediglich im Mehrpreis von 2,10 Mark, mit dem sich die Verbraucher für 18 Pillen ohne Wirkstoff ein stets blutungsfreies Wochenende einkaufen sollen. Goch (Nrdrh.-Westf.) PEER HILBERATH Inhaber Bahnhof-Apotheke Goch Sie haben leider, leider in vielen Dingen, so überspitzt sie auch manchmal dargestellt sein mögen, nur allzu recht! Obwohl ich hoffe, daß die Erkenntnisse noch nicht zu spät kommen, muß ich Ihnen sagen, daß viele meiner Standeskollegen, wie auch ich, diese unglückliche Entwicklung des Pharma-Marktes seit Jahren mit größter Sorge registrieren. Waiblingen (Bad.-Württ.) WOLFGANG MEYER Inhaber der Unteren Apotheke",https://www.spiegel.de/politik/wuensche-dicke-pneumonie-a-c24f28b8-0002-0001-0000-000041125036?context=issue,,10,1976,October,945,7054,True,True,1976,1970s,1975-79
1976,51,78,1976-12-12,Briefe,Gott - Eine Tröstliche Erfindung?,,"(Nr. 45/1978, SPIEGEL-Interview mit dem Hamburger Pastor Paul Schulz, 39, dem vor einem Gremium der Vereinigten Evangelisch-Lutherischen Kirche Deutschlands der Glaubensprozeß gemacht wird. Schulz, der weder an einen persönlichen Gott noch an ein Jenseits glaubt, befindet sich, so seine Vorgesetzten, »in allen Punkten in Widerspruch zur Lehre der Kirche"") Bravo, Pfarrer Schulz! Wenn Sie, als einer der wenigen lebendigen Protestanten, gegen die erstarrte Kirche obsiegen, kann ich der evangelischen Kirche, der meine Vorfahren angehörten, wieder beitreten. Bisher ist sie mir zu judäo-katholisch geworden, inakzeptabel für einen modernen Menschen. Dortmund PROF. DR. ALBRECHT FISCHER Natürlich kann man auch Atheisten respektieren und schätzen. Falls Herr Schulz jedoch gleichzeitig Pfarrer sein will, da kann es sich nur um Verrückte oder Betrüger handeln. Schließlich kann auch ein Wehrdienstverweigerer kaum damit rechnen, zum General befördert zu werden. Z. Zt. Haifa LUDEK PACHMAN während der Schacholympiade Gott nur »eine tröstliche Erfindung«? Wenn das man stimmt. Ich hoffe, Herr Schulz und ich müssen solche Ansichten später nicht mit der Hölle bezahlen. Hamburg DORIS MÜLLER Die kirchenamtliche evangelische Theologie ist dem 16. und 17. Jahrhun* * Deckenmalerei in der Sixtinischen Kapelle von Michelangelo Buanarroti. dert in der Tat zu sehr verhaftet, als daß sie einen Pastor Schulz ertrüge. Bonn DR. HEINER LICHTENBERG Wurde sich Herr Pastor Schulz durchsetzen, wäre es vielen Menschen möglich, der Kirche wieder beizutreten. Hamburg H. SCHEURER Dipl-Kfm./Rechtsbeistand Die Entmythologisierung, die in Bultmann ihren geistigen Führer hatte, ist der Hauptgrund, daß der Glaube in der Kirche so stark zurückgegangen ist. Sandkrug (Nieders.) TILE BORTFELDT Anstatt einen armen, verwirrten Pfarrer in die Wüste zu schicken, sollten die Kirchenleitungen besser ein Lehrzuchtverfahren gegen einige Theologie-Professoren einleiten, die das produzieren, was hier, sicherlich nicht nur von Herrn Schulz, nachgeredet wird. Erksdorf (Hessen) GERHARD DUNCKER cand. theol. Oder hat Pastor Schulz nie das Pauluswort bedacht (2. Kor., 10, 5): »Wir nehmen gefangen alle Gedanken unter den Gehorsam Christi«? Hamburg FRIEDRICH-KARL KUROWSKI Der EKD-Ratsvorsitzende Class meinte, daß Nächsten- und Feindesliebe hierzulande zu praktizieren wären. Zu Recht. Wie wäre es, wenn sich der Bischof mal um die rechtslastige Hamburger Kirchenleitung kümmern würde, wo unter kirchlichem Deckmantel knallhart Politik gegen alles, was in den eigenen Reihen kritisch ist, betrieben wird. Stuttgart HANSJÖRG N. SCHULTZ Die Verkündigung des Evangeliums an die Gemeinde durch Paul Schulz ist nicht mehr gewährleistet, weil ein »Modell Jesu« für (nur) sittliches Verhalten auch durch jedes beliebige sozial-ethische Prinzip ersetzt werden kann. Die Gemeinde wird also an der Nase herumgeführt, da sie nicht mehr als Gemeinschaft von durch Christus Erlösten, sondern nur noch als Auditorium einer »sozialethischen« Sonntagsvorlesung begriffen wird. Bochum HELMUT GERA. stud. theol. Essen VOLKER SCHRAN, stud. theol. Die Naturwissenschaft kann prinzipiell keine Aussagen über Vorstellungen machen, die nicht durch Messungen nachgeprüft werden können. Gemäß Pastor Schulzes »naturwissenschaftlichen« Wirklichkeitskriterien kann dann aber die für ihn wesentliche »unbedingte Liebe zum Nächsten, besonders zum Schwachen und zum Feind« ebensowenig existieren wie der personliebe Gott, denn bisher ist noch kein Meßprozeß für Nächsten- und Feindesliebe bekannt geworden. Man sollte nicht versuchen, schlechte Theologie zu machen, um sie mit falsch verstandener Naturwissenschaft zu »versöhnen«. Höchberg (Bayern) PROF. DR. PHIL NAT. REINER KÜMMEL Naturgesetze müssen nicht unbedingt seit Anbeginn der Welt vorhanden sein und auf das Entdecktwerden warten. Sie sind vielmehr aufgrund der Beschränkungen unserer Gehirnstruktur beziehungsweise -funktion (nicht derjenigen der Sinnesorgane) hinausprojizierte Beschreibungsmodelle eines Teils der Wirklichkeit. Obwohl man in Naturwissenschaft und Technik mit diesen, sich auf mehrere Axiome stützenden, Modellen recht gut arbeiten kann, ist es wissenschaftlich unexakt, alles darauf gründen zu wollen. Erlangen DRING. MANFRED SPRENG Professor für Physiologie und Biokybernetik Den schönen Cantus-firmus-Satz »Lobe den Herren« von Johann Gottfried Walther kann ich nicht mehr spielen, allein wenn ich daran denke, daß der immer verkündete persönliche Gott auf Erden keineswegs »alles so herrlich regieret«. Wo ist da bei der gemarterten Erde der »barmherzige«, »gerechte«, »gnädige«, »gütige« Gott -- und nicht die brutalste Gewalt?! Oberviechtach (Bayern) RICHARD FINKE Gymnasial-Oberstudienrat i. R. Es gibt keine Person Gott, wohl gab es eine Person Jesus. Was die Menschen vor 5000 Jahren glaubten, vor 2000 Jahren für wahr hielten, davon ist vieles überholt durch Erkenntnisse, Vernunft und Wissen. Die Theologen müßten bereit sein, die Bibel vom vielen, vielen Ballast zu befreien, dann würde sie -- mit einem Drittel des jetzigen Umfanges -- nicht nur auf dem Nachtschrank liegen -- wenn überhaupt -, sondern auch wieder gelesen. Hamburg FRIEDRICH FRANK Bankdirektor i. R.",https://www.spiegel.de/politik/gott-eine-troestliche-erfindung-a-20f532ae-0002-0001-0000-000041066308?context=issue,,12,1976,December,718,5201,True,True,1976,1970s,1975-79
1977,7,70,1977-02-06,Briefe,Ohne Breite Blutspur,,"(Nr. 4/1977, SPIEGEL-Report über die Deutsche Bundesbahn) Der Schnack von der Sozialeinrichtung mit der angehängten Eisenbahn ist jedem, der in eine Eisenbahnerfamilie geboren wurde, seit frühester Jugend geläufig. Daraus spricht wenigstens, daß die DB mehr als nur ein Transportunternehmen ist; nämlich: eine Transportversicherung. wenn die Kanäle zugefroren oder ausgelaufen und die Straßen vereist sind, wenn die Flughäfen im Nebel liegen, Schah und Scheichs am Ölhahn drehen oder der Armesünder-Computer beim Kraftfahrt-Bundesamt den Führerschein kassiert. Und eine Lebensversicherung, weil die Bahn transportiert, ohne eine breite Blutspur durch das Volk zu ziehen. Versicherungen kosten bekanntlich Prämien. Diese entrichtet der Finanzminister. Schade um die Steuergelder. Vor 15 Jahren hätte man mit diesen Summen mühelos die Bundesbahn sanieren können. Wenn man es gewollt hätte! Flensburg ARMIN HEISE Dipl.-Ing., Bundesbahnoberrat a. D. Ich begleite diese DB schon seit 24. Jahren bei ihrer Fahrt in den Ruin. Diese DB kann nur gerettet werden, wenn neben den dringend notwendigen Rationalisierungs-Vorhaben vor allem mehr Güterverkehr durch politische Maßnahmen auf die Schiene gelenkt wird. Esslingen (Bad.-Württ.) CLEMENS THAMM Lokführer Ich bin leidgeplagter Eisenbahner, der fast ausschließlich mit frustrierten und um den Arbeitsplatz fürchtenden Kollegen zusammenarbeitet. Ich sehe Ihren Bericht indirekt als Unterstützung für jeden Eisenbahner, der noch ein wenig Selbständigkeit, Eigeninitiative und Verantwortungsgefühl haben beziehungsweise tragen will. Dafür kann ich Ihrer Redaktion nur sagen: Danke! Zu den künftig wegfallenden Dienstposten: Die knallharte Wirklichkeit ist so, daß mindestens 80 Prozent dieser Posten nicht für ältere Kollegen eingerichtet werden, sondern für Eisenbahner, die ihre Prüfungen sämtlich bestanden haben und danach von einer Dienststelle zur anderen abgeschoben werden. Als Anlage übersende ich Ihnen ein erbärmliches Produkt unserer so gepriesenen Werbeexperten. Kelheim (Bayern) NORBERT FORSTHOFER DB-Assistent Wer heute nach kostendeckenden Preisen im öffentlichen Dienst ruft, der muß wissen, daß dann eine Fahrkarte nicht mehr drei, sondern neun Mark, ein Besuch im Schwimmbad nicht mehr vier, sondern zwölf Mark und ein Theaterbesuch nicht mehr zehn, sondern 70 Mark kosten müßte. Deshalb sind formelle Rentabilitätsberechnungen und -vergleiche praktisch ohne Aussagewert. Süssen (Bad.-Württ.) JÜRGEN SPEIGL Was wäre, wenn man die Kanalbaukosten (auch hier geht es um Milliarden) bei der Kalkulation für die Tarife der Binnenschiffahrt voll berücksichtigt? Hannover KLAUS THEUNISSEN Micky Maus -- auf der Flucht vor Kater Carlo -- -- reißt kurz entschlossen die Bereifung von den Rädern seines Autos, um auf Schienen weiterfahren zu können. Die Integration von Straße und Schiene zum System ausgebaut, wäre in der Tat ein genialer Ausweg aus der Misere. Als zentrales Systemelement ein Transportmittel, das sowohl im Flächenverkehr (also wie ein Auto auf Straßen fahren) als auch im Knotenpunktverkehr (aneinandergekoppelt auf Schienen rollend) in optimaler Weise eingesetzt werden könnte. Freiburg ROLAND EXNER Von Ihnen wird als »simple Wahrheit« gefeiert, »die Bundesbahn produziert zuviel, zu teuer und an falscher Stelle«, während es nur vier Absätze weiter heißt »doch kaum jemand nahm dem Vorstand ab, daß die Bahn durch Amputation zu retten sei«. Letzteres wurde, nebenbei bemerkt, auch vom Vorstand der DB nie behauptet, denn sein Ergebnisbericht zum betriebswirtschaftlich optimalen Netz sieht bis 1985 Investitionen von immerhin insgesamt 80 Milliarden Mark vor. In dem Vorstand der Deutschen Bundesbahn bleibt wohl nichts anderes übrig, als an seiner -- eben doch vorhandenen -- Linie festzuhalten, nämlich weiter da zu konzentrieren, wo die * Aus »Ich Micky Maus -- Im Tal des Todes« (Melzer Verlag, Darmstadt). Bahn keine Zukunftsaussichten besitzt, und da zu investieren, wo die Marktchancen liegen. Alles andere wäre allerdings »ein tödlicher Irrtum«. Frankfurt ELMAR HAASS Pressesprecher der Deutschen Bundesbahn",https://www.spiegel.de/politik/ohne-breite-blutspur-a-d9fb3b29-0002-0001-0000-000041019510?context=issue,,2,1977,February,568,4088,True,True,1977,1970s,1975-79
1977,13,78,1977-03-20,Briefe,Vom Psychiater Zum Kkw,,"(Nr. 10/1977, Affären: Eine Mannheimer Firma setzt Obdachlose in Atomkraftwerken ein) Ich war gerade aus psychiatrischer Behandlung entlassen. Damals, ich glaube Frühjahr 1971, wurde ich von der Jobvermittlung beim Arbeitsamt Heidelberg nach Obrigheim vermittelt. Dort folgte unsere Belehrung über die Gefahren und Verhalten im Reaktor. Mir ist von all dem nur noch in Erinnerung, daß der Katastrophenfall nicht eintreffen könne. Ich bekam die Nachtschicht und wurde als Sicherheitsmann eingesetzt. Ich mußte mit einem Papierstreifen aufwischen. Dieser wurde in einen Computer eingelegt, der dann die Kernzerfälle in der Minute wiedergab. Da diese Aufgabe mich kaum ausfüllte, lief ich im Reaktor umher. Dabei kam ich bis in die Brennkammer (der Reaktor war nicht in Tätigkeit. Mein Einsatz war notwendig wegen einer Reparaturphase). Außerdem wetteiferten wir untereinander mit der abbekommenen Strahlung. Tübingen ROBERT DEMUTH Im Jahr 1970 habe ich als 18jähriger Schüler in den Sommerferien mit Schulkameraden, beschäftigt bei der Firma Alfs, Nordhorn, als Gebäudereiniger im Kernkraftwerk Lingen (Ems) gearbeitet. Bekleidet mit Leinen-Overalls und versehen mit Dosimetern wurden wir meistens zur Dekontamination von Fußböden eingesetzt, auch im Reaktorbereich, sonst mußten wir bestrahlte Wäsche waschen und sortieren. Meine Sach- und Ortskenntnisse könnte ich heute zur Sabotage mißbrauchen, wenn ich das wollte, jedenfalls soweit ich eigenen Schaden in Kauf nehmen würde. Nordhorn (Nieders.) WINFRIED KERSTIENS",https://www.spiegel.de/politik/vom-psychiater-zum-kkw-a-04a2f9c3-0002-0001-0000-000040941729?context=issue,,3,1977,March,210,1516,True,True,1977,1970s,1975-79
1977,51,83,1977-12-11,Briefe,Dringend Erforderlich,,"(Nr. 47/1977, SPIEGEL-Gespräch mit dem Datenschützer Professor Simitis über Computer-Mißbrauch und Bürgerrecht) Am Ende Ihres höchst informativen SPIEGEL-Gesprächs mit Kollegen Simitis konnte leider der Eindruck entstehen, daß ich das Bundesdatenschutzgesetz in Bausch und Bogen ablehne. Das Gegenteil ist dei Fall, wie Sie bereits einmal korrekt berichteten (in: SPIEGEL 24/1976): »Gleichwohl sei, meint Steinmüller, die baldige Verabschiedung eines (Bundesdaten)-Schutzgesetzes dringend erforderlich: »Die Entwicklung drängt.« Regensburg PROF DR. WILHELM STEINMÜLLER",https://www.spiegel.de/politik/dringend-erforderlich-a-a641c4c2-0002-0001-0000-000040693878?context=issue,,12,1977,December,68,568,True,True,1977,1970s,1975-79
1978,6,86,1978-02-05,Briefe,"Frevel Und Flasche, Impressum",,"(Nr. 4/1978, Jagd: Immer mehr Deutsche gehen auf die Jagd. Das Unfallrisiko der Weidwerker wächst, Unfallschäden werden teurer) Unterstellt, die zugrunde gelegten Daten träfen zu, daß die Versicherer in jedem Jagdjahr je 200 Jäger einen durch Schußwaffen verursachten Schadensfall zu regeln hätten, so würde das bedeuten, daß bei 250 000 Jägern jährlich 1250 und nicht über 5000 »Schießschäden« zu lindern wären. Auch Rechenbeispiele können ins Auge gehen! Bonn WILLI HANSEN Deutscher Jagdschutz-Verband e. V. Nach meiner Meinung werden mehr hübsch verzierte Taschenflaschen auf der Treibjagd mitgeführt unter den weiten Lodenmänteln als Gewehre. Vielleicht halten sich Munition und Flaschen die Waage. Dies wird auch wohl der Grund sein, daß die Dunkelziffer der Jagdunfälle weit höher liegt. Meine Meinung: Kein Alkohol am und im Mann und keine Kinder als Treiber. Darmstadt ERHARD SÖNKSEN Mit dem Bild »Jäger bei der Treibjagd« liefern Sie löblicherweise auch die Treibmunition gegen die Treibjagd-Nimrode. Gleich zwei befleißigen sich dort todbringender Flintenhaltung. Der abgehende Weidmann und der auf dem Jagdstühlchen Hockende. Dem Sitzenden ist anzusehen, daß ihm aus Altersgründen schon die Flinte aus der Hand genommen gehört. Man könnte das auch Jagdfrevel nennen. Köln FRIEDRICH VEITHEN Zur Vermeidung von Jagdunfällen empfiehlt eine alte westfälische Treiberregel: »Ich bin kein Hirsch, ich bin kein Hirsch!« zu rufen. Berlin BERTHOLD WICHMANN Einer Teilauflage dieser SPIEGEL-Ausgabe ist eine Postkarte der Firma Enzyklopädische Literatur. München, beigeklebt. Die Redaktion des SPIEGEL behält sich vor, Leserbriefe gekürzt zu veröffentlichen",https://www.spiegel.de/politik/frevel-und-flasche-impressum-a-28a5ba38-0002-0001-0000-000040616636?context=issue,,2,1978,February,234,1658,True,True,1978,1970s,1975-79
1978,16,92,1978-04-16,Briefe,"Heute Noch Landesliganiveau, Impressum",,"(Nr. 12, 13/1978, Schach: Computer könnten Großmeister besiegen) Sie haben in Ihrem Beitrag nicht erwähnt, daß »Schach 4.5« (nicht 4.6!) nach seinen beiden Turniererfolgen sich für die Teilnahme an der Meisterschaft 1977 von Minnesota qualifizieren konnte, hier aber gegen Experten (2000-2199 Punkte Spielstärke) nur 30 Prozent der möglichen Punkte erreichte. Damit ergibt sich für das Programm, unter Berücksichtigung aller drei Turniere, eine Spielstärke von 2070 Punkten. Die wahre Spielstärke dürfte sogar noch um einiges darunter liegen, da die menschlichen Gegner die spezifischen Stärken und Schwächen des Programms nicht kannten. Exweltmeister M. Botwinnik, selbst ein Spezialist im Computerschach, attestierte anläßlich seines Besuchs in unserem Rechenzentrum vor drei Wochen seinem Kollegen »Schach 4.6« in strategischer und positioneller Hinsicht allenfalls eine Spielstärke von 1800 Punkten, also Landesliganiveau. Wie man mit Spielern dieser Kategorie umgeht, demonstrierte der 66jährige Großmeister am 19. März 1978 während einer Simultanveranstaltung in Steinsfurt (Baden): Von 15 gleichzeitig gespielten Partien hatte Botwinnik nach zwei Stunden 13 Partien als Sieger beendet, zwei Partien endeten unentschieden. Nach Botwinnik besteht gar kein Zweifel daran, daß der Herausforderer Mr. Levy im kommenden August seine Wette gewinnen wird, * Bei einer Simultanveranstaltung ans 19. März 1978 in Steinsfurt (Bad.-Württ.) gegen 15 Gegner. Professor Dr. Meuer erreichte eines von zwei unentschieden. das Zittern der Großmeister vor einem künstlichen Gegner dürfte doch noch um einige Zeit vertagt sein. Mannheim PROF. DR. HANS W. MEUER Direktor des Rechenzentrumns der Universität Die Redaktion des SPIEGEL behält sich vor, Leserbriefe gekürzt zu veröffentlichen",https://www.spiegel.de/politik/heute-noch-landesliganiveau-impressum-a-8244d37c-0002-0001-0000-000040615654?context=issue,,4,1978,April,243,1774,True,True,1978,1970s,1975-79
1978,19,73,1978-05-07,Briefe,Jedem Seinen Studienplatz,,"(Nr. 12-13/1978, Hohlspiegel: »In der Zentralstelle für die Vergabe von Studienplätzen entscheidet der Computer, wer Zahnarzt werden darf und wer nur Philosoph werden kann""> Für die Entscheidung, wer zugelassen werden kann und wer abgelehnt werden muß, ist nach den gesetzlichen Bestimmungen auf die Schulleistungen abzustellen. Für den Notenvergleich zwischen den Konkurrenten benutzen die Mitarbeiter der Zentralstelle das Hilfsmittel Computer. Der Computer macht daher nur sichtbar, was der Gesetzgeber vorentschieden hat. Zum Wintersemester 1978/79 wird in vielen Studiengängen jedem Studienbewerber ein Studienplatz garantiert, dem mit der Durchschnittsnote 1,0 genauso wie dem Bewerber mit einer Durchschnittsnote von 4,0 oder gar noch schlechter. Philosoph wird, wer dies werden möchte. Die »Verurteilung zu einem solchen Studium« kennt unsere Gesellschafts- und Rechtsordnung nicht. Dortmund HENNING BERLIN Direktor der Zentralstelle für die Vergabe von Studienplätzen (ZVS)",https://www.spiegel.de/politik/jedem-seinen-studienplatz-a-e1b143e5-0002-0001-0000-000040617733?context=issue,,5,1978,May,130,982,True,True,1978,1970s,1975-79
1978,20,79,1978-05-14,Briefe,Kreativ Und Mitmenschlich,,"(Nr. 16/1978, SPIEGEL-Titel »Die Computer-Revolution"") Der Arbeiter in dem Titelphoto dreht dem Ungeheuer von Computer resigniert, die Arme schlapp herunterhängend, den Rücken zu und demonstriert so die Ohnmacht des Menschen. Schon die Hippies rebellierten gegen das Regiment einer von der Maschine determinierten Gesellschaft. Ihre sanfte Rebellion konnte leicht »weggefegt« werden. Der derzeitige Aufstand der jüngeren Generation gegen den »faustischen Handel« weist verzweifelte Züge auf. Hamburg VERONIKA GRUDINSKI Diese Entwicklung nur ein paar Schritte weiter gedacht, müßte es doch ein leichtes sein, Mensch-Maschinen zu bauen, welche die von den Arbeits-Robotern produzierten Güter verbrauchen. Boos (Rhld.-pf.) ERHARD HÖHN Die Maschinenstürmer waren und sind schlecht beraten. Nicht die Automation ist schlecht, sondern das soziale System. Lüchow (Nieders.) CHUBANSHE OUYA Zum Thema »Computer-Revolution« hat der Vater der Kybernetik, Norbert Wiener, schon 1947 (!) hellsichtig geurteilt: Stellt man sich ... diese zweite industrielle Revolution als abgeschlossen vor, so wird das durchschnittliche oder noch geringere menschliche Wesen nichts zu »verkaufen haben, was für irgend jemanden das Geld wert wäre. Die Antwort ist natürlich, daß wir eine Gesellschaft brauchen, die auf menschliche Werte gegründet ist und nicht auf Kaufen und Verkaufen. Düsseldorf VOLKER SCHWEISFURTH 1,2 Millionen Arbeitsplätze seien von 1970-77 wegrationalisiert worden. Das ist eine grobe Irreführung. Die Hauptursache ist konjunktureller Art. Die Mikroelektronik wird uns von Routinearbeiten befreien und höher qualifizierte Arbeitsplätze schaffen -- entsprechend dem ohnehin schon hohen Lohnniveau in unserem Lande, das nur dadurch auch in Zukunft zu halten sein wird. Die neuen Technologien werden eine Umstrukturierung unserer Arbeitsplätze zur Folge haben, aber keineswegs in dem negativen Sinn, wie von Ihnen beschrieben. München DR. RER. NAT. ERNST HOFMEISTER Wenn wir mit Minicomputern mehr und mehr vollautomatische Fabriken schaffen (Beispiel wenn eine Fabrik mit einem Dutzend Arbeitern den gesamten europäischen Bedarf an Glühbirnen produzieren kann), Auto- und Stahlproduktion ohne eine relevante Zahl von Arbeitnehmern auskommen, dann wird auch der überzeugte Anhänger einer Marktwirtschaft zu dem Ergebnis kommen müssen, daß man diese Produktion nicht mehr der Privatwirtschaft überlassen kann. Rationalisiert man also in die Sozialisierung hinein, wenn man sich keine Selbstbeschränkung auferlegt? Stuttgart PROFESSOR HANS TAXIS Die Chance liegt in der kreativen und mitmenschlich orientierten Dienstleistung, die unsere Gesellschaft wohl sehr nötig hat. Diese wird die Elektronik nie ersetzen können. Ob allerdings diese kreative und mitmenschlich orientierte Dienstleistung wirtschaftlich organisiert oder im privaten Bereich (sprich durch geeignete Arbeitszeitverkürzung) geschaffen wird, ist die Frage. Karlsruhe (Bad-Württ.) DR. H. REMPP Ohne die dem »Fortschritt« innewohnende Erhöhung der Arbeitsproduktivität wären weder die in der Bundesrepublik schon fast zur Gewohnheit gewordenen Erhöhungen der Realeinkommen noch die in den letzten Jahrzehnten durchgeführten Verkürzungen der Arbeitszeit möglich gewesen. Günter Friedrichs und andere namhafte Ökonomen hatten bereits auf den internationalen Arbeitstagungen der Industriegewerkschaft Metall der Jahre 1963, 1965 und 1968 vor den katastrophalen Freisetzungen gewarnt, die der technische Fortschritt zur Folge haben würde, ohne daß diese Prognosen in dem prophezeiten Umfang eintrafen, weil die durch die erhöhten Realeinkommen ermöglichte Steigerung der Güternachfrage die in einer Industrie verlorengegangenen Arbeitsplätze durch neue Arbeitsplätze an anderer Stelle wieder ersetzte. Es gibt keine Erhöhungen der Realeinkommen und damit des Wohlstandes ohne Erhöhung der Arbeitsproduktivität. Es gibt leider auch keine wirtschaftliche Entwicklung ohne vorübergehende Friktions- beziehungsweise Entwicklungsarbeitslosigkeit. Es verliert andererseits aber auch ein Land, in dem (wie etwa in Großbritannien) der Fortschritt künstlich gebremst wird, seine internationale Konkurrenzfähigkeit: es wird rückständig. Wer in einem Land wie der Bundesrepublik, in dem etwa jeder vierte Werktätige für den Export arbeitet, sich gegen den »Fortschritt« entscheidet, riskiert eine Vervielfachung der schon jetzt zu hohen Arbeitslosigkeit. Berlin PROFESSOR DR. JUR. DR. RER. POL. DR. H. C. HELMUT ARNDT",https://www.spiegel.de/politik/kreativ-und-mitmenschlich-a-65bea2ed-0002-0001-0000-000040615407?context=issue,,5,1978,May,586,4456,True,True,1978,1970s,1975-79
1978,46,79,1978-11-12,Briefe,Mitarbeiterzahlen Halbiert,,"(Nr. 42/1978, Arbeitsmarkt) Als Betroffene eines dramatischen Akts bei der »Stuttgarter Zeitung«, den »Stuttgarter Nachrichten« und dem »Stuttgarter Wochenblatt« stellen wir fest, daß es einfach nicht stimmt, daß im Zuge dieser Umstellung kein Mensch entlassen worden sei, da die Turmhaus Druckerei diese überzähligen Arbeitnehmer in neue Facharbeiter-Tätigkeiten umgeschult hätte. Bei den »Stuttgarter Nachrichten« wurden bis 1976 im August ungefähr 220 Mitarbeiter des aufgelösten technischen Betriebes mit Sozialplan nach Hause geschickt. Ebenso wurden ungefähr 70 Mitarbeiter des »Stuttgarter Wochenblattes«, das ebenfalls seine Technik aufloste, behandelt. Allein die Beschäftigten der Turmhaus Druckerei bekamen die Zusicherung, daß sie einen neuen Arbeitsplatz im Verlags- und Druckzentrum erhalten würden. Heute hat sich nun die Mitarbeiterzahl ungefähr von 300 Arbeitnehmern eingependelt. Wobei erwiesen sein dürfte, daß neue Techniken in der Druckindustrie zumindest bei Zeitungs- und Zeitschriften-Druckereien die Mitarbeiterzahlen halbieren.* Stuttgart GERHARD KIRCHGASSNER Vorsitzender des Betriebsrates der Turmhaus Druckerei * Die Umstellung auf die rechnergesteuerte Satztechnik hat in Stuttgart (wie anderswo) niemals zu einer nennenswerten Arbeitslosigkeit geführt. Alle Stuttgarter Druckereien suchen derzeit nicht nur Fach-. sondern auch Hilfskräfte bei den Facharbeitern in der Regel ohne Erfolg.",https://www.spiegel.de/politik/mitarbeiterzahlen-halbiert-a-f3513d61-0002-0001-0000-000040606969?context=issue,,11,1978,November,179,1417,True,True,1978,1970s,1975-79
1979,13,76,1979-03-25,Briefe,Harte Arbeit,,"(Nr. 11/1979, Lehrer: Die Gewerkschaft Erziehung und Wissenschaft fordert Verkürzung der Arbeitszeit und droht mit Kampfmaßnahmen) Seit der Zeit, als im antiken Griechenland ein Sklave vom Baum fiel, sich ein Bein brach und -- zu nützlicher Arbeit nicht mehr fähig -- ein Pädagogus wurde, ist die Verkürzung der Lehrerarbeitszeit politisch nicht mehr opportun. Stuhr (Nieders.) GÜNTER WICHA Studienrat »Geboren, Lehrer geworden, Ferien bekommen, gestorben?« Nein: Geboren, Lehren bekommen, ferienreif geworden, gestorben! Meyn (Schlesw.-Holst.) GERT REESE Lehrer Seit Jahren habe ich -- abgesehen von den Ferien -- keinen freien Sonntag mehr gehabt. Über den 1. Mai fahre ich für eine Woche ins Schullandheim. Dafür bekomme ich keinen Pfennig, trage außerdem alle Mehrkosten selber, bin ohne jegliche Bezahlung einen zusätzlichen Sonntag und den 1. Mai (Tag der Arbeit!) im Dienst und bekomme sogar die sonst üblichen Mehrarbeitsstunden für diese Zeit nicht bezahlt. Nettetal (Nrdrh.-Westf.) DR. HERMANN JANSEN Ich muß in der Woche allein täglich zwei Stunden hart trainieren, um mein Geräteturnen immer exakt vorführen zu können. Das sind 14 Stunden Extraarbeit. Dreimal in der Woche mache ich Extrakurse am Abend, die immer drei Stunden dauern -- nur für die Schule. Macht neun Stunden zusätzlich! Das sind schon insgesamt 48 Stunden pro Woche! So sieht die Wirklichkeit aus. Siegburg (Nrdrh.-Westf.) HARTMUTH GINKEL Lehrer Es ist unfair, den Wochenstundendurchschnitt der Lehrer durch Selbstveranlagung zu ermitteln. Fair und richtig ist nur, die Stunden zu zählen, welche die Lehrer nicht im Tennisklub, Seglervereinen, Segelfliegerklubs, auf »Studienreisen«, in Ferien verbringen. Die verbleibenden Stunden abzüglich der Bettruhe sollten dann von einem Computer (auf keinen Fall von einem Lehrer) errechnet werden und als Wochendurchschnittsstunden zugrunde gelegt werden. Düsseldorf WOLFGANG LOERKE In die Woche vor Weihnachten mußte -- turnusgemäß -- das Schreiben von Klausuren im gesellschaftswissenschaftlichen Bereich der reformierten Oberstufe gelegt werden. 150 Klausuren von sechs Grundkursen (Durchschnittszabl 25) mußten durchgesehen werden, Tests in der Sekundarstufe I nicht mitgerechnet. Ergebnis: Abgesehen vom Heiligen Abend sahen mich Frau und Kinder nicht, die Weihnachtsferien, sogar die beiden Weihnachtsfeiertage sowie Silvester und Neujahr, gingen zu drei Vierteln mit Korrekturen drauf. Das restliche Viertel der Ferienzeit bestand darin, die neuen Kurse ab 1. Februar vorzubereiten und die Abiturthemen, die im Januar der Bezirksregierung vorgelegt werden mußten, auszuarbeiten. Sehnde (Nieders.) JÜRGEN M?HRENHOLZ Studienrat Ein Vorschlag: Für jeden Lehrer wird ein Arbeitsplatz an seiner Schule eingerichtet. Die einschlägige Fachliteratur steht in der Schule zur Verfügung, angeschafft vom Ministerium, nicht mehr aus der Privatschatulle des. Lehrers. Wir Lehrer arbeiten in der Schule von 8 bis 17 Uhr. In der einstündigen Mittagspause beziehen wir das Essen aus der schuleigenen Küche für Lehrer und Schüler. Der Urlaub wird wie für die übrigen Beamten geregelt. langen (Hessen) ROLF BLESS Oberstudienrat Die Lehrer, die sich wirklich gut vorbereiten und prima Stunden machen, wo man gerne mitmacht, die haben auch sonst Zeit für uns. Dann haben wir Lehrer, die immer wieder dasselbe machen, jedes Jahr. Die haben auch meistens kein Interesse an den Schillern. Die einen müssen wirklich ein paar Stunden erlassen kriegen, da sind wir Schüler auch für; die anderen sollten noch 10 Stunden mehr arbeiten müssen! Bei denen macht der Unterricht auch keinen Spaß. Bonn PETER KÜSSLING, 15 Schüler an einem Gymnasium",https://www.spiegel.de/politik/harte-arbeit-a-1036e406-0002-0001-0000-000040351880?context=issue,,3,1979,March,522,3643,True,True,1979,1970s,1975-79
1979,20,67,1979-05-13,Briefe,Grauzone Der Praxis,,"(Nr. 18, 19/1979, Bundeskriminalamt: Serie über Polizei- und Geheimdienst-Computer) Mein Vater arbeitet in einer Abteilung des Innenministeriums, in der er mittelbar mit den EDV-Gedächtnissen zu tun hat. Was mich erschreckt hat, ist, daß der höhere Beamte diese Systeme ausschließlich von ihrer informatorischen Effizienz her beurteilt. Im Falle einer wirklichen Krise aber sind die gespeicherten Informationen die Möglichkeit zur präzisen politischen Amputation vieler demokratiesensibler Bürger. Als Oberschüler bin ich fähig mit meinem Vater zu diskutieren. Und ich glaube, daß er inzwischen nachdenklich geworden ist. Doch gibt er mir zu bedenken, daß in diesem Bereich noch nie Maßnahmen rückgängig gemacht worden sind, die für die Sicherheitsbehörden einen in Zahlen ausdrückbaren Erfolg liefern. Überdies wären die Verflechtungen der verschiedenen Computer schon so weit vorangeschritten, daß eine wirksame Kontrolle jetzt schon äußerst schwer sei. Außerdem gebe es eine Grauzone der Praxis, wo über die tatsächliche Verwendung der Daten kein Material mehr zu erhalten ist. Köln KAREL TERVOOREN",https://www.spiegel.de/politik/grauzone-der-praxis-a-fb6ea8e6-0002-0001-0000-000040349826?context=issue,,5,1979,May,153,1101,True,True,1979,1970s,1975-79
1979,20,68,1979-05-13,Briefe,Niedrige Geistestätigkeit,,"(Nr. 17/1979, SPIEGEL-Gespräch mit Hoimar von Ditfurth, Elektronik-Experten und Schachmeistern über Computer und künstliche Intelligenz) Ich erinnere daran, daß Schopenhauer über die Astronomen schrieb: ... die großenteils bloße Rechenköpfe und, wie es bei solchen die Regel ist, übrigens von untergeordneten Fähigkeiten sind. Mehr noch gilt dies für die Schachspieler -- und die Computer. Auch diese sind »übrigens« keine Genies; sie bleiben Automaten. Professor von Ditfurth hat ja beim Vergleich mit genialen Physiker-Entdeckungen auf die Unfähigkeit des Computer""geistes« hingewiesen. Schopenhauer bezeichnete die Fähigkeit zur Arithmetik als die »niedrigste aller Geistestätigkeiten«, was dadurch belegt sei, »daß sie die einzige ist, welche auch durch eine Maschine ausgeführt werden kann«. Gerade weil der Computer im Grunde genommen ein »einfacher« Automat ist, hat er seine Daten immer bereit und holt sie mit großer Unfehlbarkeit und unschlagbarer Geschwindigkeit hervor: hierin übertrifft er das Gehirn des Menschen. Diese Leistung ist aber letzten Endes primitiv und nicht ein Anzeichen von schöpferischer Intelligenz. zürich Dr. MED. PETER WORMSER Neurologe F M. H. Computer werden nie zwischenmenschliche Beziehungen und damit auch die Beziehungen zwischen einzelnen und Kollektiven, zum Beispiel der Gesellschaft, befriedigend regeln können. Anders als die Schachregeln sind die Regeln des menschlichen Zusammenlebens veränderlich, sie sind oft ungeschrieben. regional- und zeitbezogen und schon gar nicht widerspruchsfrei. Und wenn sie endlich von unseren Juristen als Gesetz oder normensetzende Rechtsprechung aufgeschrieben werden, ist die gesellschaftliche Wirklichkeit schon wieder weiter. Ein Richter-Computer würde zum Beispiel den Kuppelei- Paragraphen immer noch auf die Vermieter der Wohnungen von unverheirateten Partnern anwenden. Rechnersysteme in solchen Rollen setzen das völlige Einfrieren der gesellschaftlichen Normen und Werte voraus ein wohl selbst für die Konservativsten unerträglicher Gedanke. Oldenburg (Nieders.) PROF. DR.-ING. PETER GORNY Angewandte Informatik Universität Oldenhurg",https://www.spiegel.de/politik/niedrige-geistestaetigkeit-a-8c699870-0002-0001-0000-000040349827?context=issue,,5,1979,May,279,2123,True,True,1979,1970s,1975-79
1979,21,71,1979-05-20,Briefe,"Hilfe In Allen Lebenslagen, Impressum",,"(Nr. 19/1979, Medizin: Neue Warnung vor Schlaf- und Beruhigungsmitteln) Als Hilfe für geschädigte Ein- und Durchschläfer eignet sich in vielen Fällen das autogene Training (AT) nach J. H. Schultz. AT ist nebenwirkungs- und ideologiefrei. Es soll unter fachärztlicher Anleitung erlernt werden. AT macht, wenn man's kann, die verschiedenen Körperregionen so warm beziehungsweise kühl, wie man's braucht; es macht somit unabhängig von der Raumtemperatur. Und gegebenenfalls auch noch vom verhinderten, unwilligen, unattraktiven, unfähigen, nicht indizierten oder nicht existenten Sexpartner. Wüstenrot (Bad.-Württ.) LEONORE PUSCHERT Einer Teilauflage dieser SPIEGEL-Ausgabe ist eine Postkarte der Firma Nixdorf Computer AG, Paderborn, beigeklebt. Die Redaktion des SPIEGEL behält sich vor, Leserbriefe gekürzt zu veröffentlichen",https://www.spiegel.de/politik/hilfe-in-allen-lebenslagen-impressum-a-edc0ceed-0002-0001-0000-000040349532?context=issue,,5,1979,May,107,825,True,True,1979,1970s,1975-79
1979,24,76,1979-06-10,Briefe,»1984«,,"(Nr. 18 -- 23/1979, SPIEGEL-Serie über »Westdeutschlands Polizei- und Geheimdienst-Computer) Ich bitte Sie, meine persönlichen Daten an Nadis unter folgenden Gesichtspunkten weiterzugeben, sofern dort noch nicht gespeichert: Ernste geistige und seelische Störungen: Ich bin seit längerer Zeit Atomkraftgegner. Spiel und Wettleidenschaft: Ich spiele regelmäßig mit meinem Opa Mau-Mau (verdächtige Namensbeziehung: Mau = Mao!). Leichtfertiges Schuldenmachen: Ich bin bei K. E. mit 20 Pfennig verschuldet. Neigung zu Geschwätzigkeit, Angeberei, Unwahrheit: O ja! Abnormes Verhalten auf sexuellem Gebiet: Mir nach nicht bekannt. im übrigen habe ich als Mitarbeiter in der Schülervertretung unserer Schule Kontakt zu anderen Atomkraftgegnern und einem Abiturienten, der SPD- und Juso-Aufkleber an seinem Wagen hat. Derselbe hatte wiederum zu linken Landesschülervertretern in Kiel Kontakt. Weiterhin befand ich mich 1977 im Rahmen einer Butterfahrt im kommunistischen Machtbereich, auch DDR genannt, und hatte dort Kontakt zu kommunistischen Buchverkäuferinnen! Mit orwellschen Grüßen* Lübeck (Schlesw.-Holst.) ROBIN DETJE Schüler * George Orwell (1903-1950) schildert in »1984« die totale Vernichtung des Individuellen Bewußt-Seins des kleinen Angestellten Winston Smith durch eine perfektionierte Staatsmaschinerie, den »Großen Bruder«. Datenschutz? -- Sie vollzog den / Akt nicht nur kundig / sondern auch / aktenkundig. Dieses Gedicht veröffentlichte ich in der »Zensur« (Schülerzeitung am Schulzentrum Alexanderstraße in Oldenburg i. O.) Mai 1979. Die Mitglieder der Redaktion sind bei der politischen Polizei Oldenburg erfaßt. Weiß der Henker, was die Jungs mit der Liste unserer Namen noch alles anstellen. »Big brother« isn""t only watching you -- he""s really active! Bad Zwischenahn (Nieders.) MATTHIAS BOEHM Unser demokratischer Staat hat das Recht und die Pflicht, einen effizienten Geheimdienst zu unterhalten, der die Interessen der Mehrheit der Bürger schützt. Die Datensammlungen dieses Geheimdienstes sollten auch späteren Generationen noch die Basisinformationen zur Verfolgung kapitaler Verbrechen liefern, die in unserer Zeit geschehen. Münster PETER K. WILMERS Verleger Wer den Rechtsstaat schützen muß, hat ihn nicht! Z. Z. Kreta EDELTRAUT MEIN Wenn man Ihre Serie über die Tätigkeit von Pannen-Horst und seinen Sicherheitsfanatikern liest, kann es einem zum Kotzen übel werden. Ich frage mich, wie das wohl bis 1984 weitergeht. wenn niemand den Mut hat, diesen computersüchtigen Menschen zu bremsen. Herr Baum, wenn Sie sich für liberal halten, dann sorgen Sie dafür, daß der Chef des BKA schnellstens in der Versenkung verschwindet. Herr Herold, treten Sie aus der SPD aus und schließen Sie sich der CSU an, die kann Leute wie Sie brauchen! Gochsheim (Bad.-Württ.) HELMUT LANG Dem anständigen Bürger kann es schließlich egal sein, was über ihn auf irgendeinem schwer zugänglichen Archivband aufgezeichnet wird. Bremerhaven HELMUT WEILAND Nicht nur Zeiten wie in George Orwells 1984« scheinen wir in beunruhigender Weise entgegenzugehen, sondern auch Walter Jens« »Nein -- die Welt der Angeklagten"": Dort kennt auch nur der oberste Richter Aufbau und Funktion des Staatsapparates, und ebenso können sich Angeklagte durch Anklagen eines anderen von ihrer eigenen Anklage befreien. Aachen (Nrdrh.-Westf.) ELISABETH RÜGER Es ist nicht so sehr die Arbeit der dataaholics vom BKA, die mich so wütend macht, es ist vielmehr die gleichgültige Sorglosigkeit, mit der sich die schlafmützige Mehrheit der Bundesdeutschen von einer wildwuchernden Minorität entintimisieren läßt. Neuenstein (Bad.-Württ.) PETER ASSEL War früher die Bezeichnung »made in Germany« eine Auszeichung für deutsche Produkte, so kann sie sich heute -- auch noch auf die Erzeugnisse der Verwaltungen beziehen. Deren entsetzliche Perfektion stellt sicher, daß spätestens 1984 auch »1984« sein wird. Backnang (Bad.-Württ.) ALEX DRUMM Das BKA weiß alles (oder halb oder falsch), verzeiht aber nichts. Es wird zur obersten Gottheit erhoben (echte Chance, das Auto abzulösen), von dessen Orakel das Schicksal vieler Bürger abhängt und in der Zukunft noch viel stärker abhängen wird. Ihnen wird auch keine Persönlichkeitsentwicklung zum Guten hin zugestanden. Eine Erlösung wird den armen Seelen in ihrem irdischen Leben nicht zuteil, es sei denn, durch Bestechung und Beziehung. Die Ideale der Verfassung, die auch meine Ideale sind, sind zum Teufel. wedel (Schlesw.-Holst.) MARTIN MÄDER Die nun abgebildete künftige »Paßkarte« erlaubt bei einem Blick auf den veröffentlichten Entwurf wirklich die Frage, welche Republik gemeint sein mag. Die englische Übersetzung von »Bundesrepublik Deutschland« ist jedenfalls (orthographisch) falsch: Es muß heißen »Republic« und nicht »Republik«. zu Bonn RÜDIGER VON WECHMAR Botschafter bei der uno Lauschen Schnuffler / Bohrer. Ich lausche, also bin ich /ich schnuffle, also bin ich /ich bohre, also bin ich ... Verdacht schöpfen / Verdächtige verfolgen / Gesuchte jagen / noch nicht Gesuchte suchen / noch nicht Verdächtige verdächtigen / auf Verdacht anzeigen Mitmachen / Dabeisein. Sich anständig verhalten / sich so verhalten, wie sich alle verhalten / nicht gegen den Strom schwimmen / nicht anecken / keine eigene Meinung vertreten / die allgemeine Meinung vertreten ... Nicht widersprechen / nicht eigensinnig sein / nicht unbequem sein / nicht anders sein / engstirnig sein ... Stolz sein auf unsere schwarzrotgoldene Leistungsbilanz / deutsch sein / aus deutschem Holz sein / stolz sein. Brühl (Nrdrh.-Westf.) GÜNTER KRÜGER Grafiker Eine ganz große Schweinerei ist das Verhalten der maßgeblichen Politiker, die das alles offenbar ungerührt läßt. Köln MANFRED KLEIN Die Bürgerschaftsfraktion der SPD hat sich Anfang März 1979 einstimmig gegen die Kontrolle des Postverkehrs von und nach der DDR und den Ländern des Ostblocks ausgesprochen und die sofortige Einstellung dieser Kontrollen gefordert. Wir haben die Bundestagsfraktion der SPD gebeten, in diesem Sinne tätig zu werden. Hamburg CLAUS WEISS Mitglied der Hamburger Bürgerschaft Die FDP wird auf dem kommenden Bundesparteitag in Bremen Farbe bekennen müssen, ob sie sich voll den drohenden Überwachungsstaatstendenzen entgegenstellt, damit auch Baum politische Rückendeckung gibt oder bis zum Bundestagswahlkampf »1984« (Orwell) mit »wenn« und »aber« dahinwurstelt. Berlin ERWIN LOSMANN Stellertretener FDP-Landesvorsitzender Vielleicht sollte man sich in den Sicherheitsorganen einmal mehr Gedanken über die innere Führung machen. Kritik ist oft schmerzlich. Sie ist aber immer noch besser, als einen Behördenleiter oder Minister lautlos in ein politisch-juristisches Messer laufen zu lassen. Aichtal (Bad.-Württ.) ROBERT MAYER suspendierter Kriminalbeamter bitte ich um Prüfung, oh das Kriminalkommissariat Sigmaringen bei Gelegenheit und Bedarf auf die Dateien des SPIEGEL zurückgreifen darf. Sigmaringen (Bad.-Württ.) KNUBBEN Kriminalhauptkommissar und Dienststellenleiter des Kriminalkommissariats",https://www.spiegel.de/politik/1984-a-13cf67e4-0002-0001-0000-000040349920?context=issue,,6,1979,June,977,6981,True,True,1979,1970s,1975-79
1979,25,81,1979-06-17,Briefe,"»Wir Lieben Bier, Computerinnen Und Gesang«",,,https://www.spiegel.de/politik/wir-lieben-bier-computerinnen-und-gesang-a-68f9d456-0002-0001-0000-000040349625?context=issue,,6,1979,June,0,0,True,True,1979,1970s,1975-79
1979,26,76,1979-06-24,Briefe,"Verfassungsfesseln Sprengen, Restlos Lichten, Ende Der Freiheit",,"(Nr. 18-24/1979, SPIEGEL-Serie über Datenschutz) Will Polizeichef Herold wirklich alle verfügbaren Bürger-Daten zu Persönlichkeitsprofilen kombinieren? Will er die Verfassung verändern, um seine elektronischen Visionen verwirklichen zu können? Zumindest 1968 hat Herold selber -- damals noch Polizeipräsident in Nürnberg -- beide Fragen mit Ja beantwortet. In Band 18 des »Taschenbuchs für Kriminalisten« schrieb er unter anderem: Die Datenerhebung kann durch Beteiligung einer Vielzahl von gleichermaßen informationsinteressierten Ämtern und Behörden erfolgen und zugleich mit anderen gesellschaftlichen Erhebungen (zum Beispiel medizinischen Reihenuntersuchungen Erhebungen über Führerscheintauglichkeit, Intelligenz- und Reaktionstesten, volkswirtschaftlichen Untersuchungen und so weiten verbunden werden Diese Mehrfachverwendung verbindet eine große Anzahl von Behörden bereits jetzt zu einem engmaschigen Informationsgeflecht. So befassen sich zum Beispiel mit Daten zur Person neben der Polizei das Einwohneramt, die Sozialämter, die Wehrerfassung, die Gesundheitsbehörde, das Paßwesen und so weiter. Sämtliche auf die Person bezogene Daten anderer Dienststellen können für die Polizei von Bedeutung sein (wie etwa Angaben über akademische Grade aus dem Einwohnermeldeamt, über die Blutgruppe aus dem Gesundheitsamt, die Gaststättenkonzession aus dem Gewerbeamt und so weiten . . Gewichtige Bedenken gegen die Verwirklichung der dezentralen Zentralisation erwachsen eigentlich nur aus der verfassungsrechtlichen Tatsache, daß wegen des föderativen Aufbaues der Bundesrepublik die Polizeihoheit Ländersache ist. Angesichts der unausweichlichen polizeilichen Entwicklung, der die EDV neue Dimensionen eröffnet hat, bestehen jedoch keine ernsthaften Zweifel, daß die Verfassungsfesseln, die dem Fortschritt entgegenstehen, sich werden sprengen lassen ... Berlin WILHELM F. KOI B Die (teilweise schon realisierte) Vision Herolds will auf wissenschaftliche Weise die »totale Gesellschaft': Die Kontrolle aller, die (prophylaktische) Ausmerzung von Widerständen gegen das Bestehende. Der biologische Mythos des Nationalsozialismus transformiert sich in den wissenschaftlich-technischen. Berlin JÜRGEN GUCK Die richtige Anwendung des Verhältnismäßigkeitsgrundsatzes muß berücksichtigen die Schwere einer möglichen Grundrechtsbeeinträchtigung durch Speicherung in polizeiinternen Dateien und den Grad der Bedrohung durch das Verbrechen. 1978 wurden 3 380 000 Verbrechen und Vergehen bekannt. 1 270 000 Tatverdächtige ermittelt. Die Überforderung von Polizei und Justiz stellen zweifellos auch eine der Ursachen für den Kriminalitätsanstieg. Datenschützer, die mit erschütternder Einäugigkeit darangehen, kriminalistische Ermittlungsmöglichkeiten drastisch zu beschneiden, müssen wissen und auch dem Bürger sagen, daß ihre Bestrebungen de facto nur den Rechtsbrecher begünstigen. Gewiß hat Bull recht, wenn er darauf hinweist, daß »der Staat, der alle materiellen Ansprüche hundertprozentig durchsetzen wollte, kein Rechtsstaat mehr, sondern ein Zwangsstaat wäre«. Allerdings bleibt mir bei der Realitätsferne dieses Satzes nur die sarkastische Feststellung: »Dessen Sorgen möchte ich haben!« ELMAR SALGMANN Kriminalrat Als empirisch arbeitendem Soziologen Fällt mir auf, daß eher mehr Menschen, zumal die sogenannten einfachen Leute, heute bereit sind, über ihre privaten Lebensverhältnisse Auskunft zu geben. Wenn wir mühevoll zu erklären versuchen, daß unsere Fragen vom Datenschutzgesetz abgedeckt sind, daß wir alles in unserer Macht Stehende tun werden, damit die Antworten verantwortungsvoll ausgewertet werden, bekommen wir immer öfter zu hören, daß »sowieso alles über uns bekannt und Restlos lichten Ein eigenständiges Zugriffsrecht der Polizei zu Sozialdaten kommt für mich nicht in Frage. Nur im Rahmen staatsanwaltschaftlicher Ermittlungen bei besonders schweren Straftaten und auch nur mit Zustimmung eines Richters dürfen Ausnahmen gemacht werden. Keine Person und keine Behörde darf an Daten herankommen, die direkt oder indirekt durch Patientengeheimnis und ärztliche Schweigepflicht geschützt sind. Ich bin bereit, bestimmte Daten wie Namen, Geburtstag und -ort, Arbeitgeber und Anschriften für Verfassungsschutz, BND und MAD verfügbar zu machen, aber nur in konkreten Einzelfällen. Das wird eine schwierige Diskussion werden. Entscheidend ist, daß die derzeitige Grauzone der Amtshilfe restlos gelichtet wird, Ich bin eher bereit, cm zusätzliches Datum freizugeben, als irgendeine Unklarheit zu lassen. Für alle Bereiche muß ein Zweckentfremdungs- und Weitergabeverbot gesetzlich gesichert werden. Bonn NORBERT GANSEL * Norbert Gansel, 38. MdB/SPD. ist Fachmann auf dem Gebiet des Sozialdatenschutzes. Gansel war von 1969 bis 1970 stellvertretender Bundesvorsitzender der Jungsozialisten. gespeichert ist« und daß man gerade deshalb Auskunft geben kann. Der Allgemeinheit muß deutlich sein, daß sie mit demjenigen, der durch Datensammler diffamiert wird, solidarisch sein muß. Weil es jeden treffen kann, nicht nur die Minderheit der Juden. Homosexuellen oder Kommunisten. Berlin THOMAS KNORR M. A. Ihre Artikelserie lese ich mit wachsendem Entsetzen. Besonders pervers scheint mir, daß dies alles geschieht unter Mitwirkung von liberalen Ministern, die als erste sich zur Wehr setzen sollten. Wo sind die Bürgerinitiativen, die mit einer konsequenten Datenverweigerung ein erstes Signal setzen? Jestetten FDP-Kreisvorsitzender Wo und wann immer eine Regierung im Versuch, Mißstände abzuschaffen, eine Organisation ins Leben rief, lag latent die Gefahr, daß eben diese Organisation ihre einmal erhaltenen Machtbefugnisse stillschweigend ausdehnt, zugewiesene Grenzen sprengt und somit der Regierung außer Kontrolle gerät. Erinnert sei nur an die CIA, die, dazu bestimmt, ein zweites Pearl Harhour zu verhindern, sich zu einem inneramerikanischen Schnüffelapparat extremen Ausmaßes ausbreitete. So ist ja auch die in der Bundesrepublik betriebene Datenerfassung im Prinzip wünschenswert. Ihr (Ideal-) Ziel ist es. nicht den unbescholtenen Staatsbürger, sondern den Kriminellen transparent zu machen. Nur was da jetzt in der Praxis betrieben wurde, läßt sich schon nicht mehr als Wucherung bezeichnen. Linz (Österreich) WOIFGANG LEHNER Ende der Freiheit Es ist ein großes Verdienst des SPIEGEL, durch die Veröffentlichung dieser Serie eine breite Öffentlichkeit für ein Thema erzeugt zu. haben. das wie kaum ein anderes die Zukunft der Demokratie und des Rechtsstaats beeinflussen wird. Die totale Computerisierung der Gesellschaft, das unmerkliche Schnüffeln in allen Bereichen würde leisten, wofür Verfassungsschützer mit bislang schon erschreckenden Methoden gewirkt haben, die totale Überwachung des Menschen, die vollständige Entmündigung und ein Klima der Angst und der Anpassung. Sollten die Pläne aus dem Innenministerium Wirklichkeit werden, so bedeutete dies das Ende der Freiheit in dieser Republik. Bei aller Einsicht in die Notwendigkeit einer wirksamen Terrorismusbekämpfung: Hier wird über das Ziel hinausgeschossen. Nach der SPIEGEL-Veröffentlichung kann keiner mehr sagen: Das habe ich nicht gewußt und nicht gewollt. Bonn CHRISTOPH STRÄSSER* * Christoph Strässer. 30. Rechtsreferendar. ist Bundesvorsitzender der Deutschen Jungdemokraten (DJD). Die 26 000 Mitglieder der linksliberalen Organisation wollen ihre Vorstellungen nach einer »Zwei-Wege-Strategie« über Bürgerinitiativen sowie über die FDP durchsetzen. Wolfgang Menzel schreibt 1821 in seiner »Geschichte der Deutschen"": Die den Deutschen eigenthümliche Ausführlichkeit und Systemsucht bildete jene künstliche Bureaukratie oder Herrschaft der Schreibstube aus, die im Namen der strengen Gesetzlichkeit einen vielleicht härteren Druck ausgeübt hat als je das rohe Faustrecht. Merke: Deutschheit plus Elektronisierung gleich Totalitarismus. z. Zt. Hamburg NONO VON VARLAR",https://www.spiegel.de/politik/verfassungsfesseln-sprengen-restlos-lichten-ende-der-freiheit-a-15cc7c85-0002-0001-0000-000040349428?context=issue,,6,1979,June,1020,7862,True,True,1979,1970s,1975-79
1979,27,80,1979-07-01,Briefe,Gedankenloses Herumfummeln,,"(Nr. 18-24/1979, SPIEGEL-Serie über Datenschutz) Moderne Kriminalitätsbekämpfung ist ohne Datenverarbeitung nicht mehr möglich. Wer bestimmte Fahndungsmittel ablehnt, weil ihm die Gefahr eines möglichen Datenmißbrauchs zu hoch erscheint, der muß dann auch sagen, daß er dafür Einbußen im Erfolg der Kriminalitätsbekämpfung hinnehmen will. Die Hauptaufgabe besteht also nicht darin, die Datenverarbeitung abzuschaffen, sondern den Zugang zu diesen Daten nicht etwa jedem zu gestatten, sondern auf das unabdingbare Maß zu begrenzen. Das ist in Nordrhein-Westfalen in den letzten Jahren soweit irgend möglich geschehen. Allen bekanntgewordenen Mißbrauchsfällen sind wir unverzüglich disziplinarisch und strafrechtlich nachgegangen, es sind wenige Fälle geblieben. Ich halte den Vorwurf, wir befänden uns auf dem Weg in den Polizeistaat, für falsch, obwohl es unzweifelhaft ist, daß die technisch möglichen Instrumente uns in einer Diktatur alle zu gläsernen Menschen machen könnten. Mißtrauen gegenüber der Polizei ist im Grunde Mißtrauen an der Fähigkeit des Parlaments, die Regierung zu kontrollieren. Die Angst des gläsernen Menschen ist in Wirklichkeit nicht die Angst vor der Polizei, sondern die Angst des Bürgers, zum Untertan staatlicher Obrigkeit zu werden. Darum erscheint es mir auch etwas einseitig, sich nur mit der Datenverarbeitung bei der Polizei auseinanderzusetzen. Die Freiheit des Bürgers wird ebenso bedroht von der ungeheuren Vielzahl wohlmeinender Verwaltungen und wirtschaftlich interessierter Unternehmen, die ihren mehr oder weniger edlen Absichten mit Mitteln der Datenverarbeitung nachgehen, ohne sich erst lange Gedanken darüber zu machen, ob sie damit im Privatleben ihrer Mitmenschen herumfummeln oder nicht. Mir sind in diesem Bereich jedenfalls mehr Mißbrauchsfälle bekanntgeworden, die einzelne Bürger zu Unrecht belastet haben, als im Bereich der Polizei. Aber es ist zweifellos richtig, daß an uns in den letzten Jahren oft genug die Versuchung herangetragen worden ist, unter Berufung auf die Sicherheit mehr zu registrieren, zu sammeln und aufzuheben, als in einem freiheitlichen Staat zumutbar ist. Das kann man nicht durch Gesetze verhindern, sondern nur durch Liberale. Düsseldorf DR. BURKHARD HIRSCH Innenminister des Landes Nordrhein-Westfalen",https://www.spiegel.de/politik/gedankenloses-herumfummeln-a-76eb4dcb-0002-0001-0000-000040349235?context=issue,,7,1979,July,313,2283,True,True,1979,1970s,1975-79
1979,37,71,1979-09-09,Briefe,Ins Gegenteil Verkehrt,,"(Nr. 34/1979, Datenschutz: Bei der »Frankfurter Rundschau« gibt es Krach wegen der Berufung des Datenschutzbeauftragen) Dem Betriebsrat der »Frankfurter Rundschau« gilt unsere Solidarität im Kampf um die Durchsetzung seiner Mitbestimmung bei der Bestellung des Datenschutz-Beauftragten. Auch Personalräte in den Kommunalverwaltungen erleben zur Zeit, wie öffentliche Arbeitgeber die Bedeutung des betrieblichen Datenschutz-Beauftragten herunterspielen und damit seine Kompetenzen eingrenzen und ihn den Organisationsämtern zuordnen, die meistens auch für die Datenverarbeitung verantwortlich sind. Datenschutz, der Bürger und Beschäftigte schützen soll, wird hier ins Gegenteil verkehrt und bedeutet: Datenverarbeiter und -verwender wollen sich selbst vor allzu großen Übergriffen »empfindlicher« Datenschutz-Bedürftiger schützen. Datenschutz gleich Arbeitgeberschutz? Dortmund RAINER SCHELLBACH, DIETER DYH Im Auftrag des Personalrates der Stadtverwaltung",https://www.spiegel.de/politik/ins-gegenteil-verkehrt-a-d0513ddb-0002-0001-0000-000039909420?context=issue,,9,1979,September,111,956,True,True,1979,1970s,1975-79
1979,40,74,1979-09-30,Briefe,Guter Ruf,,"Die mit dem Titelbild angeprangerten Besetztzustände im Fernsprechnetz zu bestimmten Zeiten des Mondscheintarifs haben mich bereits seit langem veranlaßt, durch weiteren technischen Ausbau und eine Tarifreform Abhilfe zu schaffen. Die neue Tarifstruktur mit einem zeitlich sehr weit ausgedehnten »Billig-Tarif« habe ich bereits dem Verwaltungsrat der Deutschen Bundespost vorgestellt. Die Entscheidung, das analoge elektronische Wählsystem nur noch im Ortsbereich und nicht bei der Fernwahl einzuführen und statt dessen für das Fernnetz ein digitales Wählsystem auszuschreiben, ist bereits zu Beginn des Jahres gefallen. Hinzukommt der nicht einmal technischen Laien verzeihliche Fehlschluß, daß das elektronische Wählsystem die Kapazitätsnöte im Netz lindern helfen sollte. Die Überlastung im Fernwahlnetz hat nur mit dem Tarifniveau und dem bisherigen zeitlich zu knapp bemessenen Mondscheintarif sowie den darauf resultierenden Telephongewohnheiten der Bundesbürger zu bestimmten Tageszeiten (nach 22 Uhr) zu tun. Gerade weil die derzeitige Vermittlungstechnik mit mechanischer Durchschaltung und elektronischer Leitwegsteuerung (EMD) -- übrigens weltweit anerkannt -- äußerst leistungsfähig, zuverlässig und wirtschaftlich ist, konnten wir uns bei der Entwicklung neuer Systeme Zeit lassen. Vielleicht hatte dies allerdings für die deutsche Fernmeldeindustrie, die übrigens mit EMD große Exporterfolge erzielte, die ungünstige Folge, daß der technologische Druck in ihrem Homemarket Deutschland zur Entwicklung der modernsten elektronischen Vermittlungssysteme nicht so groß war wie etwa in Japan und Amerika. Daß der »mißglückte Ausflug in die Zukunft« zwei Milliarden gekostet haben soll, ist völlig frei erfunden. Aus unserer Sicht scheint der Entschluß -- übrigens nach mehrfachem Drängen der Post bei den Entwicklungsfirmen -- statt EWS-F einzuführen, gleich auf die nächste technische Generation, die digitale Vermittlung, umzuschalten noch im richtigen Moment getroffen worden zu sein. Wir sind selbstkritisch genug, uns zu fragen, ob die Entscheidung, die Entwicklung des analogen EWS-F einzustellen, nicht frühzeitiger fallen konnte. Das aber war nicht allein eine Frage der technischen Entwicklung, sondern auch der nüchternen wirtschaftlichen Betrachtung und muß zudem im Zusammenhang mit den Arbeitsplätzen gesehen werden. Durch diese Entscheidung entstehen den Kunden der Post keine Nachteile. Von der Post wird jeder gehört, der einen Beitrag leisten kann. Das angesprochene Kartellverfahren gegen zwölf Telephonfirmen wegen »Wettbewerbswidriger Absprachen« bei der Beschaffung von Telephonapparaten, hei dem unter anderem ein Siemens-Vorstandsmitglied »persönlich Buße« tun mußte, wurde auf Initiative der Deutschen Bundespost in Gang gebracht. Aber das verschweigt der SPIEGEL wohlweislich, wie übrigens auch sonst einiges. Wesentliches scheint mir zu kurz gekommen zu sein in diesem Beitrag, wie die Tatsache, daß das deutsche Fernmeldewesen international einen guten Ruf genießt und bei der Automatisierung des Fernwahlfernsprechverkehrs eindeutig an der Spitze steht. 99 Prozent aller Auslandsgespräche werden in der Bundesrepublik vom Kunden selbst gewählt. Bonn KURT GSCHEIDLE Bundesminister für das Post- und Fernmeldewesen",https://www.spiegel.de/politik/guter-ruf-a-54adf2be-0002-0001-0000-000039868774?context=issue,,9,1979,September,427,3249,True,True,1979,1970s,1975-79
1979,42,18,1979-10-14,Wandelnde Steckbriefe,Der Entwurf Eines Neuen Ausweisgesetzes Jagt Datenschutz-Fachleuten »Kalte Schauer Über Den Rücken«. Nach Massiven Protesten Will Innenminister Baum Seine Umstrittene Vorlage Nun »Nachbessern« Lassen.,['Ausweisgesetz'],"Professor Hans Peter Bull, oberster Computer-Wächter der Republik, löste Datenschutz-Alarm aus. Die staatliche »Kontrolle über den Bürger«, schrieb er am 25. September dem Innenausschuß-Vorsitzenden Axel Wernitz, drohe allzu stark zu geraten; nunmehr müsse »den Anfängen gewehrt werden«. In der Bonner Beethoven-Halle diskutierte, zwei Tage später, die »Deutsche Vereinigung für Datenschutz« (DVD) über »Informationstechnologie und Bürgerfreiheit«. Manchem Experten liefen, erinnert sich DVD-Vize Gert Hausmann, »kalte Schauer über den Rücken«. Ähnliches Unbehagen, so analysierten letzte Woche professionelle Bonner Presseauswerter? beginnt sich auch schon in den Spalten der Tageszeitungen breitzumachen: Die Deutschen würden, bangte etwa ein Leserbriefautor in der »Süddeutschen Zeitung ein »Volk von wandelnden Steckbriefen«; in Bonn vollziehe sich, argwöhnte ein anderer, ein »entscheidender Schritt zum Polizeistaat«. Laienängste wie Expertenproteste hat das größte Automatisierungsvorhaben provoziert, das jemals im bundesdeutschen Meldewesen anstand -- die Ausgabe computergerechter Personalausweise an 48 Millionen Bürger. Rechtsgrundlage für das Mammutprojekt soll ein von Innenminister Gerhart Rudolf Baum dem Kabinett im Mai präsentiertes »Gesetz zur Änderung des Gesetzes über Personalausweise« sein, dessen Entwurf den Bundestag am 20. September in erster Lesung bereits passiert hat. Im Plenum war Baums Vorhaben ausnahmslos mit Zuspruch bedacht worden. Tatsächlich hat der geplante Plastikpaß in Scheckkartenformat? wie selbst Kritiker einräumen, einen wichtigen Vorzug: Die Karte, die von 1981 an ausgegeben werden soll, gilt, anders als das derzeitige graue Heftchen, als absolut fälschungssicher. Die Berliner Bundesdruckerei soll die neuen Ausweise mit Hilfe »hochentwickelter Technik« zentral herstellen; schon beim Versuch, Lichtbild oder Aufschrift zu manipulieren, werde die Karte »irreparabel beschädigt« (Baum). Massive Bedenken geweckt hat jedoch eine andere Ausweiseigenart, die im Parlament allenfalls beiläufig zur Sprache gekommen ist: Das vorgesehene Personaldokument soll »maschinell lesbar« sein -- wodurch der Ausweis, weltweit einzigartig, zu einem Bestandteil der polizeilichen EDV-Systeme würde. Bei Verkehrs- wie Grenzkontrollen sollen künftig die Plastikkarten mit Hilfe elektronischer »Lesepistolen« abgetastet werden, die über Funk oder Kabel mit staatlichen Datenbanken verbunden sind. Blitzschnell ließe sich dann nicht nur feststellen, ob ein Ausweisbesitzer zur Festnahme oder zur Aufenthaltsermittlung ausgeschrieben ist, sondern auch ein Teil dessen, was sonst noch gegen ihn vorliegt. Nach dem elektronischen Abtasten des Ausweises erscheinen auf dem Bildschirm des Grenzschutz- oder Polizei-Terminals beispielsweise Computer-Informationen darüber, ob jemandem wegen Alimentenschulden oder aus anderen Gründen die Ausreise aus dem Bundesgebiet versagt ist -- etwa weil er einmal westdeutsche »Sicherheitsbehörden diffamiert« hat und bei ihm »zu befürchten (ist), daß er dieses Verhalten ... vom Ausland aus fortsetzen wird« (so ein Stuttgarter »Ausreisesperrvermerk« für den zur Zeit noch inhaftierten Anwalt Klaus Croissant). Jeder Grenzübertritt, jede Ausweiskontrolle könnte zum Anlaß genommen werden, eine Art »Regelanfrage« an das Polizeicomputer-System zu richten, warnt der Kölner EDV-Experte und Fachautor Torsten Grupe in einer soeben erschienenen Streitschrift »Der gespeicherte Bürger""*. In der Tat läßt sich mit Hilfe elektronischer Lesegeräte in Sekundenschnelle routinemäßig feststellen, ob eine kontrollierte Person der geheimdienstlichen »Grenzüberwachung« oder der »Beobachtenden Fahndung« der Polizei unterliegt -- weil die Kripo ihn zum Beispiel der Unterstützung von Terrorismusverdächtigen verdächtigt hat (Kode-Kürzel: »Befa 7""). Technisch wäre es kein Problem, im selben Arbeitsgang das Auftauchen eines Befa-Beschatteten an den Zentralcomputer zurückzumelden -- und damit das jeweilige Bewegungsdossier automatisch aufzufrischen. Obendrein würde die Summe der Daten in der EDV-»Lesezone« des geplanten Ausweises, wie Bull warnte, »praktisch ein Ersatz-Personenkennzeichen« darstellen. Der Baum-Ausweis könnte, fürchten Datenschützer, bald auch allerorten als Scheck- oder Stem * Wirtschaftsverlag Langen-Müller/Herbig, München; 238 Seiten; 19,80 Mark. pelkarte sowie als Firmenpaß in betrieblichen Zeiterfassungs- und Zugangskontrollsystemen verwendet werden. Bull an den Innenausschuß: Daß die neue Ausweiskarte mit ihrer perfekten Identifizierungsleistung für zahllose Verwendungszwecke »attraktiv? sein wird, liegt auf der Hand. Die Buchstaben/Ziffer-Kombination in der Lesezone des Ausweises werde sich daher früher oder später zu einem »quasi-universellen Identifizierungsschlüssel« entwickeln -- für Fachmann Grupe ein »Meilenstein in Richtung Bevölkerungsregistrierung«? für Bull womöglich ein erster Schritt zur Fertigung umfassender Bürgerprofile: Mit dem Ausweis wachse die Gefahr, daß verschiedene Dateien maschinell miteinander verknüpft werden können. Zwar sind solche Befürchtungen bereits vor einigen Monaten publiziert worden -- erstmals im Juni dieses Jahres in der Polizeicomputer-Serie des SPIEGEL (Heft 18 bis 26/1979). Gleichwohl brachten Bonns Sozialliberale den Ausweisgesetzentwurf zunächst unkorrigiert in die parlamentarische Beratung ein. Als sich allerdings während der letzten Monate die Proteste von Datenschützern häuften, fand sich Minister Baum -- offenbar besorgt um sein Ansehen bei kritischen Wählern -- bereit, den Gesetzentwurf seiner Sicherheitsexperten rasch noch nachzubessern. Die Vorlage soll, wie Innen-Staatssekretär Andreas von Schoeler ankündigt, nun durch Vorschriften ergänzt werden, »die einen Mißbrauch des Systems verhindern« könnten. Bei einem fünfstündigen »Professorengespräch« mit prominenten Datenschützern -- darunter dem Bonner Bull, dem Wiesbadener Simitis und dem Regensburger Steinmüller -- sammelte von Schoeler eine Reihe von Punkten, die »wir rechtlich noch in den Griff kriegen müssen«. Unter anderem soll das Gesetz, teils auf Antrag des Landes Hessen im Bundesrat, * abschließend aufzählen, welche Personenangaben in den Ausweis eingetragen werden dürfen, > untersagen, daß die Ausweisseriennummer personenbezogene Daten, etwa den Geburtstag, enthält, > verbieten, Personendaten und Ausweisnummern in Bundes- oder Landesbehörden zu einer gigantischen Volksdatei zusammenzuführen*. Doch selbst wenn solche Schutzvorkehrungen ins Gesetz noch einfließen, bleibt der Plastikpaß nach Ansicht vieler Datenschützer ein gefährliches Ding. Die jetzt »auf vollen Touren laufende Bonner Beruhigungskampagne« (DVD-Sprecher Hausmann) könne nicht darüber hinwegtäuschen, daß die Ausweiskarten an den Grenzen wie im Binnenland eine »unverhältnismäßige Penetranz« (Humanistische Union) politischer Kontrollen ermöglichen. »Die Zahl der Überprüfungen«, bestätigt ein Baum-Berater, könne nach Einführung der Plastikausweise »gesteigert werden«. Schwerlich auszuräumen scheint zudem die Gefahr, daß auch die Privatwirtschaft die Ausweisdaten vielfach verarbeiten wird. Baums Beamte jedenfalls sehen noch Schwierigkeiten, solche Nutzungen auszuschließen. Simitis möchte ein entsprechendes Verbot im Bundesdatenschutzgesetz verankern. »Aus dem Stegreif«, weiß von Schoeler, »ist das nicht zu formulieren.« Datenschützer hatten überdies kritisiert, daß die ursprüngliche Entwurfsfassung es ermöglichte, mit Hilfe von Lesegeräten »den Inhalt des Ausweises praktisch um die Inhalte der Polizeicomputer zu erweitern« (Steinmüller). Baum will derlei nun nach Möglichkeit verhindern. Die »Regelung des Umfangs der polizeilich gespeicherten Daten«, geben Innenministeriale zu bedenken, könne zwar »nicht Gegenstand des Personalausweisgesetzes« sein. Beabsichtigt sei allerdings, »Art und Umfang des zulässigen Datenabgleichs«? etwa zwischen Grenzposten und Polizeicomputern, im Ausweisgesetz festzuschreiben. Inzwischen hat sich im Baum-Ministerium auch die Auffassung durchgesetzt, »den Schutz des Bürgers vor Mißbrauch des Systems mit gleicher Rechtsqualität zu verankern wie das System selber« (Schoeler). Soll heißen: Wichtige Ausweisdetails sollen nicht, wie ursprünglich vorgesehen, in einer jederzeit veränderbaren Verwaltungsvorschrift fixiert werden, sondern möglichst im Gesetz. Ob sich freilich CDU- und CSU-Vertreter bereit finden, Baums späte Verbesserungspläne zu stützen, scheint * Schoeler glaubt, das Entstehen einer zentralen Einwohnerdatei durch folgende rechtliche Regelung verhindern zu können: Personendaten von Ausweisbesitzern werden ausschließlich dezentral, in den kommunalen Meldebehörden, gespeichert (wo die Ausweise beantragt und ausgegeben werden>. Zentral, in der Bundesdruckerei (wo die Karten hergestellt werden), sollen lediglich Seriennummern erfaßt werden; dieses Nummernverzeichnis dürfe nur Auskunft darüber geben, daß ein bestimmter Ausweis an einem bestimmten Tag einer bestimmten Personalausweisbehörde übermittelt worden ist«. fraglich. Unionspolitiker hätten es lieber gesehen, wenn der Freidemokrat die gesamte heikle Ausweismaterie nicht per Gesetz, sondern ohne viel offentlichen Aufhebens per Ministerialverordnung geregelt hätte -- am Parlament vorbei.",https://www.spiegel.de/politik/wandelnde-steckbriefe-a-b77a9ce9-0002-0001-0000-000039867112?context=issue,,10,1979,October,1140,9214,True,True,1979,1970s,1975-79
