"chunk_id","relevance_score","vector_similarity_score","llm_evaluation_score","llm_evaluation_text","title","date","url","content"
"1","0.7367500066757202","0.7367500066757202","1","Score: 10.0/10 - Der Text thematisiert die Automatisierung und Robotik explizit und enthält sowohl Hoffnungen als auch Ängste. Er beschreibt, dass Roboter in bestimmten Industriezweigen (z. B. Bäckereien, Druckereien, chemische Industrie) bereits effizient eingesetzt werden können. Gleichzeitig wird die Angst vor Arbeitsplatzverlusten deutlich: 'Die Arbeiter aber, die eines Tages von den Robotern verdrängt werden, müssen sich und ihre Familien weiterhin ernähren'. Die Prognose, dass Autos halb so teuer werden, aber Haarschneiden doppelt so teuer sein wird, zeigt eine klare gesellschaftliche Angst vor einer Zersplitterung der Wirtschaft und der sozialen Ungleichheit. Die Warnung vor der Notwendigkeit einer 'radikalen Umsetzung von Millionen Arbeitskräften' ist eine direkte Aussage über die Angst vor sozialen Konsequenzen der Automatisierung. Die Hoffnung auf Effizienzsteigerung und Preissenkung steht neben der Angst vor sozialer Instabilität – ein klassisches Beispiel für die ambivalente öffentliche Wahrnehmung.","Die Revolution der Roboter","1955-07-26","https://www.spiegel.de/politik/die-revolution-der-roboter-a-3c972803-0002-0001-0000-000031970830?context=issue",". Aber diese Vielseitigkeit ist zur Zeit noch ein dankbares Thema für phantasiebegabte Karikaturisten. Verbrauchsgüter, die stark der Mode unterworfen sind oder deren Absatz sehr schwankt, eignen sich nicht für die Roboterfabrik. Das spürten in Amerika bereits einige Unternehmer, deren automatische Anlagen den größten Teil des Jahres stillstehen, weil der Absatzmarkt für den Mengenausstoß fehlt. Außerdem wird sich die Automation nur in solchen Industriezweigen durchsetzen, deren Produkte sich schematisch in kontinuierlichen Verfahren herstellen lassen. Die Entstehung des Endproduktes muß also in einzelne Arbeitsvorgänge zerlegt werden können, die so reibungslos - von Maschine zu Maschine - ineinandergreifen, daß kaum noch ein Arbeiter am ebenfalls automatisch gesteuerten Transferband zu stehen braucht. Eine solche knotenfreie Produktionsstrecke läßt sich aber in vielen Industrien (zum Beispiel in der Leder- und Möbelindustrie) kaum einrichten, so daß die Automation zunächst auf etwa zehn Prozent der gesamten Industrie beschränkt bleiben wird. Sofort automationsreif sind dagegen nach einer Untersuchung der Universität Chicago Bäckereien, Brauereien, Süßwarenfabriken, Wollwarenfabriken, Drukkereien, Petroleumraffinerien, Zementwerke, Glas-, Kartonagen- und Maschinenfabriken, die chemische Industrie, der Nachrichtenapparatebau, sämtliche Einheitspreisgeschäfte und ein großer Teil des Bürobetriebes. In diesen Wirtschaftszweigen wird sich im übrigen sehr bald ein starker Konzentrationsprozeß bemerkbar machen. Im Zeitalter der Elektrobots sind kleine unrationelle Betriebe, die sich bisher noch eben halten konnten, endgültig zum Sterben verurteilt. Der Unterschied zwischen den automatischen Betrieben und der übrigen Industrie wird sich auch auf die Preise auswirken. Während die automatisch hergestellten Produkte billiger werden, wird der Preispegel der übrigen Waren- und Dienstleistungen ansteigen, weil die Arbeiter der nicht automatisierbaren Betriebe bald höhere Löhne verlangen werden, wenn sie hören, was ihre Kollegen als Roboter-Dompteure verdienen. Ähnlich werden Handwerksberufe, wie Friseure oder Schuhmacher, verfahren. Es wird also dahin kommen, kalkulieren die Automation-Propheten, daß ein Auto nur noch halb so teuer sein wird wie heute, daß man aber fürs Haarschneiden oder fürs Zahnziehen den doppelten Preis bezahlen muß. Reuther genügte schon die Liste der automationsreifen Fabriken, um weiter beharrlich zu trommeln: »Wir fordern mehr soziale Sicherheit. Elektronengehirne essen keine Kartoffeln und keine Schweineschnitzel. Sie brauchen auch keine Kleider, keine Kühlschränke und keine Autos. Die Arbeiter aber, die eines Tages von den Robotern verdrängt werden, müssen sich und ihre Familien weiterhin ernähren und genügend Zeit haben, sich als perfekte Roboter-Dompteure gründlich ausbilden zu lassen.« Denn radikale Umsetzungen von Millionen Arbeitskräften - das geben auch die Automation-Apostel zu - werden sehr bald notwendig sein"
"2","0.7355358600616455","0.7355358600616455","1","Score: 10.0/10 - Der Text thematisiert explizit die Entwicklung von Elektronengehirnen, Robotern und der Kybernetik. Er enthält konkrete Aussagen über die Möglichkeit der Selbstreproduktion von Maschinen (z. B. durch von Neumann), die Vollautomatisierung in Kriegszeiten und die wachsende Nachfrage nach Technikern und Hilfskräften. Die Angst vor Arbeitsplatzverlust durch Automatisierung wird durch die Reaktion von Walter Reuther und die Sorge um die Zukunft der Arbeit deutlich. Gleichzeitig wird die Hoffnung auf technologische Fortschritte und die Schaffung neuer Arbeitsplätze thematisiert. Die Textpassagen liefern direkte Einblicke in zeitgenössische Hoffnungen und Ängste gegenüber der Computerisierung und Automatisierung.","Die Revolution der Roboter","1955-07-26","https://www.spiegel.de/politik/die-revolution-der-roboter-a-3c972803-0002-0001-0000-000031970830?context=issue",". Die Kassandra der Kybernetik, Professor Norbert Wiener, den seine Freunde eine »Sturmschwalbe«, seine Gegner aber einen »Effekthascher« nennen, gab dazu folgenden Kommentar: Wahrscheinlich werde die ganze Umstellung zwanzig Jahre dauern. Aber die Vollautomatisierung könne auch in fünf Jahren geschafft werden - wenn nämlich ein Krieg in Sicht sei. Dann werde schon die Regierung - um möglichst viele Männer freizusetzen - dafür sorgen, daß in kürzester Zeit automatische Fabriken aus dem Boden wachsen. In welchem Tempo die Automation fortschreiten wird, weiß am besten der Präsident des größten Automaten-Konzerns der Welt, Thomas Watson in New York, dessen Vater seine einträgliche Karriere als Verkäufer von Pianos, Hausorgeln, Fußabtretern und Nähmaschinen begann. Die Auftragsabteilung des soignierten jungen Firmenchefs der IBM, Thomas Watson jun., notierte bis April dieses Jahres 129 Neubestellungen von Mammut-Elektronengehirnen, die Watson übrigens nur selten verkauft, sondern meist gegen hohe Jahresmiete verleiht. Die leistungsfähigsten Elektronengehirne sicherte sich bisher das Pentagon. Der sportlich wirkende Großindustrielle Watson, der in seinem Hauptquartier streng darauf achtet, daß die von seinem Vater, Thomas Watson senior, eingeführte Kleiderordnung - blauer Anzug, weißes Hemd, weißer Papierkragen und schwarze Krawatte - strikt eingehalten wird, interessiert sich nun neuerdings wegen der Auftragsschwemme sehr für den neuesten Plan seines Chefkonstrukteurs, die Perfektion der Roboter so weit zu treiben, daß sie sich selbst reproduzieren, also vermehren können. Theoretisch wäre es durchaus möglich - das hat bereits vor einiger Zeit der amerikanische Mathematikprofessor von Neumann festgestellt - , ein Elektronengehirn zu bauen, das sich selbst reproduziert und seine Sprößlinge sogar »aufwärts entwickelt«. In den vergangenen Wochen hat der Boom der kybernetischen Industrie, die sich inzwischen auf etwa tausend Betriebe ausgeweitet hat, durch die Roboter-Hochkonjunktur sogar belebend auf den Arbeitsmarkt gewirkt. Zehntausende von Technikern und Mechanikern wurden in den neuen Fabriken eingestellt, die kleinere Steuerungsgeräte, Ersatzteile und Kontrollmechanismen herstellen. Mehrere hunderttausend Hilfskräfte sind außerdem damit beschäftigt, die Kontrollmaschinen in den Großbetrieben zu installieren"
"3","0.7694887518882751","0.7694887518882751","0.9","Score: 9.0/10 - Der Text thematisiert explizit die Hoffnungen und Ängste rund um die Computerisierung und Automatisierung. Er beschreibt die globale Konferenz über Roboter als 'weltbewegendes Problem' und zitiert den britischen Handelsminister, der von 'menschleeren Betrieben' spricht – ein klares Zeichen für Angst vor Arbeitsplatzverlust. Gleichzeitig wird die Technologie als 'zweite industrielle Revolution' gefeiert, was Hoffnungen auf technologischen Fortschritt und wirtschaftliche Überlegenheit ausdrückt. Die Darstellung der IBM als weltumspannendem Konzern mit 'Elektronengehirnen' unterstreicht die Faszination und die Angst vor einer neuen, übermächtigen Technologie. Die Begriffe 'Roboter', 'Automation', 'Elektronengehirne' und 'menschleere Betriebe' sind zentrale Ausdrücke für zeitgenössische Ängste und Hoffnungen.","Die Revolution der Roboter","1955-07-26","https://www.spiegel.de/politik/die-revolution-der-roboter-a-3c972803-0002-0001-0000-000031970830?context=issue","Impulsiv hob der englische Handelsminister Peter Thorneycroft auf einem Bankett in der Londoner Guildhall sein Glas zu einem Toast. Lächelnd griffen 500 im Smoking schwitzende Experten der Elektroindustrie nach ihren Sektkelchen, während Thorneycroft begeistert ausrief: »Wir stehen heute vor einer Situation, die so dramatische Veränderungen hervorrufen wird wie einst die Erfindung des Rades. Bald wird es überall automatische Fabriken - menschenleere Betriebe - geben.« Die 500 Ingenieure und Wissenschaftler, die Thorneycroft feierte, waren aus 26 Ländern nach London gekommen und hatten in 150 Sitzungen ein weltbewegendes Problem diskutiert, das stärker als alle politischen Resolutionen den Lauf der Welt bestimmt: den Vormarsch der Roboter. Auch die Sowjet-Union, Ungarn und die Tschechoslowakei hatten Delegierte entsandt. »Diese Konferenz«, schrieb die angesehene englische Wirtschaftzeitschrift *) In der Mittelreihe dritter von links: Walter Reuther, rechts neben ihm seine Frau, Vater Valentin Reuther, Mutter Reuther, rechts außen Bruder Victor Reuther. »The Economist« wenige Tage danach, »war ein Teil des britischen Versuches, sich an den eigenen Schuhriemen emporzuziehen, um die beiden technischen Rivalen - die USA und die Sowjet-Union - endlich einzuholen.« Zwischen Amerika, England und der Sowjet-Union ist seit Kriegsende ein scharfer Wettbewerb im Gange, möglichst vielseitige und »immer schneller denkende« Elektronengehirne zu konstruieren und in den großen Industriebetrieben aufzustellen. In Amerika wurde bereits vor Jahren das Codewort »Automation« für diese modernste Form der Betriebswirtschaft geprägt. Es erregt seitdem Industrielle, Soziologen und Gewerkschaftsführer in allen Kulturländern. Im siebzehnten Stockwerk eines Wolkenkratzer-Palastes in der New-Yorker Madison Avenue können sich die interessierten Großindustriellen aller Länder die neuesten Roboter-Modelle im Stile einer Modenschau vorführen lassen. In dem eleganten Geschäftspalast residiert die Generaldirektion der International Business Machines Corporation (IBM), deren Organisation sich über 79 Länder erstreckt. Die IBM besitzt auch in Westdeutschland - in Sindelfingen, in Böblingen bei Stuttgart und in Westberlin-Lichterfelde - Fabriken, die leistungsfähige Elektronen-Rechenmaschinen herstellen. Herr über diesen weltumspannenden Konzern ist der IBM-Präsident Thomas Watson, der - mit 41 Jahren bereits leicht ergraut - einen Stab höchstbezahlter Ingenieure beschäftigt, um die Vormachtstellung des Konzerns auf dem Gebiet der Elektronentechnik und der automatischen Steuerungsapparate gegenüber der nachziehenden Konkurrenz, etwa der Remington Rand Inc., durch immer neue Verbesserungen weiterhin zu sichern. Das »Watson Computing Laboratory« in der Madison Avenue, Watsons wissenschaftliche Abteilung, ist das Geheimkabinett der »zweiten industriellen Revolution«, die von den Elektronengehirnen ausgelöst wurde"
"4","0.7628246545791626","0.7628246545791626","0.9","Score: 9.0/10 - Der Text enthält mehrere explizite Aussagen zu Hoffnungen und Ängsten gegenüber der Automatisierung. Vera Oelkers äußert Angst vor dem Verlust von Sekretärinnenjobs, während Irmgard Kahlings Brief Hoffnung auf eine Befreiung von unangenehmen Arbeiten ausdrückt. Fritz Baumgartens Beitrag zeigt positive Erwartungen: 'Wir gehen herrlichen Zeiten entgegen!' und spricht von einer Zukunft, in der Mediziner Technische Hochschulen besuchen müssen – ein Hinweis auf die Angst vor technologischem Wandel in Berufen. Hartmut Sachs kritisiert die Überschätzung der Arbeitslosigkeitsgefahr, was eine sachliche, aber dennoch affektiv geprägte Diskussion über die Folgen der Automatisierung zeigt. Die Briefe repräsentieren eine breite Palette zeitgenössischer Hoffnungen und Ängste.","Briefe","1955-08-09","https://www.spiegel.de/politik/roboter-a-ba2ae6d6-0002-0001-0000-000031970927?context=issue","(Nr. 31/1955, Industrie) In Ihrem Artikel »Die Roboter sind unter uns« (oder noch schlimmer: »Die Revolution der Roboter"") haben Sie, finde ich, diesmal nicht die verschiedenen Meinungen so wohl assortiert, wie ich es bei Ihnen gewohnt bin. Ich vermisse diejenigen Meinungen, die glauben, daß die Arbeitslosigkeit vielleicht gar nicht so schreckliche Formen - fünf bis sechs Millionen in USA - annehmen wird ... Vermutlich wird der Kreis der automatisierungsreifen Fabrikationsvorgänge zu weit gezogen ... und die Schnelligkeit des Umstellungsprozesses überschätzt. Vergesse man nicht, daß selbst im modernsten und kapitalkräftigsten Industrieland der Welt über die Hälfte der verwendeten Maschinen heute noch auf der Technik von 1945 (und vorher) und daß rund ein Fünftel - zumindest in wesentlichen Industriezweigen - auf den Erkenntnissen des Jahres 1935 fußen. Es werden strukturelle Wandlungen eintreten, denn Automatisierung stellt qualitativ andere Anforderungen an den Menschen. Massenarbeitslosigkeit aber scheint kein notwendiges Ergebnis. Gleichermaßen denkbar und mit manchem Argument zu begründen erscheint eine allmähliche Erhöhung der Produktivität, die die Kaufkraft hebt und eventuell sogar gewisse Arbeitszeitverkürzungen erlaubt - jedoch kaum in einer solchen Größenordnung, daß dadurch eine Diskussion über die Bedenklichkeit von zuviel Freizeit entfacht werden muß ... Frankfurt HARTMUT SACHS Diplom-Kaufmann »Sekretärinnen, die ihren Beruf nur als Nebenbeschäftigung bis zur Heirat ausüben, werden künftig keine Chance mehr haben. Gefragt sind nur noch perfekte Büromaschinenwärter ...« - so steht es bei Ihnen zu lesen. Es darf Ihrem Berichterstatter einmal gesagt werden, daß Sekretärinnen mit der von ihm geschilderten Berufsauffassung keine Sekretärinnen sind, sondern Aushilfskräfte. Zum anderen hat Ihr Büroschreck (und alle, die obige These vertreten) offenbar keine Ahnung von den Arbeitsvorgängen eines Büros; sonst müßte er wissen, daß sich gerade die Tätigkeit der von ihm geschmähten Sekretärin weitgehend der Technisierung entzieht, bzw. daß die Technik hier nie mehr als willkommene Hilfsmittel bieten kann. Hamburg VERA OELKERS Ich finde es großartig, daß die Menschen immer mehr von ihren unangenehmen Arbeiten befreit und für andere, wichtigere und schönere Aufgaben frei gemacht werden. Meschede IRMGARD KAHLING Vielleicht haben Herr Watson und Robotergenossen bald das Vergnügen, Mediziningenieure und -techniker anstellen zu können. Es wäre dann allerdings den jetzigen Medizinstudenten dringend zu raten, ab sofort Vorlesungen an der Technischen Hochschule zu belegen, um nicht ins Hintertreffen zu kommen ... In der Tat: Wir gehen herrlichen Zeiten entgegen! Gingen DR. MED. FRITZ BAUMGARTEN Das von Ihnen so gründlich studierte wichtige Zeitproblem der Automation hatte ich bereits vor einiger Zeit durch die Lektüre eines hervorragend geschriebenen Buches kennengelernt: »Die Roboter sind unter uns« von Rolf Strehl*)"
"5","0.7527655959129333","0.7527655959129333","0.9","Score: 9.0/10 - Der Text thematisiert die Automatisierung explizit und enthält klare Aussagen zu Hoffnungen und Ängsten. Er erwähnt die 'Druckknopf-Fabrik' als Symbol für menschenleere Betriebe und zitiert Walter Reuther, der mit dem Sprichwort 'Die dümmsten Kälber wählen ihre Schlächter selber' auf die Gefahr der Selbstausbeutung durch Technologie hinweist – ein klares Zeichen für Angst vor Verlust der menschlichen Arbeitskraft. Gleichzeitig wird die Einstellung von Tausenden von Technikern und Hilfskräften für die Installation von Kontrollmaschinen beschrieben, was Hoffnung auf neue Arbeitsplätze signalisiert. Die Begriffe 'Schreckgespenst der Arbeitslosigkeit', 'Elektrobots' und 'Dampfmaschinen des Geistes' sind zentrale Ausdrücke für zeitgenössische Ängste und Hoffnungen.","Die Revolution der Roboter","1955-07-26","https://www.spiegel.de/politik/die-revolution-der-roboter-a-3c972803-0002-0001-0000-000031970830?context=issue",". Zehntausende von Technikern und Mechanikern wurden in den neuen Fabriken eingestellt, die kleinere Steuerungsgeräte, Ersatzteile und Kontrollmechanismen herstellen. Mehrere hunderttausend Hilfskräfte sind außerdem damit beschäftigt, die Kontrollmaschinen in den Großbetrieben zu installieren. Wenn die Automation-Apostel den robusten Verteidiger der Menschenkraft, Walter Reuther, auf diesen »Segen der Automation« hinweisen, zitiert der verschmitzt lächelnde Gewerkschaftsführer ein deutsches Sprichwort, das er auf seiner Globetrottertour 1933 in Berlin aufschnappte: »Die dümmsten Kälber wählen ihre Schlächter selber.« AUF DEM WEG ZUR »DRUCKKNOPF-FABRIK"" Etappen der industriellen Revolution in den USA< < AUF DEM WEG ZUR »DRUCKKNOPF-FABRIK"" Etappen der industriellen Revolution in den USA< < »Dampfmaschinen des Geistes« Daumenschrauben für Ford Das Schreckgespenst der Arbeitslosigkeit Narrenstreiche der Elektrobots Elektronengehirne vermehren sich selbst"
"6","0.7473031282424927","0.7473031282424927","0.9","Score: 9.0/10 - Der Text thematisiert explizit die Hoffnung auf eine technologische Revolution in der Medienbranche durch die Einführung der 'gefunkten Zeitung'. Die Aussage, dass die Zeitung 'technisch im Zeitalter Gutenbergs stehengeblieben' sei, zeigt eine klare Angst vor technologischem Rückstand und eine starke Hoffnung auf Modernisierung. Die Erwähnung des amerikanischen Faksimile-Systems und des 'Ultrafax'-Systems verdeutlicht die technische Realisierbarkeit und die Erwartung, dass die Zukunft der Informationsverbreitung durch Automatisierung und drahtlose Übertragung geprägt sein wird. Die Diskussion über die Vorteile der schnellen, direkten Übermittlung von Nachrichten in die Wohnungen zeigt eine positive Einstellung gegenüber technologischem Wandel und eine Hoffnung auf Effizienzsteigerung. Dies ist ein klares Beispiel für zeitgenössische Hoffnungen auf Automatisierung und ihre gesellschaftlichen Konsequenzen.","Die gefunkte Zeitung","1958-03-18","https://www.spiegel.de/politik/die-gefunkte-zeitung-a-4a078b9c-0002-0001-0000-000041760983?context=issue","Westdeutsche Zeitungsverleger erwägen zur Zeit einen Plan, der sich phantastisch ausnimmt, aber dennoch in absehbarer Zeit zu verwirklichen ist: Die Tageszeitungen brauchten künftig nicht mehr auf Rotationsmaschinen gedruckt und durch Boten verteilt zu werden, man konnte sie vielmehr auf dem Funkwege direkt in die Wohnungen der Abonnenten übermitteln. Was die Zeitungsleute veranlaßte, sich mit derart revolutionären Projekten zu beschäftigen, erläuterte Verleger Heinrich G. Merkel (""Nürnberger Nachrichten""), der als Vorsitzender des »Ausschusses für Rundfunk und Fernsehen« im »Bundesverband Deutscher Zeitungsverleger« vor kurzem rund fünfzig Zeitungsverleger zu einem Treffen nach Frankfurt am Main gebeten hatte. »Die Zeitung ist technisch im Zeitalter Gutenbergs stehengeblieben«, sagte Merkel. »Die Frage, ob wir unsere Zeitungen weiterhin nach alten Methoden herstellen können, wird ganz automatisch auf uns zukommen, wenn wir eines Tages in dem Wettlauf mit der Schnelligkeit und Aktualität des Funks und des Fernsehens nicht mehr mithalten können.« Es wäre sogar heute schon möglich, erklärte Merkel, die »gefunkte Zeitung« in Deutschland einzuführen. Tatsächlich ist das Prinzip der gefunkten Zeitung keineswegs eine technische Utopie. In den USA wurde schon in den dreißiger Jahren ein System entwickelt, das die drahtlose Übertragung von Zeitungen ermöglichte: Die Abonnenten dieser ersten gefunkten Zeitungen mußten ein Spezialgerät an ihren Rundfunkempfänger anschließen; während der Nachtstunden nahm das Gerät die von einem Zeitungssender ausgestrahlten Funkzeichen auf und druckte mit Stempelfarbe Buchstabe für Buchstabe auf ein langsam abrollendes Papierband. Am Morgen konnte der Leser dem Gerät eine komplette Zeitung mit Schlagzeilen, Bildern und Texten entnehmen, er brauchte lediglich noch die Seiten zu ordnen. Mehrere amerikanische Zeitungen, darunter die »New York Times«, der »Philadelphia Inquirer« und die »Baltimore News-Post«, nutzten damals dieses »Faksimile-System«, um ihre Kunden in ländlichen Gegenden schneller zu bedienen. Später gingen die Verlage jedoch dazu über, ihre Zeitungen per Flugzeug zu versenden. Der Funk-Zeitungsdienst wurde wieder eingestellt, denn der Lufttransport war schneller und auch billiger als die Übermittlung durch den Faksimile-Schreiber, die immerhin einige Stunden in Anspruch nahm. Inzwischen haben einige Funkfirmen neue Methoden entwickelt, die den Übermittlungsprozeß auf die Dauer weniger Minuten beschränken. In Amerika gibt es beispielsweise ein leistungsfähiges System (""Ultrafax""), das bei dem ersten Probeeinsatz kurz nach dem Kriege die 1049 Seiten des Romans »Vom Winde verweht« in zwei Minuten und 21 Sekunden drahtlos übertrug. »Ultrafax« erwies sich freilich als zu kompliziert für den Masseneinsatz. Andere moderne Übertragungssysteme dagegen sind für den Gebrauch in Privatwohnungen geeignet. Sie arbeiten langsamer als »Ultrafax«, aber immer noch weitaus schneller als der alte »Faksimile -Schreiber«"
"7","0.7467644810676575","0.7467644810676575","0.9","Score: 9.0/10 - Der Text thematisiert explizit Ängste vor der Automatisierung und Computerisierung. Er zitiert Norbert Wiener, der von einer 'zweiten industriellen Revolution' spricht, bei der der Durchschnittsmensch durch Maschinen und Elektronengehirn ersetzt werden könnte. Die Aussage, dass der Durchschnittsmensch 'nichts mehr zu bieten haben wird, was noch irgend jemand für sein Geld kaufen möchte', ist eine klare, konkrete Angst vor Arbeitsplatzverlust und sozialer Ausgrenzung. Die Warnung, dass die neue Technologie zu 'Generationen von Halbidioten' führen könnte, zeigt eine tiefgreifende gesellschaftliche Angst vor intellektueller Degeneration. Diese Aussagen sind direkt auf die Forschungsfrage bezogen und belegen eine deutliche, affektiv aufgeladene Angst vor technologischem Wandel.","Generationen von Halbidioten","1952-06-24","https://www.spiegel.de/wissenschaft/generationen-von-halbidioten-a-f1a506ef-0002-0001-0000-000021977185?context=issue",". In den USA hat bereits das Zeitalter derKybernetik begonnen, das Zeitalter der sich selbst steuernden Maschinen mit Robotergedächtnis und Elektronengehirn. Dr. Norbert Wiener, der Chronist der neuen technischen Entwicklung, spricht von einer zweiten industriellen Revolution. Sein Urteil: »Nach der zweiten Revolution wird der Durchschnittsmensch von mittleren oder geringeren Fähigkeiten nichts mehr zu bieten haben, was noch irgend jemand für sein Geld kaufen möchte.« Der Durchschnittsmensch wird - wenn seine Intelligenz weiter absinkt - in absehbarer Zeit nicht mehr in der Lage sein, die komplizierter werdenden Maschinen zu bedienen. Nur das schrumpfende Häuflein der Intelligenten könnte dann noch das Zivilisationsgetriebe in Gang halten. Die große Masse der Unbegabten wäre völlig ausgeschaltet. So lautet die ziemlich dichterisch ausgemalte Zukunftsprognose der Wissenschaftler. Cook nennt ein sehr frühes Datum für den Beginn der Katastrophe: 1985. Die Unfähigen von 1985 würden aber wiederum die Eltern der folgenden Generationen sein. Sagt Cook: »Wenn der Anstoß all der neuen muskel- und geistsparenden Maschinen und all der zeit- und lebenssparenden Kniffe nur Generationen von Halbidioten zur Folge hat, dann ist das große Experiment des 20. Jahrhunderts, das Experiment der industriellen Revolution, ein Fehlschlag.« *) 8,7 Geburten auf 1000 Einwohner, Bundesrepublik: 15,5 Geburten."
"8","0.7442691028118134","0.7442691028118134","0.9","Score: 9.0/10 - Der Text thematisiert explizit Hoffnungen und Ängste gegenüber der Automatisierung und Computerisierung. Er zitiert Norbert Wiener, dessen Warnungen vor einer 'Diktatur des Roboters' in den USA bereits zu einer politischen Reaktion führten – die Gewerkschaften berufen ihn als Chefberater ein. Dies zeigt, dass die Angst vor technologischem Wandel bereits in westlichen Institutionen verankert war. Die Antwort von Dr. Feldkeller, der die Angst als unbegründet ablehnt, weil der Golem keine Ziele setzen könne, ist eine direkte Reaktion auf diese Ängste. Zudem wird die Rolle von Rechenmaschinen im Pentagon beschrieben, die für die schnelle Suche nach Spezialisten genutzt werden – ein konkretes Beispiel für die praktische Anwendung von Automatisierung. Die Erwähnung der russischen Fortschritte in Transistoren und elektronischen Robotern zeigt auch eine Angst vor technologischer Überlegenheit des Ostens. Die Textpassagen sind voller konkreter Aussagen über positive und negative Konsequenzen der Technologie.","Briefe","1956-10-16","https://www.spiegel.de/politik/automation-a-70b96223-0002-0001-0000-000043064344?context=issue","Darf ich Ihre Norbert-Wiener-Story noch um eine Nuance bereichern? Seit einiger Zeit ist der Urvater der Kybernetik Chefberater der amerikanischen Gewerkschaften in allen Fragen der Automation. Demnach haben Norbert Wieners Warnungen doch dort (wenn auch mit einiger Verzögerung) gezündet, wo er es sich am ehesten erhofft hatte. Übrigens hat sich das mathematische Wunderkind durch seine offen gezeigten progewerkschaftlichen Sympathien bei den klassenbewußten US-Unternehmern bedenklich in die Nesseln gesetzt. Stuttgart H. HEINRICHS Pressestelle des Arbeitsministeriums Baden-Württemberg ... Zu Wieners Pessimismus besteht kein Anlaß. Von einer »Diktatur des Roboters« ist so wenig die Rede, wie es bisher und jetzt keine »Diktatur der Mathematik« gab und gibt. Denn der Golem kann sich keine Ziele setzen, die muß ihm der Mensch geben. Wenn aber, wie sich im China -Amerika-Konflikt gezeigt hat, die Konzentration auf die Denkmaschine die Leidenschaften abkühlt (die immer und einzig zum Kriege geführt haben) und dem rationalen Kalkül überläßt, was sonst den Affekten und der Spielwut der Staatsmänner überantwortet blieb - wenn die Konzentration auf die Denkmaschine also Kriege verhindert und den Völkern namenloses Elend erspart, dann können wir zufrieden sein. Berlin-Buckow DR. PAUL FELDKELLER Sie haben in Ihrem Artikel mit keinem Wort die Forschungsergebnisse der Russen erwähnt, die auf dem Gebiet der Transistoren und elektronischen Roboter heute in der Welt führen, was selbst die Physiker der USA zugeben. So haben die Russen zum Beispiel Rapid -Selektoren entwickelt, die Raum für 70 000 Dokumente - auf Mikrofilm aufgenommene Zeitungsausschnitte, Kommentare und Archivkarten usw. - bieten. Photozellen tasten das Signalfeld auf dem ablaufenden Film ab, das identisch mit der Lochkarte ist, und wählen das gerade Interessierende aus. Wuppertal ERNST WEITZEL stud. med. dent. ... Hier ein weiteres Beispiel, wie Rechenroboter indirekt in das politische Geschehen eingegriffen haben: Das US - Pentagon suchte plötzlich sehr schnell für einen wichtigen Geheimauftrag einen technisch vorgebildeten Offizier mit bestimmten Spezialkenntnissen und chinesischen sowie japanischen Sprachkenntnissen. Eine geheime Rundfrage auf dem üblichen 08/15 -Dienstwege hätte Monate erfordert. Die Sache eilte jedoch. Nun verfügt auch das Pentagon bereits seit einiger Zeit über elektronische Rechen- und Sortier-Maschinen. Eine Bull-Sortiermaschine kann 42 000 Lochkarten innerhalb von 60 Minuten einmal durchlaufen lassen; die IBM- (Internationale Büromaschinengesellschaft-) Statistik-Maschine Typ 101 kann innerhalb einer Stunde 27 000 Lochkarten elektronisch gleichzeitig sortieren, gruppieren, auszählen und die Resultate druckreif für statistische Tabellen niederschreiben"
"9","0.7432536482810974","0.7432536482810974","0.9","Score: 9.0/10 - Der Text thematisiert explizit die Automatisierung und deren gesellschaftliche Konsequenzen. Wilhelm Bittorf beschreibt Elektronen-Roboter, die menschenleere Fabriken steuern, und diskutiert konkrete Auswirkungen wie die Reduktion der Arbeitskräfte von 200 auf vier Ingenieure. Er stellt die Frage, ob die Automatisierung in Deutschland sinnvoll ist, da der nationale Markt zu klein sei – eine direkte wirtschaftliche Angst. Zudem wird die gesamte Zivilisation in Frage gestellt, und die Automatisierung wird als Auslöser einer neuen Philosophie gesehen. Dies zeigt eine klare Hoffnung auf technologische Fortschritte, aber auch tiefgreifende Ängste vor sozialen und wirtschaftlichen Umwälzungen. Die Textstelle ist zentral für die Forschungsfrage und liefert explizite Aussagen über Hoffnungen und Ängste.","Wilhelm Bittorf: »Automation«.","1957-03-19","https://www.spiegel.de/politik/wilhelm-bittorf-automation-a-35131539-0002-0001-0000-000041120955?context=issue","Wilhelm Bittorf: »Automation«. Das Buch handelt von den Elektronen-Robotern, die menschenleere Fabriken steuern. Es ist keck geschrieben, und der Verfasser läßt sich - nach angelsächsischer Manier - auch bei ernstem Anlaß einen Witz einfallen. Dabei ist er bohrend am Detail interessiert und spekuliert technische Daten auf ihre Weiterungen bis zum Äußersten durch: Was bedeutet es, wenn eine Ölraffinerie statt von zweihundert Arbeitern von vier Ingenieuren hantiert wird? Welche betriebswirtschaftlichen Fakten kommen dabei ins Spiel, weiche Marktprobleme sind zu lösen? Politische Fragestellungen werden angerissen: Lohnt sich zum Beispiel in Deutschland die Automatisierung einer Autofabrik? Ist der nationale Markt dazu nicht zu klein? Die Vielfalt der Aspekte in Bittorfs Buch läßt den Eindruck entstehen, daß die Automation den ganzen Funktionszusammenhang der modernen Zivilisation in Frage stellt. Die Elektronen-Roboter erscheinen als die Initiatoren nicht nur einer neuen Wirtschaft, sondern - und in dieser Hinsicht erscheint Bittorfs Bucht recht anmaßend - auch einer neuen Philosophie. (C.W. Leske Verlag. Darmstadt. 320 Seiten. 12,80 Mark.)"
"10","0.742217093706131","0.742217093706131","0.9","Score: 9.0/10 - Der Text thematisiert explizit die Automatisierung und deren gesellschaftliche Konsequenzen. Er erwähnt die Angst vor einer »technologischen Massenarbeitslosigkeit« und prognostiziert, dass die USA in den nächsten Jahren fünf bis sechs Millionen Arbeitslose bekommen könnten. Es wird konkrete Aussage über die Reduktion der Arbeitskräfte durch Rationalisierung gemacht: Das gleiche Produktionsvolumen wie 1955 könnte mit 1,5 Millionen weniger Arbeitern erzielt werden. Die Angst vor Arbeitslosigkeit durch Maschinen ist zentral. Gleichzeitig wird die Hoffnung auf eine weitere Expansion des Verbrauchs und des Exports als Lösung diskutiert. Die Textstelle ist zentral für die Forschungsfrage und liefert explizite Aussagen über Angst vor Arbeitslosigkeit und Hoffnung auf wirtschaftliche Anpassung an technologischen Wandel.","Die Revolution der Roboter","1955-07-26","https://www.spiegel.de/politik/die-revolution-der-roboter-a-3c972803-0002-0001-0000-000031970830?context=issue",". Während die Fanatiker der Automation ernsthaft bestreiten, daß der verstärkte Einsatz von Elektrobots und anderer automatischer Steuerungsmaschinen im Endeffekt eine katastrophale »technologische Massenarbeitslosigkeit« zur Folge haben wird, rechnen vorsichtige amerikanische Wirtschaftsexperten damit, daß Amerika in den nächsten Jahren fünf bis sechs Millionen Arbeitslose bekommen wird*). Die gegenwärtige Rationalisierungswelle befähigt die amerikanische Industrie, bereits im nächsten Jahr das gleiche Produktionsvolumen wie 1955 mit 1,5 Millionen weniger Arbeitern und Angestellten als in diesem Jahr zu erzielen. Dieser Arbeitskräfte-Überschuß läßt sich nur - so sagen die amerikanischen Wirtschaftsanalytiker - durch eine weitere Expansion des Verbrauchs und durch stärkeren Export amerikanischer Produkte in die unterentwickelten Länder kompensieren. Der Verbrauchssteigerung im eigenen Land geben die amerikanischen Marktanalytiker aus folgendem Grund noch einige Chancen: Amerikas Bevölkerungsziffer hat sich seit 1945 sprunghaft erhöht (1945 zählten die USA 139,9 Millionen Einwohner, 1953 bereits 159,6 Millionen und 1955 sogar über 162 Millionen). Wenn sich die Wiegen weiterhin im gleichen Rhythmus füllen und die Sterblichkeitsziffer so auffallend niedrig bleibt wie bisher, dann leben 1965 in den Vereinigten Staaten schätzungsweise mindestens 190 Millionen Menschen. Da aber die meisten dieser 190 Millionen Amerikaner 1965 noch Kinder oder schon Greise sein werden - so spekulieren schon jetzt die Automation-Fanatiker - , müssen noch sehr viele Gehirnroboter eingesetzt werden, damit der vergrößerten Bevölkerung der bisherige hohen Lebensstandard überhaupt erhalten bleibt. Die Propagandisten der Roboterwelle bedauern sogar die Grenzen, die der Automation gesetzt sind. Es hat sich nämlich schon in der ersten Etappe der zweiten industriellen Revolution herausgestellt, daß sich der immerhin recht kostspielige Aufwand der Elektronensteuerung und -kontrolle nur in Betrieben lohnt, die ausgesprochene Massenverbrauchsgüter herstellen. Die »Menschenmaschine« mit ihrem komplizierten *) Die gegenwärtige Arbeitslosenziffer in Amerika liegt um etwa eine Million über dem »Normalstand« der Vollbeschäftigung. Kontrollmechanismus wird auf die Herstellung eines uniformen Standardartikels eingefahren, für den mindestens ein Jahr lang in dieser Standardform Nachfrage besteht, denn jede Umstellung des »Gehirns« und der angeschlossenen Maschinenglieder kostet viel Geld. Allerdings ist man auf dem besten Wege, auch Mehrzweckautomaten zu entwickeln, die heute etwa Schaumgummi-Matratzen, morgen Staubsauger und übermorgen Krawatten herstellen können. Aber diese Vielseitigkeit ist zur Zeit noch ein dankbares Thema für phantasiebegabte Karikaturisten. Verbrauchsgüter, die stark der Mode unterworfen sind oder deren Absatz sehr schwankt, eignen sich nicht für die Roboterfabrik"
"11","0.7406179308891296","0.7406179308891296","0.9","Score: 9.0/10 - Der Text thematisiert explizit die Umwandlung von Arbeitern in Angestellte bei der IBM in Sindelfingen – einen zentralen Schritt in Richtung einer neuen Arbeitsform, die mit der Automatisierung und Rationalisierung verbunden ist. Die Angst vor dem Verlust der klassischen Arbeiterschaft und der Gewerkschaftsparolen wird direkt ausgedrückt: 'Der klassischen Gewerkschaftsbewegung droht, wenn Arbeiter zu Angestellten werden, Verlust der Parolen und der Mitglieder.' Dies zeigt eine klare gesellschaftliche Angst vor der Veränderung der Arbeitsbeziehung durch technologischen Wandel. Gleichzeitig wird die Hoffnung auf eine 'spätkapitalistische Klassenlosigkeit' und bessere Arbeitsbedingungen deutlich. Die Aktion der IBM wird als sozialreformerisch und als Vorbild für andere Unternehmen gesehen, was Hoffnungen auf eine humane, technologisch geprägte Zukunft der Arbeit ausdrückt.","Mehr Geltung","1958-09-30","https://www.spiegel.de/politik/mehr-geltung-a-4e2b8b88-0002-0001-0000-000041759244?context=issue","Die Internationale Büro-Maschinen Gesellschaft mbH (IBM) in Sindelfingen bei Stuttgart, das westdeutsche Tochterunternehmen der amerikanischen IBM -Corporation, hat durch einen sozialreformerischen Alleingang Arbeitgeberverbände und Gewerkschaften gleichermaßen hochgeschreckt: Die IBM-Direktion gab bekannt, daß sie seit dem 1. September 1958 keine Arbeiter, sondern nur noch Angestellte habe; ihre 2500 Arbeiter seien ins Angestelltenverhältnis übernommen worden. Damit hat auf westdeutschem Boden zum erstenmal ein großes Unternehmen jene Sozialschranke zwischen Arbeitern der Stirn und Arbeitern der Faust aufgehoben, die in Amerika schon beinahe in Vergessenheit geraten ist. Der Sindelfinger Schritt zur spätkapitalistischen Klassenlosigkeit ist für die anderen Arbeitgeber um so alarmierender, als er die Gewerkschaften, in vorderster Linie die Industriegewerkschaft (IG) Metall, zu einer Flucht nach vorn, also zu forcierten Sozialforderungen veranlassen dürfte. Der klassischen Gewerkschaftsbewegung droht, wenn Arbeiter zu Angestellten werden, Verlust der Parolen und der Mitglieder. Benachbarte württembergische Firmen hatten die IBM-Direktion denn auch schon wochenlang bekniet, ihre Aktion publizistisch nicht herauszustellen. Die Sindelfinger IBM-Direktoren Hörrmann und Borsdorf haben für die Arbeitgeber-Befürchtungen wenig Verständnis. Nachdem ihre amerikanische Muttergesellschaft bereits vor Jahren alle Arbeiter zu »White-Collar-Men« avancieren ließ und damit gute Erfahrungen machte, glauben sie, auch ihrem westdeutschen Unternehmen auf lange Sicht einen Dienst zu tun, wenn die Bindung zwischen Firma und technischer Belegschaft nach amerikanischem Muster stabilisiert wird. Wie ihre Muttergesellschaft in den Staaten im Ruf besonderer Fortschrittlichkeit auf dem Gebiet der Betriebspsychologie steht, so gilt die Sindelfinger IBM in Westdeutschland schon lange als sozialreformerisch experimentierfreudig. Bereits im Jahre 1950 gewährte das Unternehmen seinen Arbeitern die Lohnfortzahlung im Krankheitsfall vom ersten Krankheitstag an*. Wenig später schaffte es das vielbefehdete Akkordsystem ab und führte einen festen Lohn für alle Mitarbeiter ein. So ist auch die neueste Sozialaktion der IBM durchaus keine gewerkschaftliche Errungenschaft, sondern das Ergebnis einer freiwilligen Betriebsvereinbarung zwischen der IBM-Direktion und ihren Mitarbeitern. Den Vorteilen, die jetzt den IBM-Beschäftigten zuteil werden, entsprechen keine kurzfristigen Vorteile für die Gesellschaft: Es steckt kein Rationalisierungseffekt in der IBM-Vereinbarung"
"12","0.738805890083313","0.738805890083313","0.9","Score: 9.0/10 - Der Text thematisiert explizit die Angst vor der Umstellung auf automatischen Betrieb und die Verdrängung älterer Arbeiter durch Rationalisierung. Die Aussage, dass 'ganze Werksabteilungen mehr und mehr auf automatischen Betrieb umgestellt werden' und dass 'manchen älteren Arbeiter von seinem Arbeitsplatz verdrängen werden', zeigt eine klare gesellschaftliche Angst vor Arbeitsplatzverlust durch Automatisierung. Die Befürchtung, dass solche Umstellungen in den 'Panzer-Schränken der Großfirmen' geplant werden, ohne dass die Arbeitnehmer informiert sind, unterstreicht die Angst vor einem technologischen Wandel, der ohne Mitbestimmung erfolgt. Die Spannung zwischen Ingenieuren und Arbeitern zeigt, wie tief die Angst vor Verlust der Kontrolle über die eigene Arbeit ist – ein zentraler Aspekt der Forschungsfrage.","Rationalisierer raus","1956-08-07","https://www.spiegel.de/wirtschaft/rationalisierer-raus-a-eba59871-0002-0001-0000-000043063644?context=issue",". zur Zeit alle Bemühungen um den Fortgang der Rationalisierung. Die Fachleute Wever und Gentner, denen noch der Schock in den Gliedern steckt, streiken. Sie wollen das Werk erst wieder betreten, wenn sich die Anführer der Arbeiter bei ihnen entschuldigt haben; wogegen der Betriebsrat von den Ingenieuren verlangt, die Schimpfwörter »Pöbel« und »Mob«, die ihnen während des Spießrutenlaufens entschlüpften, durch eine schriftliche Erklärung des Bedauerns zurückzunehmen. Inzwischen stellte die Hagener Kriminalpolizei peinliche Verhöre an, um zu erkunden, ob der Aufruhr auf kommunistische Agitation zurückzuführen sei. Dafür gibt es aber kein Indiz. Diese Feststellung hat manche Industrielle an Rhein und Ruhr, die den Hagener Arbeiterputsch aufmerksam verfolgten, recht nachdenklich gestimmt. Man macht sich in den Direktionsbüros ernsthaft Sorgen darüber, was wohl geschehen wird, wenn in den Betrieben nicht nur rationalisiert wird, sondern ganze Werksabteilungen mehr und mehr auf automatischen Betrieb umgestellt werden. Die Pläne für solche durchgreifenden Umstellungen, die manchen älteren Arbeiter von seinem Arbeitsplatz verdrängen werden, liegen bereits in den Panzerschränken der meisten Großfirmen."
"13","0.7375859320163727","0.7375859320163727","0.9","Score: 9.0/10 - Der Text thematisiert die Entwicklung der Kybernetik und die Gefahren der Automation explizit. Norbert Wiener warnte vor den sozialen und philosophischen Konsequenzen der neuen Technologie, insbesondere vor der Gefahr, dass Maschinen lernen und menschliche Arbeit ersetzen könnten. Er spricht von der 'Ungeheuerlichkeit der zweiten industriellen Revolution' und warnt vor der Gefahr der Entmenschlichung der Arbeit. Die Angst vor Arbeitsplatzverlusten ist zentral: Gewerkschaftsfunktionäre seien zu sehr mit der täglichen Arbeit beschäftigt, um über die Zukunft nachzudenken. Die Warnungen Wieners wurden erst nach Erscheinen seiner Bücher ernst genommen. Dies ist ein klares Beispiel für eine zeitgenössische Angst vor der Automatisierung, die sich in der öffentlichen Diskussion manifestierte. Die Hoffnung auf eine bessere Zukunft wird durch die Warnung vor den Gefahren der Technologie überlagert.","Die Magie der Roboter","1956-10-02","https://www.spiegel.de/politik/die-magie-der-roboter-a-180acdda-0002-0001-0000-000043064251?context=issue",". »Nachdem ich mit der Überlegung einer persönlichen Geheimhaltung eine Weile gespielt hatte, kam ich zu dem Schluß, daß dies unmöglich wäre«, schreibt Wiener. »Denn meine Gedanken gehörten mehr meiner Epoche als mir. Und wenn ich jedes Wort hätte unterdrücken können, das ich geschrieben hatte, es wäre doch in den Arbeiten anderer Menschen wieder aufgetaucht, aber wahrscheinlich in einer Form, in der seine philosophische Bedeutung und seine soziale Gefährlichkeit nicht so nachdrücklich hervorgehoben worden wären. Ich konnte vom Rücken dieses Mustangs nicht mehr abspringen, und so blieb nichts übrig, als ihn zu reiten.« Unter dem Zwang dieser Überlegung habe er sich entschlossen, berichtet Wiener, »von einer Position größter Geheimhaltung auf eine Position größtmöglicher Publicity überzuwechseln und die Aufmerksamkeit aller auf die Möglichkeiten und Gefahren der neuen Entwicklung zu lenken«. Maschinen können lernen Bei den Gewerkschaften, hoffte er, würden seine Warnungen noch am ehesten zünden. Aber seine ersten Erfahrungen waren höchst enttäuschend: »Ich fand das bestätigt, was meine englischen Freunde mir schon einige Jahre zuvor gesagt hatten: Der Gewerkschaftsfunktionär kommt zu direkt von der Werkbank, und er ist zu unmittelbar mit den schwierigen und höchst technischen Problemen beschäftigt, seinen Laden in Schwung zu halten, um noch zu irgendwelchen vorausschauenden Betrachtungen über die Zukunft seiner Berufssparte fähig zu sein.« Erst als Wiener seine Erkenntnisse von der neuen Wissenschaft 1949 in einem ersten Buch unter dem Titel »Cybernetics« zusammenfaßte und dieses grundlegende Werk die Fachleute in Bewegung brachte, fühlten sich die Funktionäre bemüßigt, dem Professor aus Massachusetts zuzuhören. Die »Saturday Review of Literature« schrieb sogleich nach Erscheinen des Buches: »Es ist ganz unmöglich für jeden, der sich ernsthaft für unsere Zivilisation interessiert, dieses Buch zu übersehen. Es ist ein 'Muß-Buch' für Naturwissenschaftler aller Art: Ingenieure jeder Sparte, Mathematiker, Physiologen, Psychologen, Psychiater, Chemiker jeder Art, Psychopathologen, Neuro-Anatomen, Neuro-Physiologen usw. Außerdem können es sich Volkswirtschaftler, Politiker, Staatsmänner und Geschäftsleute nicht leisten, die Kybernetik und ihre enormen, sogar erschreckenden Konsequenzen zu übersehen.« Binnen sechs Wochen war das mit verwickelten mathematischen Formeln ausgestattete Buch ausverkauft. Durch dieses und ein zweites, 1950 erschienenes Werk (""Mensch und Menschmaschine""), das auf größere Breitenwirkung berechnet war, wurde Wiener auch in den Augen der amerikanischen Öffentlichkeit zum Künder des Zeitalters der Automation. Erst nach dem Erscheinen dieser Bücher, nach einer Reihe von mahnenden und warnenden Zeitschriftenartikeln und Vorträgen Wieners, ging den amerikanischen Gewerkschaftlern und auch den Industriellen die ganze Ungeheuerlichkeit der zweiten industriellen Revolution auf, die da über den Horizont dämmerte"
"14","0.7359659075737","0.7359659075737","0.9","Score: 9.0/10 - Der Text thematisiert explizit die Entwicklung von Robotern und Elektronengehirnen in den USA und deren Auswirkungen auf die Arbeitswelt. Er beschreibt konkrete Angst vor Arbeitsplatzverlust durch Automatisierung (z. B. durch die Aussage von Walter Reuther: »an wen wollen Sie ihre Autos verkaufen, wenn Sie die Arbeiter auf die Straße setzen?«). Gleichzeitig wird die Hoffnung auf eine gerechtere Verteilung der Gewinne durch die Industriekapitäne geäußert. Die Textpassagen enthalten klare Hinweise auf gesellschaftliche Ängste vor Massenarbeitslosigkeit und Hoffnungen auf soziale Gerechtigkeit im Zeitalter der Automatisierung. Der Text liefert direkte Einblicke in die öffentliche Diskussion über Technologie und Zukunft der Arbeit.","Die Revolution der Roboter","1955-07-26","https://www.spiegel.de/politik/die-revolution-der-roboter-a-3c972803-0002-0001-0000-000031970830?context=issue",". Aufmerksam betrachtete der Rotkopf die Aggregate und Werkzeugmaschinen: Nur an den Knotenpunkten der Produktionsstrecken waren noch Arbeiter postiert. Insgesamt arbeiten in dieser Fabrik 500 Männer und Frauen. Ohne Elektronensteuerung würden 2000 Arbeiter gebraucht. Als Henry Ford II. sah, welch nachhaltigen Eindruck der menschensparende Effekt des zentralen Robotergehirns, das mit 35 Kilometern Draht und einer Million Vacuumröhren 1500 Menschen ersetzt, auf seinen Begleiter machte, foppte er ihn: »Nun, Mister Reuther, von wem wollen Sie in Zukunft Ihre Beiträge kassieren?« Aber der Rotkopf parierte den Hieb: »Und an wen wollen Sie, Mister Ford, in Zukunft ihre Autos verkaufen, wenn Sie die Arbeiter und Angestellten rücksichtslos auf die Straße setzen?« Der kleine Mann, der diese bissige Antwort gab, war Walter Reuther, der Führer der amerikanischen Sammelgewerkschaft »Congress of Industrial Organizations« (CIO) und gleichzeitig Chef der Automobilarbeiter-Gewerkschaft »United Automobile Workers« (UAW). Wenige Tage später besichtigte der 47jährige Gewerkschaftsboß einen großen Versicherungspalast in New York, in dem die Ingenieure des Elektronen-Königs Watson gerade ein neues Elektronengehirn installiert hatten. Reuther stellte fest, daß dieses Elektronengehirn mit den angeschlossenen Büromaschinen die gesamte Registratur und andere mechanische Büroarbeiten unter der Kontrolle von zwei Hilfskräften in kürzester Zeit erledigt. Das Robotergehirn sorgt prompt dafür, daß die drei Millionen Versicherungskunden ihre Prämienrechnungen mit einer vollständigen Aufstellung ihrer Gutschriften stets zur rechten Zeit erhalten. Der Automat ersetzt 200 Angestellte und erspart der Gesellschaft jährlich mindestens eine halbe Million Dollar. Nach diesen Besuchen alarmierte der CIO-Boß seine Spitzenfunktionäre, die Führer der im CIO zusammengeschlossenen Industriegewerkschaften. Später besprach er sich auch mit den Führern der weniger aktiven Konkurrenzgewerkschaft »American Federation of Labor« (AFL). Dann bliesen beide Gewerkschaftsverbände unisono zum Angriff, allerdings nicht mit dem Ziel, die Gewerkschaftsgenossen zu einem neuen Maschinensturm aufzufordern. Reuther erklärte seinen Anhängern vielmehr in der undoktrinären Art amerikanischer Gewerkschaftsfüchse: »Es ist klüger, sich an die Begleiterscheinungen der neuen Revolution des Atom- und Elektronenzeitalters zu gewöhnen als einen erbitterten und vergeblichen Kampf dagegen zu führen.« Die Industriekapitäne sollen dafür bluten, daß sich ihr Lohnkonto wesentlich ermäßigen wird. Auf diesen Strauß mit den Großunternehmern hatte sich Walter Reuther schon lange präpariert. Er hat von Jugend auf die Schliche der Gewerkschaftsstrategie studiert und sich bei mancher Streikrauferei blutige Schrammen geholt. Die ersten Eindrücke dieses rauhen Gewerbes bekam er in der Stickluft der kleinen Vorstadtwohnung, in der seine biederen Eltern hausten"
"15","0.7336120009422302","0.7336120009422302","0.9","Score: 9.0/10 - Der Text thematisiert explizit die Angst vor der Automatisierung durch Roboter und Elektronengehirne. Es wird klar ausgesprochen, dass Büroangestellte, Sekretärinnen und sogar einfache Dienstleistungsposten wie Toilettenfrauen oder Portiers durch Roboter ersetzt werden könnten. Die Aussage von Norbert Wiener, dass selbst die kleinste wirtschaftliche Existenz nicht mehr vor der Konkurrenz der Roboter sicher sei, ist eine klare Ausdrucksform von Angst vor technologischem Wandel. Gleichzeitig werden auch Fehlleistungen der Automaten beschrieben, was die Befürchtung unterstreicht, dass diese Technologien nicht vollständig zuverlässig sind. Die Textpassagen enthalten sowohl konkrete Angst vor Arbeitsplatzverlust als auch Hoffnung auf Effizienzsteigerung (z. B. elektronische Wachsysteme). Die Darstellung ist nicht nur technisch, sondern enthält eine starke affektive und evaluative Dimension, die die gesellschaftliche Wahrnehmung von Automatisierung widerspiegelt.","Die Revolution der Roboter","1955-07-26","https://www.spiegel.de/politik/die-revolution-der-roboter-a-3c972803-0002-0001-0000-000031970830?context=issue",". Eher noch als die Maschinenarbeiter werden die Büroangestellten zum großen Teil überflüssig werden. Sekretärinnen, die ihren Beruf nur als Nebenbeschäftigung bis zur Heirat ausüben, werden künftig keine Chancen mehr haben. Gefragt sind nur noch perfekte Büromaschinenwärter. Der wissenschaftliche Automation-Spezialist, Mathematikprofessor Norbert Wiener, der selbst an den ersten Elektronengehirnen mitbastelte und jetzt häufig an ähnlichen Komplexen leidet, wie weiland Atomforscher Oppenheimer, diagnostizierte sogar pessimistisch: »Auch die kleinste wirtschaftliche Existenz wird bald nicht mehr vor der Konkurrenz der Roboter sicher sein - nicht einmal die Toilettenfrau, die sich ebenso ersetzen läßt wie der Portier oder der Werkpolizist.« Dafür gibt es sogar schon ein praktisches Beispiel: Ganz Chicago schmunzelte vor einigen Wochen über die »elektronische Abwehr« zweier Einbrecher, die in das Büro einer automatisch gesteuerten Fabrik eingedrungen waren. Die Dunkelmänner hatten ihre Werkzeuge, mit denen sie das Safe der Firma öffnen wollten, noch nicht ausgepackt, als plötzlich eine tiefe Stimme, aus dem Nichts kommend, posaunte: »Guten Abend, meine Herren. Dürfen wir Sie darauf hinweisen, daß dieses Haus elektronisch bewacht ist? Wir raten Ihnen deshalb, sofort zu verschwinden.« Während die Einbrecher mit leeren Händen flohen, begannen Lautsprecher aus allen Ecken des Gebäudes zu grölen: »Einbrecher! Einbrecher! Polizei her!« Aber mehr noch als über diesen gelungenen Coup einer elektronischen Wach- und Schließgesellschaft lacht der amerikanische Mr. Jedermann schadenfroh über gelegentliche Fehlleistungen der Elektronengehirne, bei denen mitunter eine Schraube locker ist, eine Röhre ausfällt oder eine Leitung kurzschließt. So türmten sich vor einiger Zeit am Haustor eines Farmers Tausende von Exemplaren des gleichen Bildermagazins, weil ein Adressier-Roboter beim Drucken der Anschrift des Farmers steckengeblieben war und diese Adresse immer wieder auf die nachrückenden Streifbänder gepreßt hatte. Weit ärger war der Kollaps eines Wunderautomaten in einer New-Yorker Bank, der einer Kundin statt eines Schecks über 11,71 Dollar einen auf 2 300 011,71 Dollar lautenden Scheck ausstellte. Als ein Bankkontrolleur diese Panne nach einer Stunde bemerkte, wurde er blaß. Die Direktion alarmierte drei Detektivbüros, um nach der versehentlichen Millionärin zu fahnden. Die Bank hatte Glück, denn die Kundin hatte den Scheck unbesehen in die Handtasche gesteckt und gar nicht bemerkt, daß der Elektronen-Roboter ihr ein riesiges Vermögen zugeschanzt hatte. Solche Fehlleistungen der Elektronengehirne zeigten den Automation-Fanatikern deutlich, daß die Elektrobots nicht unbedingt narrensicher sind und stets der Aufsicht bedürfen. Deshalb wollen die Manager der großen Industriekonzerne auch so schnell wie möglich eine geschulte Armee technischer Hilfskräfte für die moderne »Druckknopf-Industrie« - also für Betriebe, die auf einen Knopfdruck hin anlaufen - ausbilden"
"16","0.7329800128936768","0.7329800128936768","0.9","Score: 9.0/10 - Der Text thematisiert explizit sowohl Hoffnungen als auch Ängste gegenüber der Computerisierung und Automatisierung. Er zitiert Thomas Watson, der die Befreiung des menschlichen Geistes durch Maschinen als positiven Effekt preist, und gleichzeitig Walter Reuther, der die drohende »technologische Massenarbeitslosigkeit« als existenzielle Bedrohung anspricht. Die Ängste werden durch historische Parallelen (Zerstörung von Webmaschinen, Verbot von Dampfmaschinen) unterstrichen und als tief verwurzelt in der menschlichen Geschichte dargestellt. Die Begriffe »Maschinensturm«, »technologische Massenarbeitslosigkeit« und die metaphorische Darstellung der Maschinen als »schwarzer Teufel« zeigen eine klare affektive Dimension. Damit bietet der Text zentrale Einblicke in die öffentliche Diskussion über Arbeitsplatzverlust und technologischen Wandel.","Die Revolution der Roboter","1955-07-26","https://www.spiegel.de/politik/die-revolution-der-roboter-a-3c972803-0002-0001-0000-000031970830?context=issue",". Das »Watson Computing Laboratory« in der Madison Avenue, Watsons wissenschaftliche Abteilung, ist das Geheimkabinett der »zweiten industriellen Revolution«, die von den Elektronengehirnen ausgelöst wurde. »Unsere Maschinen befreien den menschlichen Geist, indem sie ihm langweilige Routinearbeit abnehmen«, sagt Thomas Watson. »Aber diese Maschinen befreien auch Millionen gelernter Arbeitskräfte von ihren Arbeitsplätzen«, gab der aggressive Führer der amerikanischen Sammelgewerkschaft »Congress of Industrial Organizations«, Walter Philip Reuther, massiv zurück. Der nur 169 Zentimeter große Mann mit dem brandroten Haarschopf, den seine Mitarbeiter »Mister Dynamit« nennen, hat sich während der vergangenen Monate zum Verteidiger der »Manpower« - der menschlichen Arbeitskraft - gegen die Massentechnokratie der Robotergehirne aufgeschwungen. »Unser Wirtschaftssystem geht von der Theorie aus, daß man den Reichen möglichst viel geben, daß man einen ungeheuren Überfluß auf ihren Tisch laden soll, damit auch einige Brotkrumen davon für die anderen abfallen«, agitiert Reuther. »Wir wollen es anders machen. Wir wollen diesem Tisch die Beine absägen, damit auch wir hinauflangen können und nicht darauf warten müssen, bis wir die Abfälle erhaschen.« Trotz dieser klassenkämpferischen Fanfaren ist Reuther eigentlich kein »wilder Mann«. Er ähnelt in seinem Habitus eher dem Typ des gemäßigten deutschen Sozialdemokraten, jedoch mit einem gehörigen Schuß amerikanischer Dynamik und gesalbt mit den Ingredienzien einer opportunistischen Brot-und-Butter-Gewerkschaftspolitik. In seinem Landhaus bei Detroit arbeitete Reuther mehrere Programme aus, mit denen er die gefürchtete »technologische Massenarbeitslosigkeit« und einen neuen Maschinensturm als Gegenreaktion zu verhindern hofft. Seit über 200 Jahren ist die alte Haßliebe zwischen Mensch und Maschine nicht mehr so bedrohlich aufgeflammt wie in diesem Jahr. Als 1733 John Kay, ein Weber aus Lancashire, eine mechanische Vorrichtung zum Tuchweben erfunden hatte, schlugen erzürnte Arbeiter Kays Maschine in Stücke, weil sie befürchteten, die neue Erfindung werde sie ihrer Arbeitsplätze berauben. Noch hundert Jahre später war es im amerikanischen Charleston (South Carolina) strikt verboten, in der Stadt Dampfmaschinen zu betreiben, aus Angst, daß die von dem Engländer James Watt erfundene Dampfmaschine viele Baumwollarbeiter brotlos machen würde. Damals waren die Zeitgenossen des James Watt im Zweifel darüber, ob die Dampfmaschine Segen oder Fluch bedeute. Die einen priesen sie als »eisernen Engel«, die anderen verdammten sie als »schwarzen Teufel«. Als der Erfinder Rudolf Diesel seinen Verbrennungsmotor konstruiert hatte, überfiel ihn wenige Tage vor seinem selbstgewählten Tode düsterer Weltschmerz: »Es ist schön, so zu gestalten und zu erfinden"
"17","0.732564389705658","0.732564389705658","0.9","Score: 9.0/10 - Der Text thematisiert die Computerisierung explizit und bietet eine klare Darstellung sowohl von Hoffnungen als auch von Ängsten. Er zitiert die Manager von Remington-Rand, die die Befreiung vom »eintönigen Routinearbeit« und die »gesteigerte Wirtschaftlichkeit« als positive Folgen sehen. Gleichzeitig wird Norbert Wiener als kritischer Stimme vorgestellt, der die Roboter-Zukunft weniger optimistisch beurteilt. Die Erwähnung der Kybernetik, der »Elektronengehirne« und der Übernahme menschlicher Funktionen durch Maschinen zeigt eine tiefgehende Auseinandersetzung mit den Konsequenzen der Automatisierung. Die Textpassagen über die »Univac«-Automaten, die Lohnabrechnungen und Marktanalysen abwickeln, verdeutlichen konkrete Anwendungen und deren gesellschaftliche Auswirkungen. Damit liefert der Text zentrale Einblicke in die öffentliche Diskussion über technologischen Wandel und Arbeitsplatzverlust.","Die Magie der Roboter","1956-10-02","https://www.spiegel.de/politik/die-magie-der-roboter-a-180acdda-0002-0001-0000-000043064251?context=issue",". »Somit eröffnen sich im Frankfurter Rechenzentrum ungeahnte Möglichkeiten«, prophezeiten die Manager von Remington-Rand. »Frei von der eintönigen Routinearbeit, wird der Mensch zunehmend wieder Zeit für schöpferische Aufgaben haben. Diese nicht in Geld wägbaren Vorteile werden mit gesteigerter Wirtschaftlichkeit der kaufmännischen und technischen Büroarbeit Hand in Hand gehen. Es wird billiger, zuverlässiger und rascher gearbeitet.« Die mehrfarbigen Kunstdruckschriften, mit denen die »Remington Rand Corporation« die Errichtung ihres europäischen Rechenzentrums propagandistisch vorbereitete, konfrontierten Industrielle und Fachleute mit den Daten und Namen der historischen Entwicklung, die zum Bau der Rechenautomaten führte. Aber seltsamerweise nannten sie nicht den Namen des Mannes, der die Entwicklung der Elektronengehirne als Kernstück der automatischen Fabrik so entscheidend beeinflußt hat wie Einstein die Herstellung der Atombombe, und der die Roboter-Zukunft sehr viel weniger optimistisch beurteilt als die Manager von Remington-Rand. Dieser neue »Einstein« ist ein kleiner dicker, zigarrekauender Professor an der Technischen Hochschule des nordamerikanischen Bundes-Staates Massachusetts: der 61jährige amerikanische Mathematiker Norbert Wiener. Der alte Herr mit dem gnomenhaften Äußeren, dem diabolischen Kinnbart und den durch dicke Brillengläser gescheit blickenden Äugelchen, der ebenso gern über den Teufel wie über Integralgleichungen doziert und unter dem Pseudonym »W. Norbert« Kriminalromane schreibt, ist der Prophet der Roboter-Wissenschaft und der Schöpfer einer neuen Magie: der Kybernetik. Unter dieser Bezeichnung, die Wiener vom griechischen Wort für Steuermann (Kybernetes) herleitet, firmiert die Wissenschaft der automatischen Regelung und Steuerung von Vorgängen aller Art in Menschen und Maschinen. Auf der Grundlage dieser Wissenschaft, über deren exakte Definition sich die Gelehrten bis heute noch nicht einigen konnten, entstanden die modernen Elektronengehirne und Roboter, die nun die Funktion des menschlichen Gehirns übernehmen sollen, so wie die Dampfmaschine in der ersten industriellen Revolution die Muskelkraft des Menschen ersetzte. Welches Ausmaß diese Umwälzung bereits erreicht hat, lassen die Erfolgsstatistiken erkennen, mit denen die Firma Remington-Rand die europäischen Interessenten versorgte, um ihnen die Vorteile der »Univac«-Automaten vor Augen zu führen: Ein solcher Rechen-Automat hat längst die Buchführung für den größten Elektrokonzern der Welt (General Electric) übernommen und wickelt die Lohnabrechnungen für Tausende von Arbeitern in wenigen Stunden ab. Das Gerät macht Marktanalysen, berechnet die Gestehungskosten verschiedener Fabrikate und bewältigt die verwickelten Lebenserwartungsberechnungen der großen Versicherungsgesellschaften"
"18","0.7619385123252869","0.7619385123252869","0.8","Score: 8.0/10 - Der Text behandelt die Automatisierung mit klarer affektiver und evaluativer Dimension. Johannes P. H. Meyer sieht in Walter Reuther einen Vorbild für die Verteidigung der menschlichen Arbeitskraft und kritisiert die 'dummen Theorien der Gewerkschaften', die zu einem 'neuen Mittelalter' führen könnten – ein klares Zeichen für Angst vor technologischem Überbau. Georg Howald fordert eine 'aufgeschlossene Lösung' des sozialen Problems der Automation, was implizit Hoffnung auf eine menschenzentrierte Entwicklung signalisiert. Die Kritik an der Gewerkschaftsführung und die Warnung vor staatlichem Zunfttum zeigen, dass die Diskussion um Automatisierung nicht nur technisch, sondern gesellschaftlich und politisch aufgeladen ist. Die Textstelle ist daher eindeutig in der öffentlichen Diskussion verankert.","Briefe","1955-08-09","https://www.spiegel.de/politik/roboter-a-ba2ae6d6-0002-0001-0000-000031970927?context=issue",". MED. FRITZ BAUMGARTEN Das von Ihnen so gründlich studierte wichtige Zeitproblem der Automation hatte ich bereits vor einiger Zeit durch die Lektüre eines hervorragend geschriebenen Buches kennengelernt: »Die Roboter sind unter uns« von Rolf Strehl*). Vielleicht interessiert die SPIEGEL-Leser, die sich - durch Ihren Aufsatz angeregt - noch eingehender mit dem Thema der Automation auseinandersetzen wollen, dieser und folgender Hinweis: Wie ich vor einigen Tagen erfahren habe, ist das von Ihnen erwähnte Buch des Roboter-Professors Wiener »The Human Use of Human Beings« jetzt unter dem Titel »Mensch und Menschmaschine« in deutscher Sprache erschienen**). Hannover DR.-ING. H. NIEBYLL Merke: Die »Druckknopf-Fabrik« stellt ausschließlich her Druckknöpfe. Aber: Die »Knopfdruck-Fabrik« braucht keine denkenden Köpfe. Boostedt HERBERT SCHIWEK *) Rolf Strehl: »Die Roboter sind unter uns«, Gerhard Stalling Verlag, Oldenburg (Oldbg.), 50 Abbildungen, 320 Seiten, 12,80 Mark. **) Norbert Wiener: »Mensch und Menschmaschine«, Alfred Metzner Verlag, Frankfurt (M), 212 Seiten, 12,50 Mark. Ihr sehr interessanter Artikel über Walter Reuther und die automation zeigt, wie jetzt auch in den bisher noch einigermaßen freien Demokratien die Gewerkschaftsführung leider immer mehr in die Staatsführung eingreift; daß wirklich freies Unternehmertum und freies Arbeitertum immer mehr unterdrückt werden und wir mit Riesenschritten einem neuen staatlichen Zunfttum mit allen seinen Freiheitsbeschränkungen, wie Ausschaltung der Anwendung neuer Erfindungen, Ausschaltung persönlicher Unternehmerinitiative usw., entgegengehen. Die dummen Theorien der Gewerkschaften werden uns, wenn ihnen nicht Einhalt geboten werden kann, sehr bald in ein neues Mittelalter ... zurückwerfen. Hamburg JOHANNES P. H. MEYER Das geschickte Eintreten Reuthers für die menschliche Arbeitskraft gegen das drohende Gespenst der Vollautomatisierung sollte den europäischen Gewerkschaftsführern Vorbild und Ansporn sein. Hier ist ihr Aufgabenbereich. Darauf sollten sie ihre ganze Kraft konzentrieren, nicht um als Maschinenstürmer tätig zu werden, sondern um mit aufgeschlossenem Geist dieses gewaltigste soziale Problem der Gegenwart und Zukunft lösen zu helfen. Düsseldorf GEORG HOWALD"
"19","0.7575864195823669","0.7575864195823669","0.8","Score: 8.0/10 - Der Text thematisiert die Automatisierung in der westdeutschen Industrie, insbesondere durch die modernen Walzstraßen der Mannesmann AG. Otto Thieme betont, dass diese Maschinen den menschlichen Geist 'befreien' und langweilige Routinearbeit abnehmen – ein klarer Ausdruck von Hoffnung auf Entlastung durch Technologie. Die Beschreibung des Steuerpults mit Knöpfen und Hebeln und die Darstellung des Films 'Vom nahtlosen Rohr' zeigen eine positive, technikbegeisterte Haltung. Gleichzeitig wird der Weg zur Automation als langsam und stufenweise beschrieben, was implizit die Angst vor einem plötzlichen, chaotischen Wandel mildert. Die Textstelle ist daher eindeutig in der öffentlichen Diskussion über technologischen Wandel verankert und zeigt eine ambivalente, aber erkennbare Haltung.","Briefe","1955-09-20","https://www.spiegel.de/politik/roboter-a-7ea99add-0002-0001-0000-000031971222?context=issue","(Nr. 31/1955, Industrie, und Nr. 33/1955, Briefe) Ihre Darstellung in »Automation - Die Revolution der Roboter« könnte den Eindruck erwecken, als seien die Elektronenroboter über Nacht in die amerikanischen Fabriken eingebrochen und hätten dort kurzerhand ihre Automation-Revolution gemacht. Zu leicht wird vergessen, daß der Weg zum elektronisch gesteuerten Fließband über viele Vorstufen der Produktionsrationalisierung führte. Nicht wenige dieser Stationen hat auch die deutsche Industrie längst hinter sich gebracht. Man sehe sich nur eine der meist ebenfalls elektronisch gesteuerten, kontinuierlichen Walzstraßen an, die inzwischen von zahlreichen westdeutschen Firmen aufgestellt wurden. Sehr anschaulich zeigt ein farbiger Werkfilm der Mannesmann AG, Düsseldorf, den ich kürzlich sah, wie diese modernen Maschinen ganz im Sinne Ihres Watson-Zitates »den menschlichen Geist befreien, indem sie ihm langweilige Routinearbeit abnehmen«. - Wenige Arbeiter stehen an den schweren Gerüsten. Gelassen überwachen sie, wie die glühenden Stahlblöcke von den Schrägwalzen erfaßt werden, durch das geschickte Zusammenwirken von Druck und schraubender Bewegung in der Längsachse zum Rohr aufbrechen und schließlich glatt gewalzt werden. Regiert wird der komplizierte Mechanismus moderner Walzstraßen von einem einzigen Mann am Steuerpult, einer Art Kommandobrücke voller Knöpfe und Hebel. Der Mannesmann-Film »Vom nahtlosen Rohr« verdeutlicht eindrucksvoll, daß unsere Industrie auf dem Wege zur Automation nicht allzu weit hinter dem Berge ist, und erfüllt seine Aufgabe, die oft komplizierten Vorgänge auch dem Laien verständlich darzubieten, in hervorragendem Maße. Bonn OTTO THIEME"
"20","0.750671774148941","0.750671774148941","0.8","Score: 8.0/10 - Der Text thematisiert explizit die Angst vor einem Rückstand in der technologischen Entwicklung und die Hoffnung auf eine zukunftsfähige Wirtschaft durch die Förderung von technischen und wissenschaftlichen Talente. Die Warnung, dass Deutschland im Vergleich zu den USA, der Sowjetunion und England auf den vierten Platz zurückgefallen sei, und die Angabe, dass 40.000 Ingenieure fehlen, verdeutlichen eine gesellschaftliche Sorge um die Zukunft der Arbeit und die wirtschaftliche Wettbewerbsfähigkeit. Die Forderung nach einem Nachschub von 18.500 Ingenieuren jährlich und die Kritik an der unzureichenden Ausbildungspolitik zeigen eine klare Hoffnung auf technologische Modernisierung und Rationalisierung. Die metaphorische Aussage über den Bauern, der keine neue Ernte erwartet, wenn er Saatgut nicht verarbeitet, verweist auf die Notwendigkeit der technologischen Weiterentwicklung und die Angst vor wirtschaftlichem Niedergang – ein zentrales Thema der öffentlichen Diskussion über Automatisierung und Arbeitsplatzverlust.","Talentsucher unterwegs","1957-01-22","https://www.spiegel.de/wirtschaft/talentsucher-unterwegs-a-eb0f8c1d-0002-0001-0000-000041121040?context=issue","In der nächsten Zeit werden zahlreiche westdeutsche Industrielle von einem mittelgroßen weißhaarigen Herrn besucht werden, dem Dr. Reinhold Schairer, 69, der vor kurzem die Leitung des neugegründeten »Deutschen Instituts für Talentstudien«, Köln, übernommen hat. Das neue Institut, dem prominente Wirtschaftsführer, bekannte Firmen sowie die Bundesregierung und die Landesregierung von Nordrhein-Westfalen ihre Unterstützung zugesagt haben, hat sich eine Aufgabe gestellt, die in der Geschichte Deutschlands bisher ohne Beispiel ist: - die Aufspürung und Förderung aller technischen und wissenschaftlichen Talente. Dazu sagt Schairer: »Ein Bauer, der sein Saatgetreide auf dem Speicher beläßt, auf dem Markt verkauft oder es in Brot umwandelt, darf nicht auf neue Ernte hoffen. Er mag heute noch so wohlhabend sein: morgen ist er am Ende.« Dasselbe gelte in abgewandelter Form für die gegenwärtige Situation der Bundesrepublik. Während Deutschland im 19. Jahrhundert das klassische Ausbildungsland für eigene und für ausländische technische und wissenschaftliche Talente war, ist es heute auf den vierten Platz hinter der Sowjetunion, den USA und England zurückgefallen; und während in der ganzen Welt der Bedarf an Technikern und Ingenieuren enorm anstieg, versäumte man in Deutschland, dieser Entwicklung durch den Bau entsprechender Ausbildungsstätten Rechnung zu tragen. Hunderttausende begabter junger Deutscher können heute nicht studieren, weil alle Studienplätze auf Jahre hinaus belegt sind. Wie groß der Fehlbedarf an Ingenieuren in der Bundesrepublik ist, geht aus einer mit wissenschaftlicher Akribie angefertigten Studie hervor, die das Referat für technischen Nachwuchs der Siemens -Schuckertwerke AG Berlin/Erlangen kürzlich zahlreichen westdeutschen Industriellen und Politikern zustellte. Danach fehlen heute allein für technische Aufgaben in der Bundesrepublik mindestens 40 000 Ingenieure. Außerdem werden Tausende deutscher Ingenieure für Auslandsposten gesucht, denn viele Auftraggeber in den unterentwickelten Ländern knüpfen an die Bestellung neuer Fabrikationsanlagen die Bedingung, daß ihnen die westdeutschen Maschinenfabriken mit den Maschinen gleichzeitig Betriebsleiter und Instrukteure zur Verfügung stellen. Die meisten westdeutschen Firmen müssen solche Wünsche zurückweisen, wobei nicht immer diplomatisch klug verfahren wird. So klagte zum Beispiel kürzlich der bundesdeutsche Gesandte in Rangun dem Bonner Außenamt, daß die Demag in Duisburg die Bereitstellung von Ingenieuren für Burma mit dem Bemerken abgelehnt habe: »Wir liefern Maschinen, aber wir sind kein Arbeitsamt.« Um allen Anforderungen gerecht zu werden, benötigt die Bundesrepublik einen Nachschub von jährlich mindestens 18 500 Hoch- und Fachschulingenieuren. »Da die Schulen jedoch zur Zeit einen jährlichen Abgang von nur 13 500 Absolventen zu verzeichnen haben, muß der Mangel an Ingenieuren von Jahr zu Jahr größer werden«, stellt die Erlanger Studie fest"
"21","0.7450398802757263","0.7450398802757263","0.8","Score: 8.0/10 - Der Text beschreibt einen konkreten Konflikt in einem westdeutschen Betrieb, der durch Rationalisierungspläne ausgelöst wurde. Die Arbeiter reagieren mit Wut und Protest, weil sie befürchten, dass die Rationalisierung zu Entlassungen, vor allem älterer Arbeiter, führen könnte. Die Aussage, dass 'das Zweieinhalbfache der bisherigen Leistung von der Belegschaft verlangt werden könnte', zeigt eine klare Angst vor Arbeitsplatzverlust und Überforderung durch technische Verbesserungen. Die Besetzung der Büroräume und der Galgen mit dem Schild 'Hier wird rationalisiert' ist eine starke symbolische Darstellung der Angst vor technologischem Wandel. Obwohl 'Computerisierung' nicht explizit genannt wird, ist der Begriff 'Rationalisierung' im Kontext der 1950er Jahre eng mit Automatisierung und Maschinen verbunden. Die emotionale Reaktion der Arbeiter zeigt eine deutliche, implizite Angst vor technologischem Wandel und seiner sozialen Konsequenzen.","Rationalisierer raus","1956-08-07","https://www.spiegel.de/wirtschaft/rationalisierer-raus-a-eba59871-0002-0001-0000-000043063644?context=issue","Es war am Montag vergangener Woche, eine Stunde bevor im Präzisionskettenwerk Steinmann & Co. GmbH in Hagen (Westfalen) - einer Tochtergesellschaft der Stahlwerke Röchling-Buderus AG Wetzlar - die Frühschicht ablief. Die Maschinen surrten auf vollen Touren, als plötzlich ein 23jähriger Schlosser auf den Knopf der Fabriksirene im ersten Stock des Hauptgebäudes drückte. Das Sirenengeheul war das Signal für den Beginn eines ungewöhnlichen Machtkampfes zwischen Belegschaft und Direktion des Betriebes. In wenigen Minuten standen alle Maschinen still, und rund 150 Arbeiter und Arbeiterinnen, die gesamte Belegschaft des Betriebes einschließlich der soeben angekommenen Arbeiter der Spätschicht, versammelten sich im Männer-Waschraum. Kurz darauf stürmten die Arbeiter über den Hof zu den Büroräumen und besetzten Flur und Treppenhaus. Sie hatten es auf die beratenden Ingenieure Ludwig Wever, 62, und Helmut Gentner, 54, abgesehen, die von der Direktion des Kettenwerkes beauftragt worden waren, Verbesserungsvorschläge für den Produktionsablauf auszuarbeiten. Die Direktion hatte die Fachleute, die sich seit Jahrzehnten als Industrieberater betätigen, in den Betrieb berufen, weil die Vorjahresbilanz der Firma - vorwiegend wegen der Absatzstockungen in der Zweirad-Industrie, für die das Hagener Werk Antriebsketten herstellt - mit 206 000 Mark Verlust abschloß. Wever und Gentner sollten nun den Sand im Getriebe der Fabrik auskehren und dazu beitragen, die Betriebskosten zu senken. Als die Ingenieure den Betrieb systematisch überprüften und nach Leerlaufstellen suchten, wurden die Arbeiter mißtrauisch. Sie glaubten oft, klüger als die Ingenieure zu sein und kritisierten deren Vorschläge, sobald sie davon erfuhren. Schließlich stellten sie in der Rollenpresserei einen Galgen auf, an dem ein Schild baumelte: »Hier wird rationalisiert.« Die feindselige Haltung gegen die Rationalisierer verschärfte sich noch, als das Gerücht im Betrieb verbreitet wurde, Ingenieur Wever habe verlauten lassen: Wenn die älteren Leute der Belegschaft durch junge Kräfte ersetzt würden, könnte bei gleichbleibendem Maschinenpark das Zweieinhalbfache der bisherigen Leistung von der Belegschaft verlangt werden. Zwei Tage später - am Montag vergangener Woche - beunruhigte eine weitere Alarmnachricht die Belegschaft: Direktor Carl Theodor Niggemann, 57, der den Hagener Betrieb kommissarisch leitet, hatte dem Betriebsrat seinen Plan mitgeteilt, demnächst Kurzarbeit einzuführen. Beides - das Gerücht von der möglichen Entlassung der älteren Arbeiter und die Ankündigung der Kurzarbeit, die der Belegschaft eine Folge der Rationalisierungsbestrebungen zu sein schien - führten zu einer Kurzschlußreaktion. In den Köpfen der Arbeiter trommelte die helle Wut; es biß sich der Gedanke fest: »Die Rationalisierer müssen raus!« Als die Ingenieure Wever und Gentner mittags in ihrem Büro mit zwei Angestellten der Firma Preiskalkulationen im Rahmen der Rationalisierungsvorschläge anstellten, gellte die Sirene"
"22","0.7402583956718445","0.7402583956718445","0.8","Score: 8.0/10 - Der Text thematisiert direkt die Forderung nach kürzeren Arbeitszeiten und deren wirtschaftliche Auswirkungen. Die Angst der Arbeitgeber vor einer weiteren Verkürzung der Arbeitszeit, die die Wettbewerbsfähigkeit der westdeutschen Industrie gefährden könnte, zeigt eine klare gesellschaftliche Angst vor dem Verlust von Produktivität durch technologischen und sozialen Wandel. Die Befürchtung, dass längere Lieferzeiten und verlorene Arbeitsstunden die Exportfähigkeit beeinträchtigen, spiegelt die Angst vor der Konkurrenz durch andere Länder wider. Gleichzeitig wird die Hoffnung auf eine bessere Lebensqualität durch kürzere Arbeitszeiten und mehr Freizeit deutlich. Die Diskussion um die 'Arbeitslust' und die Abneigung gegen Überstunden zeigt, wie sich die öffentliche Wahrnehmung der Arbeit verändert – ein zentraler Aspekt der Forschungsfrage.","Das Schönste sind die Ferien","1959-12-22","https://www.spiegel.de/wirtschaft/das-schoenste-sind-die-ferien-a-e852d478-0002-0001-0000-000032333117?context=issue","Mit einer Anzeigen- und Film-Kampagne versuchen Westdeutschlands Arbeitgeber einer Gefahr zu begegnen, die für ihr geschäftliches Kalkül im Jahre 1960 ebenso bedrohlich ist wie die angemeldeten Lohnerhöhungen der 5,2 Millionen Arbeitnehmer der Gewerkschaften Öffentliche Dienste, Transport und Verkehr, der Bahn, der Post und des Baugewerbes. Für mindestens ebenso viele Millionen nämlich erstreben die Gewerkschaften im nächsten Jahr noch kürzere Wochenarbeitszeiten. Allein in der Metall-, Stahl- und Bauindustrie sowie bei Chemie, Bundesbahn und Post enden 1960 die Abkommen über Arbeitszeiten für rund acht Millionen Beschäftigte. Der Vorsitzende des Deutschen Gewerkschaftsbundes, Willi Richter, hat auf dem letzten DGB-Jahrestag angekündigt, die Gewerkschaft werde für diese Arbeitnehmer nicht nur den Kampf um höhere Löhne, sondern auch um kürzere Arbeitszeiten unvermindert fortsetzen. Für alle 16 Fachgewerkschaften der Dachorganisation sei die Fünf-Tage-Woche mit freiem Samstag »das nächste Ziel«. DGB-Slogan: »40 Stunden sind genug!« Im Sommer 1956 war die Vorausabteilung des DGB, die Industriegewerkschaft Metall, erstmalig vorgestoßen und hatte für 2,2 Millionen Metallarbeiter eine Verkürzung ihrer wöchentlichen Arbeitszeit von 48 auf 45 Stunden erzwungen. Fast alle anderen Gewerkschaften zogen nach. Heute arbeiten in der Bundesrepublik 8,4 Millionen Arbeitnehmer nur noch 45 Stunden und weitere 3,6 Millionen sogar nur 44 bis 41 Stunden in der Woche. Rund 75 Prozent aller Arbeitnehmer der westdeutschen Wirtschaft gehen samstags nicht mehr in ihre Werkstätten oder Büros. Westdeutschlands Arbeitgeber, an ihrer Spitze Verbandspräsident Dr. Hans-Constantin Paulssen, wollen deshalb für die Industrie eine Verschnaufpause. Ihrer Ansicht nach kann die Arbeitszeit nicht weiter Verkürzt werden, ohne daß die westdeutsche Volkswirtschaft ernstlich gefährdet wird. Einmal bedeutet jede verlorene, aber bezahlte Arbeitsstunde eine Kostenerhöhung. Zum anderen steigen die Auftragseingänge sehr viel schneller als die Auslieferungen. Die Lieferfristen der westdeutschen Industrie ziehen sich demnach so in die Länge, daß ausländische Kunden ihre Aufträge vielfach in andere Länder vergeben, die schneller liefern können. In der Tat ist die Zahl der in Westdeutschland tatsächlich abgeleisteten - also nicht der dank Lohnfortzahlung im Krankheitsfall oder sonstiger Vergünstigungen bezahlten - Arbeitsstunden während der vergangenen Jahre immer mehr abgesunken. Unter Berücksichtigung der Tatsache, daß jeder Arbeiter der Industrie pro Jahr durchschnittlich 15 Tage Urlaub bekommt und überdies durchschnittlich 19 Tage wegen Krankheit fehlte, wird In der Bundesrepublik heute durchschnittlich nur noch 41,5 Stunden gegenüber 48 Durchschnittsstunden im Jahre 1950 wöchentlich gearbeitet. Schon Bundeswirtschaftsminister Erhard hatte vor kurzem über die mangelnde Arbeitslust in Westdeutschland, insbesondere über die wachsende Abneigung gegen Überstunden geklagt"
"23","0.7390697598457336","0.7390697598457336","0.8","Score: 8.0/10 - Der Text thematisiert die Rationalisierung in Berlin als Ursache für Arbeitslosigkeit, obwohl sie die Produktivität steigert. Die Aussage, dass die Rationalisierung eine 'weitere Freisetzung von Arbeitern' brachte, zeigt eine klare gesellschaftliche Angst vor Arbeitsplatzverlust durch technologischen Wandel. Die Befürchtung, dass die Modernisierung durch ERP-Kredite nicht zu mehr Arbeit, sondern zu mehr Arbeitslosigkeit führt, ist zentral. Gleichzeitig wird die Hoffnung auf einen besseren Absatzmarkt und eine Verbesserung der wirtschaftlichen Lage deutlich. Die Diskussion über die Verknappung von Rohstoffen und die Abhängigkeit von westdeutschen Aufträgen zeigt, wie die öffentliche Wahrnehmung der Zukunft der Arbeit mit der industriellen Entwicklung verknüpft ist.","Schöne Grüße","1950-10-10","https://www.spiegel.de/wirtschaft/schoene-gruesse-a-a3ff75c0-0002-0001-0000-000044450786?context=issue",". Pessimistischer registrieren am Funkturm die Berliner Ausstellerfirmen in drei Gruppen: die pleitegegangenen Firmen, die gerade noch um die Pleite herumgekommenen, und diejenigen, deren Hauptbetriebe jetzt in Westdeutschland liegen. Berlin hat von der Weltkonjunktur, in die sich Westdeutschland eifrig eingeschaltet hat, nur wenig gespürt. Berlin sieht immer nur die Kehrseite. Und das ist diesmal die Verknappung der Rohstoffe. Die Ausstellungsstücke der tausend Westberliner Firmen sind im Gegensatz zum Ausstellungsgut der 400 westdeutschen zum Teil tatsächlich nur Ausstellungsstücke. Denn Westberlin fabriziert erst nach Auftragserteilung: Lagerfabrikation ist für die aufs äußerste kalkulierende Wirtschaft zu kostspielig. Die Kurzarbeiter können ein Lied davon singen. ERP-Investitionskredite sind die zweite Strophe des Klagegesanges der Berliner Arbeitslosen. Die Kredite sollten ihnen Arbeit bringen. Doch zunächst ist die Berliner Industrie mit den Geldern erst einmal modernisiert und rationalisiert worden. Das Berliner Produktionsvolumen hat sich in den letzten sieben Monaten verdoppelt. Die Rationalisierung aber brachte eine weitere Freisetzung von Arbeitern. Also mehr Arbeitslose statt weniger. Arbeit gibt es erst bei erweitertem Absatz. Der aber fehlt den leistungsfähigen Firmen noch. Von den 2,1 Millionen Einwohnern Westberlins verdienen nur 877000, denen 806000 Personen gegenüberstehen, die aus öffentlichen Mitteln leben müssen. D. h., daß von 2,1 Millionen Menschen 40 Prozent als Unterstützungs- und Rentenempfänger eine durchschnittliche Monatseinnahme von höchstens 50 bis 70 DM haben. Nur regelmäßige und große Aufträge aus dem Westen könnten diese Bilanz verbessern. »Wir suchen nicht nur den Berliner, sondern auch den ostdeutschen oder den osteuropäischen Absatzmarkt«, sagen ehrliche Industrieschausteller am Messegelände unter dem Funkturm. Das ist ein Hauptgrund, warum viele Westdeutsche überhaupt nach Berlin gekommen sind. Denn hier sitzen sämtliche Handelszentralen der Ostzone. Und sämtliche Handelsmissionen der Ostblockstaaten. Missionen, die es bis jetzt aus politischen Gründen nicht immer gewagt haben, nach dem Westen zu gehen, um sich über die Produktionsverhältnisse zu orientieren. Diesmal aber stehen für sie die Musterkollektionen westlicher Qualitätsarbeit auf dem Präsentierteller. Während sich über die Köpfe der Berliner hinweg west-östliche Großgeschäfte anbahnen, zieht der Osten den Westberliner Kleinfirmen immer mehr Boden unter den Füßen weg. Seit einem Monat haben die ostdeutschen HO-Läden wieder die Lebensmittelpreise gesenkt. Kostet in Westberlin das Brot mindestens 50 bis 52 Westpfennig, kostet es in der HO 1,05 Ostmark. Das sind nach der augenblicklichen Kursrelation 21 Westpfennig"
"24","0.7385214567184448","0.7385214567184448","0.8","Score: 8.0/10 - Der Text thematisiert die Entwicklung von Büromaschinen und schließt explizit die Vorstellung von elektronisch gesteuerten Autotypisten oder 'Elektronengehirnen' aus, die Dutzende von Schemabriefen speichern könnten. Die Kritik an der Übertreibung der Leistungsfähigkeit solcher Geräte (z. B. die Behauptung, sie könnten die Arbeit von zehn Stenotypistinnen ersetzen) zeigt eine skeptische Haltung gegenüber der Automatisierung. Die Bemerkung, dass die Kapazität der Schreibmaschine die Geschwindigkeitsgrenze bestimmt, impliziert eine Einschränkung der tatsächlichen Effizienzsteigerung durch Technologie. Dies spiegelt eine zeitgenössische Ängstlichkeit wider, dass die technologische Entwicklung übertrieben dargestellt wird, während die praktischen Grenzen der Automatisierung unterschätzt werden. Die Diskussion ist nicht rein technisch, sondern enthält eine kritische, affektiv geprägte Bewertung der technologischen Hoffnungen.","Briefe","1958-01-28","https://www.spiegel.de/politik/grundig-rueckblick-a-9fc2c97b-0002-0001-0000-000041760546?context=issue",". Hartmann sowie mir - wurde der Stichtag der Währungsreform erst unmittelbar vor der Verkündung, die am 18. Juni 1948 erfolgte, bekanntgegeben. Zehn Tage vorher konnte daher niemand diesen Tag kennen und also auch nicht bekanntgeben. Die Teilnehmer an den damaligen Verhandlungen wissen im übrigen, daß auch die Entscheidung der Militärgouverneure wegen bestimmter unter ihnen bestehender Meinungsverschiedenheiten erst unmittelbar vor der Verkündung am 18. Juni 1948 getroffen wurde. Bad Godesberg DR. JUR. H. C. FRANZ BLÜCHER Bundesminister a.D. Diesem düsteren Sittengemälde eines Kondottiere der Wirtschaft hätte der SPIEGEL doch gut und gern einige versöhnende Schlaglichter aufsetzen können. Auch über die Audienz in Rom hätte lieber der Mantel der christlichen Nächstenliebe gebreitet werden sollen. Denn das ist ja nur wieder Wasser auf die Mühlen der Pantheisten, Atheisten und konfessionslosen Zeitgenossen. Seit wann wird ein geschiedener Mann, der dazu noch in zweiter Ehe in einer Mischehe lebt in Privataudienz vom Papst empfangen? Der Vatikan würde sich doch selbst desavouieren, wenn er so etwas gestattet. Oder aber es müssen schon sehr, sehr »schwerwiegende« Gründe vorliegen, wenn er trotzdem, wie dem Herrn Grundig, eine Privataudienz gestattet - gerade jetzt, wo wieder von den Kanzeln beider Konfessionen in Hirtenbriefen und kirchenamtlichen Verlautbarungen gegen die Mischehen gewettert wird. Burghausen (Salzach) V. SDROWOK Ihre Kenntnis von der Entwicklung der Büromaschinen in allen Ehren, aber elektronisch gesteuerte Autotypisten oder Elektronengehirne, die für dieses Gerät Dutzende von Schemabriefen speichern, gibt es nicht. Auch die Leistungsfähigkeit muß bescheidener bewertet werden. Der genannte Schreibautomat schafft - genauso wie die anderen Geräte dieser Art, zum Beispiel der Robotyper - die Arbeit von vier und nicht von zehn Stenotypistinnen, weil die Kapazität der benutzten Schreibmaschine die Geschwindigkeitsgrenze bestimmt. Frankfurt REINHARD ANDERS Geschäftsführer der Gesellschaft für Automation Es ist das besondere Verdienst des SPIEGEL, daß er einige unserer »Wirtschaftswunderkinder« fast röntgenartig durchleuchtet. Dabei wird viel wirtschaftliche und soziale Romantik, die um die »neuen Größen« gesponnen wurde, abgebaut. Sichtbar bleiben die Catcher-Naturen und Steuer-Jongleure der »sozialen« Marktwirtschaft, denen Orden und Segenswünsche im reichen Maße sicher sind, weil Reichtum schlechthin überall imponiert. Fürth MAX SEIDEL SPD-MdB"
"25","0.7355056703090668","0.7355056703090668","0.8","Score: 8.0/10 - Der Text beschreibt einen Konflikt in einer deutschen Fabrik, bei dem Arbeiter gegen Rationalisierungsmaßnahmen protestieren. Die Aussage »Die Rationalisierer müssen raus!« zeigt klare Ängste vor Arbeitsplatzverlust durch technologischen Wandel. Die Gewaltandrohungen und das Spießrutenlaufen der Ingenieure verdeutlichen die emotionale Spannung und die Angst vor Verlust der Arbeitsstelle. Obwohl der Begriff »Computerisierung« nicht explizit genannt wird, ist die Rationalisierung ein zentraler Bestandteil der Automatisierung. Die Textpassagen enthalten eine starke affektive Dimension und zeigen, wie die Belegschaft die technologische Entwicklung als Bedrohung wahrnimmt. Der Kontext der 1950er Jahre und die gesellschaftliche Diskussion über die Zukunft der Arbeit sind deutlich erkennbar.","Rationalisierer raus","1956-08-07","https://www.spiegel.de/wirtschaft/rationalisierer-raus-a-eba59871-0002-0001-0000-000043063644?context=issue",". In den Köpfen der Arbeiter trommelte die helle Wut; es biß sich der Gedanke fest: »Die Rationalisierer müssen raus!« Als die Ingenieure Wever und Gentner mittags in ihrem Büro mit zwei Angestellten der Firma Preiskalkulationen im Rahmen der Rationalisierungsvorschläge anstellten, gellte die Sirene. Was dann geschah, stellte Ingenieur Wever so dar: »Ein Arbeiter riß die Tür auf, forderte die beiden Betriebsangestellten auf, das Büro zu verlassen und fragte schroff: 'Wie lange wollen Sie Ihr Unwesen hier noch treiben?' Vierzig bis fünfzig Personen standen drohend vor der Tür. Sie waren wie die Wilden.« Die Anführer ließen sich mit den Ingenieuren nicht auf eine Diskussion ein, sondern drohten: »Wenn Sie nicht räumen schmeißen wir Sie raus - Tür oder Fenster, Sie können wählen!« Ein Arbeiter stellte sich ans Fensterbrett. Als die beiden Ingenieure erklärten, nur der Direktor des Betriebes habe ihnen Weisungen zu erteilen, wurden die Arbeiter rabiat. Sie rückten den Schreibtisch beiseite, zogen dem Ingenieur Gentner den Stuhl - weg und drängten beide Rationalisierungsfachleute aus dem Zimmer. Mit Mühe und Not bahnten sie sich ihren Weg zum Direktor Niggemann ins erste Stockwerk. Vergeblich rief Niggemann nach dem Betriebsrat, dessen Vorsitzender Borghoff später behauptete: »Wir wußten von diesem Vorgehen der Belegschaft nichts. Um zwei Uhr hatten wir eine Sitzung wegen der Kurzarbeit.« Die Arbeiter beruhigten sich auch nicht, als Direktor Niggemann mit der Polizei drohte. Gegen 16 Uhr hatten sie ihr Ziel erreicht: Unter dem Gejohle der spalierbildenden Belegschaft mußten die beiden Rationalisierer und Direktor Niggemann eine Art Spießrutenlaufen bestehen, ehe sie vom Büro auf die Straße gelangten. Dann retteten sie sich in einen bereitstehenden Volkswagen und fuhren davon. Am nächsten Morgen stellte der Direktor der Muttergesellschaft in Wetzlar, Arthur Vogel, dem Betriebsrat ein Ultimatum: Entweder gebe der Betriebsrat bis Dienstag nachmittag 17 Uhr über Fernschreiber die Zusage durch, daß die Rationalisierungsleute ungestört weiterarbeiten dürfen oder der Betrieb werde binnen vier Wochen stillgelegt. Angesichts dieser Drohung stimmten die Arbeiter in einer Betriebsversammlung lieber für die erste Alternative: weiter rationalisieren. Der Betriebsrat verlangte jedoch von der Direktion, daß er gemäß § 67 des Betriebsverfassungsgesetzes von den Verbesserungsabsichten laufend unterrichtet werde. Die Betriebsleitung zeigte sich versöhnlich; sie war auch bereit, die Frage der Kurzarbeit noch eine Weile zurückzustellen, aber dennoch ruhen bei Steinmann & Co. zur Zeit alle Bemühungen um den Fortgang der Rationalisierung. Die Fachleute Wever und Gentner, denen noch der Schock in den Gliedern steckt, streiken"
"26","0.7509965598583221","0.7509965598583221","0.7","Score: 7.0/10 - Der Text thematisiert indirekt Ängste vor technologischem und gesellschaftlichem Wandel durch die Kritik an der ideologischen Verkalkung von Gewerkschaften und SPD, die als Hindernis für eine moderne, effiziente Wirtschaftspolitik wahrgenommen werden. Die Kritik an der 'marxistischen Terminologie' und der 'Selbstisolierung' der Gewerkschaften deutet auf eine gesellschaftliche Angst vor ideologischer Blockade und Widerstand gegen wirtschaftliche Modernisierung hin. Die Erwähnung der Mitbestimmung als 'Ladenhüter' und die Ablehnung der Verstaatlichung als 'Makulatur' zeigen eine affektive Dimension, die sich auf die öffentliche Diskussion über die Zukunft der Arbeit bezieht. Obwohl keine direkte Rede von Computerisierung oder Automatisierung erfolgt, spiegelt die Kritik an der Widerstandsfähigkeit der Gewerkschaften gegenüber wirtschaftlicher Rationalisierung und technologischem Fortschritt zeitgenössische Ängste vor strukturellen Veränderungen in der Arbeitswelt wider.","Die Feind-Psychose","1959-05-19","https://www.spiegel.de/politik/die-feind-psychose-a-3593a9ef-0002-0001-0000-000042625414?context=issue",". Lediglich mit zwei Programmpunkten drangen sie - zumindest teilweise - durch, nämlich mit der - Mitbestimmung, die 1951 für die Kohle - und Stahlindustrie Gesetz wurde, und der - Lohnfortzahlung für erkrankte Arbeiter, die 1957 mittels des 114tägigen Streiks der schleswig-holsteinischen Metallarbeiter dem Bundestag abgepreßt wurde. Hingegen blieb die Sozialisierung der westdeutschen Grundstoffindustrien ebenso, bloße Makulatur wie die Mitbestimmung in allen Zweigen der westdeutschen Wirtschaft oder das Gesetz gegen die Konzentration wirtschaftlicher Macht. Die Gewerkschaften erklären diese Unterbilanz recht simpel mit einem Erstarken der fortschrittsteindlichen Kräfte in der Bundesrepublik. Der billige Kampfruf »Die Reaktion ist im Vormarsch!« hat dem DGB bisher zur Motivierung seiner Erfolglosigkeit genügt. Autor Stolz jedoch, der die Wirksamkeit des Konservativismus in Westdeutschland keineswegs unterschätzt, läßt die einfältige Prügelknaben-Methode des DGB nicht gelten. Seine Erklärung für die Mißerfolge des DGB dürfte den Funktionären sehr viel unbequemer sein: Nach Otto Stolz befinden sich die Gewerkschaften in »Abhängigkeit von marxistischen Zielvorstellungen und marxistischer Terminologie«. Die Weiche wurde schon mit dem Grundsatzprogramm des DGB von 1949 gestellt, dessen »Beurteilung der 'bürgerlich-parlamentarischen' Gesellschaftsordnung ... sich in nichts von der (unterscheidet), die sie durch die Kommunisten erfährt«. Stolz weist auf die Gleichheit dieser ideologischen Verkalkung bei SPD und Gewerkschaften hin. Auch die Sozialdemokraten halten in »selbstmörderischer Treue« an Karl Marx fest. Sie machen es dadurch ihren Gegnern leicht, »das Mißtrauen breiter Schichten gegen die letzten Ziele der SPD wachzuhalten. So geraten selbst Sachforderungen in den Verdacht, nicht um ihrer selbst willen erhoben worden zu sein, sondern wegen ihrer Eignung als vorbereitender Schritt zum Sozialismus«. In gleicher Weise hätten sich die Gewerkschaften durch ihre »Analyse unserer Gesellschaft und die Forderung zu ihrer Neuordnung in Gegensatz zu breiten Schichten unseres Volkes gebracht und sich außerdem ihre eigentliche Aufgabe erschwert«. Aktionen wie der inzwischen berüchtigte Aufruf des Jahres 1953 »Wählt einen besseren Bundestag!«, die gewerkschaftsoffizielle Verdammung der westdeutschen Wiederbewaffnung und die Teilnahme an der Kampagne »Kampf dem Atomtod« gelten Stolz ebenso als eklatante Beispiele für die Selbstisolierung der Gewerkschaffen wie das Anpreisen der gesellschaftspolitischen Ladenhüter Verstaatlichung und Mitbestimmung. Gewerkschaften und SPD, so sagt Stolz, sind für die Öffentlichkeit zu Synonymen geworden; man kann deshalb in Bonn den DGB kurzerhand zur Opposition zählen und seine Forderungen als Resultate oppositioneller Taktik - die in erster Linie der SPD dienen soll - zu den Akten legen. Es scheint, daß solche Erwägungen auch bei den beitragszahlenden Gewerkschaftlern angestellt werden"
"27","0.7481286227703094","0.7481286227703094","0.7","Score: 7.0/10 - Der Text thematisiert die Angst vor einem Ende des Wirtschaftsaufschwungs und die Sorge um die Folgen der Rationalisierung. Die Erwähnung der Kürzung der Arbeitszeit, der stagnierenden Investitionsneigung und der steigenden Preise zeigt eine gesellschaftliche Angst vor wirtschaftlichen Folgen technologischer Rationalisierung. Die Befürchtung, dass der Spielraum für wirtschaftliches Wachstum durch die Rationalisierung verengt wird, deutet auf eine Ängstlichkeit gegenüber der Automatisierung und ihrer Auswirkungen auf die Beschäftigung. Die Kritik an der Wirtschaftspolitik und der Preissteigerung zeigt eine affektive Dimension, die sich auf die Zukunft der Arbeit bezieht. Obwohl keine direkte Rede von Computern erfolgt, ist die Diskussion über Rationalisierung und Produktivitätssteigerung ein zentraler Aspekt der öffentlichen Wahrnehmung von technologischem Wandel.","Das Barometer fällt","1958-01-21","https://www.spiegel.de/politik/das-barometer-faellt-a-12cda94a-0002-0001-0000-000041760500?context=issue","Ende 1957 mehrten sich die Anzeichen, daß der seit acht Jahren andauernde Aufschwung der westdeutschen Wirtschaft ins Stocken gerät Während der vergangenen Monate flaute die Investitionsneigung ab, die seit 1950 Hauptantriebsmotor der Konjunktur gewesen war. Die Unternehmer schafften weniger neue Produktionsanlagen und Maschinen an, mit denen sie ihre Betriebe rationalisieren oder deren Leistungsfähigkeit verbessern konnten. Auch der Gold- und Devisenzufluß aus den bundesdeutschen Exportüberschüssen, der während der ersten neun Monate des vergangenen Jahres auf nahezu sechs Milliarden Mark gestiegen war, ging während der vergangenen drei Monate merklich zurück. Die Auftragseingänge aus dem Ausland sanken unter das Niveau des Jahres 1956. Der Bundeswirtschaftsminister muß damit rechnen, daß sich die Zahlungsbilanzüberschüsse künftig weiter vermindern werden. Bisher konnte die Industrie - wenn auch in immer sinkendem Maße - auf zusätzliche Arbeitskräfte zurückgreifen; gegenwärtig gibt es zwar noch Arbeitsunwillige, aber kaum noch Dauerarbeitslose. Wenn die westdeutsche Industrieproduktion im vergangenen Jahr trotz der zusammengeschmolzenen Arbeitskraftreserve und der beträchtlichen Arbeitszeitverkürzung immer noch wuchs, so ist das in erster Linie den enormen Rationalisierungs-Investitionen zuzuschreiben, die während der Jahre 1955 und 1956 vorgenommen wurden. »Mit einer gewissen Skepsis«, schrieb das Münchner Ifo-Institut für Wirtschaftsforschung kürzlich, »müssen die Voraussetzungen für ein Fortbestehen des realen Wachstums der Wirtschaft beurteilt werden. Es ist zu befürchten, daß sich der Spielraum für einen anhaltenden Anstieg des Angebots von Gütern und Dienstleistungen, der durch die Zunahme der Produktivität und der Beschäftigtenzahl weiterhin vorhanden sein wird, infolge fortlaufender Kürzung der Arbeitszeit verengt.« Obwohl die Nachfrage nach Investitionsgütern sowohl im Inland als auch bei den ausländischen Handelspartnern stagnierte, stieg das Preisniveau dieser Güter in der Bundesrepublik gegenüber dem Vorjahr um 3,1 Prozent an, weil weder Unternehmer noch Gewerkschaften den gewohnten Trend zur Lohn- und Preissteigerung aufgaben. Die Lebenshaltungskosten wuchsen sogar um 3,5 Prozent. Auch Erhards ständiger Maßhalte-Appell an die westdeutschen Sozialpartner konnte nichts daran ändern, daß die bundesdeutsche Wirtschaft für Preissteigerungen geradezu prädestiniert ist. Diesen Preisdrall haben jedoch nicht allein Unternehmer und Gewerkschaften heraufbeschworen; er ist auch auf die Wirtschaftspolitik der Bundesregierung zurückzuführen. Das westdeutsche Steuersystem begünstigt die Selbstfinanzierung der Industrie weit stärker, als das in anderen Ländern der Fall ist. Den Unternehmungen wurde die Möglichkeit gegeben, in der Steuerbilanz erheblich höhere Abschreibungsbeträge einzusetzen, als es der normalen Abnutzung entspricht. Gleichzeitig sanken die Gewinnausschüttungen bis auf Bruchteile der tatsächlichen Erträge"
"28","0.744486927986145","0.744486927986145","0.7","Score: 7.0/10 - Der Text enthält mehrere Briefe, die sich mit der Ausbildung von technischem Nachwuchs, der Finanzpolitik und der wissenschaftlichen Entwicklung auseinandersetzen. Die Autoren äußern Sorge, dass die Bundesrepublik durch mangelnde Investitionen in Forschung und Ausbildung den Osten in der technologischen Entwicklung überholen könnte. Die Warnung, dass die Finanzpolitik 'die Bundesrepublik sozusagen selbst kastriert' und dass 'der Osten uns auf dem entscheidenden Gebiet des technischen Nachwuchses überflügeln konnte', zeigt eine klare Angst vor technologischem Rückstand. Die Erwähnung von 'Wissenschaft, Technik und der Heranbildung einer Geisteselite' und die Kritik an der 'sinnlosen' Ausbildung von Studenten deuten auf Hoffnungen auf technologischen Fortschritt, aber auch auf Ängste vor der Konkurrenz. Die Diskussion ist affektiv aufgeladen und thematisiert die gesellschaftliche Bedeutung von Technologie, auch wenn 'Computerisierung' nicht explizit genannt wird.","Briefe","1956-08-07","https://www.spiegel.de/politik/technische-talente-a-549c9ac2-0002-0001-0000-000043063622?context=issue","Ihr Abdruck der Rede von Professor Leo Brandt auf dem Münchner Parteitag der SPD über die Förderung der Forschung und der jungen technischen Talente (""Was nötig ist: Ausbildung!"") war sehr aufschlußreich. Aber weshalb wollen wir uns denn aufregen, wo wir doch das Weltwirtschaftswunder darstellen? Wo in allernächster Zeit jeder junge Bundesbürger gratis und zwangsweise eine europäische Bodenausbildung durch die Firma Blank erhält! Weshalb soviel Studenten? ... Sollen die bösen Russen nur weiter immer höhere Summen für Wissenschaft, Technik und die Heranbildung einer Geisteselite ausgeben. Die westlichen Verantwortungspolitiker in Bonn lassen unsere Studenten lieber mühsam ihr Studium erhungern, um damit die Freiheit der Persönlichkeit zu fördern. Böblingen JÜRGEN STEFFEN Daß das Problem des technischen Nachwuchses so ernst und traurig ist, ist die Folge eines geradezu gigantischen Schildbürgerstreiches unserer Finanzpolitik: Während Dr. Schäffer mindestens seit 1953 laufend Milliarden von Steuergeldern hamstert und auf Eis legt - während gleichzeitig zumindest bis zum Sommer 1955 noch große unausgelastete Produktionsreserven vorhanden waren -, läßt man das wertvollste Gut eines Volkes, seine wissenschaftlichen, technischen und beruflichen Begabungen, mangels Geld für Ausbildungszwecke verkommen oder sich unter unerträglichen Studienbedingungen aufreiben. Koblenz FERDINAND SASSE Die gehorteten Gelder, die dazu dienen sollten, die Bundesrepublik militärisch zu stärken und die Gefahr aus dem Osten zu paralysieren, haben durch ihre Stillegung gerade das Gegenteil bewirkt, nämlich, wie Staatssekretär Leo Brandt auf dem Münchner Parteitag der SPD in überzeugender Weise ausführte, daß der Osten uns auf dem entscheidenden Gebiet des technischen Nachwuchses überflügeln konnte. Durch diese falsche Finanzpolitik hat sich die Bundesrepublik sozusagen selbst kastriert. Hamburg BERNHARD EHMCKE Ich bin davon überzeugt, daß uns vieles erspart geblieben wäre, wenn man die Massenarbeitslosigkeit in den Jahren 1930 bis 1932 beseitigt hätte. Unsere Finanzpolitiker haben damals schmählich versagt: Sie haben das zur sinnvollen Beschäftigung der Arbeitslosen notwendige Geld wegen der Beachtung der von irrenden Menschen konstruierten Deckungsvorschriften verweigert. Jetzt wartet die Finanzpolitik mit ähnlichen Schildbürgerstreichen auf. Wuppertal GERHARD ALTENBURG Es ist doch geradezu lächerlich, daß der Mensch, der sich anschickt, kosmische Kräfte zu beherrschen und auszunutzen, nicht in der Lage sein soll, die gesellschaftlichen Kräfte unter Kontrolle und zum sinnvollen Einsatz zu bringen, die er durch seinen technischen Schöpfergeist selbst entfesselt hat. Wir können und dürfen uns in der Auseinandersetzung auf der Ebene der wettbewerblichen Ko-Existenz nicht mit der Rolle des Zauberlehrlings zufrieden geben, wenn wir uns nicht selbst aufgeben wollen. Braunschweig WERNER GOSSLER"
"29","0.7430118918418884","0.7430118918418884","0.7","Score: 7.0/10 - Der Text thematisiert die wachsende Abneigung gegen Überstunden und die Angst vor einem Verlust des Fleißethos in Westdeutschland. Die Arbeitgeber befürchten, dass eine Verkürzung der Arbeitszeit zu sozialen Störungen führen könnte – z. B. geschlossene Geschäfte am Samstag. Die Einführung einer neuen Figur, »Herr Unsereiner«, dient als Propagandamittel, um die negativen Folgen einer Arbeitszeitverkürzung zu dramatisieren. Dies zeigt eine klare Angst vor gesellschaftlichen Veränderungen, die durch technologische Rationalisierung und Automatisierung verursacht werden könnten. Obwohl keine direkte Erwähnung von Computern oder Robotern erfolgt, wird die Angst vor einer Veränderung der Arbeitswelt durch technologischen Fortschritt deutlich – insbesondere durch die Befürchtung, dass weniger Arbeit zu mehr Müßiggang führt. Die Wortwahl und die Rahmung der Debatte zeigen eine affektive Dimension, die zur Forschungsfrage passt.","Das Schönste sind die Ferien","1959-12-22","https://www.spiegel.de/wirtschaft/das-schoenste-sind-die-ferien-a-e852d478-0002-0001-0000-000032333117?context=issue",". Schon Bundeswirtschaftsminister Erhard hatte vor kurzem über die mangelnde Arbeitslust in Westdeutschland, insbesondere über die wachsende Abneigung gegen Überstunden geklagt. In der internationalen Fleiß-Skala hat sich denn auch die Position des westdeutschen Arbeiters erheblich verschlechtert. Während im Jahre 1950 die Bundesrepublik mit ihrem Arbeitseifer an oberster Stelle stand, registrierte eine UNO-Kommission acht Jahre später, daß durchschnittlich > in Westdeutschland 41,5 Stunden, > in der Schweiz 46,8 Stunden, > in England 45,3 Stunden, > in Frankreich 45,1 Stunden, > in Japan 50.2 Stunden pro Woche gearbeitet wird. Arbeitgeber-Präsident Paulssen appellierte deshalb an die Ehre der Westdeutschen: »Das deutsche Volk, das einmal als das fleißigste Volk Europas bezeichnet wurde und dessen Fleiß sich im Wiederaufbau nach 1945 sehr deutlich zeigte, vertritt heute mehr und mehr eine Schülermoral nach dem Matto: Das Schönste im Leben sind die Ferien. Das Ethos der Arbeit ist stark im Schwinden begriffen.« Da solche moralischen Appelle aber vermutlich wenig fruchten werden haben werbebewußte Mitglieder der Arbeitgeberverbände in einem neugegründeten »Arbeitskreis Soziale Sicherheit« (ASS) eine Aufklärungsaktion beschlossen, durch die der Öffentlichkeit die mißlichen Auswirkungen weiteren Müßiggangs drastisch vor Augen geführt werden sollen. Dem Arbeitskreis steht der Rationalisierungsfachmann und Direktor der hannoverschen Keksfabrik Bahlsen, Dr. Kurt Pentzlin, von Pentzlin traut sich nicht nur zu, alle Arbeitgebervereinigungen für die Finanzierung der Aktion zu gewinnen, sondern Westdeutschlands Arbeitnehmer selbst zum ernsthaften Nachdenken über das forsche Tempo der Arbeitszeitverkürzung zu bewegen. Die Werbeaktion ist auf die Termine abgestimmt, an denen zum Jahresanfang die Arbeitszeitabkomnen ablaufen. Spätestens um diese Zeit wird als Gegenstück des kleinen Plakat-Buben der Gewerkschaften, der verkündet, »Samstags gehört Vati mir«, die Phantasie-Gestalt »Herr Unsereiner« an die Öffentlichkeit treten. Herr Unsereiner ist ein biederer und fleißiger Arbeitnehmer. Von seinen 20 Millionen lebendigen Kollegen in den Betrieben unterscheidet er sich nach dem Willen der Arbeitgeberpropagandisten nur in einem wichtigen Punkt: Er denkt über die Forderungen seiner Gewerkschaft nach und entdeckt dabei bestürzt, daß deren Verwirklichung ihm selbst Nachteile brächte. Wenn etwa die gesamte westdeutsche Wirtschaft die Fünf-Tage-Woche eingeführt hat - so kombiniert Herr Unsereiner in Anzeigen und Farbfilmen -, so bekommt er samstags keine Post mehr, vielleicht auch keine Zeitung und keine Brötchen auf den Frühstückstisch. Er muß am verlängerten Wochenende zu Fuß gehen, weil dann auch die Straßenbahner und Omnibuschauffeure feiern, Fleischerläden, Schusterwerkstätten und Friseursalons würden samstags geschlossen sein. Dr. Pentzlin begründet die Aktion: »Wir wollen Arbeitszeitforderungen nicht prinzipiell ablehnen, sondern sie dosieren"
"30","0.7412993907928467","0.7412993907928467","0.7","Score: 7.0/10 - Der Text thematisiert indirekt Angst vor technologischem Wandel und Rationalisierung in der DDR-Wirtschaft. Obwohl er sich primär auf politische und wirtschaftliche Planung im Ostblock konzentriert, wird die Notwendigkeit der Modernisierung des Produktionsapparats erwähnt, was mit der Gefahr der Arbeitsplatzverdrängung und der Abhängigkeit von ausländischen Entscheidungen (Rat für gegenseitige Wirtschaftshilfe) verknüpft ist. Die Kritik an der fehlenden Kontrolle über Investitionen und die Betonung von 'straffer Disziplin' und 'Sparprinzip' weisen auf eine gesellschaftliche Angst vor zentraler Lenkung und technologischem Wandel ohne menschliche Kontrolle hin. Die implizite Angst vor einer technokratischen Überwachung und der Verdrängung von Arbeit durch Rationalisierung ist erkennbar, auch wenn Computerisierung nicht explizit genannt wird.","Apel mit der Trillerpfeife","1959-06-30","https://www.spiegel.de/politik/apel-mit-der-trillerpfeife-a-618fb030-0002-0001-0000-000042625774?context=issue",". Hörer und Leser, seit Jahren an Imperative gewöhnt, nahmen das geduldig zur Kenntnis. Freilich hatte Genosse Apel in bewährter pädagogischer Manier vor den Tadel das Lob gesetzt. Er rühmte den »hervorragenden Aufschwung der Arbeitsaktivität« sowie den »Optimismus und den großen Elan«, der die Werktätigen beflügelte, »bis zum 30. April 1959 eine Steigerung der industriellen Bruttoproduktion von 12,4 Prozent gegenüber dem gleichen Zeitraum des Vorjahres« zu erzielen. Jedoch selbst das gleichmäßige Weitersteigen von Optimismus und Elan würde, so unkte Apel, nicht ausreichen, die Doppelaufgabe zu erfüllen, die der DDR -Volkswirtschaft gestellt ist: - In dem 1958 verkündeten Siebenjahr plan den angemessenen »Beitrag zum Wettstreit des gesamten sozialistischen Lagers mit den fortgeschrittensten ka pitalistischen Ländern« zu leisten und - die Produktion so zu steigern, daß bis zum Jahre 1961 eine Westdeutschland ebenbürtige Pro-Kopf-Versorgung der Bevölkerung erreicht wird. Nun wäre es fraglos das Einfachste, durch Modernisierung des Produktionsapparats den Abstand zum internationalen Standard zu verringern. Indes, die sozialistische Rekonstruktion soll möglichst ohne Aufwand erfolgen. Staats- und Wirtschaftsfunktionäre, die den Mut hatten, Investitionsmittel anzufordern, wurden alsbald beschuldigt, das Opfer »ideologischer Unklarheiten« geworden zu sein. Lediglich an einigen industriellen Schwerpunkten braucht das zur Modernisierung nötige Kapital nicht durch stramme Haltung ersetzt zu werden. Apel nannte Zahlen: Für das laufende Jahr sollen 14,7 Milliarden Mark (Ost) Investitionsmittel zur Verfügung stehen (das wären 20 Prozent mehr als im Vorjahr). Apel: »In den ersten vier Monaten sind 620 Millionen Mark mehr in unserer Volkswirtschaft investiert worden als im gleichen Zeitraum des Jahres 1958.« Aber Apel verschwieg, daß über Einsatz und Verteilung dieser Mittel nicht etwa die DDR-Wirtschaftsplaner befanden und befinden, sondern jener Rat für gegenseitige Wirtschaftshilfe, dem sich die Staaten des Warschauer Pakts als dem Gegenstück zur Organisation für europäische wirtschaftliche Zusammenarbeit (OEEC) unterstellen mußten. Der Rat für gegenseitige Wirtschaftshilfe sieht seine primäre Aufgabe durchaus nicht darin, den Pro-Kopf-Verbrauch in der DDR über den der übrigen Länder des Ostblocks hinaus zu steigern. Er fördert kommunistische Globalpläne, die nur zum Teil unmittelbar wirtschaftliche Ziele haben, zum andern Teil aber militärischen und außenpolitischen Zwecken dienen. So empfahl der Dialektiker Apel denn über vier Riesenzeitungsseiten hin als probateste sozialistische Rekonstruktionsmittel - »straffe Disziplin« und - »die ständige Verwirklichung des Spar samkeitsprinzips«. Und weil nach leninistischem Prinzip Kontrolle besser ist als Vertrauen, entwarf Apel auch gleich noch ein breit gefächertes Überwachungssystem, mit dessen Hilfe die sozialistische Rekonstruktion - deren praktischen Inhalt keiner kennt - beaufsichtigt werden soll"
"31","0.7407939434051514","0.7407939434051514","0.7","Score: 7.0/10 - Der Text thematisiert die Rationalisierung als zentrales wirtschaftliches Konzept und diskutiert deren Auswirkungen auf Löhne, Preise und Arbeitsplätze. Die Kritik an der Gewerkschaftspraxis, die Lohnerhöhungen aus betriebswirtschaftlichen Gründen durchzusetzen, und die Befürchtung, dass Rationalisierung durch Lohnforderungen verhindert wird, zeigt eine gesellschaftliche Angst vor dem Verlust von Produktivität und Wettbewerbsfähigkeit. Die Erwähnung, dass Betriebsgewinne für Rationalisierung verwendet werden sollen, um die Kaufkraft zu steigern, deutet auf Hoffnung auf technologischen Fortschritt. Die Spannung zwischen Lohnforderungen und Rationalisierung spiegelt die öffentliche Diskussion über die Zukunft der Arbeit wider – eine zentrale Frage der Forschungsfrage.","Mindestens das Doppelte","1954-08-10","https://www.spiegel.de/politik/mindestens-das-doppelte-a-d5e212ac-0002-0001-0000-000028957158?context=issue",". Über die Frage, ob der westdeutsche Markt gegenwärtig einer Spritze in Form der Zuführung neuer Kaufkraft bedarf, machen sich nicht nur die Gewerkschaften, sondern auch unparteiische Fachleute Gedanken. Die Umsätze in Westdeutschland haben zwar ihr Anstiegstempo verlangsamt, sind aber nicht gesunken. Einige wirtschaftswissenschaftliche Institute sprechen davon, daß Lohnerhöhungen »in gewissem Umfang« konjunkturpolitisch ungefährlich seien. Allgemein verurteilt aber wird die gewerkschaftliche Praxis, aus der betriebswirtschaftlichen Situation einzelner Unternehmen oder Unternehmensgruppen heraus Lohnerhöhungen zu erzwingen, die dann als Vorwand für Lohnforderungen auf weiten anderen Wirtschaftsgebieten benutzt werden, wo die Verhältnisse durchaus gegenteiliger Art sein können. (Eine Lohnerhöhung, die etwa die badische metallverarbeitende Industrie noch tragen kann, würde die in schwerstem Konkurrenzkampf auf dem Weltmarkt stehenden Schiffswerften schwer beeinträchtigen.) Der neue Anspruch der Gewerkschaftsführung, Richtlinien und Marschbefehle für die Wirtschafts- und Konjunkturpolitik der Bundesrepublik auszugeben, geht an der Tatsache vorbei, daß es in Westdeutschland ein Bundeswirtschaftsministerium, eine Bundesregierung und schließlich auch ein Parlament gibt, in dem die Arbeitnehmerschaft ihre gewählten Vertreter sitzen hat. Als politisch äußerst heikel wird jedenfalls eine Lohnoffensive angesehen, deren Auswirkungen auf das Preisgefüge und auf die westdeutsche Gesamtwirtschaft nur dem Ermessen der Gewerkschaften unterliegen. Die Gewerkschaften haben das Argument für sich, daß die Unternehmer zunächst immer erklären, Lohnerhöhungen seien nicht tragbar. Die Hauptkritik an der Lohnwelle aber richtet sich dagegen, daß es wieder einer gut organisierten Arbeitnehmergruppe, die bereits Spitzenlöhne erhält, möglich sein soll, ihre Einkommensverhältnisse weiter zu verbessern, während andere Teile der Bevölkerung - bis hinunter zu den Pensionären und Sozialunterstützten, die nicht die Möglichkeit besitzen, ihren Mitmenschen das Gas oder das Wasser abzudrehen - leer ausgehen. Der gesamtwirtschaftliche Effekt könnte schließlich allzu leicht entweder in Preissteigerungen, die besonders den Export erschweren würden, oder aber in dem notwendigen Verzicht auf den Einsatz von Betriebsgewinnen zur Rationalisierung bestehen. Rationalisierung jedoch hebt auf dem Wege über günstigere Erzeugerpreise die Kaufkraft der Mark und kommt folglich allen Schichten des Volkes zugute. In Südbaden mußten, so klagen die Unternehmer, bereits erste Beträge, die für Rückstellungen und Rationalisierungsvorhaben bereitgestellt worden waren, zur Befriedigung der Lohnansprüche verwendet werden"
"32","0.7384909391403198","0.7384909391403198","0.7","Score: 7.0/10 - Der Text thematisiert den technischen Fortschritt und die Kapitalbildung als zentrale Elemente der wirtschaftlichen Entwicklung in der Bundesrepublik. Er zeigt eine klare Hoffnung auf eine wirtschaftliche Stärkung durch technische Modernisierung und die Beteiligung vieler Bürger am Produktivkapital. Dabei wird die Angst vor einer zunehmenden Abhängigkeit vom Staat und der Verlagerung von Marktpositionen in staatliche Hände deutlich. Die Warnung vor einem 'mammuthaften Vermögen' im Staat und der Gefahr einer 'dezentralisierten' Marktwirtschaft, die durch staatliche Kontrolle gefährdet sei, spiegelt eine gesellschaftliche Ängstlichkeit gegenüber der Verlagerung von Macht und Kontrolle von der Privatwirtschaft in den Staat. Die Diskussion um die Privatisierung des Volkswagenwerks ist zentral für die Debatte über die Zukunft der Arbeit und die Rolle des Staates – ein zentrales Thema der öffentlichen Diskussion zur Automatisierung und Wirtschaftsordnung.","VOM VOLKSWAGEN ZUM VOLKSKAPITALISMUS","1957-02-19","https://www.spiegel.de/politik/vom-volkswagen-zum-volkskapitalismus-a-03228e15-0002-0001-0000-000041120520?context=issue",". Man muß es dem Volk vor Augen führen, daß der technische Fortschritt, daß die dem dienende Kapitalbildung etwas Nützliches, Wertvolles, ja Unentbehrliches bedeutet. Wenn die Sicherheit der deutschen Volkswirtschaft, und das heißt auch die individuelle Sicherheit des Einzelmenschen, gewährleistet sein soll, muß Kapital gebildet werden, und möglichst viele Menschen sollten sich zu ihrem eigenen unmittelbaren und mittelbaren Vorteil daran beteiligen. SPIEGEL: Das entspricht nicht der Mentalität des kleinen deutschen Sparers. ERHARD: Ein modernes Industrieland wie Deutschland, das nur in engster Verbindung mit der übrigen Welt existieren kann, muß auf der höchsten technischen Ebene wirtschaften. Wenn dafür der Staat allein verantwortlich gemacht wird, entstehen in seiner Hand Mammutvermögen, und je mehr dann wieder der einzelne Staatsbürger vom Staat abhängig wird, um so eher und mehr wird er vom Staatsbürger zum Untertan. Und der Mittelstand? Je mehr der Staat in den Besitz des Produktivkapitals gelangt, um so mehr wird der Zug zum Großbetrieb und sogar zu großen Konzernen hingehen; denn den vielschichtigen Kapitalbedarf der sogenannten mittelständischen Wirtschaft wird der Staat nie befriedigen können; - den Mittelstand werden dann immer die Hunde beißen. Wenn wir dem Menschen nicht das unmittelbare Erlebnis für die wirtschaftlichen Zusammenhänge vermitteln, indem auch sein materielles Interesse an den Dingen geweckt wird, dann werden wir es erleben, daß nicht nur immer mehr Dirigismus aufkommt, sondern daß sich beim Staat mammuthaftes Vermögen ansammelt. Nach welchen Prinzipien, Rangordnungen und Wertvorstellungen würde aber dieser Kapitalfonds zu verwalten sein? Nicht nach Leistung, nicht nach Erfindungsgeist oder Initiative! Da bilden sich dann die wirklich gefährlichen und von keinem Parlament kontrollierbaren Marktpositionen heraus. Marktpositionen in der Hand des Staates aber sind gefährlicher als die dezentralisierten und sich gegenseitig ausgleichenden starken Marktpositionen in der Privatwirtschaft. SPIEGEL: Und Sie meinen, die Privatisierung der bundeseigenen Betriebe, besonders des Volkswagenwerks, an dessen Schicksal in Deutschland jeder, mindestens jeder Autofahrer interessiert ist, könnte ein Fanal sein für die Durchsetzung Ihrer Konzeption? ERHARD: Ja, wenn es zweckvoll geschieht, unbedingt. Und bedenken Sie: Wenn wir diese Konzeption durchsetzen, welche unvergleichbar gute Position schaffen wir damit dem deutschen Arbeiter für den Tag der Wiedervereinigung. SPIEGEL: Würde nicht gerade die Privatisierung des staatlichen Industrievermögens in der Bundesrepublik der Regierung der sogenannten DDR Argumente gegen die Wiedervereinigung liefern? Drüben macht man ja bekanntlich zur Voraussetzung für die Wiedervereinigung die Erhaltung der sogenannten sozialistischen Errungenschaften. Das heißt also: auf keinen Fall Privatisierung der dort nun einmal in sogenanntes Volkseigentum, also in Staatseigentum überführten Werte"
"33","0.7367851734161377","0.7367851734161377","0.7","Score: 7.0/10 - Der Text thematisiert die Einführung dynamischer Renten und deren Auswirkungen auf die Sparverhalten der Bevölkerung. Er zeigt eine klare Angst vor der Zerstörung des Kapitalmarkts und der Abnahme von Investitionen, da Menschen auf staatliche Renten angewiesen sein könnten. Die Befürchtung, dass 'dynamische Sparbücher' und andere Geldgeschäfte folgen würden, zeigt eine gesellschaftliche Angst vor der Veränderung der wirtschaftlichen Strukturen durch staatliche Intervention. Obwohl die Technologie selbst nicht direkt erwähnt wird, ist die Diskussion über die Zukunft der Arbeit und der Wirtschaftsordnung eng mit der Automatisierung und Rationalisierung verbunden, die in der Zeit erwähnt werden. Die Angst vor einer Verlagerung von Macht vom Staat auf den Staat (durch staatliche Renten) und die Befürchtung, dass Investitionen schrumpfen, sind zentrale Ängste der Zeit, die mit der technologischen Entwicklung verknüpft sind.","Der maßgerechte Anteil","1956-03-27","https://www.spiegel.de/politik/der-massgerechte-anteil-a-de0aaf6e-0002-0001-0000-000043061743?context=issue",". Die Arbeitgeber fürchten nicht nur künftig noch schärfere Lohnkämpfe auch die Rentner würden dann die Gewerkschaften unterstützen -, sondern sind auch volkswirtschaftlich besorgt: Der westdeutsche Kapitalmarkt würde, so meinen sie, bedenklich zusammenschrumpfen. Der Arbeitgeberverband prophezeite in einem Memorandum, »selbst die bisher sparwilligen Kreise der Bevölkerung« würden aufhören, Ersparnisse für ihr Alter anzusammeln, weil sie sich »unter dem 'Schutz' der dynamischen Rente gegen etwaige Entwertung des Geldes gesichert wähnen«. Der Arbeitgeberverband fragt in seinem Memorandum die Regierung, woher, wenn die Spareinlagen schrumpfen, das nötige Geld für die Investitionen kommen solle, zumal mit der industriellen Verwertung der Atomkraft und der fortschreitenden Automatisierung künftig bedeutend größere Investitionen erforderlich sein werden als bisher. Wie der liberale Professor Röpke befürchten auch zahlreiche westdeutsche Industrielle, die Kapitalbeschaffung für Investitionen und mithin der Einfluß auf die Wirtschaft würden dann zwangsläufig mehr und mehr auf den Staat übergehen. In der Tat ist kaum anzunehmen, daß nach Einführung dynamischer Renten noch viele Sparer zur Altersvorsorge etwa Pfandbriefe - durch deren Verkauf die Mittel für den Wohnungsbau aufgebracht werden - erwerben würden. Für einen Pfandbrief und für Industrie-Obligationen erhält man außer festen Jahreszinsen am Ende der Laufzeit die Nennwert-Summe zurück. Das Interesse an Wertpapieren dieser Art würde zweifellos erlöschen, wenn eine Staatsrente zur Verfügung steht, die dank der Koppelung an das allgemeine Einkommensniveau über den Nennbetrag hinaus noch einen Bonus zum Ausgleich zwischenzeitlicher Lohnerhöhungen oder Geldabwertungen erbringen würde. Die Skeptiker in der westdeutschen Geldwirtschaft meinen, den dynamischen Renten würden sehr bald auch das dynamische Sparbuch, der dynamische Bausparvertrag und andere an den Lohnindex oder den Lebenshaltungskostenindex gekoppelte Geldgeschäfte folgen. Die Erfahrungen mit der großzügigen staatlichen Altersversorgung für alle Bürger Schwedens und die in Finnland bereits praktizierte automatische Anpassung der Renten an einen Index sind nicht geeignet, diese Bedenken zu zerstreuen. Während in Westdeutschland die Lebenshaltungskosten seit Anfang 1949 um acht Prozent gestiegen sind, mußte Schweden seine Alters-, Kranken- und sonstigen Wohlfahrtsversicherungen mit einer Steigerung der Lebenshaltungskosten um 37 Prozent bezahlen. Ähnlich negativ hat sich die Koppelung der Versicherungen an die Indexberechnung in Finnland ausgewirkt. Sie hat dort ebenfalls inflatorische Impulse ausgelöst und zu einer gefährlichen Doppelwährung - bestehend aus den bevorzugten (durch Koppelung mit dem Index der Großhandelspreise gegen Entwertung gesicherten) Geldforderungen und dem »gewöhnlichen« Geld - geführt. Selbst die Banken führen in Finnland bereits seit einem Jahr Indexkonten, die nach dem Lebenshaltungskostenindex berechnet werden"
"34","0.7365547716617584","0.7365547716617584","0.7","Score: 7.0/10 - Der Text thematisiert die Volksaktien-Initiative der Bundesregierung und die Ablehnung durch Gewerkschaften und Sozialdemokraten. Er zeigt eine klare Angst vor der Sozialisierung der Verluste und der Gefahr, dass die Arbeiter Aktionäre werden und damit ihre marxistische Identität verlieren. Die Befürchtung, dass die Sozialisierung der Großindustrie gefährdet ist, wenn Arbeiter Kapitalbesitzer werden, spiegelt eine gesellschaftliche Angst vor der Veränderung der sozialen Struktur durch wirtschaftliche Reformen. Obwohl die Technologie selbst nicht direkt erwähnt wird, ist die Diskussion über die Zukunft der Arbeit und die Rolle des Staates eng mit der Automatisierung und Rationalisierung verbunden. Die Angst vor einer Verlagerung von Macht und Kontrolle in die Hände der Industrie und der Aktionäre ist zentral – eine zentrale Ängstlichkeit der Zeit, die mit technologischem Wandel verknüpft ist.","Bonbon des Jahrhunderts","1959-02-17","https://www.spiegel.de/politik/bonbon-des-jahrhunderts-a-4ea3524b-0002-0001-0000-000042624522?context=issue",". Auf dem Gebiet der bundesdeutschen Innenpolitik würden sich ähnliche Perspektiven eröffnen, wenn im Falle einer Wirtschaftskrise Tausende von Volksaktionären etwa ihren Arbeitsplatz verlieren und gleichzeitig durch Kursverluste gerade die Ersparnisse zusammenschrumpfen würden, auf die sie im Falle der Erwerbslosigkeit hatten zurückgreifen wollen. Anders als in den Vereinigten Staaten zählt in der Bundesrepublik überdies die marxistische Ideologie immer noch zum Rüstzeug der zweitgrößten politischen Partei und der Gewerkschaften. Obgleich der westdeutsche Arbeiter zumindest äußerlich bereits vom Typ des »Proletariers« abweicht, hat in seinen Vorstellungen der Aktionär noch seinen Platz als Ausbeuter und Couponschneider. Demag-Berater Cattepoel: »Der Kauf einer Aktie bedeutet für den Arbeiter eine Absage an seine mehr oder minder noch bewußt marxistische Vergangenheit: Er ist nunmehr als Aktienbesitzer ,Kapitalist' und nicht mehr Marxist'!« Diese Ressentiments macht sich der Deutsche Gewerkschaftsbund (DGB) für seine Attacken auf das Volksaktien-Programm der Bundesregierung zunutze. Und der DGB-Chefideologe Rosenberg betreibt die Gegenaufklärung der Arbeitnehmerschaft wirksamer als Hermann Lindrath die Propaganda für die Aktie. Dabei spielt ohne Frage die Überlegung eine Rolle, daß eines der Hauptziele gewerkschaftlicher und sozialdemokratischer Wirtschaftspolitik, nämlich die Sozialisierung der Großindustrie, ernsthaft gefährdet wäre, falls die Arbeiter Aktionäre würden. Gewerkschaften und Sozialdemokraten nahmen deshalb von Anfang an scharf gegen die Bonner Pläne Stellung. Der SPD-Wirtschaftsexperte Deist wies bei der ersten Lesung des VW-Aktien-Entwurfs darauf hin, die wichtige volkswirtschaftliche Aufgabe staatlicher Industrieunternehmen sei die eines Kartell- und Preisbrechers auf dem Markt. Darauf könne nicht verzichtet werden. Der Bundesregierung aber gehe es darum, die Unternehmen an ihre Freunde von der Industrie zu verschachern; die soziale Aufmachung der Volksaktie solle darüber lediglich hinwegtäuschen. Der DGB forderte die Bundesregierung im Februar 1958 in einer offiziellen Stellungnahme auf, von ihren Plänen abzulassen. Er drohte, der Öffentlichkeit die »schädlichen Konsequenzen« der Privatisierung unbarmherzig vor Augen zu führen. Das Vorstandsmitglied Rosenberg prägte das Schlagwort »Sozialisierung der Verluste«, womit er den Verdacht äußerte, daß lediglich die lukrativen Unternehmen des Bundes verkauft, die unrentablen dagegen weiterhin Bundeseigentum bleiben sollten. Bundesschatzminister Lindrath bemühte sich vor dem Verkauf der Preußag-Aktien vergeblich um einen Waffenstillstand mit dem DGB. Bei Kaffee und Kuchen führte er am 12. Januar 1959 in Godesberg ein letztes Gespräch mit den Gewerkschaftsführern. Die Atmosphäre war und blieb frostig"
"35","0.7348552644252777","0.7348552644252777","0.7","Score: 7.0/10 - Der Text thematisiert die gesellschaftliche Reaktion auf die Technisierung und Bürokratisierung in der westdeutschen Gesellschaft. Er beschreibt, dass der Mensch von 1951 sich instinktiv gegen die Technisierung und Ordnungswünsche wehrt und nach dem Glanz vergangener Epochen sucht. Dies impliziert eine Ängstlichkeit gegenüber der zunehmenden Rationalisierung und technologischen Kontrolle. Die Aussage, dass der Durchschnittskäufer den Mut zur Wahrheit noch nicht hat, deutet auf eine gesellschaftliche Unsicherheit gegenüber der modernen, nüchternen Welt. Obwohl der Begriff »Computerisierung« nicht explizit genannt wird, ist die Angst vor technologischem Wandel und Verlust von menschlicher Substanz erkennbar. Die Wortwahl und Rahmung zeigen eine affektive Dimension, die auf zeitgenössische Ängste hinweist.","Weg von Tante Frieda","1951-09-25","https://www.spiegel.de/politik/weg-von-tante-frieda-a-d0803b9d-0002-0001-0000-000029194853?context=issue",". Und erklärt das so: »Der Mensch von 1951 wehrt sich instinktiv gegen die Technisierung und das Streben nach bürokratischer Ordnung und Uebersichtlichkeit. In seinem Heim möchte er noch Zuflucht vor der immer nüchterner werdenden Welt seines Alltags suchen. Er verlangt nach dem Glanz vergangener Epochen, auch wenn es ein trügerischer Schein ist. Den Mut zur Wahrheit, den Künstler und Intellektuelle manchmal aufbringen, hat der Durchschnittskäufer noch nicht.«"
"36","0.7338866889476776","0.7338866889476776","0.7","Score: 7.0/10 - Der Text thematisiert den akuten Mangel an technischen Fachkräften, insbesondere Ingenieuren und Technikern, und beschreibt die starke Konkurrenz der Industrie um junge Absolventen. Es wird deutlich, dass die Industrie dringend neue Ausbildungsstätten benötigt, um den Fachkräftemangel zu beheben. Die Befürchtung, dass die Wirtschaft durch den Mangel an qualifiziertem Personal gehemmt wird, ist erkennbar. Zudem wird erwähnt, dass ältere Ingenieure arbeitslos oder berufsfremd tätig sind, weil sie den Anschluss an die moderne technische Entwicklung verloren haben. Dies deutet auf eine Angst vor technologischem Wandel, der den Menschen überflüssig machen könnte. Die Hoffnung liegt in der Ausbildung neuer Fachkräfte, um die technologische Entwicklung zu nutzen. Die Wortwahl (z. B. „eifersüchtig belagern“, „verlockendste Angebote“) und die Rahmung der Textpassagen zeigen eine affektive Dimension, die auf die gesellschaftliche Bedeutung der Technologie hinweist.","Werber vor den Schulen","1956-04-24","https://www.spiegel.de/politik/werber-vor-den-schulen-a-b99ae28a-0002-0001-0000-000043062046?context=issue",". Etwa zwei Drittel der interessierten Abiturienten und Mittelschul-Absolventen mußten im vergangenen Jahr abgewiesen werden, weil die Schulen überfüllt sind und die Lehrkräfte bereits überfordert werden. In den meisten Technischen Hochschulen, zum Beispiel in Aachen und Darmstadt, sitzen Hunderte von Studenten in den Fluren und Nebenräumen, um hier die durch Lautsprecher übertragenen Vorlesungen der Dozenten mitzuhören. Als erstes westdeutsches Bundesland will Nordrhein-Westfalen eine neue Technische Hochschule in Dortmund auf einem 40 Morgen großen Gelände errichten, auf dem sich bereits ein Institut der Max-Planck -Gesellschaft, die Sozialforschungsstelle der Universität Münster und eine Pädagogische Akademie niedergelassen haben. Die SPD-Genossen in der nordrhein-westfälischen Landesregierung und an der Spitze der Dortmunder Stadtverwaltung haben den Ehrgeiz, in der rußigen Bergwerks- und Eisenhüttenstadt Dortmund die »modernste Technische Hochschule der Bundesrepublik« aufzubauen. Das Land müßte für das Projekt etwa eine viertel Milliarde Mark zur Verfügung stellen. Aber noch bevor der Grundstein zu dem Kolossalgebäude gelegt worden ist, alarmierte die Industrie ihre Fachverbände, die nun ihrerseits die Regierungsstellen bestürmen: Sie sollten über dem ehrgeizigen Plan, in Dortmund ein Universitätsviertel zu errichten, nicht »das tägliche Brot der Wirtschaft« vergessen. Noch wichtiger als Technische Hochschulen seien neue Ausbildungsstätten für die mittlere Schicht der technischen Intelligenz. (Nach modernen betriebswirtschaftlichen Erkenntnissen gilt die Faustregel, daß neben einem Diplom -Ingenieur drei Fachschul-Ingenieure und zwei Techniker stehen sollen.) Am meisten drückt nämlich der Mangel an Fachschul-Ingenieuren auf die Stimmung der Industriemanager und Generaldirektoren. Eifersüchtig belagern die von ihnen ausgesandten Ingenieurwerber die Tore der Fachschulen und sparen nicht an Spesen, um junge Studenten zu bewirten und ihnen die verlockendsten Angebote zu unterbreiten. Dabei konkurrieren die Abgesandten der Großbetriebe häufig mit Werbern der Bundespost. Werkstipendien allein ziehen heute nicht mehr. »Die Deutsche Bundespost geht sogar soweit«, erboste sich der Präsident des Vereins Deutscher Maschinenbauanstalten, Generaldirektor Gustav Möllenberg in Bochum, »Studierende der Schwachstromtechnik und des Fernmeldewesens ab zweitem Semester als Anwärter einzustellen und ihnen entsprechendes Gehalt (170 Mark für Ledige, 240 Mark für Verheiratete) zu zahlen. Diese starke Nachfrage hängt auch mit der Überalterung zusammen, die speziell im Ingenieurberuf größer ist als in der Gesamtbevölkerung.« Es gibt nämlich noch etwa 6000 ältere Ingenieure, die arbeitslos oder berufsfremd tätig sind. Sie müssen froh sein, Halbtagsbeschäftigung in einem Konstruktionsbüro zu erhalten, weil sie zum großen Teil den Anschluß an die moderne technische Entwicklung verloren haben"
"37","0.7616416811943054","0.7616416811943054","0.6","Score: 6.0/10 - Der Text thematisiert Rationalisierung und technologischen Fortschritt in der westdeutschen Industrie, insbesondere durch die Düsseldorfer Rationalisierungs-Ausstellung. Er erwähnt, dass die Ausstellung zeigen soll, wie man 'besser, kostensparender, billiger, schneller, bequemer und unter menschlich besseren Beziehungen' produzieren könnte – ein Hinweis auf Hoffnungen auf Effizienz und bessere Arbeitsbedingungen. Gleichzeitig wird kritisiert, dass die Ausstellung nur 'die Eifersucht der rückständigsten Betriebe' zeigt, was implizit Angst vor technologischem Rückstand und Widerstand gegen Veränderung ausdrückt. Obwohl 'Computerisierung' nicht explizit genannt wird, ist die Diskussion um Rationalisierung und technische Fortschritte zentral und zeigt eine ambivalente Haltung gegenüber technologischem Wandel.","Unter den schwarzen Kreuzen","1953-08-04","https://www.spiegel.de/politik/unter-den-schwarzen-kreuzen-a-0c281deb-0002-0001-0000-000025657296?context=issue","Mit dröhnenden Märschen ihrer Musikkapellen rückte am zweiten Sonntag der Düsseldorfer Rationalisierungs-Ausstellung ein Schub von zwanzigtausend Schützenbrüdern durch das Eingangstor. Am Nachmittag konnten bereits dem 500 000. Besucher, der Hausfrau Christel Polcher, ein Paar Schuhe und ein Kinderkleid als Jubiläumsgabe überreicht werden: Das Motto »Alle sollen besser leben« lockt die Leute. Die wenigsten aber merken, daß ihnen auf der Ausstellung nur das geboten wird, was die Eifersucht gerade der rückständigsten westdeutschen Betriebe übrigließ. Schon am Anfang hatte diese Eifersucht Pate gestanden, als Wirtschaftsminister Erhard vor gut zwei Jahren die Anregung zu der Ausstellung gab. Ludwig Erhard hatte das Thema so gestellt: Es soll demonstriert werden, wie man in Westdeutschland lebt und wie man leben könnte, wenn alle Firmen den Fortschritt in Technik und Betriebswissenschaft nutzen würden, um »besser, kostensparender, billiger, schneller, bequemer und unter menschlich besseren Beziehungen« zu produzieren. Den Männern des Bundesverbandes der deutschen Industrie waren schon damals die praktischen Schwierigkeiten einer solchen Schau am Horizont erschienen. Sie gaben dem Minister zu bedenken, daß die Fachverbände der Wirtschaft um keinen Preis der Welt zu bewegen sein würden, am klar vorgerechneten Beispiel einiger fortschrittlicher Firmen nachzuweisen, wie rückständig der große Rest noch immer produziert. Widerwillig benannte der Bundesverband den ehemaligen stellvertretenden Reichskommissar für das Ausstellungswesen, Dr. E. W. Maiwald, als den Mann, der für Erhards Plan vielleicht doch den richtigen Dreh finden würde. Bis zum Ende des vergangenen Jahres wurden unter Maiwalds Regie zwar 200 000 Mark - vor allem für Gehälter - ausgegeben, aber die Ausstellung kam in dieser Zeit ihrer Verwirklichung kaum näher. Denn schon bei den Vorbereitungen zeigte sich, daß in allen Gremien der Ausstellungsleitung die Vertreter des Handels, des Handwerks und der Industrie die gewichtigste Sprache führten. Gegen sie kämpften die erfahrenen Rationalisierungs-Experten wie gegen Windmühlenflügel. Den Vertretern des Handwerks ist es beispielsweise nur schwer klar zu machen, daß Berufe wie die der Spengler und Schuhmacher in einer rationell arbeitenden Wirtschaft mit wenigen Ausnahmen überholt sind. So kommt es auch, daß die mit fünf Millionen Mark errichtete Ausstellung auf dem Düsseldorfer Ehrenhof bei ihren im einzelnen oft hervorragenden Fabrikationsbeispielen nur selten einen Preisvergleich in der Branche wagt. Um so gründlicher aber wurden solche Rationalisierungs-Themen aufgegriffen, die keiner Firma direkt wehe tun. Zum Beispiel die Einsparmöglichkeiten durch Typenbeschränkung. In der Bundesrepublik, wie in Europa überhaupt, werden jährlich Millionenbeträge nutzlos ausgegeben, weil es von den einzelnen Erzeugnissen oder Werkzeugen unendlich viele Sorten gibt"
"38","0.7495300769805908","0.7495300769805908","0.6","Score: 6.0/10 - Der Text behandelt die Diskussion über eine neue Lohnpolitik, die als Antwort auf wirtschaftliche Expansion gesehen wird. Die Idee, Löhne vorab zu erhöhen, um die Kaufkraft zu steigern und die Produktion zu forcieren, zeigt eine Hoffnung auf wirtschaftliche Dynamik durch soziale Maßnahmen. Obwohl keine direkte Erwähnung von Computerisierung oder Automatisierung erfolgt, spiegelt die Diskussion über die Rolle des Lohnes als 'Kaufkraft' und die Angst vor einer Nachfrage-Überhöhung gegenüber dem Angebot eine affektive Dimension, die sich auf die Zukunft der Arbeit bezieht. Die Kritik an der traditionellen Lohnpolitik und die Befürchtung vor Inflation zeigen eine gesellschaftliche Unsicherheit über die Folgen wirtschaftlicher Rationalisierung – eine zentrale Angst in der Diskussion um technologischen Wandel und Arbeitsplatzverlust.","Mindestens das Doppelte","1954-08-10","https://www.spiegel.de/politik/mindestens-das-doppelte-a-d5e212ac-0002-0001-0000-000028957158?context=issue","Auf einer Sitzung des wirtschafts- und lohnpolitischen Ausschusses des DGB im April dieses Jahres legte der Chef-Ideologe der westdeutschen Gewerkschaften, Dr. Viktor Agartz, seine Resolution über die »expansive Lohnpolitik« zum ersten Male den Kollegen vor. Die Mehrzahl der zu dieser Sitzung in das Düsseldorfer Hans-Böckler-Haus gerufenen Gewerkschaftler konnte damals nur voller Bedenken den Gedankengängen folgen, mit denen der Leiter ihres Wirtschaftswissenschaftlichen Instituts in Köln sie zu einer völligen Abkehr von den klassischen Anschauungen über die gewerkschaftliche Lohnpolitik aufforderte. Agartz drängte auf eine Abstimmung. Nur vier der im DGB vereinigten sechzehn Gewerkschaften äußerten sich positiv zu seinen Ansichten: die Gewerkschaften »Metall«, »Öffentliche Dienste, Transport und Verkehr (ÖTV)«, »Holz« und »Druck und Papier«. Was der Chef des wirtschaftlichen Gehirntrusts der Gewerkschaften an diesem Tage den Veteranen aus den Lohnschlachten der Weimarer Zeit und aus den Preiskrisenjahren nach der Währungsreform als neue lohnpolitische Linie empfahl, war in der Tat etwas anderes als die plausible alte Devise »Die Preise sind gestiegen - deshalb fordern wir höhere Löhne«, unter der sie bisher gestritten hatten. Der Intellektuelle mit dem Narbengesicht, dem die Erfolge der Erhardschen Marktwirtschaft bis heute überzeugende Auftritte als Wirtschaftswissenschaftler versagt haben, faßte seinen neuen Kurs in zwei Leitgedanken: * »In einem sogenannten marktwirtschaftlichen System ist jede expandierende Wirtschaft von der Gefahr bedroht, daß die Nachfrage hinter dem Angebot zurückbleibt. * »Deshalb muß auch die Lohnpolitik expansiv sein. Sie darf sich nicht damit begnügen, den Reallohn an die volkswirtschaftliche Entwicklung nachträglich heranzubringen. Sie muß versuchen, die wirtschaftliche Expansion von sich aus zu forcieren, um durch eine bewußte Kaufkraftsteigerung eine Ausweitung der Produktion herauszufordern.« Die Sorge des Dr. Agartz galt mithin der Beibehaltung der erfreulichen westdeutschen Konjunktur. Im Gegensatz zu der in den vergangenen Jahren mit dem Erfolg wirklicher Währungsstabilität betriebenen Methode, nach Erhöhung der Produktivität die Löhne zu erhöhen, plädierte Agartz jetzt für Vorschußzahlungen auf künftige Leistungssteigerungen der Wirtschaft. Er wollte zunächst einmal Geld unter die Leute bringen, um durch höheren Absatz den hohen Stand der Produktion beizubehalten (SPIEGEL 6/1954) Die Bedeutung des Lohnes als eines Kostenfaktors und mithin die Gefahr, daß ein plötzliches Anheben des Lohnniveaus zu der gefürchteten Inflationsspirale von Lohn und Preis führen kann, ließ Agartz unbeachtet. Er erhob vielmehr die andere Funktion des Lohnes, nämlich seine Bedeutung als Kaufkraft in der Wirtschaft, zum »wesentlichsten Element der Wirtschaftspolitik« überhaupt"
"39","0.7439562678337097","0.7439562678337097","0.6","Score: 6.0/10 - Der Text beschreibt die DDR-Ausstellung zum 10. Jahrestag und die Forderung nach 'tausend kleinen Dingen' als Teil des Siebenjahresplans. Die Aussage, dass die DDR Westdeutschland in der Produktivität einholen und überholen will, zeigt eine klare wirtschaftliche und technologische Ambition. Die Erwähnung, dass die DDR die 'Produktion von Konsumgütern' verbessern will, um 'die häßliche, brutale Fratze des Imperialismus zu tarnen', deutet auf eine Angst vor westlicher Überlegenheit. Die Kritik an der Konsumgüter-Misere und die Forderung nach mehr Qualität und Verfügbarkeit zeigen eine implizite Hoffnung auf technologischen Fortschritt. Allerdings wird keine spezifische Technologie wie Computer oder Automatisierung genannt. Die Diskussion ist eher über die Wirtschaftsstruktur und den Konsum, nicht über technologischen Wandel. Daher ist der Bezug zur Forschungsfrage nur indirekt und mittelbar.","Tausend kleine Dinge","1959-10-13","https://www.spiegel.de/politik/tausend-kleine-dinge-a-ce8003d2-0002-0001-0000-000042622905?context=issue","Als bei der »10. Deutschen Industrieausstellung Berlin 1959« auf dem Messegelände am Westberliner Funkturm der 180 000. Besucher aus dem SED-Staat gezählt wurde, eröffnete SED-Chef Walter Ulbricht einige Kilometer weiter östlich im ehemaligen Zeughaus, dem jetzigen Museum für Deutsche Geschichte, die Jubiläums-Ausstellung »10 Jahre Deutsche Demokratische Republik«. Die Ausstellung zeigt laut Prospekt »unser Leben im neuen Heute und öffnet . . .einen Blick in die Zukunft, in das herrliche Morgen unseres großen Siebenjahresplanes«. Daß die Bewohner Mitteldeutschlands immer noch mit einem »herrlichen Morgen« vertröstet werden müssen, verdeutlicht die Ausstellung selbst - das »neue Heute« wird vorwiegend durch große Renommierstücke wie einen S-Bahn-Zug, einen Speisewagen oder ein Kleinflugzeug repräsentiert, die bis jetzt noch nicht einmal in Serienproduktion gegangen sind. Was sonst an »Exponaten« - SEDDeutsch für Ausstellungsstücke - in der DDR-Jubiläumsschau bestaunt werden darf, ist teils mit einem schrägen Blick auf Westberlins Industrieschau, teils - mit Rücksicht auf den Alltag der DDR-Bürger ausgewählt worden: Gezeigt werden nur Dinge, die es entweder mit der Qualität westlicher Konkurrenzerzeugnisse aufnehmen können oder gegen derartige Vergleiche immun sind, weil im westlichen Ausstellungskatalog Gleichartiges fehlte; nicht gezeigt werden solche Artikel, die der DDR-Bürger zwar besitzen möchte, aber nicht kaufen kann. Die chronische Konsumgüter-Misere, über die erst jüngst auf einer Handelskonferenz in Leipzig lautstark geklagt worden war (SPIEGEL 34/1959), hat im Jubiläumsjahr des Arbeiter- und Bauernstaates ungewöhnliche Publizität erhalten. Walter Ulbricht erfand die inzwischen weidlich strapazierte Parole von den »tausend kleinen Dingen« deren ausreichende Produktion zu einem »Grundproblem im Rahmen der ökonomischen Hauptaufgabe geworden« sei. Die ökonomische Hauptaufgabe des neuen Siebenjahrplans ist denn auch mit ungewohnter Offenheit auf ein Land zugeschnitten, in dem die tausend kleinen Dinge von der Sicherheitsnadel bis zum Nylonstrumpf längst selbstverständlich sind und - laut Ulbricht - dazu dienen, »die häßliche, brutale Fratze des Imperialismus zu tarnen"": auf die Bundesrepublik. Das Gesetz über den »Siebenjahrplan zur Entwicklung der Volkswirtschaft der Deutschen Demokratischen Republik in den Jahren 1959 bis 1965« vom 1. Oktober 1959 definiert die Hauptaufgabe so: »Im Zeitraum des Siebenjahrplanes ist die grundlegende Aufgabe zu lösen, ... Westdeutschland auf dem Gebiet der Arbeitsproduktivität einzuholen und zu überflügeln.« Schon bis Ende 1961 soll »Westdeutschland im Pro-Kopf-Verbrauch bei den meisten industriellen Konsumgütern und Lebensmitteln« eingeholt oder überholt werden. Ob das bis zum Jahre 1965 tatsächlich gelingen wird, muß nach der Lektüre des Plangesetzes fraglich bleiben"
"40","0.7437566816806793","0.7437566816806793","0.6","Score: 6.0/10 - Der Text thematisiert die Sowjetunion als politische Macht, die die wirtschaftliche Krise der Bundesrepublik erwartet und die Migration von Facharbeitern aus West- in Ostdeutschland befürchtet. Dabei wird implizit die Attraktivität der DDR-Industrie als Folge der wirtschaftlichen Entwicklung angesprochen. Obwohl keine direkte Erwähnung von Computerisierung oder Automatisierung erfolgt, wird die Angst vor wirtschaftlichem Niedergang und der Verlagerung von Arbeitskräften angesprochen – eine Form der Angst vor technologischem und wirtschaftlichem Wandel. Die Aussage über den »Honigmond«, der dem Ende zuneigt, deutet auf eine vermeintliche Veränderung der Lebensbedingungen hin, die durch technologische oder wirtschaftliche Entwicklung verursacht sein könnte. Die implizite Angst vor Veränderung und Verlust von Arbeitsplätzen ist erkennbar, aber ohne konkrete technologische Spezifizierung.","SOWJET-HOFFNUNGEN","1959-05-05","https://www.spiegel.de/politik/sowjet-hoffnungen-a-9a21e665-0002-0001-0000-000042625237?context=issue","Diplomatische Berichte, die in Bonn eingetroffen sind, sprechen davon, daß die Sowjets glauben, die Bundesrepublik werde infolge der Auswirkungen des Gemeinsamen Marktes in vier bis fünf Jahren in eine Wirtschaftskrise geraten. Die DDR werde dadurch im Bewußtsein der Deutschen aufgewertet und für die Bewohner Westdeutschlands so attraktiv werden, daß viele Facharbeiter von West nach Ost überwechseln. Andeutungen in dieser Richtung machte schon Chruschtschew in seiner zunächst geheimgehaltenen Rede vor der »Gesamtdeutschen Arbeiterkonferenz« in Leipzig. Er sagte: »Jetzt, da die kapitalistische Welt die Wiedervereinigung Deutschlands auf Kosten der DDR vorschlägt, können wir doch nicht darauf einsehen ... Darum, beeilen Sie sich nicht, der Wind bläst Ihnen nicht ins Gesicht ... Der Arbeiter in Westdeutschland erhält heute sicherlich noch etwas mehr, aber der Honigmond neigt sich schon seinem Ende zu.«"
"41","0.7962647676467896","0.7962647676467896","1","Score: 10.0/10 - Der Text thematisiert explizit sowohl Hoffnungen als auch Ängste gegenüber der Computerisierung. Kybernetiker Steinbuch äußert starke Hoffnungen: Die 'perfekte Technik' werde die Zukunft beherrschen, und 'die schier unbegrenzte Denkkraft der Computer' könne komplexe gesellschaftliche Beziehungen durchleuchten. Er sieht in Elektronengehirnen die Lösung für gesellschaftliche Probleme. Gleichzeitig thematisiert er Ängste: Er bezeichnet die 'Schreckbilder der Hinterweltler' als 'bösartige Karikaturen', die den Menschen als 'Sklaven maschineller Planung' darstellen. Er kritisiert das Vorurteil gegen 'mechanische Denker' und weist darauf hin, dass Manipulation schon immer existiert – nun sei sie nur transparenter. Diese expliziten Aussagen über Hoffnungen auf technische Lösungen und Ängste vor menschlicher Unterwerfung durch Maschinen sind zentral für die Forschungsfrage.","Begrenzt haltbar","1968-04-21","https://www.spiegel.de/kultur/begrenzt-haltbar-a-40d32c10-0002-0001-0000-000046106857?context=issue",". Schulen und Kirchen, »auf der dauernden Flucht vor dem Fortschritt der Gegenwart«, lehren immer noch unbrauchbare Moral-Maßstäbe: »Was soll«, fragt Steinbuch, »die Lobpreisung der Arbeit im Zeitalter künftiger Automatisierung, und was soll der Gehorsam gegenüber der Obrigkeit in Zeiten, in denen nur der Widerstand moralisch ist?« Presse und Fernsehen neigen in Deutschland, so Steinbuch, zu »unterschwellig negativer Darstellung technischer Tatbestände': »Wenn der Bildschirm Computer zeigt, dann ertönen unharmonische, unsympathische und mystische Mißklänge. Was soll diese Feindmarkierung?' Der wissenschaftsfeindliche und die Wirklichkeit vernebelnde Einfluß der Hinterwelt schwächte -- mit katastrophalen Auswirkungen in der NS-Zeit -- und schwächt immer noch auch die politische Kritikfähigkeit der Deutschen. Es erscheint Steinbuch nicht überraschend, »daß so dümmliche Ideen wie die »formierte Gesellschaft' hingenommen werden, unsere Gesellschaft jedoch zum Sozialismus keine nüchterne Einstellung findet«. Nicht durch verschwommene Wunschphantasien, so glaubt Steinbuch, sondern durch die »perfekte Technik« werden die »gesellschaftlichen Realitäten der Zukunft beherrscht« sein. Und wenn die Bundesrepublik bis zum Jahre 2000 nicht zu einer »wissenschaftlich, technisch und sozial unterentwickelten Gesellschaft geringen Wohlstands« absinken soll, muß sie den technologischen Fortschritt forcieren und diese Entwicklung lenken lernen. Dabei wird die deutsche Hinterwelt, so weiß Kybernetiker Steinbuch, ihrem anachronistischen Personenkult abschwören müssen -- industrielle und gesellschaftliche Zukunftsentscheidungen werden zunehmend von Elektronengehirnen getroffen werden. Das Vorurteil der Unterwelt gegen die mechanischen Denker hält Steinbuch für schädlich. Nur die schier unbegrenzte Denkkraft der Computer wird das komplizierte Beziehungsgeflecht einer Gesellschaft durchleuchten können, die im Zeitalter der perfekten Technik sich erhalten will. Schreckbilder der Hinterweltler, die den Menschen der Zukunft als Sklaven maschineller Planung zeichnen, erscheinen Steinbuch als bösartige Karikaturen. Die Menschheit, so hält Steinbuch den Hinterweltlern vor, »wurde immer und zu allen Zeiten manipuliert«, von »Eltern, Sippenhäuptlingen, Zauberern, Priestern oder Partei-Ideologen. Neu sei im Zeitalter kybernetischer Planung »nicht die Manipulation als solche, neu wäre, daß diese Manipulation nicht mehr das Licht der Öffentlichkeit zu scheuen brauchte«. Zudem, so weiß Steinbuch, werden die elektronischen Planer zwar Zukunftsperspektiven aufzeigen und die Folgen denkbarer Entscheidungen vorhersagen können -- doch die Entscheidungen selbst werden wie eh und je menschlichem Willen aufgegeben bleiben. Steinbuch glaubt sogar, es werde »immer wichtiger, daß (der) Schalthebelmensch das Richtige will«. Dazu freilich bedarf er eines Wertsystems, das »den zukünftigen Anforderungen im Zeitalter der perfekten Technik« gewachsen sein muß"
"42","0.7888282239437103","0.7888282239437103","1","Score: 10.0/10 - Der Text liefert eine umfassende Darstellung sowohl von Hoffnungen als auch von Ängsten. Er beginnt mit der Angst vor dem 'jobmordenden Nebeneffekt' des technischen Fortschritts und weist auf die 4,57 Millionen Arbeitslosen in den USA hin. Gleichzeitig wird die westdeutsche Variante des Fortschritts beschrieben: Die Automatisierung erfolgt hier nicht zur Kostensenkung, sondern zur Produktionserhöhung trotz Arbeitskräftemangels – eine Hoffnung auf Wachstum. Die Quelle der Angst liegt in der drohenden sozialen Umwälzung, die durch die Automatisierung ausgelöst wird. Die Zahlen des Ifo-Instituts und die Prognose einer sinkenden Erwerbsbevölkerung bis 1966 unterstreichen die Ernsthaftigkeit der Angst. Gleichzeitig wird die Hoffnung auf eine 'goldene Zukunft' in den USA erwähnt, die sich jedoch als Illusion erwiesen hat. Dieser Text bietet eine detaillierte, dokumentierte und emotionale Auseinandersetzung mit Hoffnungen und Ängsten.","Einzug der Roboter","1964-03-31","https://www.spiegel.de/politik/einzug-der-roboter-a-ec698c0f-0002-0001-0000-000046173388?context=issue",". Sie erinnert an einen Mann, der mit lustigem Pfeifen über einen Friedhof geht.« Unter dem Dunstschleier einer Vollbeschäftigung, die in der westlichen Welt zu Friedenszeiten kein Beispiel hat, wurde der jobmordende Nebeneffekt des technischen Fortschritts hierzulande bis heute verdeckt. Obwohl das Münchener Ifo-Institut für Wirtschaftsforschung errechnete, daß schon jetzt jährlich etwa 1,5 Millionen Bundesbürger ihre Arbeitsplätze der Rationalisierung opfern müssen, hält der Arbeitskräftebedarf unvermindert an. Nur 304 690 Arbeitslosen im letzten Februar standen 586 000 freie Stellen gegenüber. Bahlen-Direktor Dr. Kurt Pentzlin sieht gerade im Arbeitskräftemangel eine der entscheidenden Antriebskräfte des technischen Fortschritts: »Wir automatisieren nicht in erster Linie, um Lohnkosten zu sparen, sondern um trotz des beengten Arbeitsmarktes unsere Produktion steigern zu können.« Damit wird eine speziell westdeutsche Variante des technischen Fortschritts sichtbar. In den USA ist die Arbeitskraft derart teuer, daß die Unternehmer bei gleicher oder nur noch geringfügig steigender Produktion bestrebt sein müssen, Arbeitskräfte durch höheren Kapitaleinsatz zu verdrängen. In der Bundesrepublik hingegen frißt der technische Fortschritt ganz überwiegend Arbeitsplätze, die mangels Menschenmasse ohnehin nicht besetzt werden können. Allerdings wähnten sich auch die amerikanischen Unternehmer noch vor 13 Jahren, als Henry Ford II. in Cleveland (US-Staat Ohio) die erste automatische Transferstraße zur Herstellung von Motorblöcken in Betrieb nahm, »an der Schwelle einer goldenen Zukunft«. In einer Flugschrift des US-Arbeitgeberverbandes hieß es weiter: »Der Arbeiter darf sie (die Zukunft) mit Hoffnung erwarten und braucht sich nicht vor ihr zu fürchten.« Die Automation, so jubilierten die Arbeitgeber, sei »der Zauberteppich unserer freien Wirtschaft nach fernen und nie erträumten Horizonten«. Heute sind rund 4,57 Millionen Amerikaner ohne Job - nahezu 5,5 Prozent der Beschäftigten. Zwölf Prozent der Jugendlichen zwischen 18 und 21 Jahren und elf Prozent der Neger sowie 21 Prozent der jugendlichen Neger sind ständig arbeitslos. Millionen Amerikaner müssen zudem mit Kurzarbeit und niedrigerem Verdienst vorliebnehmen. Allein dem geringeren Automationsgrad dem stärkeren Wachstum der Industrieproduktion und der schwächeren biologischen Substanz der Deutschen ist es zuzuschreiben, daß die Bundesbürger bislang vom Automaten -Zeitalter nur den Glanz verspürten. Nach Berechnungen des Statistischen Bundesamtes wird die Zahl der Erwerbspersonen in der Bundesrepublik von den jetzt erreichten 26 Millionen bis 1966 sogar noch auf 25,25 Millionen zurückgehen. Bis 1970 wird diese Ziffer lediglich auf 25,4 Millionen ansteigen und damit gerade den Stand des Jahres 1960 erreichen. Wie wenig Bonn und die Bosse bislang den sozialen und wirtschaftlichen Gefahren der Automatisierung konfrontiert wurden, zeigt eine Untersuchung des Münchner Ifo-Instituts aus dem Jahre 1962"
"43","0.7777654230594635","0.7777654230594635","1","Score: 10.0/10 - Der Text liefert eine detaillierte und dokumentierte Darstellung sowohl von Hoffnungen als auch von Ängsten. Er beginnt mit der Angst vor den sozialen Folgen der Automatisierung, die durch die Ifo-Studie belegt werden: Die Unternehmen hätten bei Nicht-Expansion ihre Belegschaft halbiert. Die Aussage, dass 'die Elektronenroboter' bereits heute 'ein Großteil beruflicher Tätigkeiten ausführen', ist eine klare Angst vor der Entmenschlichung der Arbeit. Gleichzeitig wird die Hoffnung auf eine positive Entwicklung durch die Expansion der Produktion und die Schaffung neuer Arbeitsplätze angedeutet. Die Beispiele aus der Industrie (Volkswagen, Opel) zeigen, dass die Technik auch zur Befriedigung von Bedürfnissen beiträgt. Die Tatsache, dass die Bundesregierung die Gefahren ignoriert, unterstreicht die Angst vor fehlender politischer Steuerung – eine zentrale gesellschaftliche Sorge.","Einzug der Roboter","1964-03-31","https://www.spiegel.de/politik/einzug-der-roboter-a-ec698c0f-0002-0001-0000-000046173388?context=issue",". Wie wenig Bonn und die Bosse bislang den sozialen und wirtschaftlichen Gefahren der Automatisierung konfrontiert wurden, zeigt eine Untersuchung des Münchner Ifo-Instituts aus dem Jahre 1962. Die Statistiker analysierten zehn Firmen verschiedener Branchen, die ihre Anlagen automatisiert hatten. Die Unternehmen besaßen - vor der Automation 29 212 Beschäftigte und - nach der Automation bei gleichzeitiger Expansion 55 001 Beschäftigte. Aber: Hätten diese Betriebe automatisiert, ohne ihren Absatz steigern zu können, wären ihre Belegschaften auf 14 000, das ist die Hälfte der ursprünglich Beschäftigten, abgesunken. Hätten sie hingegen expandiert, ohne zu automatisieren, müßten sie heute 138 018 Angestellte und Arbeiter beschäftigen. Die Tatsache, daß die untersuchten Unternehmen ihre Belegschaften trotz der neuen Technik nahezu verdoppelten, beweist mithin lediglich den ungewöhnlichen Anstieg von Produktion und Nachfrage. Wegen des starken Wachstums waren die Unternehmen gezwungen, neben der Automatik auch noch die herkömmlichen Anlagen zu benutzen. Hinzu kommt, daß die Kapitalknappheit einem noch schnelleren Fortgang der Automatisierung Grenzen setzte. Über die immerhin möglichen sozialen Folgen des technischen Fortschritts zeigte sich die Bundesregierung bis heute wenig besorgt. Während etwa die US-Regierung in den vergangenen acht Jahren vier Automations-Hearings abhielt, während die EWG-Kommission beispielsweise schon 1960 und zuletzt im vergangenen Jahr auch in Europa tiefgreifende wirtschaftliche und soziale Umwälzungen prophezeite, schnürte Bonn am Sozialpaket, dosierte reichlich Agrarsubventionen, streute Kindergeld und warf Entwicklungs-Milliarden aus. Den Umstand, daß laut Ifo-Untersuchung in den kommenden fünf Jahren ein Drittel der Beschäftigten neue - und vielfach schlechtere-Arbeitsplätze aufsuchen muß, hat bis heute weder eine Regierungserklärung noch das bundesamtliche Bulletin oder ein Bundesminister auch nur erwähnt. Schon heute demonstrieren die Elektronenroboter, daß sie ein Großteil beruflicher Tätigkeiten auszuführen vermögen. Sie schlachten Schweine, brauen Bier, brennen Schnaps, sagen das Wetter voraus und überwachen den Luftraum. Sie schreiben Rechnungen, sortieren Briefe, kontrollieren Läger, lösen Probleme der Zwölftonmusik, filetieren und panieren Fische und stellen Futterprogramme für das Federvieh auf. Sie fabrizieren Speiseeis, lösen juristische Spezialfragen und interpretierten jene Schriftrollen, die 1947 am Toten Meer gefunden wurden. Das Volkswagenwerk, Opel und Ford konnten beispielsweise dank der »Detroit-Automation« aus ihren automatisierten Abteilungen 80 bis 90 Prozent des Personals entfernen und für andere Arbeiten, die nur mechanisch zu bewältigen sind, einsetzen, um den Drang der Bundesbürger nach immer mehr Automobilen zu befriedigen"
"44","0.7771785259246826","0.7771785259246826","1","Score: 10.0/10 - Der Text thematisiert explizit sowohl Hoffnungen als auch Ängste. Er beginnt mit der Angst vor der 'Rationalisierungsinvestitionen', die erst nach einem Konjunkturrückschlag wirken – eine klare Sorge um soziale Folgen. Günter Friedrichs und Friedrich Pollock fordern eine 'geplante Wirtschaft', um die Probleme der Automation zu lösen – eine zentrale Hoffnung auf strukturelle Lösungen. Die Kritik an der 'Plan-Phobie' der Bonner Regierung zeigt die Angst vor politischer Ohnmacht. Die Aussage, dass 'eine Wirtschaftspolitik, die auf Planung verzichtet, mit Sicherheit irgendwann die Kontrolle verlieren muss', ist eine klare Warnung. Gleichzeitig wird die Hoffnung auf eine 'Strukturpolitik' mit gezielten Investitionen und beruflicher Fortbildung genannt. Die US-Regierungsausgaben für Fortbildung (1,7 Milliarden Mark) werden als Vorbild präsentiert – eine klare Hoffnung auf soziale Anpassung.","Einzug der Roboter","1964-03-31","https://www.spiegel.de/politik/einzug-der-roboter-a-ec698c0f-0002-0001-0000-000046173388?context=issue",". Der Automationsexperte der IG Metall Dr. Günter Friedrichs (siehe SPIEGEL-Gespräch Seite 51) fürchtet denn auch zu Recht, daß sich »die Rationalisierungsinvestitionen der Expansionsperiode auf dem Arbeitsmarkt oft erst nach einem Konjunkturrückschlag voll auswirken«. Friedrichs weist diesen Vorgang anhand der statistischen Unterlagen aus der Weltwirtschaftskrise im Jahre 1930 nach. Damals sank die Industrieproduktion des Deutschen Reiches um 19 Prozent, hingegen stieg die Leistung der Arbeiter pro Stunde (Arbeitsproduktivität) um 4,3 Prozent. Grund: Die Unternehmer hatten alle Anlagen mit geringer Produktivität und geringem Mechanisierungsgrad stillgelegt. Angesichts der weit größeren Rationalisierungsmöglichkeiten des Automaten-Zeitalters kommt damit der staatlichen Wirtschafts- und Konjunkturpolitik mehr Bedeutung denn je zu. Ebenso wie sich die Unternehmen mehr als bisher der Produktions- und Absatzplanung widmen müssen, muß der Bund lenkend und planend den Wirtschaftsablauf steuern. Friedrichs mit einem deutlichen Seitenhieb auf die amtliche Bonner Plan -Phobie: »Der technische Fortschritt verändert die Struktur der Wirtschaft derart schnell, daß eine Wirtschaftspolitik, die auf Planung verzichtet, mit Sicherheit irgendwann die Kontrolle verlieren muß.« Auch der Frankfurter Nationalökonom Friedrich Pollock hält es für ausgeschlossen, daß sich die Wirtschaft der Zukunft als Summe der Einzelinteressen quasi selbsttätig steuern kann. Pollock betont, »daß im Prinzip nur eine geplante Wirtschaft die durch die Automation entstehenden Probleme rationell bewältigen kann«. Pollocks Kritik an der Bundesregierung: »In der Europäischen Wirtschaftsgemeinschaft verlangt die Mehrheit gegen den erbitterten Widerstand der auf die soziale Marktwirtschaft eingeschworenen deutschen Regierung, einen Gesamtplan für alle sechs Länder vorzubereiten, da sie offenbar zu der Übereinstimmung gekommen ist, daß für Europa wenigstens die Vorbereitung planwirtschaftlicher Methoden eine Frage von Leben und Tod ist.« Statt jener Übung, den staatlichen Finanztopf je nach Phonstärke und Wahlgewicht über die Interessentengruppen auszukehren, ist eine Strukturpolitik mit gezielten Investitionshilfen vonnöten, um rechtzeitig neue Arbeitsplätze für jene bereitzustellen, die Jahr für Jahr durch die Technik verdrängt werden. Zum anderen müssen die Beschäftigten weit mehr als bisher in die Lage versetzt werden, mit den schnell wechselnden Arbeitsbedingungen fertig zu werden. Tatsächlich stehen in der EWG heute etwa 600 000 Arbeitsplätze nur deshalb leer, weil es an geeigneten Bewerbern, etwa Regel- und Meßtechnikern, Analysatoren, Programmierern und Betriebselektrikern, fehlt. Die Arbeitswelt der Zukunft macht eine dauernde Anpassung des menschlichen Wissens an veränderte technische Umstände notwendig. Daher gibt die US-Regierung allein für die berufliche Fortbildung jährlich 1,7 Milliarden Mark aus"
"45","0.7713347673416138","0.7713347673416138","1","Score: 10.0/10 - Der Text thematisiert explizit Hoffnungen und Ängste gegenüber der Automatisierung und Robotisierung. Er berichtet über die IG Metall, die sich intensiv mit den sozialen Konsequenzen der Roboter-Ära auseinandersetzt. Otto Brenner fordert konkrete Maßnahmen wie die Reduzierung der Arbeitszeit auf 35 Stunden bei vollem Lohnausgleich, um die Gefahren der technologischen Arbeitslosigkeit abzuwenden. Er legt einen Katalog von Forderungen vor, die Arbeitnehmer vor Entlassungen schützen sollen. Die Textpassagen zeigen klare Ängste vor Arbeitsplatzverlust und sozialer Ungerechtigkeit, aber auch Hoffnung auf staatliche und gewerkschaftliche Gegensteuerung. Die Zahlen über '1,5 Millionen Arbeitslose jährlich' und die Diskussion über 'Freisetzungsquote' verdeutlichen die gesellschaftliche Angst. Die Texte sind nicht nur technisch, sondern evaluativ und affektiv geprägt. Daher wird der Text mit 10/10 bewertet.","Einzug der Roboter","1964-03-31","https://www.spiegel.de/politik/einzug-der-roboter-a-ec698c0f-0002-0001-0000-000046173388?context=issue",". Die Arbeitswelt der Zukunft macht eine dauernde Anpassung des menschlichen Wissens an veränderte technische Umstände notwendig. Daher gibt die US-Regierung allein für die berufliche Fortbildung jährlich 1,7 Milliarden Mark aus. Für den gleichen Zweck wandte die Bundesregierung im vergangenen Jahr gerade 18,5 Millionen Mark auf. Tatsächlich hat sich die IG Metall als einzige westdeutsche Institution neben dem Rationalisierungs-Kuratorium der Deutschen Wirtschaft (RKW) ernsthaft mit den sozialen und ökonomischen Konsequenzen der Roboter-Ära auseinandergesetzt. Während etwa das Bonner Wirtschaftsministerium der Automation nicht einmal ein spezielles Referat widmet, betreibt die IG Metall seit Jahren eine umfassende Dokumentation, veranstaltet Tagungen mit ausländischen Experten und knüpfte Querverbindungen zur EWG-Kommission. So wie die Industriellen die technischen Kniffe der Automation vielfach von amerikanischen Firmen beziehen, benutzen die Arbeitnehmer ihre Beziehungen zu amerikanischen Brudersyndikaten, um durch sie den gefräßigen Vetter der westdeutschen Roboter kennenzulernen. Der Vorsitzende der Industriegewerkschaft Metall, Otto Brenner, dessen Wirkungsbereich Stahlerzeugung und -verarbeitung besonders automationsanfällig ist, entsandte schon Anfang 1957 seinen Mitarbeiter und heutigen SPD-Bundestagsabgeordneten Hans Matthöfer in die Staaten. Drei Jahre lang trieb Matthöfer in 120 automatisierten Betrieben umfangreiche Studien. Die Bundesregierung hingegen sah keinerlei Veranlassung, auch nur einem einzigen Beamten ähnliche Einblicke zu verschaffen. Außerdem richtete Brenner bei seinem Vorstand die Abteilung »Automation und Kernenergie« ein, die Entwicklungen in der ganzen Welt systematisch beobachtet. Auf Vortragsveranstaltungen läßt Brenner deutsche und amerikanische Spezialisten seinen Funktionären Bericht erstatten. Um den Robotern Paroli zu bieten und rechtzeitig Vorkehrungen gegen die technologische Arbeitslosigkeit zu treffen, fordert Otto Brenner die Verminderung der Arbeitszeit auf 35 Wochenstunden bei vollem Lohnausgleich. Nur dadurch, so meint er, könnten in Zukunft die Gefahren des technischen Fortschritts von der Bundesrepublik abgewendet werden. Metall-Brenner und sein Textilkollege Karl Buschmann haben den Firmen unterdes einen Katalog von Forderungen zugestellt, die auf den Schutz der Arbeiter und Angestellten vor den gefräßigen Robotern in Betrieb und Büro abzielen. Die Unternehmer sollen - ihre Betriebsräte rechtzeitig über Automationsprojekte informieren und ihnen alle Pläne aushändigen, - Vertreter der Gewerkschaften »bei allen Phasen« der Verhandlungen zwischen Firmenleitung und Betriebsrat hinzuziehen, - Automationsopfer auf Kosten der Firmen für eine neue Tätigkeit anlernen und ihnen für die Dauer der Kurse ihren alten Lohn zahlen, - Arbeitern, die entlassen werden müssen, eine Übergangshilfe von drei bis zwölf Monatsverdiensten gewähren"
"46","0.7636378407478333","0.7636378407478333","1","Score: 10.0/10 - Der Text thematisiert explizit und umfassend Hoffnungen und Ängste gegenüber der Automatisierung. Günter Friedrichs, Leiter der Automations-Abteilung der IG Metall, beschreibt konkrete negative Folgen: Arbeitsplatzverlust, soziale Degradierung, Verlust des Berufskönnens und Zerstörung der Berufsideologie. Diese Aussagen zeigen eine klare Angst vor sozialen Folgen des technischen Fortschritts. Gleichzeitig formuliert die Gewerkschaft konkrete Hoffnungen: durch Arbeitszeitverkürzung bei vollem Lohnausgleich, Übergangshilfen, Mitsprache bei Automationsprojekten und eine aktive Lohnpolitik sollen die negativen Effekte abgemildert werden. Die Forderung nach einer umfassenden Untersuchung der Folgen durch die Stiftung Volkswagenwerk zeigt, dass die Gewerkschaft aktiv an der Gestaltung der Zukunft der Arbeit beteiligt ist. Dies ist ein klarer, dokumentierter Ausdruck öffentlicher Angst und Hoffnung im Kontext der Automatisierung.","GÜNTER FRIEDRICHS","1964-03-31","https://www.spiegel.de/politik/guenter-friedrichs-a-12ca9049-0002-0001-0000-000046173396?context=issue","GÜNTER FRIEDRICHS leitet seit sieben Jahren die Abteilung »Automation und Kernenergie« beim Vorstand der Industrie gewerkschaft Metall in Frankfurt, die alle Entwicklungen auf dem Gebiet der Automation systematisch verfolgt. Friedrichs, Jahrgang 1928, zog im vergangenen Jahr in Frankfurt die erste internationale Automationstagung auf, bei der internationale Fachleute über den technischen Fortschritt in den USA und Westdeutschland referierten. Die Ergebnisse der dreitägigen Vortragsveranstaltung waren alles andere als günstig. Sowohl in den Fertigungsbereichen wie in den Büros droht den Beschäftigten Gefahr von den Automaten, teils durch Verlust des Arbeitsplatzes, teils durch soziale Degradierung. Mit zunehmender Technisierung verliert das Berufskönnen an Wert; in gleichem Ausmaß wächst das Desinteresse der Beschäftigten an ihrer Arbeit. Die Berufsideologie zerbröselt, und die hierarchische Betriebsstruktur wird zerstört. Der Beamtensohn aus Erfurt rückte 1944 von der Oberschulbank auf den Kanonier-Sessel einer Vierlings -Flak, die das Stickstoffwerk Leuna in Sachsen gegen alliierte Bomber verteidigte. Nach Entlassung aus der Gefangenschaft machte er eine Lehre im Kasseler Lebensmittel -Filialgeschäft »Rheika« durch und bestand anschließend die Zulassungsprüfung für das wirtschaftswissenschaftliche Studium, das er 1952 an der Universität Frankfurt abschloß. Danach studierte Friedrichs ein Jahr lang an der Universität von Minnesota und promovierte 1957 in Frankfurt mit einer Arbeit über »Verkaufswerbung, ihre Technik, Psychologie und Ökonomie« zum Dr. rer. Pol. Schon seit 1954 war er als Halbtagskraft bei der IG Metall beschäftigt, ehe er 1956 Angestellter der Gewerkschaft und ein Jahr später auf Betreiben Otto Brenners Leiter der Automations-Abteilung wurde. Mit Arbeitszeitverkürzung bei vollem Lohnausgleich oder verlängertem Urlaub, mit Übergangshilfen für freigesetzte Arbeiter und Mitsprache der Gewerkschaften bei Automationsprojekten der Betriebe will die IG Metall den sozialen Gefahren des technischen Fortschritts rechtzeitig begegnen. Überdies soll eine aktive Lohnpolitik dafür sorgen, daß die bei der Automation anfallenden Produktivitätsgewinne der Industrie auch den Beschäftigten zugute kommen. In Zukunft wollen sich die Gewerkschaften noch intensiver mit den Problemen des technischen Fortschritts befassen: Aus Mitteln der Stiftung Volkswagenwerk sollen, so schlug der DGB-Chef Ludwig Rosenberg dieser Tage vor, die wirtschaftlichen, soziologischen und arbeitsphysiologischen Folgen der Automation in Westdeutschland gründlich untersucht werden."
"47","0.762305349111557","0.762305349111557","1","Score: 10.0/10 - Der Text thematisiert die Angst vor Arbeitsplatzverlust durch Automatisierung und Computerisierung explizit und in hohem Maße. Er nennt konkrete Zahlen: 1,5 Millionen Arbeitskräfte werden jährlich durch Maschinen ersetzt. Die Forderung nach 'Rationalisierungsschutz' und Abfindungen durch die IG Metall zeigt eine klare gesellschaftliche Angst vor sozialer Unsicherheit. Die Ablehnung durch Arbeitgeber und die Warnung vor 'Bremsen' für die Rationalisierung verdeutlichen die Spannung zwischen wirtschaftlichem Fortschritt und sozialer Verantwortung. Die Erwähnung des DGB-Aktionsprogramms mit 'Sicherung vor nachteiligen Folgen' zeigt, dass die Gewerkschaften aktiv an der Gestaltung der Zukunft der Arbeit beteiligt sind. Die Textstelle ist ein zentrales Beispiel für die öffentliche Diskussion über die sozialen Konsequenzen der Automatisierung.","Abstand vom Computer","1968-05-26","https://www.spiegel.de/politik/abstand-vom-computer-a-44a2ad94-0002-0001-0000-000046039796?context=issue","Vielen der 3,5 Millionen Beschäftigten in der westdeutschen Metallindustrie soll künftig zustehen, was bislang ein Privileg hochdotierter Manager war: Bei vorzeitiger Entlassung muß ihnen die Firma eine Abfindung zahlen. Dieser sogenannte Rationalisierungsschutz für Mitarbeiter war Otto Brenner, dem Boß der Industriegewerkschaft Metall, bei den Verhandlungen um einen neuen Tarifvertrag »der zentrale, entscheidende Punkt«. Als seine Gegenspieler vom Gesamtverband der metallindustriellen Arbeitgeberverbände zwar höhere Löhne. nicht aber Abfindungen und Finanzhilfen für Arbeitnehmer bewilligen wollten, die ihren Arbeitsplatz Computern oder moderneren Produktionsverfahren opfern müssen, blieb Brenner stur. Nach 200 Stunden hartnäckiger Debatte erklärte er die Tarifgespräche am 29. April als »gescheitert«. Denn mehr als um den Stundenlohn sorgen sich die Funktionäre darum, daß die zweite industrielle Revolution ihre Gewerkschafts-Kinder frißt. Nach Schätzungen des Ifo-Instituts in München müssen jährlich sechs Prozent aller Erwerbstätigen ihre derzeitige Beschäftigung aufgeben. Maschinen und Automaten werden pro Jahr etwa 1,5 Millionen Arbeitskräfte ersetzen. Für Brenners Branche ist die Gefahr besonders groß. Durch den Einsatz von Computern, elektronischen Regelautomaten und modernen Produktionsmethoden werden immer mehr Metaller von ihren Posten verdrängt. Nicht einmal alle finden einen schlechter bezahlten Arbeitsplatz in ihrer Firma: * Horst Knapp (l.), stellvertretender Vorsitzender vorn Gesamtverband metallindustrieller Arbeitgeberverbände; Hans Mayr, Vorstandsmitglied der IG Metall. 285 000 Beschäftigte der Metallindustrie schieden 1967 aus der Branche. Die Angst vor der technisierten Zukunft veranlaßte auch den Deutschen Gewerkschaftsbund, Schutzabkommen für alle Arbeitnehmer der Bundesrepublik zu fordern. Die Sicherung vor nachteiligen Folgen durch Rationalisierung, technischen Fortschritt, Strukturwandlungen und konjunkturelle Beschäftigungsschwankungen« wurde im DGB neben Mitbestimmung und Bildungsurlaub dritter »Schwerpunkt des jüngsten Aktionsprogramms. Westdeutschlands Arbeitgeber denken anders. Sie fürchten, der notwendigen Rationalisierung und Verbesserung der Wettbewerbssituation würden Bremsen angelegt, wenn zu dem Kaufpreis für moderne Maschinen noch ein Aufschlag für die brotlos werdenden Arbeitnehmer kommen würde. Als einige Branchen wie die Textil-, Kautschuk- und Zigaretten-Industrie vertraglich erste Zusagen für automationsgeschädigte Arbeitnehmer machten, stand die Bundesvereinigung der Deutschen Arbeitgeberverbände dagegen auf. Sie warnte alle ihre Mitglieder, durch solche Zugeständnisse werde »die Systematik des bisherigen Kündigungsrechts« beeinträchtigt. Brenner stritt indes mit Bonner Hilfe. Auf den Sitzungen der konzertierten Aktion hatte Bundeswirtschaftsminister Schiller erklärt, er halte eine schnelle Einigung über den Rationalisierungsschutz für sinnvoller als ein langwieriges Fingerhakeln um erweiterte Mitbestimmung"
"48","0.7577753663063049","0.7577753663063049","1","Score: 10.0/10 - Der Text thematisiert explizit sowohl Hoffnungen als auch Ängste gegenüber der Computerisierung und Automatisierung. Er nennt konkrete negative Konsequenzen wie den Verlust von 1,5 Millionen Arbeitsplätzen jährlich und die Prophezeiung von zwei Millionen Arbeitslosen bis 1972. Gleichzeitig werden technologische Fortschritte wie Roboter, Transferstraßen und elektronische Steuerungssysteme beschrieben. Die Zitate aus Gewerkschaftsführern, Industrie-Psychologen und Wirtschaftsexperten zeigen eine gesellschaftliche Auseinandersetzung mit den Folgen der Automatisierung. Die satirische Aussage des Simplicissimus-Beitrags über die Illusion von menschlicher Präsenz in einem robotergesteuerten Betrieb verdeutlicht die Angst vor Entfremdung und Illusion. Dieser Text ist ein zentrales Dokument der öffentlichen Diskussion über Arbeitslosigkeit durch Maschinen.","Einzug der Roboter","1964-03-31","https://www.spiegel.de/politik/einzug-der-roboter-a-ec698c0f-0002-0001-0000-000046173388?context=issue",". Während sich die Textil-Industriellen noch zu keinerlei Zugeständnissen an freigesetzte Weber und Spinner bereit fanden, zeigten sich einzelne Metallfirmen kulanter. So schlossen beispielsweise die Autokonzerne Volkswagenwerk und Daimler-Benz mit den Arbeitnehmern Verträge, die Automationsfolgen weitgehend auffangen: Vom Roboter verdrängte Arbeiter, die auf niedriger dotierte Positionen gesetzt werden, erhalten drei Monate lang, teilweise sogar bis zu acht Monaten, den vollen Lohnausgleich. Daß derartige Schutzvorkehrungen durchaus sinnvoll sind, beweist eine Untersuchung der Metall-Gewerkschaft. Otto Brenners Roboter-Röntgenologe Günter Friedrichs errechnete, daß - eine Arbeitszeitverkürzung auf 35 Wochenstunden vorausgesetzt - das westdeutsche Sozialprodukt bis 1972 um rund 50 Prozent anwachsen müsse, wenn die Vollbeschäftigung gesichert bleiben soll. Friedrichs prophezeit: »Steigt das Sozialprodukt nur um 40 Prozent, so würde bei sonst unveränderten Bedingungen 1972 die Zahl der Arbeitslosen ... mindestens zwei Millionen betragen.« Herkömmliche Bäckerei Automaten erobern... ... jährlich anderthalb Millionen Arbeitsplätze in der Bundesrepublik: Automatische Waffelstraße bei Bahlsen Hüls-Generaldirektor Baumann Die Deutschen lockt... Bahlsen-Direktor Pentzlin ... die schöne Welt Elektro-Industrieller Siemens ... von 1984 Ford-Chef Henry Ford II In goldener Zukunft... VW-Chef Nordhoff ... Zylinder ohne Arbeiter Transferstraßen bei Ford (Köln) und VW: Obergefreite gesucht Simplicissimus »Ist alles nur Attrappe. Die Leute halten wir lediglich, damit die Gewerkschaft vorerst nicht kopfscheu wird - im übrigen wird der ganze Betrieb längst von einem elektronischen Aggregat im Keller gesteuert.« Industrie-Psychologe Lejeune Der Wilddieb, der den Förster riecht... Automations-Theoretiker Wiener ... am Elektronengehirn der beste Mann Reemtsma-Direktor Schötter: Parkett in der Werkhalle Metallarbeiter-Chef Brenner In acht Jahren zwei Millionen Arbeitslose? Steuerpult im Bremer Klöckner-Walzwerk Den Arbeitern am Leitstand... ... ein Lohnzuschlag für Einsamkeit: »Eisenwalzwerk« (um 1875) von Adolph von Menzel Simplicissimus »Hast du Schwein mir nicht vor sieben Wochen in die Hand versprochen, bei der nächsten Störung dürfte ich den Handgriff tun?«"
"49","0.7550441324710846","0.7550441324710846","1","Score: 10.0/10 - Der Text thematisiert explizit Hoffnungen und Ängste gegenüber der Computerisierung. Er beschreibt utopische Visionen wie Computer im Haushalt, Lernmaschinen für Kinder, automatisierte Steuererklärungen und die Verbreitung von Arbeitsplätzen über zentrale Computer. Gleichzeitig werden starke Ängste vor Überwachung, Verlust der Privatsphäre und sozialer Kontrolle thematisiert – insbesondere durch den Verweis auf George Orwells »1984«. Die Aussage, dass nur zehn Prozent der Bevölkerung produktive Arbeit leisten werden, und die Sorge um den Verlust des Anreizes zum Erfolg, zeigen eine tiefgreifende gesellschaftliche Auseinandersetzung. Die Textpassagen sind klar auf die öffentliche Diskussion über die Zukunft der Arbeit und die Rolle der Technologie ausgerichtet und bieten zentrale Einblicke in zeitgenössische Hoffnungen und Ängste.","Todlos glücklich","1966-12-25","https://www.spiegel.de/politik/todlos-gluecklich-a-3238d2ee-0002-0001-0000-000046415653?context=issue",". Professor John G. Kemeny, Mathematiker am Dartmouth College in Hanover (US-Staat New Hampshire), läßt seine sechsjährige Tochter, wenn sie artig ist, am Computer spielen. Er weiß: Wenn seine Tochter erwachsen sein wird, »werden Computer im Haushalt so selbstverständlich sein wie heute Fernsehen und Telephon«. In der fugenlos verschweißten Kunststoff-Küche des Jahres 2000, deren Fußboden sich auf Knopfdruck automatisch scheuert, stellt ein Computer (unter Berücksichtigung besonderer Diät-Wünsche) das Menü zusammen und tätigt entsprechende Bestellungen beim Supermarket. Mikrowellen-(Radar-)Herde kochen sekundenschnell das Essen gar. Ultraschall reinigt die Kleidung, während sie im Schrank hängt. Computer liefern die Programme für die Lernmaschinen der Kinder, die mit drei Jahren lesen und schreiben lernen, und füllen die Steuererklärung aus. Ein zentrales Elektronenhirn speichert für ganz Amerika die - rar gewordenen - offenen Arbeitsstellen und vermittelt auf Anfrage den gewünschten Job (""Tempo«-Futurologe John Fisher: Schwarzarbeit wird so geächtet sein wie heute Bigamie""). Aber Zentral-Computer werden auch Dossiers über jeden Bürger speichern, vom Verlauf einer Kinderkrankheit bis zur Anzahl der Ehescheidungen. Späher werden Briefe lesen können, ohne sie zu öffnen, und Fernsehtelephon-Gespräche mitschneiden, ohne Leitungen anzuzapfen. George Orwells Alptraum von der total überwachten Welt »1984« war so abwegig nicht. Eine der schwierigsten und zugleich dringlichsten Aufgaben der Zukunftsplaner ist es, wenigstens annäherungsweise abzuschätzen, wie sich der Mensch in einer solchen hochtechnisierten Überflußgesellschaft verhalten wird. Der soziologische Raster des Zukunftsbildes ist noch unscharf. Nur etwa zehn Prozent der Arbeitsfähigen im Jahre 2000 werden produktive Arbeit leisten. Mehr als drei Viertel der Arbeitswilligen werden damit befaßt sein, sich gegenseitig zu verwalten, zu bilden, zu bedienen und die gigantische Produktion der automatisierten Industrie zu verteilen, zu verkaufen und vor allem - zu verbrauchen. Manche Futurologen, so Herman Kahn, halten für denkbar, daß in der üppigen Wohlstandsgesellschaft der Jahrtausendwende der Anreiz, nach Reichtum und Erfolg zu streben, schwinden könnte. Andere hingegen, so der Münchner Publizist Wilhelm Bittorf in einer jüngst veröffentlichten Zukunftsstudie, erachten es für eine »diabologische ökonomische Notwendigkeit«, den Konsum anzuheizen*. Mehr als bisher, meint Bittorf, werde beim Einkauf von Waren »an die Stelle des praktischen Nützlichkeitsmaßstabs ... der Maßstab der sozialen Geltung und des Luxusbedarfs treten«. Mehr als je würden Reklame-Slogans die »Seligkeit des Habens, den Jammer des Nichthabens« und die »Lust am Neid der Nächsten« in die Gehirne hämmern. Uneins sind die Futurologen auch in der Prognose, wie der Mensch dereinst das vervielfachte Angebot an Freizeit füllen wird. Die einen, so der Biophysiker John R"
"50","0.7463555037975311","0.7463555037975311","1","Score: 10.0/10 - Der Text thematisiert explizit Hoffnungen und Ängste bezüglich der Computerisierung und Automatisierung. Er berichtet über eine Prognose des Zukunftsforschers Horst Wagenführ, die voraussagt, dass bis 2000 nur noch drei Arbeitstage pro Woche notwendig sein werden. Die Verlängerung der Freizeit und die Verwissenschaftlichung der Gesellschaft werden als zentrale Entwicklungen dargestellt. Besonders deutlich ist die Hoffnung auf eine »Gesellschaft von Abiturienten«, die durch »elektronische Stimulierung menschlicher Gehirnzentren« oder Drogen intelligenter werden soll. Gleichzeitig wird die Angst vor einer Machtmonopolisierung durch Großrechenzentren und die Manipulation durch Datenbanken thematisiert. Die Diskussion um die Kontrolle von Datenbanken, die Forderung nach einer Computer-Aufsichtsbehörde und die Sorge um die Machtverteilung in der digitalen Gesellschaft zeigen eine klare, konkrete Angst vor der Übermacht der Technik. Die Hoffnung auf eine humanisierte Computer-Welt wird durch Bildungsprogramme und den Zugang für Laien gestärkt. Dies ist ein vollständiger und direkter Einblick in zeitgenössische Hoffnungen und Ängste.","Wiedergeburt des Vaters","1968-10-27","https://www.spiegel.de/kultur/wiedergeburt-des-vaters-a-891daeeb-0002-0001-0000-000045949935?context=issue","Im Jahre 2000 werden die Deutschen nur noch drei Tage in der Woche arbeiten. Die Verlängerung der Freizeit und die Heraufsetzung der Schulpflicht auf 17 bis 18 Jahre werden eine erwachsene »Gesellschaft von Abiturienten« hervorbringen, die »vom Grundsatz der Machbarkeit oder dem Prinzip der Manipulation überzeugt« sein wird. Die Zahl der Wissenschaftler (gegenwärtig über zwei Millionen in aller Welt) wird sich bis 1980 verdoppelt haben, und der »Verwissenschaftlichung der Gesellschaft« wird außerdem eine »Strategie der Intelligenzverstärkung« beim einzelnen Menschen entsprechen, Mit Hilfe »elektronischer Stimulierung menschlicher Gehirnzentren« oder auch durch Drogen soll verhindert werden, daß das Gros der Menschen wie bisher »mangels Weckrufen« beim Intelligenz-Durchschnitt von 14jährigen verharrt. Solche Voraussagen entstammen einer neuen Studie der Wickert-Institute, Tübingen; ihr Autor, Professor Horst Wagenführ, hatte bereits vor zwei Jahren in einem »Report 1975« der Industrie Aufschlüsse über Ihre zukünftigen Marktchancen angeboten (SPIEGEL 48/1966)*. Im ersten Teil, einer »Sozialprognose«, die freilich »keine wissenschaftlichen Ansprüche erheben« kann (Wagenführ), macht er nun die Zukunfts-Entwicklung der deutschen Gesellschaft von der Familie bis zum Staat zu seinem Thema. Resultat der grobmaschigen Prophetie ist eine Art stromlinienförmiger Konsumgesellschaft; Wagenführ meint, daß »bei gutem Glauben der Perfektionsgrad der Gesellschaft ein höherer wird«. Wandlungen werden zwar einkalkuliert, aber doch nur als verlängerte Perspektiven der Vergangenheit. Nicht selten hält die Prognose ganz am Bestehenden fest, So bleibt für Wagenführ auch in Zukunft die Familie »das wichtigste soziale Gebilde überhaupt«. Das Institut der Ehe ist für ihn trotz vierfacher Scheidungsquote gegenüber 1900 und trotz der Neigung der modernen Gesellschaft zur »Abwechslung« vorläufig nicht gefährdet. Daran werden auch der Männerüberschuß (gegenwärtig gibt es in der Bundesrepublik 330 000 Männer im Heiratsalter mehr als Frauen) und geringe Geburtenfreudigkeit nichts ändern; US-Konzerne suchen dem inzwischen abzuhelfen und propagieren bereits die Vier-Kinder-Familie -- »im Interesse einer kraftvollen Konsumnachfrage«. Sogar das Seelenleben bezieht die Prognose des Volkswirte Wagenführ mit ein. Die effektive Anpassung in der zukünftigen Arbeitswelt soll durch * Horst Wagenführ »Report 85, gesellschaft und wirtschaft Im zukünftigen deutschland«, Wickert Institute Tübingen; 264 Seiten; 1214 Mark. eine »weiche Welle des Gefühis« in der Familie ausgeglichen werden. Entsprechend muß die Frau »das Herdfeuer der Gefühle wahren"": »Mutter ist ein Geschenk der Natur, Vater ein Produkt der Kultur.« Zukunftsforscher, so bekennt Wagenführ, »flechten hier und da auch persönliche Wunschgebilde ein«. Es ist freilich eher die Vergangenheit, die belebt werden soll"
"51","0.7462203502655029","0.7462203502655029","1","Score: 10.0/10 - Der Text thematisiert explizit Hoffnungen und Ängste bezüglich der Computerisierung und Automatisierung. Er beschreibt die Einführung von Datentechnik in Kommunalverwaltungen und die geplante Bundesdatenbank, die als Machtinstrument wahrgenommen wird. Die Angst vor einem »Orwellschen 1984« und der Machtmonopolisierung durch Großrechenzentren ist zentral. Gleichzeitig werden konkrete Hoffnungen formuliert: die Schaffung von Gesetzen zur Kontrolle, technische Entwicklungen für den Zugang von Laien zu Computern, Bildungsprogramme und die Entwicklung von Dialogsystemen mit menschlicher Sprache. Die Forderung nach einer Computer-Aufsichtsbehörde und der Einbindung von Gewerkschaften in Rechenzentren zeigt eine klare gesellschaftliche Auseinandersetzung mit den Risiken und Chancen der Technologie. Die Textstelle ist ein vollständiger und direkter Einblick in die öffentliche Diskussion über Computerisierung, Arbeitslosigkeit und die Zukunft der Arbeit.","Welt in der Stube","1968-08-11","https://www.spiegel.de/kultur/welt-in-der-stube-a-80117524-0002-0001-0000-000045950214?context=issue",". Schon heute sind Datentechniker in mehreren bundesdeutschen Kommunalverwaltungen damit beschäftigt, Einwohnerkarteien und Polizeiregistraturen in Robotergedächtnisse zu kodieren. Und die -- von Minister Stoltenberg in Berlin angekündigte -- Schaffung einer »Bundesdatenbank« für jederzeit abrufbare »polizeiliche, juristische, statistische und andere Informationen« geriet zwangsläufig ins Zwielicht der Diskussion um Macht und Manipulation. Schon vor Jahren habe das Statistische Bundesamt der USA eine solche Datenbank erstrebt, berichtete der Berliner Professor für Informationsverarbeitung Wolfgang Giloi. Eine heftige Pressediskussion habe dies jedoch vereiteln können. In fünf Jahren, so die Schätzung von Professor Fano, wird die Computer-Technik einen solchen Stand erreicht haben, daß bis dahin errichtete Wissens- und Machtmonopole in großen Rechenzentren kaum mehr zu brechen sind. Aber die in Berlin versammelten Experten meinten auch, daß sich der Marsch ins Orwellsche »1984« doch noch bremsen ließe -- wenn * die Parlamente schnell Gesetze beschließen, mit deren Hilfe der Inhalt und die Verwendung der Datenbanken wirksam kontrolliert werden können; * technische Neuentwicklungen auch finanzschwachen Individuen erlauben, selbst die unerschwinglichen Groß-Computer zu benutzen; * Aufklärungs- und Bildungsprogramme dafür sorgen, daß den Menschen kommender Jahrzehnte der Umgang mit den Automatengehirnen ebenso geläufig wird wie heute Lesen und Schreiben. Robert Fano etwa forderte eine Computer-Aufsichtsbehörde (ähnlich der Baupolizei), die den Mißbrauch von Rechenautomaten verhindern soll. Friedrich Edding, Professor für Bildungsökonomie an der Berliner TU, möchte Rechenzentren bei Gewerkschaften und anderen genossenschaftlichen Organisationen installiert sehen: Sie sollen der Computer-Machtballung in Bürokratie und Industrie das Gleichgewicht halten. An der technischen Zähmung der Supergehirne arbeitet eine Forschergruppe unter Professor Fano am Massachusetts Institute of Technology: Sie will den Automaten menschliche Umgangssprache beibringen. Mit solcherart präparierten Maschinen könnten sich auch Laien ohne Kenntnisse im Programmieren unterhalten. Diese Dialoge mit den Maschinen werden künftige Computer-Kunden nach Fanos Plänen zu Hause führen: In der Wohnstube stehen Spezialtelephone, mit deren Hilfe öffentliche Computer wie jetzt die Ansagedienste der Post angewählt werden können. Dabei würden die Teilnehmer über ein breiteres Informationsangebot verfügen, als es heute Presse, Fernsehen und Fachschriften liefern. Keine Redaktion wählt den Stoff aus, der Konformitätszwang der heutigen Massenmedien wäre überwunden. An die Realisierung einer derart humanisierten Computer-Welt will der Berliner Soziologe Helmut Klages freilich noch nicht glauben: Die Mehrheit der heutigen Zeitgenossen wäre zum intelligenten Umgang mit Fanos Informations-Automaten nicht fähig"
"52","0.7456135749816895","0.7456135749816895","1","Score: 10.0/10 - Der Text thematisiert die Computerisierung und Automatisierung explizit und mit einer starken affektiven, euphorischen Dimension. Kurt W. Marek beschreibt die Entwicklung von 'Automanthropen' – elektronischen Rechen- und Übersetzungsmaschinen – als menschenähnliche, kommunikative und selbstfortpflanzende Wesen. Er sieht in ihnen eine Fortentwicklung der Menschheit und prophezeit 'unterseeische Menschenkolonien' und die Trennung von Lust und Fortpflanzung. Diese Aussagen sind klar positiv und voller Hoffnung auf eine technologische Zukunft. Die Ablehnung 'historischer Schmollwinkel überrundeter Philosophen' zeigt eine klare Wertung: Technologie ist Fortschritt, und Skepsis ist veraltet. Die Textstelle 'Überhaupt dürfen wir Automanthrop und Mensch nur noch als verschiedene Formen betrachten' ist eine zentrale Aussage, die die Angst vor Verlust der menschlichen Identität durch Automatisierung in eine Vision der Verschmelzung von Mensch und Maschine umwandelt. Dies ist ein klares Beispiel für eine utopische Hoffnung auf Computerisierung. Die Bewertung liegt bei 10/10, da die Hoffnungen explizit, konkrete technologische Visionen enthalten und die affektive Dimension überwältigend positiv ist.","Schluß mit Ceram","1961-03-14","https://www.spiegel.de/kultur/schluss-mit-ceram-a-98d5d1f0-0002-0001-0000-000043160363?context=issue",". Der »fröhliche, Schwachsinnige«, so befindet Marek, sei »keine bedauernswerte Gestalt, sondern vom Standpunkt der zum Beispiel heute nur körperlich Arbeitenden eine in vieler Hinsicht beneidenswerte«. Mit dem gleichen Optimismus sieht Marek der Perfektionierung von Maschinen und Automaten entgegen. So prophezeit er beifällig, »zeugungsfähige« Maschinen, die sich selber »unendlich fortpflanzen« können, »unterseeische Menschenkolonien« und die Trennung von Lust und Fortpflanzung. Seine besondere Vorliebe gehört komplizierten Automaten wie etwa elektronischen Rechen- und Übersetzungsmaschinen, für die er einen neuen Namen erfunden hat: Er nennt sie »Automanthropen« (menschliche Automaten). Diese Automanthropen hätten menschliche Verhaltensweisen, sie seien der Erinnerung und der Erfahrung fähig und stünden »in kommunikativer Hinsicht dem Menschen näher als dem klassischen Automaten«. Marek: »Überhaupt dürfen wir Automanthrop und Mensch nur noch als verschiedene Formen betrachten, die durch zahlreiche Zwischenformen verwandt sind.« Verächtlich blickt Marek auf den »historischen Schmollwinkel überrundeter Philosophen und Schriftsteller«, die dem technischen Fortschritt mit geringerem Enthusiasmus begegnen. Als habe er noch nie etwas von einem Bumerang gehört, urteilt Marek tollkühn über einen der genialsten Aphoristiker der deutschen Literatur: Friedrich Nietzsche sei ein Philosoph gewesen, »der aus Erkenntnisdrang beschloß, in grundlosem Wasser zu leben, aber vergaß, daß er Lungen-Atmer war«. * Kurt W. Marek: »Provokatorische Notizen"": Rowohlt Verlag, Reinbek bei Hamburg; 156 Seiten; 12,80 Mark. * zernieren - einschließen, umzingeln. Zeit-Analytiker Marek Qui vive ohne System"
"53","0.8083371222019196","0.8083371222019196","0.9","Score: 9.0/10 - Der Text enthält mehrere explizite Ängste vor den sozialen Folgen der Automation, insbesondere vor einer drohenden Massenarbeitslosigkeit. Hans Benzinger warnt: 'Sonst ist es nur noch eine Frage von wenigen Jahren, bis wir auch in der Bundesrepublik ein Millionenheer von Arbeitslosen aufzuweisen haben.' Werner Cieslak spricht von 'furchterregenden gesellschaftspolitischen Konsequenzen' und vergleicht die Lage mit den USA, wo bereits 'bittere Erfahrungen' gemacht wurden. Carl Lorenz bringt eine marxistische Sicht ein, die auf totale Arbeitslosigkeit und Überproduktion hindeutet. Heinz W. Czymek sieht die Automation als Ursache für die Vernichtung von Arbeitsplätzen. Diese Aussagen zeigen klar formulierte, gesellschaftlich bedrohliche Ängste, die direkt auf die Forschungsfrage bezogen sind.","Briefe","1964-04-21","https://www.spiegel.de/politik/neue-welt-a-d69f650d-0002-0001-0000-000046174440?context=issue",". Ulm (Donau) GEORG BLUM Während Sie in Ihrer Titelgeschichte ein trübes Bild über die Zukunftsaussichten durch die Automation zeichnen, verniedlicht ihr Herr Simoneit diese Gefahren in seinem Gespräch mit Herrn Friedrichs von der IG Metall. Ihre Titelgeschichte erzeugt praktisch eine Panikstimmung; dagegen Herr Simoneit: Bisher sei noch kein Anlaß zur Panik gewesen. Will er denn warten, bis Anlaß dazu besteht? Nürnberg HANS BENZINGER Völlig zu Recht weist Dr. Friedrichs darauf hin, daß nur mit einer »geplanten Wirtschaft« die Probleme der Automation und insbesondere die negativen sozialen Folgen für die Arbeiter gelöst werden können. Meines Erachtens erfordert das allerdings eine grundlegende Änderung der gegenwärtigen Wirtschaftspolitik. Sonst ist es nur noch eine Frage von wenigen Jahren, bis wir auch in der Bundesrepublik ein Millionenheer von Arbeitslosen aufzuweisen haben. Essen WERNER CIESLAK Furchterregend erscheinen die gesellschaftspolitischen Konsequenzen Ihres Berichts. Sie sprechen von dem »nahezu unbegrenzten Fortschrittsglauben« der Bundesbürger. Doch was wird davon übrigbleiben, wenn bei uns ähnlich bittere Erfahrungen gemacht werden wie in den USA? Könnte in diesem Fall eine moderne Automations-Stürmerei ein Ausweg sein? Wohl kaum. Hier zeigt sich in aller Deutlichkeit, daß mit Ziel - und Planlosigkeit, wie sie die Wirtschaftspolitik der Bundesregierung auszeichnen, nichts zu gewinnen, aber alles zu verlieren ist. Bottrop (Nordrh.-Westf.) HEINZ W. CZYMEK Der Notwendigkeitsnachweis der Gewerkschaften für Lohnerhöhungen und Arbeitszeitverkürzungen ist die Geburt der Automation und per Saldo die Vernichtung der Arbeitsplätze. Berlin CARL LORENZ Ohne Marx bis dahin gelesen zu haben, war mir schon in jungen Jahren geläufig, daß zum Zeitpunkt der Vollautomation totale Überproduktion und totale Arbeitslosigkeit herrschen müssen. Im Falle des Privateigentums an den Produktionsmitteln müßten die Menschen dann bei vollen Speichern verhungern; im Falle des Gemeineigentums würden alle ohne Arbeitsleistung satt. Backnang (Bad.-Württ.) HERMANN SCHIEFER Weder Herr Brenner noch Herr Rosenberg werden über die Auslassungen des Herrn Friedrichs reine Freude empfinden. Dem Leser bleiben der Schock und letztlich der Trost, daß Herr Friedrichs noch jung ist. Darmsheim (Bad.-Württ.) WERNER SCHMIDT Zu dem Photo auf Seite 44: Die im Original aus der Zeit vor der Jahrhundertwende stammende Nachbildung der Plastik eines Schöpfkelle und Lederschurz tragenden Gießlers auf der Kommode des elegant gekleideten Metallarbeiterchefs Brenner mutet, bei aller Wertschätzung des Künstlerischen, wie das Symbol eines von Furcht genährten, rückschrittlichen Wunschdenkens an, das auch das Antlitz des Bosses widerzuspiegeln scheint. Bad Oeynhausen HERBERT SCHMIDT Trotz des Umfanges waren die Ausführungen über die Automation unvollständig"
"54","0.7944557368755341","0.7944557368755341","0.9","Score: 9.0/10 - Der Text enthält mehrere explizite Ängste vor der Zukunft der Arbeit durch Automatisierung. Günther Rowohlt prophezeit: 'Die Bahlsen-Waffelstraße wird nicht von einer Frau, sondern von Pentzlin selbst kontrolliert' und 'die Familie Bahlsen das hergestellte Gebäck allein verzehren kann' – ein Symbol für die Überflüssigkeit des Menschen. Carl Vogt spricht von einer 'halben Bevölkerung, die an vollen Tischen verhungert', was eine direkte Angst vor sozialer Katastrophe ausdrückt. F. Zobel sieht nur noch die Möglichkeit, 'als Clochard' zu leben. Hermann Froesch schlägt humorvoll vor, den SPIEGEL mit einem Roboter zu besetzen – eine kritische Metapher für die Entmenschlichung der Arbeit. Diese Aussagen zeigen klare, emotionale Reaktionen auf die drohende Arbeitslosigkeit und Entmenschlichung durch Technik.","Briefe","1964-04-21","https://www.spiegel.de/politik/neue-welt-a-d69f650d-0002-0001-0000-000046174440?context=issue",". Dieses Verhältnis wird sich in den nächsten zehn Jahren auf das Verhältnis zwei zu eins verschlechtern. Da die Produktion gesteigert werden muß und kaum anzunehmen ist, daß die Löhne stagnieren, geschweige sinken, gibt es nur einen Weg: Automation. Frankfurt KLAUS DIEDERICHS Nachdem die bundesdeutsche Volksschule als Schlußlicht westlicher Bildungspolitik ohnehin unseren Kindern nur einige Kulturtechniken der Jahrhundertwende mit dem Ziel vermittelt, sie als taugliche Häftlinge in die Produktionsgefängnisse der Wirtschaft zu entlassen, liefert Ihr längst notwendiger Artikel Herrn von Hassel noch nachträglich den Freibrief für seine Forderung: »Soldaten statt Lehrer!«. Hildesheim GÜNTER ROWOHLT In nächster Zeit werden wir es erleben, daß die Bahlsen-Waffelstraße nicht von einer Frau, sondern von Pentzlin selbst kontrolliert wird und daß die Familie Bahlsen das hergestellte Gebäck allein verzehren kann. Welch herrlichen Zeiten gehen wir entgegen - der Mensch ist überflüssig geworden. Wir bauen dann statt Wohnungen wieder Arbeitsämter, damit die Millionen Menschen betreut und registriert werden können. Frankfurt CARL VOGT Feine Zukunftsaussichten für den »freien Westen«. Die halbe Bevölkerung verhungert an vollen Tischen. Neustadt (Schleswig-Holst.) F. ZOBEL Nachdem ich Ihren Automationsartikel gelesen habe, sehe ich nur eine Möglichkeit, mein zukünftiges Leben zu fristen: als Clochard. Münster (Westf.) HERMANN FROESCH Mein Vorschlag: Der SPIEGEL möge sich doch auch, einen Roboter - beispielsweise für Schlagzeilen und Titelgeschichten - anschaffen. Stellen Sie sich vor, wenn dann im Falle eines Falles anstelle gewisser SPIEGEL-Leute »Kamerad Blech« sitzen müßte. Landshut (Bayern) LISELOTTE FRIEDRICH * Witwe des 1963 verstorbenen deutsch-amerikanischen Wirtschaftswissenschaftlers und Publizisten Fritz Sternberg. Automations -Titel Sternberg"
"55","0.7799972891807556","0.7799972891807556","0.9","Score: 9.0/10 - Der Text thematisiert explizit Ängste vor der Verdrängung von Angestellten durch Automatisierung. Er zitiert den amerikanischen Experten Everett M. Kassalow, der prophezeit, dass 'der freigesetzte leitende Angestellte' einer der 'am meisten Betroffenen' sein werde. Die Kritik an den beiden 'Thesen' der Optimisten – dass neue Industriezweige die Arbeitslosigkeit kompensieren und dass die Technik nur begrenzt anwendbar sei – zeigt, dass die Angst vor einer weitreichenden Verdrängung realistisch gesehen wird. Die Beispiele aus der Keksfabrik Bahlsen und der Spinnerei Zell-Schönau verdeutlichen, dass auch scheinbar unautomatisierbare Branchen betroffen sind. Die Aussage, dass 'die neue Technik in nahezu allen Zweigen der Industrie und Verwaltung immer mehr Teilbereiche okkupiert', ist eine klare Angst vor einer allumfassenden Verdrängung.","Einzug der Roboter","1964-03-31","https://www.spiegel.de/politik/einzug-der-roboter-a-ec698c0f-0002-0001-0000-000046173388?context=issue",". Da sich die Anlagen selbst kontrollieren und die Automaten dem Unternehmer einen schnellen und genauen Einblick in die Geschäftslage geben, setzt eine Rekonzentration des Managements ein, die sogar den leitenden Angestellten bedroht. Schon 1955 wurde bei einem Kongreß -Hearing in Washington aktenkundig: »Der draufgängerische und phantasievolle Manager, der sich auf seine durch die Erfahrung gestützte Intuition verlassen hat, ist der neuen Technik zum Opfer gefallen. An die Stelle geschickter Improvisationen ist das sorgfältig kalkulierte Risiko getreten.« »Der freigesetzte leitende Angestellte«, so prophezeite der amerikanische Automationsexperte Everett M. Kassalow, »der seine Abteilung oder Funktion verliert, wird in den kommenden Jahren vielleicht einer der am meisten Betroffenen der sich ausweitenden Automation sein.« Die Optimisten des Roboter-Zeitalters, die in Amerika selten geworden, in der Bundesrepublik aber um so häufiger anzutreffen sind, stützen ihren Fortschrittsglauben vornehmlich auf zwei Thesen. Danach sollen die sozialen Auswirkungen des technischen Fortschritts deshalb gering sein, weil - neue Industriezweige (Elektronik, Dienstleistungen) erblühen und damit den Beschäftigtenrückgang kompensieren und - die neue Technik nur begrenzt anwendbar sei. Beide Thesen sind nur sehr bedingt richtig. Zwar zeigt die Beschäftigten -Statistik in den USA wie in der Bundesrepublik, daß der Anteil der Arbeiter an der Gesamtbeschäftigung immer mehr sinkt, während die Angestelltenquote durch die sich ausweitenden Dienstleistungsberufe immer größer wird. In der Bundesrepublik verminderte sich die Zahl der Industriearbeiter im vergangenen Jahr erstmals um 115 000. Im gleichen Zeitraum wuchs die Zahl der Angestellten um 48 000. Trotz der auch im Automationszeitalter weiter wachsenden Zahl aller Beschäftigten zeigte sich jedoch in den USA, daß zugleich auch das Heer der Arbeitslosen größer wird. Allen Bemühungen der Regierung zum Trotz macht die Reservearmee mehr als fünf Prozent der Beschäftigten aus. Auch die von dem Amerikaner John Diebold, dem Erfinder des Schlagwortes Automation, verfochtene These, nur etwa 15 Prozent der Unternehmen könnten automatisiert werden, erwies sich als fragwürdig. Tatsache ist allerdings, daß die Vollautomation nur in wenigen Fällen möglich ist, beispielsweise in einigen Bereichen der Chemie-Industrie. Die Praxis zeigt jedoch, daß die neue Technik in nahezu allen Zweigen der Industrie und Verwaltung immer mehr Teilbereiche okkupiert.. Ein überzeugendes Beispiel dafür, daß sich auch Unternehmen mit nicht kontinuierlicher Fertigung weitgehend automatisieren lassen, liefert etwa die Keksfabrik Bahlsen, die sogar technisch vergleichbare US-Unternehmen in den Schatten stellt. Lange Zeit galt es unter den Experten aller Schattierungen als ausgemacht, die textilverarbeitende Industrie entziehe sich der Automation nahezu vollständig. Den Gegenbeweis lieferte kürzlich die Spinnerei und Webereien Zell-Schönau AG"
"56","0.7750882804393768","0.7750882804393768","0.9","Score: 9.0/10 - Der Text thematisiert explizit Hoffnungen und Ängste gegenüber der Automatisierung. Er zitiert Walter P. Reuther, der die Automation als notwendig und positiv für die Menschheit ansieht, und betont, dass sie das 'Schreckgespenst des Hungers, der Unwissenheit und der Furcht' bannen könne – eine klare positive Hoffnung. Gleichzeitig wird die Angst vor 'Automatisierungsopfern' angesprochen, und es wird diskutiert, wie staatliche Planung diese sozialen Härten verhindern könne. Die Zahlen über Umschulungskosten und neue Arbeitsplätze verdeutlichen die gesellschaftliche Auseinandersetzung mit den Folgen der Automatisierung. Die Textpassagen zeigen eine klare affektive Dimension: Hoffnung auf technologischen Fortschritt, aber auch Angst vor Arbeitslosigkeit. Dies entspricht den Kriterien für 9–10/10.","WER HAT ANGST VOR ROBOTERN","1966-08-28","https://www.spiegel.de/kultur/wer-hat-angst-vor-robotern-a-02c4c33f-0002-0001-0000-000046414115?context=issue",". Er warnte gleichzeitig vor Bagatellisierung des Problems, nahm jedoch für die Regierung in Anspruch, daß sie die Tatsachen ohne Übertreibung beurteilen müsse. Es ist verständlich und war zu erwarten, daß solche nüchternen Feststellungen bei der überwiegenden Mehrheit der Zuhörer keinen Beifall fanden. Leichter als Claussen hatte es Walter P. Reuther. Seine Beispiele aus der Praxis der amerikanischen Industrie waren sehr plastisch. Für ihn - und damit wohl für die US-Gewerkschaften ist der technische Fortschritt, auch in seiner letzten beschleunigten Phase, etwas Selbstverständliches und Notwendiges. Für ihn ist wirtschaftliches Wachstum ein ständiger Umschichtungsprozeß, der zwar Härten mit sich bringt, aber im ganzen gesehen doch auch für den sozialen Fortschritt unentbehrlich ist. Bei der Beseitigung oder Vermeidung von sozialen Härten will sich Reuther weniger auf die betrieblichen und tarifpolitischen Maßnahmen verlassen als vielmehr auf die Politik und besonders die Wirtschaftspolitik. Offen blieb in Reuthers Vortrag nur die Frage, wie er das von ihm geforderte Maß von Planung mit seinem Ideal der freien Welt vereinen will oder kann. Ohne jede Einschränkung kann man ihm aber zustimmen, wenn er sagt: »Bedienen wir uns der Automation mit Verstand und Voraussicht, dann bietet sie uns die Möglichkeit ... überall auf der Welt das Schreckgespenst des Hungers, der Unwissenheit und der Furcht zu bannen.« Diejenigen, die wie Reuther glauben, daß nur staatliche Planung die Menschheit vor immer neuen »Automatisierungsopfern« bewahren kann, sollten einmal über folgende wenige Zahlen nachdenken: Das amerikanische »Manpower Training and Development Programm« hat in den letzten dreieinhalb Jahren fast 900 Millionen Dollar ausgegeben, um etwa 140 000 Arbeitslose nach Umschulung wieder in den Arbeitsprozeß einzuschalten. Demgegenüber steht die Tatsache, daß die amerikanische Wettbewerbswirtschaft allein im letzten Jahr, gewissermaßen auf »natürlichem« Wege, fast zweieinhalb Millionen neue Arbeitsplätze geschaffen hat. Der Yale-Professor Neil W. Chamberlain stellte an den Anfang seines zwingenden Gedankenganges eine Analyse der berechtigten Anliegen der klassischen Gewerkschaftsbewegung: Sicherheit des Einkommens, der Funktion und der Erhaltung des sozialen Status. Ihnen gegenüber stellte er die »Unternehmerrechte«, die unabdingbar sind, um die Leistungsfähigkeit der Unternehmen zu sichern, und die Pflichten, vor allem die »Notwendigkeit, daß Unternehmensleitungen technischen Änderungen gegenüber anpassungsfähig sein müssen«. Nach Ansicht von Chamberlain hat sich nicht nur das Unternehmerturm, sondern fast die ganze Gesellschaft auf den mit dem technischen Fortschritt zusammenhängenden allgegenwärtigen Wandel, den Schumpeter »schöpferische Zerstörung« genannt hat, positiv eingestellt. Nur die Gewerkschaften vertreten eine Auffassung, die teilweise den heutigen Gegebenheiten, der gegenwärtigen Dynamik nicht mehr entspricht"
"57","0.7692640423774719","0.7692640423774719","0.9","Score: 9.0/10 - Der Text behandelt die internationale Tagung der IG Metall zur Automation und diskutiert explizit die Angst vor Arbeitsplatzverlust durch technologischen Fortschritt. Er zitiert die Zahl von 1,5 Millionen jährlich 'freigesetzten' Arbeitnehmern, die eine starke Suggestivwirkung ausübt und die öffentliche Angst vor Automatisierung verstärkt. Gleichzeitig wird die Hoffnung auf neue Arbeitsplätze und technologischen Fortschritt genannt. Die Diskussion zwischen Gewerkschaft und Arbeitgebern zeigt eine gesellschaftliche Auseinandersetzung mit den Folgen der Automatisierung. Die Textpassagen sind affektiv geprägt, und die Zahlen werden als politisch und sozial relevant dargestellt. Obwohl die Texte auch kritisch auf die 'Suggestivwirkung' der Zahlen eingehen, bleibt die thematische Zentralität von Hoffnungen und Ängsten klar erkennbar. Daher wird der Text mit 9/10 bewertet.","WER HAT ANGST VOR ROBOTERN","1966-08-28","https://www.spiegel.de/kultur/wer-hat-angst-vor-robotern-a-02c4c33f-0002-0001-0000-000046414115?context=issue","Im März 1965 veranstaltete die IG Metall in Oberhausen zum zweitenmal eine internationale Tagung Ober Gefahren und Chancen der Automation. Referate und Diskussionsbeiträge dieser Tagung sind jetzt unter der Redaktion von Dr. Günter Friedrichs, 38, dem Leiter der Abteilung »Automation und Kernenergie« beim Vorstand der IG Metall, in zwei umlangreichen Bänden dokumentiert worden. - Dr. Kurt Pentzlin, 63, der das Sammelwerk hier bespricht, hat an der Tagung teilgenommen; er ist führender Automations-Experte der Arbeitgeber und stellvertretender Geschäftsführer eines der höchstautomatisierten Betriebe in der Bundesrepublik, der Koksfabrik Bahlsen in Hannover. Dieses Sammelwerk ist nur halb so interessant, wenn man es für sich allein nimmt. Es wird viel interessanter, wenn man es im Zusammenhang mit seinem direkten Vorläufer sieht, dem Bericht über die erste internationale Arbeitstagung der IG Metall 1963 in Frankfurt. Damals reagierte die öffentliche Meinung in der Hauptsache auf einen Satz aus dem Hauptreferat des IG-Metall -Experten Günter Friedrichs. Er sagte dort unter Bezugnahme auf eine Untersuchung des Ifo-Instituts für Wirtschaftsforschung, in der für die Jahre von 1950 bis 1958 eine »Freisetzungsquote« von sechs Prozent ermittelt worden war: »Sechs Prozent aller Erwerbstätigen sind 1,5 Millionen Menschen. Diese ... werden alljährlich eingespart oder technologisch freigesetzt. Ihre Arbeitsplätze verschwinden.« Dieser Satz ist viel reportiert und diskutiert worden, ganz abgesehen davon, daß alle Welt in den vergangenen Jahren vergebens nach den Millionen von Arbeitslosen in der Bundesrepublik gesucht hat. Er muß in diesem Zusammenhang noch einmal wiederholt werden, weil dieselben Zahlen auch auf dem Oberhausener Kongreß wiederkehren, diesmal sogar im Referat des IG-Metall-Vorsitzenden Otto Brenner. Brenner spricht außerdem in Anlehnung an eine andere Berechnung für die Zeit von 1950 bis 1961 von etwa 4,1 bis 4,8 Millionen weggefallenen Arbeitsplätzen und fügt hinzu, die Untersuchung erfasse »lediglich die Zahl der tatsächlich weggefallenen, nicht aber die Zahl der in den Betrieben veränderten Arbeitsplätze, die wesentlich höher ist«. Aber so geht das doch nicht! Von solchen Sätzen und Zahlen geht eine Suggestivwirkung aus, die ganze Kongresse überschatten kann. Und da hilft es auch wenig, wenn gleich darauf ganz vernünftige Einschränkungen gemacht werden. Friedrichs: »Der technische Fortschritt setzt nicht nur Arbeitskräfte frei, sondern schafft auch neue Arbeitsplätze und Berufe.« Hauptsätze werden leider in der Öffentlichkeit immer stärker beachtet als Nebensätze. Das leidige Kapitel der »Freisetzung« und der »1,5 Millionen Arbeitslosen jährlich« kann man am besten dadurch abschließen, daß man einen der führenden Wissenschaftler des Ifo-Instituts. Edgar Wolf, selbst zu Wort kommen läßt. Er sagte am 23"
"58","0.7676118314266205","0.7676118314266205","0.9","Score: 9.0/10 - Der Text thematisiert explizit die Angst und psychologischen Härten, die der Einzug von Computern in Büros verursacht. Er beschreibt konkrete Beispiele wie die Freisetzung von 300 Angestellten bei Schwab oder die Auflösung von Abteilungen. Die Textpassagen zeigen die Angst vor Verlust des Status, der Berufserfahrung und des Ansehens. Die Begriffe 'Elektronengehirn', 'Computer', 'Mikrosekunde' und 'Programmierer' sind zentral. Gleichzeitig wird die Hoffnung auf Arbeitsentlastung und Effizienz genannt, aber auch die Kritik, dass die Hoffnung auf Personalverminderung unrealistisch ist. Die Texte sind affektiv geprägt und zeigen die gesellschaftliche Wahrnehmung des technologischen Wandels. Die Diskussion über psychologische Härten und Statusverlust ist eindeutig eine Form von Angst. Daher wird der Text mit 9/10 bewertet.","Sieg der Mikrosekunde","1965-05-25","https://www.spiegel.de/politik/sieg-der-mikrosekunde-a-3ccc2c00-0002-0001-0000-000046272769?context=issue",". Da die Ölgesellschaft nur Mieterin ist, kann sie auf die Novität umschalten, sobald sie zu haben ist. Weniger leicht fällt das Mitfahren im technischen Expreß freilich jenen Bundesdeutschen, in deren Arbeitsdomäne die elektronischen Schnelldenker einbrechen: den Angestellten. Gleich der erste deutsche Kommerz-Computer, das Informaticsystem der Quelle, demonstrierte das Problem: Er beschäftigte nur noch 400 Zulieferer, wo vorher 1200 Menschen gearbeitet hatten. Die Arzneimittelgroßhandlung Ferd. Schulze & Co in Mannheim konnte, nachdem sie ihr Lager elektronisiert hatte, die Einkaufsabteilung »fast vollständig auflösen«. Beim Versandhaus Schwab in Hanau wurden vier Abteilungen durch den Computer überflüssig und 300 Angestellte freigesetzt. Ein Brückenbau-Unternehmen bei Dortmund konnte auf 40 Statiker verzichten, nachdem es sich mit Fernleitung an das Stromgehirn der Aachener Technischen Hochschule angeschlossen hatte. Allerdings: Wie die Automation am Fließband, so hat auch die Mikrosekunde im Büro bis heute kaum Arbeitslose produziert. Die Gesamtzahl der bundesdeutschen Angestellten wächst noch, wenn auch immer langsamer - 1961 um 6,9 Prozent, im vergangenen Jahr nur noch um 2,4 Prozent. Es sind vor allem psychologische Härten, die der Einzug des Rechengeräts verursacht. Altgediente Firmenbeamte müssen erkennen, daß ihre Berufserfahrung an Wert verliert und ihr Ansehen sinkt. Angehörige aufgelöster Abteilungen werden über den Betrieb verstreut, erhalten nicht selten Lückenbüßer - Arbeiten und verlieren den Status, den sie im alten Team erworben hatten. Wie in der automatisierten Produktion, so haben auch in der elektronischen Verwaltung die umgesiedelten Arbeitskräfte meist nichts von ihrem Gehalt eingebüßt. Allerdings ist oft fraglich, ob sie in ihren neuen Jobs die gleichen Gehaltsverbesserungen erwarten können wie in den alten. Für 60jährige Buchhalter, die das Elektronengehirn von ihrem angestammten Bürostuhl verdrängt hat, mag deshalb die Mahnung scheinheilig klingen, die das Rationalisierungs-Kuratorium der Deutschen Wirtschaft den »älteren Mitarbeitern« widmet: »Keine noch so zielbewußte Vorsorge und soziale Einstellung der Arbeitgeber und des Staates kann ... die Betroffenen von der Pflicht entheben, selbst alles in ihrer Macht Stehende zu tun, um auch unter den veränderten Gegebenheiten ihren willkommenen Beitrag in der Wirtschaft leisten zu können.« Allerdings ist es den Betroffenen in jüngster Zeit sehr erleichtert worden, ihren Beitrag am Computer zu leisten. Betriebseigene Programmierer, die Gehälter um 2000 Mark bezogen, sind bei den neuesten Geräten für alle Routinearbeiten nicht mehr nötig"
"59","0.7640930116176605","0.7640930116176605","0.9","Score: 9.0/10 - Der Text thematisiert direkt Hoffnungen und Ängste bezüglich der Automatisierung. Staatssekretär Claussen gibt eine klare, aber differenzierte Einschätzung: Er lehnt Pessimismus ab, bestreitet die Behauptung von 1,5 Millionen Arbeitslosen jährlich und betont, dass in Deutschland die Verhältnisse anders seien als in den USA. Dies zeigt eine Hoffnung auf soziale Stabilität trotz technologischen Fortschritts. Gleichzeitig warnt er vor der Bagatellisierung des Problems, was implizit eine Angst vor unkontrolliertem Wandel signalisiert. Die Diskussion um Arbeitszeitverkürzung und die Ablehnung amerikanischer Muster zeigt, dass die westdeutsche Gesellschaft sich bewusst mit den sozialen Folgen der Automatisierung auseinandersetzt. Die Zitate von Experten und die kritische Auseinandersetzung mit der Zahl 1,5 Millionen zeigen eine aktive öffentliche Debatte über die Zukunft der Arbeit.","WER HAT ANGST VOR ROBOTERN","1966-08-28","https://www.spiegel.de/kultur/wer-hat-angst-vor-robotern-a-02c4c33f-0002-0001-0000-000046414115?context=issue",". Das leidige Kapitel der »Freisetzung« und der »1,5 Millionen Arbeitslosen jährlich« kann man am besten dadurch abschließen, daß man einen der führenden Wissenschaftler des Ifo-Instituts. Edgar Wolf, selbst zu Wort kommen läßt. Er sagte am 23. November 1965 in einem Vortrag vor dem Wirtschaftsbeirat der SPD, Landesverband Bayern, wörtlich folgendes, nachdem er vorher ausdrücklich dem Gewerkschaftler Günter Friedrichs seine Sorge um die arbeitenden Menschen attestiert hatte: »Er hat aber ... durch die Veröffentlichung der Zahl von 1,5 Millionen Menschen, die nie von uns errechnet wurde, die auch in der Methode der Berechnung angreifbar ist und die auf keinen Fall für eine Extrapolation in die Zukunft verwendet werden darf, der Sache ... keinen guten Dienst erwiesen.« Es ist schwer, wenn nicht unmöglich, über 36 zum Teil sehr lange Referate und über noch mehr Diskussionsbeiträge, über weit mehr als 1000 Seiten Dokumentation, auf beschränktem Raum einen einigermaßen ausreichenden Überblick zu geben. Aus sehr verschiedenen Gründen scheint es angebracht, hier in der Hauptsache nur drei Referenten herauszuheben: - Wilhelm Claussen (zur Zeit der Tagung noch Staatssekretär im Bundesarbeitsministerium), dessen Bemerkungen im Schlußwort von Otto Brenner als »dürftige Erklärungen« charakterisiert wurden; - Walter P. Reuther, den hochintelligenten und temperamentvollen amerikanischen Automobilarbeiter-Boß, der sein Referat zu einem wirtschaftspolitischen Exkurs benutzte; - Neil W. Chamberlain, Professor der Wirtschaftswissenschaften an der Yale-Universität, USA, dessen Vortrag über »Gewerkschaften und Unternehmensführung« zweifellos den Höhepunkt des ganzen Kongresses (wenn nicht gar der ganzen gegenwärtigen Automatisierungs-Diskussion überhaupt) darstellte. Staatssekretär Claussen hielt in Oberhausen nicht den brillantesten Vortrag seiner Karriere. Er referierte eben nur. Und das war vielen seiner Zuhörer nicht recht, vor allem, weil er auch einige unbequeme Wahrheiten sagte. Er erklärte, daß hinsichtlich der Auswirkungen des technischen Fortschritts bei uns zur Zeit kein Grund zu Pessimismus bestehe; daß es falsch wäre, einfach dem Beispiel USA zu folgen: »In der Bundesrepublik liegen die Verhältnisse genau umgekehrt ... Wenn unter Hinweis auf Amerika weitere Arbeitszeitverkürzungen zum Ausgleich nachteiliger Auswirkungen des technischen Fortschritts gefordert werden, so erscheint das mehr als fragwürdig.« Claussen wies ferner darauf hin, daß bei uns das Betriebsverfassungsgesetz eine gute Grundlage für sachgemäße Lösungen biete; daß die bestehenden Hilfen verschiedenster Art angesichts der günstigen Beschäftigungslage zur Zeit kaum in Anspruch genommen werden. Er sagte klar heraus, »daß nicht jede Behauptung stimmt, die als Beweis für die Eroberung unserer Fabriken durch die Roboter angeboten wird«. Er warnte gleichzeitig vor Bagatellisierung des Problems, nahm jedoch für die Regierung in Anspruch, daß sie die Tatsachen ohne Übertreibung beurteilen müsse"
"60","0.7624108791351318","0.7624108791351318","0.9","Score: 9.0/10 - Der Text enthält explizite Aussagen über Hoffnungen und Ängste gegenüber der Automatisierung. Er kontrastiert die Angst in den USA (90 % Angstschweiß bei 'Automation') mit dem 'nahezu unbegrenzten Fortschrittglauben' in der Bundesrepublik, was eine klare Hoffnung auf technologischen Fortschritt und wirtschaftlichen Erfolg widerspiegelt. Gleichzeitig wird die Angst vor 'jobmordenden' Nebeneffekten des technischen Fortschritts thematisiert, die durch die 'Vollbeschäftigung' verdeckt werden. Die Zitate von Ben B. Seligman (AFL/CIO) und die Warnung vor der Illusion, dass Verdrängte schnell neue Jobs finden, zeigen eine tiefe Angst vor struktureller Arbeitslosigkeit. Die Kritik an der Schweigsamkeit der Bundesregierung und die Warnung der Gewerkschaften unterstreichen, dass die Angst nicht nur individuell, sondern gesellschaftlich relevant ist. Die Textstelle ist ein zentrales Dokument der öffentlichen Diskussion über die Zukunft der Arbeit.","Einzug der Roboter","1964-03-31","https://www.spiegel.de/politik/einzug-der-roboter-a-ec698c0f-0002-0001-0000-000046173388?context=issue",". Bei der Automatisierung von Chemiebetrieben arbeiten wir heute aber ebenso erfolgreich wie die Amerikaner.« Im Nervenzentrum des Konzerns führt ein Elektronengehirn pro Minute 834 000 Rechen-Operationen aus. Dank der Automation sparte Hüls 10 000 Arbeitskräfte ein. Dr.-Ing. Hans Heyne, Generaldirektor der Allgemeinen Elektricitäts-Gesellschaft (AEG) und der Telefunken AG, ist der gleichen Meinung: »Im Grade der Automatisierung stehen ohne Zweifel die USA an der Spitze. Deutschland erreicht jedoch in einer Reihe von Industriezweigen wie Fahrzeugbau, Chemiefasererzeugung und Raffinerien das USA-Niveau.« Und Dr.-Ing. Ernst von Siemens, Enkel des Industriegründers Werner von Siemens und Aufsichtsratsvorsitzender des Elektro-Trusts Siemens & Halske AG, glaubt, daß außer den USA »andere Länder in der Anwendung der Automation keinen höheren Stand erreicht haben als die Bundesrepublik«. Der Einmarsch der Roboter in die Bundesrepublik vollzieht sich ebenso planmäßig wie leise. Während etwa George Meany, Chef des Dachverbandes der amerikanischen Gewerkschaften AFL/CIO noch Ende vergangenen Jahres wehklagte, die Automation sei »zu einem wahren Fluch unserer Gesellschaft geworden«, und eine »nationale Katastrophe« prophezeite, hüllt sich die Bundesregierung in Schweigen, und lediglich aus Westdeutschlands Gewerkschaftszentralen dringt gedämpftes Mahnen. Der Vorstandvorsitzende des Rationalisierungs-Kuratoriums der Deutschen Wirtschaft (RKW), Ernst Wolf Mommsen, Vorstandsmitglied des Düsseldorfer Stahl- und Röhrenkonzerns Phoenix -Rheinrohr AG, zeigte sich darob hoch erfreut: »Die Tatsache, daß wir in Deutschland nicht die geringste Anti -Stimmung gegen die Automation verspüren, bedeutet für die Unternehmer ein unschätzbares Glück.« Das von den Briten George Orwell (""1984"") und Aldous Huxley (""Schöne neue Welt"") sowie von dem tschechischen Schriftsteller Karel Capek ausgemalte Nachtgespenst einer entseelten, bis zum Terror rationalisierten Umwelt hat in den Köpfen der Deutschen von heute keinen Platz. Während 90 Prozent der Amerikaner bei dem Wort Automation repräsentativ Angstschweiß und Adrenalin absondern, huldigen die Bundesbürger einem nahezu unbegrenzten Fortschrittglauben. Auf einer Arbeitstagung der IG Metall in Frankfurt, auf der internationale Experten im Juli vergangenen Jahres über das Thema »Automation und technischer Fortschritt« diskutierten, rief der Forschungsdirektor der amerikanischen Dachgewerkschaft, Ben B. Seligman, beschwörend aus: »Die Auffassung, alle, die durch Maschinen verdrängt werden, könnten rasch neue Beschäftigung finden, ist erheiternd. Sie erinnert an einen Mann, der mit lustigem Pfeifen über einen Friedhof geht.« Unter dem Dunstschleier einer Vollbeschäftigung, die in der westlichen Welt zu Friedenszeiten kein Beispiel hat, wurde der jobmordende Nebeneffekt des technischen Fortschritts hierzulande bis heute verdeckt"
"61","0.7616904973983765","0.7616904973983765","0.9","Score: 9.0/10 - Der Text thematisiert explizit die Angst vor Arbeitsplatzverlust durch Automatisierung und die Hoffnung auf eine gerechte Umverteilung der Produktivitätsgewinne. Günter Friedrichs prognostiziert, dass jährlich 1,5 Millionen Menschen freigesetzt werden und bis 1972 15 Millionen neue Arbeitsplätze geschaffen werden müssten. Diese Zahlen zeigen eine klare Angst vor einer massiven Arbeitslosigkeit. Gleichzeitig formuliert er eine Hoffnung: durch eine Arbeitszeitverkürzung auf 35 Stunden und ein Wirtschaftswachstum von 50 % könne die Integration der Freigesetzten sichergestellt werden. Die Diskussion über die Unabhängigkeit der Automation von der Konjunktur (auch in Krisenzeiten wird rationalisiert) unterstreicht die Angst vor unkontrolliertem technologischem Wandel. Die Textstelle ist ein zentrales Beispiel für die öffentliche Diskussion über die Zukunft der Arbeit und die sozialen Folgen der Automatisierung.","SIND 35 STUNDEN GENUG?","1964-03-31","https://www.spiegel.de/politik/sind-35-stunden-genug-a-9b6ebc99-0002-0001-0000-000046173389?context=issue",". Aber für technologisch Freigesetzte war es bisher zwar einfach, neue, aber viel schwerer, auch gleichwertige Arbeitsplätze zu finden. Es geht darum, wie die Freigesetzten unterkommen, und in der Zukunft stellt sich außerdem die große Frage, ob und wo sie unterkommen. Im Jahre 1962 wurde ein Sozialprodukt von 355 Milliarden von 25,8 Millionen Erwerbstätigen - dazu zählen auch Selbständige und mithelfende Familienangehörige - erzeugt. Bei einer weiteren jährlichen Freisetzungsrate von 1,5 Millionen... SPIEGEL: ... vorausgesetzt, die Automation würde im bisherigen Umfange weitergehen. FRIEDRICHS: Natürlich. Bei einer jährlichen Freisetzungsrate von 1,5 Millionen werden in 10 Jahren 15 Millionen Menschen eingespart. Wir müssen also bis 1972 rund 15 Millionen neue Arbeitsplätze schaffen oder sichern. SPIEGEL: Aber die Freisetzung von zehn oder 15 Millionen Menschen ist ja doch wohl mehr ein Rechenkunststück auf Ihrer unschuldigen Rechenmaschine. Die EWG geht doch davon aus, daß wir in den nächsten zehn Jahren im Bundesgebiet das Brutto-Sozialprodukt um 51,5 Prozent erhöhen werden. FRIEDRICHS: Das brauchen wir auch. Wenn die Weiter- beziehungsweise Wiederbeschäftigung aller Freigesetzten gesichert werden soll, dann müssen wir ein Wirtschaftswachstum nach meinen Schätzungen von etwa 50 Prozent bis 1972 und gleichzeitig eine Verkürzung der Arbeitszeit auf 35 Wochenstunden haben. SPIEGEL: Warum auch noch eine Arbeitszeitverkürzung? FRIEDRICHS: Die EWG rechnet bis 1970, ich bis 1972. Außerdem sprechen alle Anzeichen nicht für eine Verlangsamung, sondern für eine Beschleunigung des technischen Fortschrittes. SPIEGEL: Immerhin wird sich der technische Fortschritt weitgehend nach der Entwicklung der Konjunktur ausrichten. Nähme das Wirtschaftswachstum langsamer zu würde dann nicht auch nach Ihrer Meinung die Automation oder der technische Fortschritt langsamer marschieren? FRIEDRICHS: Das möchte ich sehr stark bezweifeln. Wir haben in Deutschland in den letzten Jahren glücklicherweise keinen umfassenden Konjunkturrückgang gehabt. Aber wir hatten eine ganze Reihe von Branchen mit Produktionsrückgängen, und dort ist festzustellen, daß gerade im Zeitpunkt des konjunkturellen Rückschlages die Rationalisierung, das heißt die Freisetzung von Menschen, intensiviert wird. Das würde also bedeuten: Wenn die konjunkturelle Entwicklung sich verschlechtert, dann haben wir eher mit mehr Automatisierung als mit weniger zu rechnen. SPIEGEL: Ihr Gewerkschaftsexperte in Amerika, der verstorbene Professor Fritz Sternberg, hat errechnet, daß nur 15 Prozent der Arbeitsplätze in der Industrie automatisiert werden können und nur fünf Prozent der Arbeitsplätze in den Büros. Daraus würde sich für die Bundesrepublik ergeben, daß nicht 15 Millionen Menschen, sondern nur fünf Millionen Menschen von der Automation bedroht sind. FRIEDRICHS: Diese Zahlen sind schon sehr, alt. Sie stimmen bestenfalls dann, wenn man den Begriff der Automation technisch außerordentlich eng faßt"
"62","0.7604859471321106","0.7604859471321106","0.9","Score: 9.0/10 - Der Text thematisiert explizit die Angst vor Arbeitsplatzverlust durch Automation und Computerisierung. Dr. Günter Friedrichs warnt vor der Gefahr, dass freigesetzte Arbeitskräfte keine neuen Stellen finden werden. Konkrete Beispiele aus den USA (Ford-Werke, Schallplattenfabrik) zeigen, wie Roboter die Arbeitskräfte ersetzen und die Produktion steigern. Die IG Metall wird als Quelle von Alarmmeldungen genannt, und es wird auf die drohende Verdrängung von 1,5 Millionen Amerikanern pro Jahr hingewiesen. Auch in der Bundesrepublik werden bereits Arbeitsplätze durch Rationalisierung verloren. Die Textpassagen enthalten klare Aussagen über negative Konsequenzen der Automatisierung – Arbeitslosigkeit, soziale Unsicherheit, Verdrängung von Angestellten – und zeigen damit deutliche gesellschaftliche Ängste. Dies entspricht den Kriterien für 9–10/10.","Die toten Säle","1962-12-11","https://www.spiegel.de/politik/die-toten-saele-a-ba2abe80-0002-0001-0000-000045125197?context=issue",". Trotz des Zuzugs von 700 000 Ausländern sind derzeit immer noch 500 000 Arbeitsplätze in Westdeutschland unbesetzt. »Trotzdem haben wir eine wahnsinnige Angst vor der Stunde, in der die Produktion stagniert oder sinkt«, warnte Dr. Günter Friedrichs, 34, Leiter des Referats »Automation und Kernenergie« beim Vorstand der IG Metall. »Dann nämlich werden die freigesetzten Arbeitskräfte keine neuen Stellen mehr vorfinden.« Friedrichs, der im Auftrage Otto Brenners die Auswirkungen der Automation in England und den USA studiert, tischt seinem Vorstand laufend Alarmmeldungen auf. So haben etwa die Ford-Werke ihre Motorenfabrik in Cleveland (Ohio) zu einer kapitalistischen Roboter-Kolchose umgebaut. Früher klopften und bohrten dort 2500 Monteure, jetzt sind es nur noch 250; trotzdem stieg die Motorenproduktion um 100 Prozent. In der US-Schallplattenfabrik Columbia preßten bisher 250 Arbeiter in sechs Arbeitsgängen ihre Schnulzenteller. Heute stehen nur noch vier Aufseher gelangweilt um einen leise schnurrenden Apparat herum. Trotzdem verdoppelte sich die Produktion. Die Roboter in Amerikas Schallplattenfabriken, so teilte das Funktionärsorgan der IG Metall mit, würden den größten Teil der Arbeiter in der nächsten Zeit überflüssig machen. Auch an die Bürotüren pocht der Moloch Automation. Amerikanische Manager probieren derzeit die »phonetische Schreibmaschine« aus: Sie diktieren ihre Geschäftspost einer elektrischen Vorzimmer-Perle, die unverzüglich und fehlerfrei die Sätze niederschreibt. Binnen weniger Jahre wird dieser Roboter etwa 1,5 Millionen Stenotypistinnen aus den Büros vertreiben. Nach Schätzungen des US-Arbeitsministeriums verlieren seit längerem jährlich 1,5 Millionen Amerikaner durch die Automation ihren Arbeitsplatz und finden nur zum Teil eine neue Dauerbeschäftigung. Die weitere Verkürzung der Wochenarbeitszeit ist deshalb in den USA bereits heute keineswegs mehr eine sozialpolitische Forderung, vielmehr verfolgen Gewerkschaften und Regierung damit allein den Zweck, das weitere Anschwellen der automationsgeschädigten Reservearmee einzudämmen. Die organisierten Angestellten forderten deshalb bereits die Vier-Tage-Woche mit 30 Arbeitsstunden. Auch in der Bundesrepublik beginnt der Automations-Gargantua bereits nach den Kindern des Wohlstands zu schnappen. Der technische Fortschritt fraß in der westdeutschen Industrie bereits in den Jahren 1956 bis 1960 87 100 Arbeitsplätze, davon allein 37 700 in der Textilindustrie. Im gleichen Zeitraum verringerte sich die Zahl der Betriebe im Fahrzeugbau um 4,5 Prozent, in der Textilindustrie um fünf Prozent, bei den Glasherstellern um 5,7 Prozent und bei der Ledererzeugung um 6,6 Prozent, weil eine Anzahl Unternehmen nicht über ausreichendes Eigenkapital für Rationalisierungsinvestitionen verfügte. Von 110 Strumpfherstellern mußten bis jetzt 35 den Betrieb schließen. Die Zigaretten-, Zigarren- und Tabakindustrie entließ innerhalb von vier Jahren 22 Prozent ihrer Beschäftigten"
"63","0.7582683861255646","0.7582683861255646","0.9","Score: 9.0/10 - Der Text thematisiert explizit Hoffnungen und Ängste bezüglich der Computerisierung und Automatisierung. Er beschreibt utopische Visionen von Computern, die Schönheitsköniginnen küren, elektronische Stimmabdrücke zur Kriminalitätsbekämpfung nutzen und Menschen in Tiefkühltruhen einfrieren lassen. Diese Aussagen zeigen eine Mischung aus technischer Begeisterung und gesellschaftlicher Skepsis. Die Erwähnung von »Anti-Nörgel-Pillen« und der »total überwachten Welt« nach George Orwell deutet auf Ängste vor Verlust der Privatsphäre und sozialer Kontrolle hin. Die Textpassagen sind klar auf die öffentliche Diskussion über technologischen Wandel ausgerichtet und bieten tiefgreifende Einblicke in zeitgenössische Hoffnungen und Ängste.","Todlos glücklich","1966-12-25","https://www.spiegel.de/politik/todlos-gluecklich-a-3238d2ee-0002-0001-0000-000046415653?context=issue",". Am 22. Januar startet die amerikanische Fernsehgesellschaft CBS eine 16teilige Dokumentarserie über Zukunftsforschung. Titel: »Das 21. Jahrhundert«. »Der Mensch und seine Zukunft« war Gegenstand einer illustren Wissenschaftlertagung in London (Ciba -Kongreß 1962*) und Thema des diesjährigen »Darmstädter Gesprächs«, aber auch ein Programmpunkt auf dem 22. sowjetischen Parteitag in Moskau (""Perspektiven für das Jahr 1980""). Mehr als hundert Teilstudien der Menschheitszukunft veröffentlichte seit 1961 die von dem französischen Zukunftsforscher Bertrand de Jouvenel begründete und von der Ford Foundation finanzierte Gelehrtengesellschaft »Futuribles""**. Und für Amerikas Universitäten und Denkzentren (wie etwa die kalifornische Rand Corporation) beginnt die Erarbeitung von Zukunftsstudien bereits »zu einem beachtlichen Auftragsfaktor« (""Time"") zu werden. Amerikas Zukunftsdenker und Frankreichs Futur-Forscher sind kühner als der Utopist Edward Bellamy, dessen technische Phantasie bei Gehsteig-Markisen haltmachte. Sie sehen lautlose, abgasfreie Kolonnen elektrisch betriebener Automobile in künstlich klimatisierten Städten voraus. Sie erwarten Luftkissenfahrzeuge zu Lande, auf Schienen und zu Wasser und Passagier-Raketen, die jeden Punkt der Erde in 40 Minuten erreichbar machen, aber auch regelmäßig zu Mondbasen und Marskolonien starten. Sie prophezeien Haushaltsroboter - von denen ein Vorläufer mit Namen »Roberta« (Körpermaße: 95 - 60 - 90; Standard-Ausrede beim Porzellanzerschlagen: »Sorry, meine Handgelenke sind frisch geölt"") letzten Monat im New Yorker Kaufhaus Macys paradierte - und Computer, die nach Maßgabe des jeweiligen Weltgeschmacks Schönheitsköniginnen küren. Und sie erwarten Pflaumen ohne Kerne, Damenmode aus Blech, schmackhafte Steaks und Whisky, hergestellt aus Algen, und ausgehöhlte Asteroiden, in deren Innern einige hunderttausend Menschen wie in einer Hohlwelt siedeln. Aber die neuen Propheten sind auch konservativer als der Sozial-Wunschträumer Bellamy. Sie erwarten für das Jahr 2000 kein sozialistisches Weltenglück, keine Weltregierung. Sie teilen nicht Bellamys Mutmaßung, das Heer der Verbrecher werde auf einige Kompanien seelisch Kranker schrumpfen. Allerdings hoffen sie der wachsenden Zahl von Übeltätern schneller auf die Spur zu kommen: mit elektronischen Stimmabdrücken (SPIEGEL 26/1966) und Atemluft-Analysen vom Tatort. Auch im täglichen Umgang erwarten moderne Zukunftsforscher nicht, wie Bellamy, die konfliktlose Idylle - es sei denn mit Hilfe der von Olaf Helmer, Rand Corporation 2 vorhergesagten »Anti-Nörgel-Pille«, die der geplagte Ehemann in Notfällen beim Apotheker wird kaufen und seiner Frau ins Essen mischen können. Immerhin besteht Aussicht, daß zumindest Wohlhabende sich schon im Jahr 2000 in Tiefkühltruhen bei minus 196 Grad Celsius werden einfrieren lassen können, um - physiologisch unbeschadet - einer noch besseren Zukunft entgegenzuharren (SPIEGEL 22/1964)"
"64","0.7537288665771484","0.7537288665771484","0.9","Score: 9.0/10 - Der Text thematisiert explizit die Angst vor Arbeitslosigkeit durch wirtschaftliche Strukturkrisen, insbesondere im Zusammenhang mit der Automatisierung und Rationalisierung in der Industrie. Er beschreibt konkrete Maßnahmen wie Kurzarbeit, Entlassungen und die Trennung von 'leistungsschwachen und älteren Kräften', was auf eine gesellschaftliche Angst vor technologischem Wandel und Arbeitsplatzverlust hindeutet. Die prognostizierte Zahl von bis zu einer Million Arbeitslosen und die Sorge des Arbeitsvermittlers Anton Sabel zeigen eine klare Ängstlichkeit gegenüber der Zukunft der Arbeit. Die Erwähnung von Betriebsbereinigungen bei Krupp, VW und BBC unterstreicht die industrielle Dynamik, die mit Verlusten verbunden ist. Diese konkreten Aussagen über negative Konsequenzen der Rationalisierung in der Wirtschaft belegen eine starke affektive Dimension der Angst.","Knall im Januar","1966-12-25","https://www.spiegel.de/politik/knall-im-januar-a-b06c0c4c-0002-0001-0000-000046415540?context=issue",". Nur zwei Wochen später aber, so bewies eine Sondererhebung der Nürnberger Bundesanstalt, war die Arbeitslosenziffer auf 327 000 emporgeschnellt. Erstmals seit sieben Jahren gibt es damit in der Bundesrepublik mehr Stempelgeld-Empfänger als unbesetzte Arbeitsplätze. Abbau von Überstunden, Stopp von Einstellungen, Zwangsurlaub, Kurzarbeit und Entlassungen erschreckten Westdeutschlands Bevölkerung derart, daß bei einer Umfrage des Godesberger Instituts für angewandte Sozialwissenschaft nur noch sechs Prozent der Interviewten mit rascher Besserung rechneten. Weniger Optimisten waren nach dem Institutsbericht, seit es Meinungsumfragen gibt, noch nie gezählt worden. Zum Pessimisten wandelte sich auch der Chef-Arbeitsvermittler Anton Sabel: - Noch im Oktober sprach er von »Konsolidierung« und zeigte sich »nicht im geringsten beunruhigt«; - im November benutzte er die Ausdrücke »Normalisierung« und »Sorge« bereits parallel; - in diesem Monat schließlich gestand er, es werde »kritischer werden, als wir vor kurzem geglaubt haben«. »Der richtige Knall«, so erwartet Sabels Amt, »kommt im Januar und Februar.« Dann würden von den rund 22 Millionen Arbeitnehmern in der Bundesrepublik zwei Prozent oder knapp eine halbe Million arbeitslos sein. Wenn sich aber die Erfahrung der vergangenen Jahre wiederholt, daß der Gipfel der winterlichen Arbeitslosigkeit zweieinhalbmal so hoch ist wie der Stand vom November, muß mit erheblich mehr als einer halben Million Arbeitslosen gerechnet werden - bei anhaltend schlechter Konjunktur vielleicht sogar mit einer Million. In Nordrhein-Westfalen wollen drei von vier Baufirmen in den nächsten Monaten Arbeitskräfte entlassen. Die Hoffnung, erst könnten die Gastarbeiter weggeschickt werden, ehe Deutsche ihren Arbeitsplatz verlieren, ist falsch. »Die ungünstiger werdende Altersstruktur der deutschen Erwerbsbevölkerung«, so Anton Sabel, gestatte es nicht, auf ausländische Arbeitskräfte zu verzichten. Seit Juli hatte Westdeutschlands Wirtschaft versucht, ihren Personalbestand den schwindenden Aufträgen durch Einstellungssperren anzupassen. Krupps Gußstahlwerk Bochumer Verein beispielsweise sparte monatlich 100 Arbeitsplätze ein, das Volkswagenwerk sogar 800. Der Mannheimer Elektrokonzern BBC verzichtete insgesamt auf 2000 Arbeitnehmer. Als solche »Betriebsbereinigungen« (so das Jenaer-Glas-Werk Schott & Gen. in Mainz, das seine Belegschaft von 5300 auf 4800 Mann reduzierte) nicht mehr ausreichten, mußten die ersten Firmen Arbeitnehmer vor die Tür setzen. Sie trennten sich, um die Kurzarbeit für alle ihre Beschäftigten zu vermeiden, lieber von »leistungsschwachen und älteren Kräften« (so die Nürnberger Arbeitsverwaltung). Zwei Drittel aller jüngst entlassenen Arbeitnehmer in der Bundesrepublik sind älter als 55 Jahre. Die Montanindustrie setzte monatlich 8000 Kräfte frei, und an der Ruhr summierte sich eine Feierschicht von 46 550 Bergleuten auf 23 Schachtanlagen zu einem Lohnausfall von mehr als 1,5 Millionen Mark"
"65","0.7522043585777283","0.7522043585777283","0.9","Score: 9.0/10 - Der Text thematisiert explizit die Angst vor Arbeitslosigkeit und sozialen Folgen der wirtschaftlichen Krise, die durch Strukturkrisen in der Industrie ausgelöst wurde. Er beschreibt konkrete Maßnahmen wie vorzeitigen Urlaub, Entlassungen und die Entfernung von 'unzuverlässigen Arbeitern' – ein Hinweis auf eine neue, härtere Arbeitskultur, die mit Rationalisierung und Effizienzsteigerung verbunden ist. Die Erwähnung von NSU-Motorenwerken, wo Arbeiter wegen 'Unzuverlässigkeit' entlassen wurden, deutet auf eine Veränderung der Arbeitsbeziehung, die mit technologischem Wandel einhergeht. Die Zahlen zu Kurzarbeit, Arbeitslosigkeit und Einkommensverlust zeigen eine klare Angst vor der Zukunft der Arbeit. Die Aussage, dass die Schere zwischen Stellen und Arbeitslosen sich schloss, ist eine direkte Metapher für die Auswirkungen von Rationalisierung.","Knall im Januar","1966-12-25","https://www.spiegel.de/politik/knall-im-januar-a-b06c0c4c-0002-0001-0000-000046415540?context=issue","Im Werk Sindelfingen der Daimler-Benz AG schlüpften Angehörige des Werkschutzes in neutrale Overalls. Als Kollegen getarnt, zogen sie vor den Waschräumen auf. Wer sich dort schon vor Dienstschluß für den Feierabend putzte, konnte am nächsten Tag seine Papiere holen. Bei den NSU-Motorenwerken in Neckarsulm wurden seit September jeden Monat drei Dutzend »unzuverlässige Arbeiter« von den Fließbändern entfernt. NSU-Sprecher Arthur Westrup rief ihnen nach: »Der gute Arbeiter ist unser Mann, der Pennbruder ist es nicht.« Der Ton ist neu In der westdeutschen Wirtschaft. Noch um die Mitte dieses Jahres hatten die Unternehmen in der Regel fünf Prozent der Belegschaft als Personalreserve unterhalten und manchen »Fußkranken des Arbeitsmarktes« (so Assessor Rolf Weber für die Bundesvereinigung der Arbeitgeberverbände) durchgeschleppt. Damals fehlten in allen Branchen Arbeitskräfte. Obwohl die Zahl der Gastarbeiter im Juni mit 1,3 Millionen ihren Höchststand erreichte,: lag die Arbeitslosen-Quote der Bundesrepublik unter einem halben Prozent. Noch im September standen für jeden Stempelgeld-Empfänger fünf Stellen offen. Dann aber schwächte sich die Inlandskonjunktur ab. Die Strukturkrisen im Kohlenbergbau und in der Eisen- und Stahlindustrie schlugen durch, die teuren Hypotheken stoppten den Bau-Boom. Am Ende wurden sogar die Autofabriken und ihre Zulieferer durch motorisierungsfeindliche Bonner Haushaltskniffe um ihre Absatzchancen gebracht. »Die Schere, die so weit auseinanderklaffte, begann sich zu schließen«, bemerkte Anton, Sabel, Präsident der Nürnberger Bundesanstalt für Arbeitsvermittlung und Arbeitslosenversicherung. In die Schere geriet eine halbe Million westdeutsche Arbeitnehmer: Sie wurden von ihren Firmen zu Weihnachten 1966 wider Willen in einen vorzeitigen Jahresurlaub 1967 geschickt. 300 000 Gastarbeiter reisten ohne Rückfahrkarte in ihre Heimatländer. Und während in Büros und Werkhallen noch Plakate der IG Metall aushingen, auf denen die zum nächsten Januar ausgehandelte Verkürzung der tariflichen Wochenarbeitszeit auf 40 Stunden als erneuter »Schritt vorwärts« gefeiert wurde, konnten Zehntausende ihr Geld für Weihnachtsgeschenke nur in Kurzarbeit verdienen - in vielen Betrieben wurde wöchentlich nur 28 bis 36 Stunden gearbeitet. Noch im November 1965 hatten die Arbeitsämter in der Bundesrepublik nur 45 000 Mark Zuschuß an Kurzarbeiter zahlen müssen. Im letzten Monat war es bereits eine Million Mark. Ein auf 28 Stunden gesetzter Arbeiter, der vordem 640 Mark im Monat verdiente, bringt einschließlich des Zuschusses jetzt nur 407,04 Mark heim. Schon bis Ende November hatte sich die Zahl der offenen Stellen mit 319 000 gegenüber dem gleichen Vorjahresmonat etwa halbiert, die der Arbeitslosen mit 216 000 nahezu verdoppelt. Nur zwei Wochen später aber, so bewies eine Sondererhebung der Nürnberger Bundesanstalt, war die Arbeitslosenziffer auf 327 000 emporgeschnellt"
"66","0.7495106160640717","0.7495106160640717","0.9","Score: 9.0/10 - Der Text thematisiert explizit Hoffnungen und Ängste gegenüber der Computerisierung. Er erwähnt die Entwicklung des ersten Elektronenhirns (Eniac) und warnt vor den Gefahren der technologischen Entwicklung: die Zentralisierung von Macht und Wissen, die Möglichkeit einer totalen Überwachung durch Datenspeicherung (z. B. vollständige Bürgerkartei), und die Gefahr, dass Computer als Werkzeug diktatorischer Herrschaft missbraucht werden können. Die Aussagen von Professoren wie Robert M. Fano und Joseph Weizenbaum sind klar wertend und beinhalten direkte Ängste vor der Verlust von Freiheit und Demokratie durch Technologie. Die Begriffe 'Großer Bruder', 'Untertanen-Kartei' und 'Die Elektronengehirne könnten uns umbringen' sind explizite Ausdrücke von Angst vor technologischem Überwachungsstaat. Dies ist ein zentrales Beispiel für zeitgenössische Ängste gegenüber Automatisierung und Computerisierung.","Welt in der Stube","1968-08-11","https://www.spiegel.de/kultur/welt-in-der-stube-a-80117524-0002-0001-0000-000045950214?context=issue","Die Vision vom allwissenden Großen Bruder in einer total beherrschten Welt von »1984« erschien dem britischen Schriftsteller George Orwell im Jahre 1948. Er ahnte nicht, daß ein Patentantrag für den Prototyp des Großen Bruders schon ein Jahr lang in den Archiven des US-Patentamtes gilbte: 1947 hatten die Ingenieure John W. Mauchly und John P. Eckert Ihr Urheberrecht für das erste Elektronenhirn angemeldet, für »Eniac«. Erst in jüngster Zeit aber erkannten Computer-Fachleute die tödliche Gefahr, die einer freiheitlichen Gesellschaft durch die Perfektionierung von Denk- und Rechenrobotern droht: Sie könnten als technische Grundlage für diktatorische Herrschaft mißbraucht werden. Solche Warnungen äußerte der US-Experte Professor Robert M. Fano am vorletzten Wochenende auf der Schlußsitzung des deutsch-amerikanischen Computer-Kongresses, den das Massachusetts Institute of Technology (MIT) zusammen mit der Berliner Technischen Universität in Berlin veranstaltet hatte. 1100 Teilnehmer aus fünf Ländern vertraten einen Forschungszweig, der »das Leben der Menschen«, wie MIT-Professor Gardon 5. Brown formulierte, »mehr beeinflussen wird als die Erfindung der Drucktechnik durch Gutenberg«. Deutlich wurde wiederum, in welchem Ausmaß die deutsche Entwicklung auf diesem Gebiet hinter der amerikanischen zurückgeblieben ist. Bundeswissenschaftsminister Gerhard Stoltenberg mußte in Berlin selber einräumen, daß die bundesdeutsche Planung hoffnungslos überrollt worden sei. Und Berlins streitbare Technikstudenten sprachen gar von einer »intellektuellen Verelendung der deutschen Universitäten«. Im selben Maß freilich, wie die Amerikaner mit den elektronischen Denkspielen voraus sind, scheinen ihnen auch die Gefahren deutlicher bewußt zu sein, die mit der Zweiten Industriellen Revolution drohen. »The computer may kill us« (""Die Elektronengehirne könnten uns umbringen""), unkte MIT-Professor Fano. Und sein Kollege Joseph Weizenbaum mahnte: »Wir können es uns nicht mehr leisten, reine Wissenschaftler und Technologen zu sein -- wohin das führen kann, hat die Entwicklung der Atombombe gezeigt.« Zweierlei, so erläuterte Fano, spreche für eine Gefährdung der Gesellschaft durch Denkmaschinen: * Nur finanzstarke Organisationen können sich die teuren Supergehirne leisten -- tägliche Betriebskosten eines Großcomputers: um 10 000 Mark. * Dies und die nahezu unbegrenzte Speicherfähigkeit der Elektronengehirne könnte zu einer bislang unvorstellbaren Zentralisierung des Wissens und der Macht in wenigen wirtschaftlichen und politischen Herrschaftsschwerpunkten führen. So wäre beispielsweise eine vollständige, automatische Untertanen-Kartei mit Vermerken über Vorstrafen, Gesundheitszustand, Geheimdienstbeurteilungen, aber auch Bildungsstand und Grad der Unzufriedenheit eines jeden Bürgers nicht mehr utopisch. Schon heute sind Datentechniker in mehreren bundesdeutschen Kommunalverwaltungen damit beschäftigt, Einwohnerkarteien und Polizeiregistraturen in Robotergedächtnisse zu kodieren"
"67","0.7490984201431274","0.7490984201431274","0.9","Score: 9.0/10 - Der Text thematisiert explizit Hoffnungen und Ängste bezüglich der Computerisierung und Automatisierung in der westdeutschen Gesellschaft. Er berichtet über Zukunftsszenarien aus dem Hudson-Institut, die eine hochtechnisierte Gesellschaft im Jahr 2000 beschreiben, in der durch Automatisierung und Computerisierung Arbeitsplätze wegfallen (nur 70 % der Arbeitsfähigen haben noch Arbeit) und ein Mindesteinkommen für Nichterwerbstätige vorgesehen ist. Die Angst vor einer »Gesellschaft der Müßiggänger« und der sozialen Konsequenzen des technologischen Wandels – wie Dekadenz, Rauschmittelkonsum und soziale Zersplitterung – wird klar formuliert. Gleichzeitig werden Hoffnungen auf Überfluss, erhöhten Lebensstandard und Freizeit realisiert. Die Textpassagen sind direkt auf die Forschungsfrage bezogen und enthalten konkrete prognostizierte Konsequenzen der Automatisierung.","Todlos glücklich","1966-12-25","https://www.spiegel.de/politik/todlos-gluecklich-a-3238d2ee-0002-0001-0000-000046415653?context=issue",". Eine ganze Serie von Modellbildern der Zukunft beispielsweise sucht die amerikanische »Kommission auf das Jahr 2000« zu entwerfen. Die methodischen Hilfsmittel reichen vom Computer des Wirtschaftswissenschaftlers bis hin zur Planskizze des Architekten und Städtebauers. In einer Art Dauer-Dialog suchen die Forscher zu ermitteln, in welcher Weise etwa technische Neuerungen, ökonomische Trends, politische Machtverschiebungen oder soziale Wandlungen einander hemmen, fördern oder irgend sonst überlagern können. Alle in Frage kommenden Fakultäten sind am Gespräch beteiligt. Aus den fünfbändigen (noch unveröffentlichten) Arbeitspapieren dieser Gruppe, aus modellhaften Zukunftsschilderungen, die Herman Kahn in seinem Hudson-Institut anfertigen ließ, sowie aus einigen hundert Einzelstudien über die nächsten 35 Jahre fügt sich bereits ein Bild der Welt im Jahr 2000. Seine Umrisse sind noch verschwommen, aber die Proportionen der Hell -Dunkel-Werte sind erkennbar. Solange die Völker dieser Erde von Utopia träumen, waren Friede und Überfluß die begehrenswertesten Attribute des gelobten Landes. Zumindest der Überfluß, so prophezeien die Zukunftsforscher übereinstimmend, steht in den hochtechnisierten Ländern für das Jahr 2000 zu erwarten. Die Vokabeln der Soziologen, die über den Alltag der Jahrtausendwende nachdenken, lauten: »lustbetont«, »konsumfreudig«, »reizzugewandt«, »Gesellschaft der Müßiggänger« (""leisure society""), und Herman Kahn fügte hinzu_ »Mit einem gesunden Schuß Dekadenz.« Bis 1975, so schätzen die Wissenschaftler, werden die westeuropäischen Länder den gegenwärtigen Lebensstandard der Vereinigten Staaten erreicht haben (während sich der Abstand zu den Entwicklungsländern noch weiter vergrößern wird). Auch im Jahr 2000 wird Amerika noch in Führung sein, wenngleich mit geringerem Vorsprung. Westdeutsche Arbeitnehmer (Jahres-Durchschnittseinkommen 1966: 7 600 Mark) werden dann zwischen 16 000 und 32 000 Mark (nach heutigem Geldwert) verdienen. Jährliche Urlaubszeit für Europäer: 13 Wochen. Der Durchschnittsamerikaner wird nur noch an vier Tagen der Woche arbeiten und jährlich zwei bis vier Monate Urlaub machen. Durchschnittliches Jahreseinkommen: 100 000 Mark (1966: 20 000 Mark). Doch die US-Gesellschaft wird sich bereit finden müssen, auch Nichtstun zu bezahlen - nur für knapp 70 Prozent der Arbeitsfähigen werden noch Arbeitsplätze übrig sein. Die Unbeschäftigten werden ein Mindesteinkommen von jährlich 20 000 bis 40 000 Mark erhalten. In den kultartigen Nichtstuer-Bewegungen der Gammler und Beatniku sieht Kahn diese soziologische Entwicklung sich schon anbahnen. Rauschmittel und Medikamente werden den Menschen der Jahrtausendwende in jede gewünschte Seelenlage bringen. »Der Normalbürger des Jahres 2000«, heißt es in einer Modellstudie des Hudson-Instituts, »erwacht erquickt aus einem traumlosen, medikamentengesteuerten Schlaf. Er schluckt seine 200 -Kalorien-Frühstückspille und schlüpft in einen frischen Wegwerf-Anzug"
"68","0.7485709190368652","0.7485709190368652","0.9","Score: 9.0/10 - Der Text thematisiert die Computerisierung und Automatisierung explizit und enthält klare Aussagen über Hoffnungen und Ängste. Er beschreibt die Vision, dass Computer die Zukunft vollständig erfassen und Entscheidungen in Echtzeit unterstützen können. Die Hoffnung auf eine »perfekte maschinelle Prophetie« und die Möglichkeit, Entscheidungsträger jederzeit mit Informationen zu versorgen, wird deutlich. Gleichzeitig werden Ängste vor technischen Grenzen (z. B. zu langsame Rechenzeiten, Probleme bei der Datenbeschaffung) thematisiert. Die Beschreibung der »elektronischen Vorstandssitzung« und der »Fernfrager« als »Kreuzung zwischen Schreib- und Rechenmaschine« zeigt, wie die Technologie in der öffentlichen Diskussion als transformative Kraft wahrgenommen wird. Die Textpassagen sind direkt auf die Forschungsfrage bezogen und enthalten konkrete Erwartungen an die Zukunft der Arbeit und der Entscheidungsfindung.","Sieg der Mikrosekunde","1965-05-25","https://www.spiegel.de/politik/sieg-der-mikrosekunde-a-3ccc2c00-0002-0001-0000-000046272769?context=issue",". Die Dimension der Zukunft ist aber für die Menschen ... schwer zu erfassen, weil es dem Gehirn nicht möglich ist, die zahllosen Elemente, die auf das Geschehen einwirken, auf einmal zu übersehen ... Wenn mehrere Menschen sich zusammensetzen, lassen sich ihre Gedächtniskapazitäten kaum addieren. Die maschinellen Informationsspeicher dagegen können beliebig gekoppelt werden.« Die Dimensionen Gegenwart (""real time"") und Zukunft mit Hilfe der Elektronengehirne total zu erfassen, ist das hehre Ziel der Computer-Begeisterten. Vor allem die Möglichkeiten zur kompletten Momentaufnahme der Gegenwart sind schon weit entwickelt. Die Direktoren der amerikanischen Westinghouse Electric Corporation demonstrierten Anfang vergangenen Jahres die Vorzüge ihrer neuen Computer-Produktion mit einer elektronischen Vorstandssitzung. Die Manager saßen im verdunkelten Raum vor einem Fernsehschirm, auf dem ständig Meldungen über Betriebsablauf und -ergebnisse in den weit verstreuten Produktionsstätten des Konzerns erschienen. Mit Hilfe eines »Fernfragers«, den die US-Zeitschrift »Fortune« eine »Kreuzung zwischen Schreib- und Rechenmaschine« nennt, konnten sich die Direktoren von weit entfernten Elektronenrechnern augenblicklich weitere Informationen und Berechnungen auf die Mattscheibe zaubern lassen. Damit ist das Wunschbild von Dr. Friedrich Meller, dem Rationalisierungsexperten des Düsseldorfer Waschmittelkonzerns Henkel & Cie., der Verwirklichung sehr nahe gerückt; Meller schwärmt von Rechnern, die 'derjenige, der Entscheidungen zu treffen hat, in jedem Augenblick befragen kann, so wie er einen guten Mitarbeiter befragt«. Schon 1970, so schätzt die amerikanische Computer-Branche werden nur noch Datensysteme in »real time« installiert. Methoden, auch die Zukunft nach Art der Esso-Prognose zu erschließen, treten unter den Namen »Statistische Entscheidungs-Theorie«, »Simulation« oder einfach »Theorie der Spiele« auf. Tatsächlich handelt es sich um Spiele am elektronischen Sandkasten. Allerdings liegen vor dem Einzug ins gelobte Land der perfekten maschinellen Prophetie noch einige Hindernisse. So sind die Maschinen für die schier uferlosen Rechenoperationen groß angelegter Simulationsprogramme immer noch zu langsam. Die benötigte Rechenzeit wächst nämlich überproportional zum Pensum; ein großer Computer, der 1200 Gleichungen im »kleinen Transportprogramm« der Esso in rund fünf Minuten durchrechnen kann, braucht für 6000 Gleichungen im »großen Transportprogramm« vier Stunden. Auch die Eingabe- und Aufzeichnungsgeräte mit ihren mechanisch bewegten Teilen machen sich als Bremsen um so störender bemerkbar, je umfangreicher die gesamte Operation ist. Bei Siemens wird jedoch bereits mit einem Computer experimentiert, der gesprochene Befehle versteht, und die modernsten Schnelldrucker schaffen schon bis zu 60 000 Zeilen pro Stunde. Vor allem aber hapert es noch mit der Beschaffung aller relevanten Daten für möglichst exakte Zukunftsbilder"
"69","0.7473366558551788","0.7473366558551788","0.9","Score: 9.0/10 - Der Text thematisiert explizit Ängste vor dem Rückstand der Bundesrepublik in der Forschung und Technologieentwicklung, insbesondere im Bereich der Computer- und Laser-Technik, Raumfahrt und Erbforschung. Er hebt hervor, dass Westdeutschland an keiner der bedeutenden wissenschaftlichen Neuerungen der letzten 20 Jahre wesentlich beteiligt war. Dies wird als gesellschaftliche Gefahr gesehen, da die geistige Aufrüstung entscheidend für den Wettbewerb mit dem Osten ist. Zudem wird die Abwanderung von 500 hochqualifizierten Forschern jährlich ins Ausland als Folge fehlender Möglichkeiten in Deutschland beschrieben – ein klares Zeichen für die Angst vor Verlust von Innovationskraft und wissenschaftlicher Spitzenposition. Die Kritik an der Sozialen Marktwirtschaft als sozial desintegrierend und egoistisch verstärkt die Sorge um die Zukunft der Arbeit und der gesellschaftlichen Entwicklung im Zeichen technologischen Wandels.","Über alles in der Welt","1966-01-02","https://www.spiegel.de/politik/ueber-alles-in-der-welt-a-66b2e5d0-0002-0001-0000-000046265190?context=issue",". Philip Rosenthal, Generaldirektor der Rosenthal-Porzellan AG und einer der Spitzenreiter im Rennen des Wiederaufstiegs, meint: »Der Staat kommt nach vorn, in dem der Lehrer nach Geltung und Geld mit an erster Stelle steht. Millionen-Subventionen für Hühnereier und Milch und nur 200 000 Mark für den 'Rat für Formgebung' sind kein Ruhmesblatt unseres reichen Staates, denn die Auseinandersetzung mit dem Osten wird nicht durch atomare, sondern auch durch geistige Aufrüstung entschieden.« Ebensowenig tut die Bundesrepublik für die Forschung. Sie wendet dafür, in absoluten Werten, weniger auf als etwa England, Frankreich oder die USA, prozentual auch weniger als Japan, dessen Sozialprodukt nur zwei Drittel des westdeutschen erreicht. An keiner der wissenschaftlich und technisch bedeutsamen, für die Wirtschaft auf lange Sicht fruchtbaren Neuerungen der letzten zwanzig Jahre war Westdeutschland wesentlich beteiligt: Nicht an den Erfolgen der Raumfahrt, nicht an Computer- oder Laser-Technik, nicht am Polio-Impfstoff oder an den Erkenntnissen der Erbforschung. Jedes Jahr gehen rund 500 der höchstqualifizierten jungen Forscher und Techniker ins Ausland, vorwiegend in die USA, weil sie in Bundesdeutschland keine befriedigende Möglichkeit finden, ihren Fähigkeiten entsprechend zu arbeiten und zu verdienen. Für ausländische Lizenzen bezahlt die deutsche Industrie jährlich rund 700 Millionen Mark, für eigene nimmt sie nur 265 Millionen Mark ein. Der Hamburger Nationalökonom Professor Heinz-Dietrich Ortlieb kreidet der westdeutschen Marktwirtschaft an, sie wirke »sozial desintegrierend«. Durch »individuelle Konsumverzettelung« müßten »wichtige öffentliche Aufgaben unerfüllt bleiben«. Sie begünstige den egoistischen Typus und benachteilige den altruistischen. Die Soziale Marktwirtschaft, von der die Aktionsgemeinschaft gleichen Namens 1960 schrieb, sie tauge nicht nur besser als andere wirtschaftliche Organisationsformen für die allgemeine Güterversorgung, sondern sei überdies »der menschlichen Natur angemessen«, hat in der Tat einiges versäumt, was der menschlichen Natur frommt. Weder hat sie Sicherungen gegen eine einseitige Einkommens- und Vermögensverteilung geschaffen, noch hat sie die großen Reformprogramme, die Sozial-, Finanz-, Aktienrechts- und Umsatzsteuerreform, bewältigt. Das gefallene Wunderkind Willy Schlieker beschwerte sich auch darüber, daß nach anfänglich unkonventionellem Wirtschaften die Außenseiter gegen das »Establishment« keine Chance hätten. Vielfältige Steuervergünstigungen und Abschreibungserleichterungen nach 1948 bestärkten nicht allein die Investitionslust der Unternehmer, sie förderten zugleich eine gewaltige Vermögensbildung bei einigen wenigen. Weder das Bundesfinanzministerium noch die Länderministerien wissen, wie viele Milliarden Mark den Begünstigten durch den 7er-Paragraphen des Einkommensteuergesetzes (zum Beispiel steuerbegünstigter Wohnungsbau, Darlehen für den Schiffbau) zugeflossen sind"
"70","0.7460346221923828","0.7460346221923828","0.9","Score: 9.0/10 - Der Text thematisiert die Computerisierung und Automatisierung explizit und enthält klare Aussagen über Hoffnungen und Ängste. Dr. Friedrichs spricht von der 'großartigen Chance, welche die Automation uns bietet', und betont, dass technologischer Fortschritt es ermögliche, weniger zu arbeiten und doch besser zu leben. Er sieht in der Arbeitszeitverkürzung eine Lösung für die durch Automatisierung entstehenden Freisetzungen und verbindet dies mit der Sicherung der Vollbeschäftigung. Dies zeigt eine klare, positive Hoffnung auf technologischen Wandel. Gleichzeitig wird die Angst vor Arbeitslosigkeit angesprochen (»die Freisetzung von Arbeitskräften«), die jedoch durch die Vision einer besseren Lebensqualität und wirtschaftlichen Ausgleichsmechanismen überwunden werden soll. Die direkte thematische Verbindung zu Hoffnungen auf eine bessere Zukunft durch Automatisierung und die konkrete Diskussion von Arbeitsplatzverlust und -ersatz macht diesen Text zu einem zentralen Dokument der öffentlichen Diskussion. Daher 9/10.","SIND 35 STUNDEN GENUG?","1964-03-31","https://www.spiegel.de/politik/sind-35-stunden-genug-a-9b6ebc99-0002-0001-0000-000046173389?context=issue",". FRIEDRICHS: Das ist übertrieben. Zusätzliche Freizeit bedeutet zusätzlichen Bedarf: mehr Autos, mehr Benzin, mehr Kameras, mehr Filme, mehr Campingartikel, mehr Hotels, mehr Gaststätten, mehr Straßen, mehr Bücher, mehr Hobbys und so weiter. Es würden auf diese Weise zusätzliche Arbeitsplätze geschaffen. Dort können und müssen jene Menschen unterkommen, die anderswo technisch freigesetzt wurden. SPIEGEL: Die Unternehmer klagen schon jetzt darüber, daß das Sozialprodukt nicht mehr zügig wächst, weil zu wenig gearbeitet werde. Sie wollen nun noch weniger arbeiten, und das Sozialprodukt soll trotzdem noch stärker steigen. Führt die Gewerkschaft mit ihrer Politik die eigene Forderung nicht von vornherein ad absurdum? FRIEDRICHS: Keineswegs. Die Leistung des deutschen Industriearbeiters stieg dank der technischen Entwicklung seit 1956 im Durchschnitt um fast 60 Prozent pro Stunde. Der technische Fortschritt machte es möglich, weniger zu arbeiten und doch besser und sinnvoller zu leben. Auch in der Zukunft kann die Vollbeschäftigung gesichert werden, wenn es weiterhin gelingt, technologische Freisetzungen durch gesteigerte Produktion und sinkende Arbeitszeit auszugleichen. SPIEGEL: Die Gewerkschaft sieht also die Lösung des Problems Automation ganz einfach: Es wird keine Arbeitslosigkeit geben, weil man immer weiter die Arbeitszeit verkürzt? FRIEDRICHS: Das ist sehr stark vereinfacht. Die Automation und andere Formen der technischen Entwicklung bringen eine Vielzahl von Problemen mit sich, die alle dringend ihrer Lösung bedürfen. Aber was die Aufrechterhalutng der Vollbeschäftigung betrifft, so kann die Freisetzung von Arbeitskräften sehr wohl durch Arbeitszeitverkürzung bei gleichzeitigem Wirtschaftswachstum - das ist die notwendige Voraussetzung - ausgeglichen werden. Das ist ja die großartige Chance, welche die Automation uns bietet. SPIEGEL: Herr Dr. Friedrichs, wir danken Ihnen für dieses Gespräch. Friedrichs (l.) beim SPIEGEL-Gespräch in seinem Frankfurter Büro* »Auch als Fremdarbeiter nach Ghana .. ?« Freizeit-Hobby Gar keine Interessen? Ausgezeichnet .. !« »Ach, der kennt nur seine zwei Handgriffe .. !« »... und die indirekte Raumfreisetzung .. !« »Schauspielerin - ohne Automatisierungs-Chance .. !« * Mit SPIEGEL-Redakteur Ferdinand Simoneit."
"71","0.8023207783699036","0.8023207783699036","0.8","Score: 8.0/10 - Der Text thematisiert die Automation mit einer deutlichen affektiven Dimension. D.H. Westerhuis fordert ein Nachdenken über die 'Sackgasse unseres Fortschritts', was eine kritische Haltung gegenüber technischem Wandel signalisiert. Fred Habicht betont die Notwendigkeit einer 'grundlegenden neuen Sozialordnung', um die Automation zu verkraften, und weist auf die Gefahr hin, dass Automaten 'weder Volkswagen noch Kekse kaufen'. Fritz Schneider warnt vor 'blinder Ausweitung der Automation', die zu 'schweren Krisen und Katastrophen' führen könnte. Paul Rohs verweist auf historische Angst vor Maschinen (Kugelregler bei Watt), was die kontinuierliche Angst vor technischem Wandel thematisiert. Diese Passagen zeigen implizite und explizite Ängste, die sich auf gesellschaftliche Folgen beziehen.","Briefe","1964-04-21","https://www.spiegel.de/politik/neue-welt-a-d69f650d-0002-0001-0000-000046174440?context=issue","Ihr Automationsbericht sollte die vielen »Eierköpfe« in Westeuropa nicht nur zum Nachdenken, sondern auch zum Handeln bringen. Ulrum (Holland) D.H. WESTERHUIS Es ist an der Zeit, einmal darüber nachzudenken, wie wir aus der Sackgasse unseres »Fortschritts« herauskommen. Hamburg W. LATTEMANN Endlich ein Thema, das sich mit der Zukunft beschäftigt. In dem Artikel werden einige wunde Stellen unserer »Wohlstandsgesellschaft« aufgezeigt. Wer die Zukunft meistern will, muß die gesellschaftspolitische Gegenwart begreifen. Leider ist der Entpolitisierungsgrad schon so weit, daß ein Denken aus der Gegenwart in die Zukunft kaum vorhanden ist. Hannover FRED HABICHT Die endlose Aufführung der Automationsmöglichkeiten in allen möglichen Gebieten ist zwar interessant, aber von entscheidender Bedeutung sind die Folgerungen, die zu ziehen sind. Das kann und darf man nicht mit ein paar veralbernden Bemerkungen abtun. Es liegt ebenso im Interesse der Arbeitgeber wie der Arbeitnehmer, daß der nunmehr automatisch erzeugten Produktion die gleiche Konsumkraft gegenübersteht. Automaten kaufen weder Volkswagen noch Kekse, sie produzieren nur. Man wird den Grundgedanken jeder Technisierung voranstellen müssen: Erleichterung des menschlichen Lebens: Wir brauchen also eine grundlegende neue Sozialordnung, die imstande ist, die Automation zu verkraften. Braunschweig PAUL ROHS Die Phase der »Revolution der Maschine«, in der wir uns heute befinden, hat eine Geschichte, und wenn man Automation mit »Kontrolle von Maschinen durch Maschinen« übersetzt, so begann die heutige Malaise und damit auch das Wehgeschrei der Warner wohl mit dem Kugelregler, den James Watt mit seiner Dampfmaschine koppelte, womit er den Urvater der heutigen Automationsgeschädigten von seinem Hebel trieb. Wenn Sie nach eineinhalb Jahrhunderten Automation (in welcher Zeit schon seit langem die Familie so vollkommener Automaten wie der Flaschenblasmaschine und des Zündholzherstellers Millionen Mitmenschen von primitivster Arbeit befreite) im Jahre 1994 Ihrer Leserschaft nur ein Titelbild anbieten können, das Maschinenstürmer-Ressentiment, unreflektiertester Sorte propagiert, so verrät das nur, daß Ihr Titelgraphiker die Hauptprobleme der Automation nicht einmal ahnt. Hamburg FRITZ SCHNEIDER Der Fortschritt ist ewig. Kein Mensch kann ihn stoppen. Aber um Aufgaben, die uns im Strom des Fortschritts erwachsen, müssen wir besorgt sein, weil wir dafür in hohem Grade mitverantwortlich sind. Blinde Ausweitung der Automation müßte zu schweren Krisen und Katastrophen führen. Ein zügelschwaches oder gar zügelloses Spiel von sogenannten freien Kräften muß daher unterbleiben. Ulm (Donau) GEORG BLUM Während Sie in Ihrer Titelgeschichte ein trübes Bild über die Zukunftsaussichten durch die Automation zeichnen, verniedlicht ihr Herr Simoneit diese Gefahren in seinem Gespräch mit Herrn Friedrichs von der IG Metall"
"72","0.7869284152984619","0.7869284152984619","0.8","Score: 8.0/10 - Der Text behandelt die Automation mit einer klar erkennbaren affektiven Dimension. Er thematisiert die Angst vor Maschinen als 'alte Bekannte' und zeigt, dass jede Generation ihre Angst neu überwinden muss. Die Aussage, dass 'technischer Fortschritt niemals der Feind des Menschen ist, sondern ein guter Freund', ist eine klare Hoffnung. Gleichzeitig wird die Angst vor dem Festhalten an traditionellen Gewerkschaftsmodellen thematisiert, die den Fortschritt verlangsamen könnten. Die Kritik an der 'statistischen Denkweise' der Gewerkschaften und die Behauptung, dass 'eine Gewerkschaft nicht stark genug ist, traditionelle Arbeitsplätze in die Zukunft hinüberzuretten', zeigen eine Spannung zwischen Angst vor Verlust und Hoffnung auf Fortschritt. Die Wiederholung klassischer Argumente deutet auf eine kontinuierliche gesellschaftliche Auseinandersetzung hin.","WER HAT ANGST VOR ROBOTERN","1966-08-28","https://www.spiegel.de/kultur/wer-hat-angst-vor-robotern-a-02c4c33f-0002-0001-0000-000046414115?context=issue",". Nur die Gewerkschaften vertreten eine Auffassung, die teilweise den heutigen Gegebenheiten, der gegenwärtigen Dynamik nicht mehr entspricht. Ihre Konzeption ist ihrem Wesen nach statisch. Chamberlain: »Sie verwechseln Sicherheit mit Stabilität.« Die Gewerkschaften, sagt der Professor, »müssen ihre Denkgewohnheiten ändern«, denn »eine Gewerkschaft mag stark genug sein, die Beibehaltung traditioneller Arbeitsplätze und Arbeitsverfahren in der Gegenwart durchzusetzen. Sie ist aber nicht stark genug, sie auch in die Zukunft hinüberzuretten«. Chamberlain kommt zu der dann gar nicht mehr so überraschenden Folgerung, daß nicht die Automatisierung die Sicherheit der arbeitenden Menschen gefährdet, sondern daß im Gegenteil das Festhalten an den traditionellen Forderungen und Methoden der Gewerkschaften den technischen und sozialen Fortschritt verlangsamen oder gar in Frage stellen kann. Es war eine (bestimmt nicht in allen Einzelheiten beabsichtigte) dramatische Zuspitzung des Kongreßverlaufs, daß auf Chamberlains Vortrag ausgerechnet das Referat von Günter Friedrichs folgte, in dem all das gefordert wurde, gefordert werden mußte, was kurz vorher als grundsätzlich gefährlich beurteilt worden war. Das Merkwürdige an diesem Kongreß - und an manchem anderen zum Thema Automation, seit Norbert Wiener 1948 sein Buch »Cybernetics« schrieb - ist, daß alle Argumente und Gegenargumente nur Wiederholungen sind, wenn auch zum Teil mit neuen, einst ganz unbekannten Vokabeln. Diese Argumente sind gute alte Bekannte für jeden, der die Geschichte der modernen Technik und ihres Eindringens in die Wirtschaft der Neuzeit seit den Maschinenstürmern kennt. Es sieht so aus, als ob eben jede Generation von neuem ihre Angst vor den Maschinen überwinden muß, als ob jede Generation ohne die Erfahrung der früheren sich mühsam die Erkenntnis erarbeiten muß, daß technischer Fortschritt niemals der Feind des Menschen ist, sondern ein guter Freund. Der auch in Oberhausen, wie so oft, wiederholte Satz, daß sich keine Gleichung »technischer Fortschritt gleich sozialer Fortschritt« aufstellen lasse, stimmt nämlich nicht. Im Gegenteil: Ohne technischen gibt es keinen sozialen Fortschritt. »Automation - Risiko und Chance« Europäische Verlagsanstalt Frankfurt Zwei Bände 1172 Seiten 58 Mark Pentzlin"
"73","0.7723120152950287","0.7723120152950287","0.8","Score: 8.0/10 - Der Text thematisiert die Einführung von Computerisierung in der DDR, insbesondere die Entwicklung der elektronischen Datenverarbeitung (EDV). Er beschreibt, wie die DDR-Regierung westdeutsche und westberliner Experten engagiert, amerikanische Forschungsprogramme finanziert und Computer importiert. Die Angst vor technologischem Rückstand wird explizit genannt, und die DDR versucht, diesen durch massive Investitionen und Planung zu überwinden. Die Textpassagen zeigen sowohl Hoffnung (z. B. die Vision einer 'Computer-gesteuerten DDR') als auch Angst (z. B. der 'starke Rückstand gegenüber führenden Industrieländern'). Die Begriffe 'Rechner', 'EDV', 'Computer' und 'Robotron' sind zentral. Die Diskussion ist affektiv geprägt und zeigt eine gesellschaftliche Wahrnehmung des technologischen Wandels. Daher wird der Text mit 8/10 bewertet: Er enthält implizite Hoffnungen und Ängste, die durch die Rahmung und Wortwahl deutlich werden.","Rechner aus dem Westen","1969-10-26","https://www.spiegel.de/politik/rechner-aus-dem-westen-a-6995cec6-0002-0001-0000-000045520479?context=issue","Deutschlands erster Arbeiter-und-Bauernstaat rüstet für eine weitere Teilstrecke auf dem langen Marsch in die kommunistische Zukunft. Das neue Etappenziel: eine Computer-gesteuerte DDR. In ostdeutschen Schulen operieren schon die Abc-Schützen mit den unbestimmten Zahlen »a« und »b«. Zweitkläßler lösen Gleichungen ersten Grades, und bei den alljährlichen »Mathematik-Olympiaden« kämpfen bereits Quartaner um Medaillen. In Zukunft werden alle Berufsschüler, gleich ob Dachdecker- oder Dreherlehrlinge, EDV büffeln, die elektronische Datenverarbeitung. Noch Anfang der 50er Jahre hatten DDR-Philosophen an die Formel ihrer sowjetischen Kollegen geglaubt: »Die Kybernetik ist eine Pseudowissenschaft ... und dazu bestimmt, noch früher unterzugehen als der Imperialismus.« Zehn Jahre später, in der Bundesrepublik arbeiteten mittlerweile 600 Elektronenrechner, ging nach der Sowjet-Union auch die DDR-Regierung auf neuen Kurs. Mathematik und Kybernetik, die Mutterwissenschaften der elektronischen Rechentechnik, avancierten zu Spitzendisziplinen. EDV-Techniker und Computer kamen zu späten Ehren. Im Jahre 1964 beschloß der DDR-Ministerrat ein Programm »Zur Entwicklung, Einführung und Durchsetzung der maschinellen Datenverarbeitung«. Der Staatsrat gründete ein Fachressort für die »Koordinierung der Leitung des Einsatzes und der Nutzung der elektronischen Datenverarbeitung«, und 1967 ließ Walter Ulbricht den Elektronik-Staatssekretär Diplom-Ingenieur Günther Kleiber, 38, vom SED-Zentralkomitee zum Politbüro-Kandidaten wählen. * An einem »Robotron 100« im VEB Maschinelles Rechnen Potsdam. Um den »starken Rückstand gegenüber führenden Industrieländern« (Kleiber) auszugleichen, waren den Ostdeutschen viele Mittel recht. Sie > engagierten westdeutsche sowie West-Berliner EDV-Experten als Entwicklungshelfer und Lehrer für Qualifizierungs-Seminare > kauften sich mit 15 000 Dollar Eintritts- und 10 000 Dollar Jahresbeitrag in das renommierte amerikanische Diebold-Forschungs-Programm für EDV-Einsatz ein; > bestellten im Osten und Westen die Spitzenprodukte der Branche und > gaben ihren heimischen Betrieben Order, die Entwicklung DDR-eigener Rechner zu beschleunigen. Bald eiferten britische, amerikanische und westdeutsche Hersteller darum, Computer-Anlagen in die DDR zu verkaufen. Bis zum Juni dieses Jahres lieferten sie etwa 50 Rechner, darunter Modelle von Control Data (CDC 1604) und IBM (360/20 und 360/140), Siemens (3003) und Univac (1004). Die von den DDR-Einkäufern gewünschten Schnellstrechner wie »Control Data 6600«, »Univac 1108«, »IBM 360/65« oder »Siemens 4004« allerdings durften sie bislang nicht anbieten. Die raren Rechner stehen ihres militärischen Nutzens wegen auf der Natoverbindlichen US-Embargo-Liste. So drängen Ulbrichts Wirtschaftsplaner die heimischen Computer-Produzenten zu größerer Eile. die -- so schätzen DDR-Fachleute -- jedoch frühestens in fünf Jahren das gegenwärtige West-Niveau erreichen werden"
"74","0.7673564553260803","0.7673564553260803","0.8","Score: 8.0/10 - Der Text thematisiert explizit die gesellschaftliche Desorientierung infolge technologischer Veränderungen und Arbeitsmarktumgestaltungen durch Automatisierung. Er enthält klare Äußerungen von Experten, die unterschiedliche Hoffnungen und Ängste formulieren: Ludwig Kroeber-Keneth befürchtet ein wachsendes 'akademisches Proletariat' und 'in seiner Existenz ungesicherte' Studierende, was eine tiefe Angst vor sozialer Unsicherheit und Arbeitslosigkeit durch technologischen Wandel widerspiegelt. Gleichzeitig zeigt Erich Frister eine Hoffnung, dass durch strukturelle Reformen (z. B. Einführung von Schulpsychologen) die 'überzähligen Studierenden' wieder in die Arbeitswelt integriert werden könnten. Diese Spannung zwischen Pessimismus und Optimismus offenbart die öffentliche Diskussion über die Zukunft der Arbeit und die Angst vor einer verlorenen Berufssicherheit, die durch technologischen Fortschritt verursacht wird.","»Mit dem Latein am Ende«","1969-06-29","https://www.spiegel.de/politik/mit-dem-latein-am-ende-a-18c81491-0002-0001-0000-000045549289?context=issue",". Daher müßten soziale und gesellschaftliche Bedürfnisse der Zukunft bei derartigen Voraussagen schon von vornherein mitberücksichtigt werden.« Was Prognosen dieser Art erschwert, ist der Umstand, daß planungsrelevante Daten aus einer bildungspolitisch nicht bewältigten Gegenwart in eine ungewisse Zukunft projiziert werden müssen. In welchem Maße durch technologische Entwicklungen und sozialen Wandel Arbeitsmärkte und Berufsstrukturen umgestaltet werden, bleibt den Prognostikern vorerst verborgen. Politische Entscheidungen (Beispiel: Verlängerung oder Verkürzung der Wehrdienstzeit), pädagogische Umstrukturierungen (Beispiel: Veränderung der Klassenfrequenzen im Schulwesen) oder auch andere Faktoren (Beispiel: Veränderung der Zahlenrelation zwischen Gesamtbevölkerung und praktizierenden Ärzten) müssen Pläne und Prognosen entscheidend beeinflussen. »Die Arbeitsmarkt-Forschung«, urteilt der Direktor des Instituts für Arbeitsmarkt- und Berufsforschung in Erlangen, Dr. Dieter Mertens, »befindet sich noch durchaus in dem Stadium, in dem sich die Medizin befand. als man erstmals Anatomie betrieb.« So bedeutet der Entschluß zum Studium ausgenommen vielleicht an den mathematisch-naturwissenschaftlichen und den technischen Fakultäten -~ heute in vielen Fällen ein Wagnis. Der Vorstand der Deutschen Gesellschaft für Soziologie verlautbarte im April dieses Jahres, daß das Soziologie-Studium »in seiner bisherigen Form keine ausreichenden Berufschancen außerhalb von Forschung und Lehre« eröffne und riet den angehenden Soziologen, ihr Studium künftig mit anderen Fachrichtungen zu kombinieren, die auch auf andere »theoretische Problemstellungen oder praktische Bedürfnisse« ausgerichtet seien. Das Wagnis des Studiums pessimistisch zu deuten, hält Personalberater Ludwig Kroeber-Keneth für angemessen, der »in den Großbetrieben die Unzufriedenheit bei dem akademischen Fußvolk« wachsen sieht: »Wir steuern einem in seiner Existenz ungesicherten akademischen Proletariat großen Ausmaßes entgegen.« Es optimistisch zu sehen, scheint hingegen dem Vorsitzenden der Gewerkschaft Erziehung und Wissenschaft (GEW), Erich Frister, angezeigt. Nach Frister bedarf es »nicht viel Phantasie, um sich vorzustellen, wie man diese scheinbar überzähligen Studierenden wirklich an die Arbeitsplätze bringt"": wenn Schulen Soziologie und Politik in die Lehrpläne aufnähmen, wenn das Juristenmonopol der Verwaltung gebrochen würde, wenn die Unesco-Empfehlungen befolgt würden, für jeweils 2000 Schüler einen Schulpsychologen anzustellen. Fristers progressive Wenns und Kroeber-Keneths düstere Vorausschau markieren eine gesellschaftliche Desorientierung, die verheerende Rückwirkungen auf die Universität haben muß. Sie weiß erst recht nicht, wohin die Fahrt eigentlich gehen soll: Es gibt kaum Studien darüber, welche Berufswege die Hochschul-Absolventen nach dem Examen tatsächlich einschlagen -- aber sie wären erforderlich, um neue Studiengänge zu entwickeln"
"75","0.7597991824150085","0.7597991824150085","0.8","Score: 8.0/10 - Der Text thematisiert die Angst vor Arbeitslosigkeit durch technologischen Fortschritt und Automatisierung, insbesondere im Kontext der Arbeitszeitverkürzung. Es wird explizit darauf hingewiesen, dass die 40-Stunden-Woche nicht mehr nur aus humanistischen Gründen eingeführt wurde, sondern auch als Maßnahme gegen Massenarbeitslosigkeit. Die IG Metall wird als treibende Kraft hinter der 35-Stunden-Woche genannt, was als Reaktion auf die Auswirkungen der Automation verstanden werden kann. Die Textpassage zeigt eine klare affektive Dimension: Die Arbeitszeitverkürzung wird nicht als Geschenk der Technik, sondern als »Kind der Furcht, ganz ohne Arbeit zu sein« interpretiert. Dies zeigt eine gesellschaftliche Angst vor der Zukunft der Arbeit. Die historische Einordnung in die Tradition von Schiller, Engels und Marx unterstreicht die langfristige Diskussion über die menschliche Rolle im Zeitalter der Maschinen. Die Bewertung liegt bei 8/10, da die Ängste klar erkennbar sind, aber nicht in der Form einer direkten Alarmmeldung, sondern durch kritische Reflexion.","Die Dame auf dem Tiger","1964-09-08","https://www.spiegel.de/politik/die-dame-auf-dem-tiger-a-1da94e4c-0002-0001-0000-000046175241?context=issue",". Am Vorabend der industriellen Revolution beklagte Schiller in seinen visionären Briefen »Über die ästhetische Erziehung des Menschen« (1793/95) die Schäden, die dem Menschen durch »das tyrannische Joch« des Erwerbstriebs zugefügt würden. Der Mensch, der zum »zerstückelten« und »verstümmelten« Roboter werde, war sein Alptraum. Schiller ersehnte »seligen Müßiggang«. Künstlerische Erziehung, so hoffte er, könnte den Schäden der Arbeit entgegenwirken und den Zeitgenossen wieder ein Gefühl der griechischen Dreieinheit von Körper, Geist und Seele geben. Aber diese Hoffnung war nicht sehr groß: »Das schöne Ganze menschlicher Natur« werde durch »jede Arbeit augenblicklich und durch ein arbeitendes Leben anhaltend zerstört.« Die industrielle Revolution kam, und mit ihr triumphierte die Arbeit in ihrer schlimmsten Form: in der maschinenmäßigen, malochenden Schufterei des Proletariers, an der gemessen die Arbeit eines mittelalterlichen Handwerkers wie das freie Schaffen eines selbstvergessenen Künstlers anmuten mußte. Durchaus im Schillerschen Geist schrieb der junge Friedrich Engels in seinem Bericht über »Die Lage der arbeitenden Klasse in England«, daß nichts den Menschen mehr beglücke, als eigenschöpferisches Tun, bei dem er seine menschlichen Möglichkeiten verwirklichen und sich an Körper und Geist bilden könne. Aber nichts sei »fürchterlicher, als alte Tage von morgens bis abends etwas tun zu müssen, was einem widerstrebt ... Wer ... jeden Tag Nadelköpfe gemacht oder Kammräder abgefeilt ... hat, wieviel menschliche Gefühle und Fähigkeiten mag der in sein 30. Jahr hinüberretten?« Karl Marx forderte als erster eine »gesetzliche Beschränkung des Arbeitstages« nicht nur für Frauen und Kinder, sondern auch für deren Männer, »um der Arbeiterklasse mehr Zeit für die geistige Entwicklung zu geben«. Aber als die 40-Stunden-Woche in den dreißiger Jahren dieses Jahrhunderts in USA und in Frankreich erstmals eingeführt wurde, geschah es schon nicht mehr allein aus einem humanistischen Zug zu Muße und geistiger Entwicklung: Es geschah auch als Maßnahme gegen die Massenarbeitslosigkeit. Und im Zeitalter der Automatisierung wurden Arbeitsverkürzungen trotz gefühlvoller Gewerkschafts-Slogans wie »Samstags gehört Vati mir« vollends zu einem Mittel, die Arbeit zu strecken und möglichst viele Menschen in Lohn und Brot zu halten - Zeit ohne Arbeit nicht als generöses Geschenk aus dem Füllhorn der Technik, sondern als Kind der Furcht, ganz ohne Arbeit zu sein. Schon liebäugelt die IG Metall, Sturmbock der Arbeitszeitverkürzung in Deutschland, mit der 35-Stunden -Woche im Jahre 1972 - was dem katholischen »Rheinischen Merkur« den Schreckensruf entlockte, das habe »uns gerade noch gefehlt«. Aber von der Prophylaxe gegen die Auswirkungen der Automation abgesehen, gab es und gibt es genug andere Gründe, den Industriemenschen nach Freizeit verlangen zu lassen"
"76","0.7585796117782593","0.7585796117782593","0.8","Score: 8.0/10 - Der Text thematisiert die Angst vor Arbeitsplatzverlust durch technologischen Fortschritt, insbesondere durch Automation und Rationalisierung. Dr. Friedrichs warnt vor den Folgen der gesamten technischen Entwicklung, nicht nur der Automation. Er nennt konkrete Beispiele wie die Freisetzung von Millionen Menschen im Dienstleistungssektor und in der Landwirtschaft. Die Diskussion um die Reibungslosigkeit der Integration von Freigesetzten wird kritisch hinterfragt – insbesondere die Rolle der Gastarbeiter, die aufgrund langer Verträge keine kurzfristige Entlassung ermöglichen. Die Aussage, dass die Gewerkschaften nicht gegen die Automation sind, verdeutlicht, dass die Angst nicht in Opposition zur Technik liegt, sondern in der Unsicherheit über die Folgen. Die Textpassagen enthalten klare Aussagen über erwartete negative Konsequenzen (Arbeitsplatzverlust, soziale Unsicherheit), was eine explizite Thematisierung von Ängsten darstellt. Die Bewertung liegt bei 8/10, da die Ängste implizit durch die Argumentation und die kritische Haltung gegenüber der scheinbaren Reibungslosigkeit der Integration erkennbar sind.","SIND 35 STUNDEN GENUG?","1964-03-31","https://www.spiegel.de/politik/sind-35-stunden-genug-a-9b6ebc99-0002-0001-0000-000046173389?context=issue",". FRIEDRICHS: Diese Zahlen sind schon sehr, alt. Sie stimmen bestenfalls dann, wenn man den Begriff der Automation technisch außerordentlich eng faßt. Tatsächlich werden aber nicht nur durch Automatisierung Arbeitskräfte eingespart. In vielen Bereichen der Wirtschaft wird es ja heute erst möglich zu mechanisieren. SPIEGEL: Wenn Sie von einer Bedrohung der Arbeitsplätze sprechen, denken Sie demnach immer an den gesamten technischen Fortschritt, nicht nur an die Automation. FRIEDRICHS: Ich meine die gesamte technische Entwicklung, und das ist sehr viel mehr als nur Automation. Sie können zum Beispiel und werden mit Sicherheit in den nächsten Jahren Millionen von Menschen im Sektor Dienstleistungen, besonders im Handel, durch organisatorische Veränderungen einsparen; genausogut wie wir in den vergangenen zehn Jahren in der Landwirtschaft trotz Produktionssteigerung mehr als eine Million Menschen freigesetzt haben und in den nächsten zehn Jahren dort durch Mechanisierung noch einmal die gleiche Menschenmenge freisetzen werden. Darüber hinaus müssen wir die indirekten Freisetzungen berücksichtigen. Tätigkeiten, die auf den ersten Blick absolut automationssicher zu sein scheinen, können durch indirekte Freisetzungen jederzeit verschwinden. SPIEGEL: Bisher jedenfalls hat die Unterbringung der Freigesetzten innerhalb der gesamten deutschen Industrie beziehungsweise der westdeutschen Volkswirtschaft reibungslos geklappt. FRIEDRICHS: Dank der vollzogenen Arbeitszeitverkürzungen, des kräftigen Wirtschaftswachstums via Lohnerhöhungen und des Aufbaues der Bundeswehr, die der deutschen Wirtschaft immerhin 650 000 Arbeitskräfte permanent entzieht. SPIEGEL: Aber wir haben seit Jahren über 500 000 offene Stellen und werden im Sommer dieses Jahres wieder 950 000 Gastarbeiter in der Bundesrepublik beschäftigen. Wir haben damit eine Reserve von etwa anderthalb Millionen Arbeitsplätzen in Deutschland. Kann es da so bedrohlich werden? FRIEDRICHS: Zunächst: Die Zahl der offenen Stellen enthält bekanntlich einige Luft; es werden teilweise auf Verdacht hin Arbeitskräfte angefordert. Und die Gastarbeiter werden im Falle etwaiger Arbeitslosigkeit kaum als Puffer dienen können; sie haben langfristige Verträge, die nicht ohne weiteres gekündigt werden können. SPIEGEL: Sie haben längerfristige Verträge als deutsche Arbeiter? FRIEDRICHS: In der Regel, ja. SPIEGEL: Der deutsche Arbeiter ist in vierzehn Tagen kündbar? FRIEDRICHS: Der größte Teil, ja. SPIEGEL: Sie meinen, wenn wir zum Beispiel einen kurzfristigen Wirtschaftsumschwung haben, können wir nicht kurzfristig Gastarbeiter »rausschmeißen« und Deutsche an ihrer Stelle unterbringen. Das mag sein. Aber ingesamt jedenfalls ist die Automation reibungslos und ohne Spektakel verlaufen. Die Arbeiter haben keine Angst vor der Automation. FRIEDRICHS: Das stimmt keineswegs allgemein. SPIEGEL: Aber die Gewerkschaften sind doch nicht im Prinzip dagegen ... FRIEDRICHS: Wir sind alles andere als Gegner der Automation"
"77","0.7582069039344788","0.7582069039344788","0.8","Score: 8.0/10 - Der Text behandelt die Automatisierung mit einer deutlichen affektiven und evaluativen Dimension. Er thematisiert die Angst vor Arbeitsplatzverlusten und beruflicher Entwertung, indem er konkrete Beispiele wie die Umstellung von Schleifern und Punktschweißern auf »Teile-Einleger« nennt. Die Aussage, dass die neuen Tätigkeiten »keine Lehre erfordern« und nur »hohes Reaktionsvermögen« verlangen, zeigt eine implizite Sorge um die Entwertung traditioneller Berufe. Gleichzeitig wird die Hoffnung auf eine neue Form der Arbeit und die Notwendigkeit einer neuen Qualifikationsstruktur angedeutet. Der Text ist zentral für die öffentliche Diskussion über die Zukunft der Arbeit und die sozialen Folgen der Automatisierung.","SIND 35 STUNDEN GENUG?","1964-03-31","https://www.spiegel.de/politik/sind-35-stunden-genug-a-9b6ebc99-0002-0001-0000-000046173389?context=issue",". Die Arbeiter haben keine Angst vor der Automation. FRIEDRICHS: Das stimmt keineswegs allgemein. SPIEGEL: Aber die Gewerkschaften sind doch nicht im Prinzip dagegen ... FRIEDRICHS: Wir sind alles andere als Gegner der Automation. Aber man sollte nicht zu optimistisch über ihre möglichen Auswirkungen sein. Manches kommt anders als man denkt. Das haben wir gerade bei der Automation erlebt. SPIEGEL: Beispielsweise scheint es durchaus nicht so zu sein, daß automatisierte Betriebe nur superintelligente Arbeiter beschäftigen können und die anderen Straßenfeger werden müssen. Diese Annahme hat sich doch gar nicht bestätigt. FRIEDRICHS: Ja, das stimmt allerdings. Noch vor wenigen Jahren waren alle, auch die Gewerkschaften, davon überzeugt, daß die Automation die beruflichen Anforderungen generell erhöhen würde. SPIEGEL: Man hat geglaubt, wir brauchten in Zukunft nur noch White Collar People, also den Angestellten -Typ, oder, wie die »Welt« geschrieben hat, jeder Bergmann müsse in Zukunft fast ein Ingenieur sein. FRIEDRICHS: Das stimmt eben nur teilweise. Zwar brauchen wir in der Zukunft zweifellos mehr Techniker, Ingenieure und Wissenschaftler; für die Masse der Angestellten und Arbeiter ergeben sich dagegen nur wenige Höherqualifizierungen, sehr oft jedoch gewisse Entwertungen beruflicher Qualifikationen. SPIEGEL: Das heißt also: Für die Tätigkeit an Automaten braucht der »Wärter« nicht eine Lehre zu absolvieren, er wird keinen Gesellenbrief mehr haben, sondern er wird nur die Fertigkeiten erwerben, die für die Bedienung dieses Automaten erforderlich sind. FRIEDRICHS: Es wird von ihm vor allem hohes Reaktionsvermögen verlangt. Das ist etwas ganz anderes als das, was in der bisherigen Lehrausbildung vermittelt wurde, und das ist auch etwas, was man im Grunde genommen nicht durch eine Lehre vermitteln kann. Sehen Sie, bei Bahlsen... SPIEGEL: ... der hannoverschen Keksfabrik? FRIEDRICHS: Ja. Bei Bahlsen gibt es zwar noch Arbeitskräfte, die Bäcker genannt werden. Tatsächlich aber brauchen sie weder eine Bäckerlehre noch irgendwelche spezifischen beruflichen Kenntnisse; sie haben vorwiegend Überwachungsfunktionen und müssen schnell und sicher reagieren können. Oder ein anderes Beispiel: Im VW-Werk traten an die Stelle von Schleifern und Punktschweißern... SPIEGEL: ... also an die Stelle von Fachleuten oder langfristig angelernten Kräften ... FRIEDRICHS: ... das sind langfristig angelernte Leute, die einen erheblichen Grad von beruflichen Kenntnissen und beruflicher Geschicklichkeit brauchten. An ihre Stelle traten Teile-Einleger. SPIEGEL: Wie lange brauchten die, bis sie das konnten? FRIEDRICHS: Zum Teile-Einlegen brauchen sie so gut wie überhaupt keine Vorbereitungszeit. Das ist innerhalb von längstens einer Woche zu erlernen. Und in der Stahlindustrie verschwanden zum Beispiel die Ofenleute und die Um- und Vorwalzer. Ihre Arbeit war ehemals hochqualifiziert. SPIEGEL: Das war die Creme der Stahlleute"
"78","0.7550120055675507","0.7550120055675507","0.8","Score: 8.0/10 - Der Text behandelt die Computerisierung mit einer klaren affektiven Dimension. Der Soziologe Helmut Klages äußert die Sorge, dass die Mehrheit der Menschen nicht fähig sei, mit Computern intelligent umzugehen, was zu »neuen Manipulationseffekten« führen würde. Dies ist eine explizite Angst vor gesellschaftlicher Kontrolle und technologischer Überforderung. Gleichzeitig wird die Hoffnung auf einen »Lernprozeß der Menschen« als Lösung formuliert. Die Aussage, dass ein öffentlicher Computerdienst zu Manipulation führen würde, zeigt eine kritische Haltung gegenüber der Technologie. Die Textpassagen sind nicht nur technisch, sondern enthalten eine klare gesellschaftliche Bewertung und zeigen, wie die öffentliche Diskussion über die Zukunft der Arbeit und die Rolle der Technologie geprägt war.","Welt in der Stube","1968-08-11","https://www.spiegel.de/kultur/welt-in-der-stube-a-80117524-0002-0001-0000-000045950214?context=issue",". An die Realisierung einer derart humanisierten Computer-Welt will der Berliner Soziologe Helmut Klages freilich noch nicht glauben: Die Mehrheit der heutigen Zeitgenossen wäre zum intelligenten Umgang mit Fanos Informations-Automaten nicht fähig. Ein öffentlicher Computerdienst würde mithin nur zu neuen »erheblichen Manipulationseffekten führen«. Einziger Ausweg, laut Klages: ein gewaltiger, beschleunigter »Lernprozeß der Menschen«, der sie geistig fit macht für die Roboter-Ära."
"79","0.7517959177494049","0.7517959177494049","0.8","Score: 8.0/10 - Der Text thematisiert die Fehlprognosen der Wirtschaftsforschung und die damit verbundene Unsicherheit über die Zukunft der Wirtschaft. Die Erwähnung von 'wissenschaftlichen Mitarbeitern für die volkswirtschaftliche Gesamtrechnung' und die Notwendigkeit, 'zuverlässigere Daten' zu gewinnen, deutet auf eine Hoffnung auf bessere Planung durch verbesserte Methoden – möglicherweise auch durch computergestützte Modelle. Die Kritik an den 'Rekordjahren der Fehlprognosen' zeigt eine Angst vor unvorhersehbaren wirtschaftlichen Entwicklungen, die durch technologische Rationalisierung und Automatisierung verstärkt werden könnten. Die Textstelle impliziert eine gesellschaftliche Sorge um die Kontrolle über wirtschaftliche Prozesse, die mit der zunehmenden Komplexität und Technisierung verbunden ist.","Falsche Noten","1968-02-04","https://www.spiegel.de/politik/falsche-noten-a-faa6477a-0002-0001-0000-000046135559?context=issue","Mit Inseraten unter der Kennziffer Z 218 suchte Bundeswirtschaftsminister Karl August Schiller, 56, »Diplomvolkswirte, Höchstalter 35 Jahre«. Sie sollten sich bei ihm als wissenschaftliche Mitarbeiter für die zukunftsdeutende »volkswirtschaftliche Gesamtrechnung« bewerben. Schillers junge Wahrsager (Staatsexamen: mindestens »befriedigend"") sind dazu ausersehen, zuverlässigere Daten über die voraussichtliche Entwicklung der westdeutschen Wirtschaft zu gewinnen als bisher. Denn 1967, so fand das Deutsche Industrieinstitut in Köln, war ein »Rekordjahr der Fehlprognosen«. Den Anfang hatten sechs führende deutsche Konjunkturforschungsinstitute mit ihrer Gemeinschaftsprognose vom Herbst 1966 gemacht*. Sie stellten für das Jahr 1967 einen Wegweiser auf, der Westdeutschlands Unternehmern, Kaufleuten und Ver- * Deutsches Institut für Wirtschaftsforschung (Berlin), Hamburgisches Welt-wirtschafts-Archiv, Ifo-Institut für Wirtschaftsforschung (München), Institut für landwirtschaftliche Marktforschung (Braunschweig), Rheinisch-Westfälisches Institut für Wirtschaftsforschung (Essen), Institut für Weltwirtschaft (Kiel). brauchern eine vergleichsweise bequeme Wanderung entlang der Abhänge des Konjunkturtales verhieß. Real, das heißt ohne Preiserhöhungen, sollte laut dem herbstlichen Orakel Westdeutschlands Bruttosozialprodukt von Januar bis Juni 1967 um 2,3 Prozent wachsen, von Juli bis Dezember sogar um 2,9 Prozent. In Wahrheit aber wuchs im Unglücksjahr 1967 nichts mehr. Arbeitgeber und Arbeitnehmer plumpsten schmerzhaft auf die Talsohle der Konjunktur: > Die Zahl der Arbeitsplätze sank um 700 000; > die Zahl der Arbeitslosen stieg um 300 000; > Löhne und Gehälter stagnierten bei 243 Milliarden Mark; > die Unternehmergewinne schrumpften um mehr als vier auf 115 Milliarden Mark. Als das offizielle Statistische Bundesamt die Scherben des vergangenen Jahres im Januar 1968 vorläufig sichtete, stellte es fest: Statt zuzunehmen, hatte sich das reale Sozialprodukt sogar um 0,5 Prozent verkleinert. Nicht nur die herbstliche Privatprognose indes, auch die sogenannte Zielprojektion des Bundeswirtschaftsministers (vom Februar 1967) selbst war danebengegangen. Karl Schiller hatte mit zwei Prozent realem Wirtschaftszuwachs gerechnet. Und noch im Sommer 1967 glaubte das Münchner Ifo-Institut aus einer Umfrage bei Unternehmern Anzeichen für einen Aufschwung herauslesen zu können. Dr. Otto Vogel, Leiter der wirtschaftspolitischen Abteilung des Industrieinstituts, bescheinigte den Propheten auch ein im Detail »kümmerliches Ergebnis«. Das Wirtschaftsministerium zum Beispiel habe erwartet, daß die Lagervorräte um 2,2 Milliarden Mark zunehmen würden. Tatsächlich aber nahmen sie um vier Milliarden Mark ab, weil Bonn die Wirtschaft monatelang über die steuerliche Entlastung »der sogenannten Altvorräte im ungewissen ließ"
"80","0.7492287158966064","0.7492287158966064","0.8","Score: 8.0/10 - Der Text thematisiert explizit die technologische Kluft zwischen der Bundesrepublik und den USA, der Sowjetunion und Japan. Er vergleicht die Produktivität (z. B. 2,4 Mal mehr Arbeit pro Arbeiter in den USA), die Zahl der Forschungskräfte und die Investitionen in Forschung und Entwicklung. Die Begriffe 'technologische Kluft', 'Zukunft der Arbeit', 'Forschungsstätten', 'Welt von morgen' und 'geistige Rüstung' zeigen eine klare Auseinandersetzung mit der Zukunft der Technologie. Die Kritik am Bonner Establishment, das Forschung nicht als Schrittmacher der Zukunft ansieht, und die Angabe, dass nur 40.000 technologische Eierköpfe in Deutschland arbeiten, deutet auf eine gesellschaftliche Angst vor Rückstand und Verlust der Wettbewerbsfähigkeit. Die Aussage, dass die Welt von morgen heute in Laboratorien vorbereitet wird, unterstreicht die Hoffnung auf technologischen Fortschritt, aber auch die Angst vor Verzögerung. Dies ist eine implizite, aber deutliche Darstellung von Hoffnungen und Ängsten gegenüber technologischem Wandel und Automatisierung.","Unbewältigte Zukunft","1969-02-23","https://www.spiegel.de/politik/unbewaeltigte-zukunft-a-a3454fac-0002-0001-0000-000045793922?context=issue",". Die Deutschen wären dann, wie alle Völker. die den Brückenschlag zum nächsten Säkulum versäumten, nur noch Heloten der Konsumgesellschaft im Schlepptau der führenden Wirtschaftsmächte. Schon heute zeichnet sich die technologische Kluft als tiefer Einschnitt in der Leistungskurve ab: In den USA erzeugt jeder Erwerbstätige im Durchschnitt Waren oder Dienstleistungen im Werte von 37 500 Mark, in der Bundesrepublik hingegen nur für 15 600 Mark. Die gleiche Produktionsleistung, die zum Beispiel ein Ford- oder General-Motors-Mann in Detroit vollbringt, erfordert in deutschen Automobilwerken den Einsatz von 2,4 Arbeitern. In den automatisierten Chemiebetrieben Amerikas schafft ein Lohndiener der Roboter-Batterien zweieinhalbmal soviel wie ein westdeutscher Chemiearbeiter. Das Bonner Establishment -- unter den Bundeskanzlern Adenauer und Erhard jeder Planung und mithin auch jedem langfristigen Forschungsziel abhold erkannte nicht die Rolle des Staates als Schrittmacher ins dritte Jahrtausend. Es ließ zwar eine Art Forschungsministerium entstehen, aber es war ein Produkt wahlarithmetischen Fingerhakelns. Als nach der Bundestagswahl 1953 um die Ministersessel gefeilscht wurde, fühlte sich die CSU um einen Posten betrogen. Da die konventionellen Ressorts schon vergeben waren, erhielt der CSU-Manager Franz-Josef Strauß ein Sonderministerium, das 1955 in Atom-Ministerium, später in Ministerium für wissenschaftliche Forschung umbenannt wurde. Doch diesem Ministerium fehlt die Exekutivgewalt, notwendige Strukturänderungen zu steuern, vor allem fehlen ihm die finanziellen Mittel. Die Welt von morgen wird heute in den Forschungsstätten und Laboratorien vorbereitet. In den amerikanischen .Forschungszentren der Industrie und in den .Hochschulinstituten tüfteln 435 000 Wissenschaftler und Ingenieure an neuen Produkten und Verfahren. In der Sowjet-Union schürfen 416 000 technische Geistesarbeiter nach dem Gold der Zukunft, in Japan brüten 115 000 Physiker, Chemiker und Ingenieure der Zukunftsindustrie über neuen Konkurrenzprodukten und noch billigeren rationellen Fertigungsmethoden. Die Bundesrepublik hingegen verfügt nur über 40 000 technologische Eierköpfe. Fast 20 Milliarden Mark steckt die Bundesregierung jährlich in die Destruktionsbranche Rüstung; die geistige Rüstung ist ihr nur 1,9 Milliarden Mark wert, davon sind 655 Millionen für die Hochschulen bestimmt, 659 Millionen für Kernenergie-Forschung und -Nutzung und 324 Millionen für die Beschäftigung mit Problemen der Weltraumfahrt. Als die Bundesfinanzen noch gesund waren und im Bonner Juliusturm sieben Milliarden Mark Haushaltsreserven lagen, verplemperte die Regierung den Hort neben den vielen Wahlgeschenken. Der CDU-treue Nährstand schluckte seit 1949 rund 40 Milliarden Mark Bonner Kraftfutter. Neben der grünen Subventionssaat wucherten noch 492 andere Arten staatlicher Zuschüsse. Jahrelang zahlte der Bund 300 bis 400 Millionen Mark »Konsumbrot«-Subventionen an Müller und Bäcker"
"81","0.7805718183517456","0.7805718183517456","1","Score: 10.0/10 - Der Text enthält eine umfassende und explizite Darstellung von Hoffnungen und Ängsten gegenüber der Computerisierung. Er beschreibt die Angst vor dem »Zerfall« von Arbeitsplätzen mit dem berühmten Bild: »Arbeitsplätze dahinschmelzen wie Schnee in der Sonne«. Diese Metapher ist eine starke, emotionale Ausdrucksform der Angst. Gleichzeitig wird die Hoffnung auf Gewerkschaftsorganisation und kollektive Abwehr sichtbar: Die IG Metall setzt auf »Beispielhafte Einkommens- und Beschäftigungsgarantien« und fordert, dass andere Gewerkschaften nachahmen. Die Textpassagen zeigen eine tiefgreifende gesellschaftliche Angst vor technologischem Wandel, die jedoch durch konkrete politische und soziale Gegenstrategien (Streiks, Tarifverhandlungen) in Hoffnung und Handlung umgewandelt wird.","Schmilzt wie Schnee","1978-03-26","https://www.spiegel.de/wirtschaft/schmilzt-wie-schnee-a-f796c172-0002-0001-0000-000040706102?context=issue","Die erste Garnitur unter Westdeutschlands Kommentatoren trat fast geschlossen an. Am Dienstag letzter Woche, einen Tag nach dem Ende des Arbeitskampfes, wurde das Ereignis gebührend gewürdigt. Der Konflikt, meinte etwa Fritz Ullrich Fack, Mitherausgeber der »Frankfurter Allgemeinen Zeitung«, »läßt einen erschreckenden Wandel im Sozialklima dieses Landes erkennen«. Verbitterter noch urteilte der Chefredakteur der »Süddeutschen Zeitung«, Hans Heigert. Ein verhängnisvoller »Weg zur Denaturierung der Arbeitnehmerorganisation« sei eingeschlagen, »Zweifel an der sozialen Vernunft und Verantwortung der deutschen Gewerkschaften« seien bestärkt worden. Aufgeregte Klagen eines Betroffenen, dessen Blatt von den Streikstrategen der IG Druck und Papier immerhin für gut drei Wochen ohne Rücksicht auf Verluste bekämpft worden war? Oder gerechtes Urteil über die deutschen Gewerkschafter, die mit weltweit bestaunter Disziplin und Zurückhaltung jahrzehntelang den Wohlstand des Landes mehren halfen? Der Streit- und Streikpunkt« die neuen elektronischen Textverarbeitungssysteme und ihre Folgen für die Arbeitnehmer, zwingt in der Tat die Arbeiterführer zu neuer Kursbestimmung. Denn auch in anderen Branchen übernehmen winzige elektronische Bausteine die Steuerung komplizierter Produktionsvorgänge, erledigen Sensoren und Computer spielend, was noch vor wenigen Jahren nur von hochqualifizierten Facharbeitern zu erledigen war. Nun sei »ein Pfahl« eingerammt worden, meinte IG-Druck-Chef Leonhard Mahlein, nachdem er seinen Druckern und Setzern beispiellose Einkommens- und Beschäftigungsgarantien erstritten hatte. Die streikenden Kollegen der Metallindustrie sollten diesem »Vorbild« nacheifern, empfahl er weiter. Der Rat ist längst befolgt. Schon Mitte letzten Jahres hatte IG-Metall-Chef Eugen Loderer die Kollegen eingestimmt. »Es ist zu befürchten«, referierte er auf einer internen Technologie-Tagung, »daß Arbeitsplätze dahinschmelzen wie Schnee in der Sonne.« Im September 1977 reagierte der IG-Metall-Kongreß, das entscheidende Gremium der 2,6 Millionen Mitglieder starken Gewerkschaft. Zwar sei in einzelnen Branchen (laut Entschließung E 24: »Uhrenindustrie, Feinmechanik und Optik, Fernmeldetechnik, Verkaufsgeräte, Büromaschinen und Datenverarbeitung, Meß- und Regeltechnik, Rundfunk-, Fernseh- und Phonoindustrie"") die Elektronik ohnehin nicht aufzuhalten. Aber die von den elektronischen Winzlingen bedrohten Arbeitsplätze der »Elektroindustrie, der Kfz-Zulieferindustrie und des Maschinenbaus« müßten wenigstens sorgfältig überwacht, negative Folgen für die Arbeitnehmer beizeiten abgefangen werden. Ein halbes Jahr später brach nicht zuletzt über diesen Punkt der Arbeitskampf in Baden-Württemberg aus (siehe Loderer-Gespräch Seite 17). Die IG Metall versucht durchzudrücken, daß die negativen Folgen des Fortschritts für den einzelnen Arbeitnehmer begrenzt, nach Möglichkeit sogar voll abgefedert werden"
"82","0.7759789228439331","0.7759789228439331","1","Score: 10.0/10 - Der Text thematisiert die Angst vor der Computerisierung und Automatisierung explizit und mit großer emotionaler Kraft. Er stellt die neue Technologie als »erstmals in der Nachkriegsgeschichte« dar, die Arbeitsplätze vernichtet statt neue zu schaffen. Die Aussage, dass Computer und Mikroprozessoren »Befürchtungen als Hoffnungen auslösen«, ist eine klare, direkte Formulierung der Angst. Die Gewerkschaftsposition wird als Reaktion auf diese Angst dargestellt: Die Basis glaubt nicht mehr an die klassische Wachstumshoffnung, sondern sieht die Rationalisierung als unvermeidlich. Die Zitate von Betriebsratsvorsitzenden wie Alfred Schaible zeigen die tiefe Verunsicherung. Gleichzeitig wird die Hoffnung auf eine neue soziale Ordnung implizit durch die Kritik an der kapitalistischen Logik und die Forderung nach Schutz vor Rationalisierung formuliert. Der Text ist ein zentrales Dokument der öffentlichen Angst vor technologischem Wandel.","Streiks: »Wir pfeifen auf den Fortschritt«","1978-03-12","https://www.spiegel.de/wirtschaft/streiks-wir-pfeifen-auf-den-fortschritt-a-4473c8bc-0002-0001-0000-000040617141?context=issue",". Erstmals in der Nachkriegsgeschichte, zum ersten Male in der Industriegeschichte vielleicht, droht eine Technologie massiv Arbeitsplätze zu vernichten, statt neue zu schaffen. In sämtlichen technischen Durchbrüchen der näheren Vergangenheit, von der Elektrizität bis zu Automobil und Großchemie, haben neue technische Einrichtungen ungeheure Märkte, ungeheure Möglichkeiten und gewaltige Masseneinkommen erschlossen. Die neue Technologie der siebziger Jahre, jene Mikroprozessoren, integrierten Schaltkreise und Klein-Computer, die sich billig und wohlfeil herstellen lassen, aber ist dazu angetan, »im Hinblick auf Arbeitsplätze und Beschäftigung eher Befürchtungen als Hoffnungen auszulösen« -- so eine Untersuchung über »Rationalisierungsinvestitionen und Beschäftigung«, die das Institut der Deutschen Wirtschaft (IW), das den Unternehmern gehört, unlängst veröffentlichte. Computer und Mikroprozessoren nämlich verbilligen die Fertigung in den Industriebetrieben, vereinfachen die Abläufe in Handels- und Dienstleistungsunternehmen, doch sie schaffen nur wenig neue Produkte für den Konsumenten. Während auf den Märkten das meiste so blieb, wie es war, spielt sich in Kontoren und Fabriken eine Revolution ab, die Kosten senkt und Personal einspart. Die Unternehmer, ohnehin vom Konjunkturpessimismus befallen, nutzten ihre Möglichkeiten. So mußte der Bundesverband junger Unternehmer in einer Umfrage bei 450 überwiegend mittelständischen Unternehmen erfahren, daß nur zehn Prozent von ihnen mit steigenden Umsätzen rechneten. 53 Prozent aller Befragten investieren folgerichtig in Rationalisierungen, 44 Prozent in Ersatzbeschaffungen, und nur 22 Prozent planen auch Kapazitätserweiterungen. Die Frankfurter Commerzbank erfuhr durch eine Umfrage hei geschäftlich mit ihr verbundenen Unternehmen. daß 1978 zwar insgesamt die Investitionen wieder steigen, jedoch »Investitionen, die gleichzeitig mit Neueinstellungen verbunden sind, planen nur wenige Unternehmen Die Gewerkschaftsbasis, infolgedessen, weiß mit den Verlautbarungen der Bundesregierung. des Sachverständigenrates und der Wirtschaftsforschungsinstitute, die ihnen Lohnverzicht zugunsten der Unternehmer anempfehlen. wenig zu beginnen. Die eingestanzte Logik. höhere Unternehmenseinkommen führten über zusätzliche Investitionen zu mehr Arbeitsplätzen, sehen sie, was den letzten Teil der Aussage betrifft, ins Gegenteil verkehrt. Auch die besonders vom Sachverständigenrat verkündete Einsicht, daß die zu hohen Lohnabschlüsse von 1974 die Unternehmer in überhöhte Rationalisierungsanstrengungen getrieben haben, glauben die von der Basis nun nicht mehr. Alfred Schaible, Betriebsratsvorsitzender des Daimler-Benz-Werkes in Sindelfingen: »Wenn wir null Prozent fordern würden, würde trotzdem rationalisiert: Die fahren doch dauernd in Amerika und Japan herum. um sich neue Techniken abzugucken.« Die neue Technik wurde denn auch erstmals im Drucker- und im Metallkonflikt Hauptgegenstand der Auseinandersetzung"
"83","0.7707594335079193","0.7707594335079193","1","Score: 10.0/10 - Der Text bietet eine umfassende Darstellung von Hoffnungen und Ängsten gegenüber der Computerisierung. Er beginnt mit einer Werbung für die 'menschenleere Fabrik' als 'Glück für jedermann', was eine utopische Hoffnung auf technologischen Fortschritt darstellt. Gleichzeitig wird die Angst vor Arbeitsplatzverlusten explizit thematisiert: 'Uns steht eine soziale Katastrophe bevor' – eine direkte Äußerung von IG-Metall-Chef Janzen. Die Zitate von englischen Gewerkschaftsführern und Experten, die von der Möglichkeit sprechen, dass Computer 'die meisten Jobs der meisten Menschen für die meiste Zeit ersetzen' können, zeigen eine tiefe gesellschaftliche Angst. Die Verwendung von Begriffen wie 'Job-Killer', 'Existenzangst' und 'Radikalen der Industrie' unterstreicht die affektive Dimension. Die Angst ist international und zeitlich präzisiert (bis zum Jahrtausendwechsel).","»Uns steht eine Katastrophe bevor«","1978-04-16","https://www.spiegel.de/politik/uns-steht-eine-katastrophe-bevor-a-297be044-0002-0001-0000-000040615677?context=issue","Während die farbige, einem Rieseninsekt ähnliche Maschine die letzten, etwas eckigen, aber zielsicheren Bewegungen ausführt, setzen die Geigen und die Flöten ein. Zu den Schlußakkorden des Werbefilms des japanischen Mischkonzerns Kawasaki preist der Sprecher die wegweisende Errungenschaft: »The unmanned factory -- Happiness for everyone« (Die menschenleere Fabrik -- Glück für jedermann). Eine ebenso glatte neue Welt entwerfen die Werbetexter des japanischen Elektronik-Konzerns Matsushita. In amerikanischen Magazinen dichteten sie ganzseitig: »Eine Farbfernseher-Fabrik. Sanft und sicher werden Hunderte kleiner elektronischer Bausteine automatisch eingesetzt. Kaum ein Mensch ist zu sehen: Mechanische, von Kleincomputern gesteuerte Hände machen die Arbeit.« »Die Vision eines Science-fiction-Autors? Kaum. Denn dies ist die Gegenwart bei Matsushita Electric ... Arbeiter, die stumpfsinnige Routinearbeit zu erledigen hatten, sind nun frei, interessantere, produktivere und lohnendere Aufgaben zu übernehmen.« Karl-Heinz Janzen, geschäftsführendes Vorstandsmitglied der größten Einzelgewerkschaft der Welt, der Industriegewerkschaft Metall, sieht diese Freiheit so: »Uns steht eine soziale Katastrophe bevor -- sofern wir keine Lösung finden.« Und auf Transparenten gaben 1300 IG-Metall-Funktionäre unlängst in Reutlingen ihre Lesart wieder: »Wir lassen uns nicht auf dem Altar des Fortschritts opfern -- es ist fünf vor zwölf.« Der Fortschritt -- das sind winzige elektronische Bauelemente (siehe Seite 84). Sie rechnen und speichern, steuern komplizierte Produktionsvorgänge und regeln verzwickte Arbeitsabläufe. Vor allem aber schafft die Mikroelektronik, die der DGB-Vorsitzende Heinz Oskar Vetter die »dritte technische Revolution« nannte, eines: Sie treibt Gewerkschafter und Arbeitnehmer in Existenzangst. Vor »Job-Killern« warnt die auflagenstärkste Gewerkschafter-Zeitschrift »Metall« (2,6 Millionen Exemplare): Die »Radikalen der Industrie« schickten sich an, alle Bemühungen um Vollbeschäftigung zu unterlaufen. Die Angst vor den elektronischen Winzlingen ist international. »Computer«, meinte der englische Gewerkschaftsführer Clive Jenkins, »können die meisten Jobs der meisten Menschen für die meiste Zeit ersetzen. Das ist keine Science-fiction-Vision« sondern eine realistische Annahme für die Jahrtausendwende.« Der englische Computer-Experte Peter Largo befürchtet gar, »unsere Gesellschaft insgesamt, die parlamentarische Demokratie, wie das Recht auf Arbeit oder die Verteilung des Volkseinkommens« würden nachhaltig beeinflußt. Lediglich der Zeitpunkt sei umstritten: »Die Experten sind in zwei Lager gespalten. Die einen behaupten, daß die Flut schnell ansteigt und in 20 Jahren 80 Prozent der Arbeitsplätze vernichtet. Die anderen sind der Ansicht, dieses Ergebnis werde erst später erreicht.« Wann immer -- der Trend hat sich offenbar gedreht"
"84","0.7631537914276123","0.7631537914276123","1","Score: 10.0/10 - Der Text thematisiert explizit und umfassend Hoffnungen und Ängste gegenüber der Mikroelektronik und Automatisierung. Er beschreibt, dass die neue Technik »kaum neue Arbeitsplätze« schafft, sondern bestehende beseitigt – eine direkte Angst vor Arbeitslosigkeit. Die Aussage, dass »der Fortschritt vom Tick-Tack-Werk zur Quarzuhr kostete einige zehntausend Beschäftigte den Job«, ist ein konkretes Beispiel für den negativen Effekt der Automatisierung. Die Befürchtung, dass die Technik »nichts in Bewegung setzt«, zeigt die Enttäuschung über die vermeintliche Hoffnung auf neuen Wohlstand. Die Angst vor der »Mikrorevolution« wird durch die Erwähnung der »unangenehmen Position« der Gewerkschaften unterstrichen. Zudem wird die Angst vor der »entseelten, bis zum Terror rationalisierten Computergesellschaft« explizit genannt. Die Verbindung von technologischem Fortschritt mit sozialer Bedrohung ist zentral. Damit ist dieser Text eine der stärksten Quellen für die öffentliche Angst vor Computerisierung und Automatisierung in der Bundesrepublik.","»Uns steht eine Katastrophe bevor«","1978-04-16","https://www.spiegel.de/politik/uns-steht-eine-katastrophe-bevor-a-297be044-0002-0001-0000-000040615677?context=issue",". Als Stimulans für eine kräftigere Konjunktur aber kommt die Mikroelektronik kaum in Frage. Die Produktion der Schaltkreise und Prozessoren ist weitgehend automatisiert und schafft trotz der hektischen Ausbreitung der Winzlinge kaum neue Arbeitsplätze. Vor allem aber: Die neue Technik hat, anders als die bisherigen technischen Umwälzungen, kaum neue Produkte zu bieten. Zwar werden Geräte wie Waschmaschinen und Fernsehgeräte leistungsfähiger, ihre Bedienung komfortabler, zwar können moderne Nähmaschinen kunstvoll sticheln, neueste Haartrockner feinfühlig die Temperatur regeln. Doch ein Durchbruch, der etwa der Erfindung der Bildröhre und dem dadurch ausgelösten Fernsehboom vergleichbar wäre, zeichnet sich nirgends ab. Allenfalls die Quarzuhren, die in Millionen-Auflagen verschleuderten Taschenrechner und der neueste Hit, die elektronischen Fernsehspiele, könnten den Rang einer echten Neuheit beanspruchen. Alle drei Novitäten haben allerdings eines gemeinsam: Sie sind mit minimalem Arbeitsaufwand herzustellen. »Volkswirtschaftlich«, meinte Automations-Forscher Friedrichs, »wird damit nichts in Bewegung gesetzt.« Die neuen Uhren fallen als Arbeitsbeschaffer sogar vollends aus: Der Fortschritt vom Tick-Tack-Werk zur Quarzuhr kostete einige zehntausend Beschäftigte den Job. Japaner und Amerikaner sind den Deutschen um. Jahre voraus. Den Gewerkschaften, aber auch den Unternehmern lassen die mikroelektronischen Alleskönner ohnehin kaum Entscheidungsspielraum. Die Firmen haben, schon wegen der hohen westdeutschen Löhne, gar keine Wahl: Sie müssen rationalisieren und automatisieren, um auf den Weltmärkten bestehen zu können. Denn dort ist die Konkurrenz bereits angetreten: Japaner und Amerikaner sind in manchen Teilbereichen den Deutschen um einige Jahre voraus. Die Gewerkschaften werden durch die Mikrorevolution in eine weit unangenehmere Position gedrängt. Sie müssen an modernsten Fertigungsmethoden interessiert sein, weil nur so die internationale Wettbewerbsfähigkeit der Industrie behauptet und das reale Einkommen der Arbeitnehmer gesteigert werden kann. Zugleich aber bedrohen genau diese Methoden den Mitgliederstamm. Mühsam versuchen besonnene Gewerkschafter, ihre Organisation auf einen schwierigen Balanceakt vorzubereiten. Den beunruhigten Mitgliedern zuliebe werden den Unternehmen soziale Zusagen abgehandelt, die gegen Abgruppierung und Entlassung schützen. Zugleich aber wird in den meisten Fällen darauf geachtet, daß der Fortschritt nicht allzu energisch geknebelt wird. Selbst so entschlossene Vertreter der Arbeiterbewegung wie der Stuttgarter IG-Metall-Bezirksleiter Franz Steinkühler nämlich kommen an einer Klippe nicht vorbei: Erstreiken sie einen perfekten Schutz der Beschäftigten gegen Abgruppierung und Entlastung, so ist die Wirtschaftskrise programmiert"
"85","0.7629593312740326","0.7629593312740326","1","Score: 10.0/10 - Der Text thematisiert explizit und intensiv Hoffnungen und Ängste gegenüber der Computerisierung. Er beginnt mit den »Verheißungen der Elektronik-Industrie« – Paradies auf Erden, Rettung aus Umweltschmutz, Erlösung von Armut und Angst. Gleichzeitig werden jedoch »düstere Zukunftsvisionen« genannt, die von Fachleuten wie Volker Hauff und Spiros Simitis geäußert werden. Die direkte Erwähnung von »1984« und »Schönen neuen Welt« als aktuelle Bedrohung zeigt, dass die Angst vor totaler Überwachung und Entfremdung durch Computer weit verbreitet war. Die Begriffe »Alptraum von einer entseelten, bis zum Terror rationalisierten Computergesellschaft« und die Metapher »Schlimmste aus Frankenstein und King Kong« sind starke, affektiv aufgeladene Aussagen. Die Textstelle zeigt, dass die Computerisierung als Heil oder Hölle wahrgenommen wurde – eine klare Darstellung der gesellschaftlichen Spannung. Damit ist dieser Text eine der zentralen Quellen für die öffentliche Diskussion über Computerisierung.","100445301111- das Schlimmste von King Kong?","1973-11-25","https://www.spiegel.de/politik/100445301111-das-schlimmste-von-king-kong-a-81a423da-0002-0001-0000-000041840249?context=issue","Computer-Hersteller künden vom Paradies auf Erden, mit »blauem Himmel, reinem Wasser und grünen Städten«. Eitel Glück winkt laut Univac dem, der Univac-Anlagen nutzt -- »damit viele besser leben können«. Rettung aus Umweltschmutz und Unwissenheit. Erlösung von Armut und Angst verheißt IBM seiner Kundschaft. Der Elektronik-Gigant verspricht »das Leben lebenswerter und die Umwelt menschlicher« zu machen -- »Computer helfen denen, die helfen«. Als schier allmächtig preist Deutschlands Denkmaschinist Siemens seine Produkte. Die Weltfirma kann schon »morgen Ihre Aufgabe lösen -- so alltäglich oder außergewöhnlich diese Aufgabe auch sein mag«. Schritt für Schritt, bit für bit ginge demnach auch die Bundesrepublik einer goldenen Zukunft entgegen. Heute schon summen in Westdeutschland rund 15 000 der elektronischen Heilsbringer -- nirgendwo in der Welt, außer in den USA, gibt es mehr; allein in Bayern stehen mehr Computer als in ganz Afrika. * Beim Verfassungsschutz in Köln. Dennoch, die Verheißungen der Elektronik-Industrie wecken nicht mehr allein Zuversicht. Mit dem Vormarsch der elektronischen Datenverarbeitung (EDV) mehren sich vielmehr die Stimmen von Fachleuten, die der frohen Botschaft der Computer-Konzerne düstere Zukunftsvisionen entgegenhalten. Volker Hauff, 33, ehemals EDV-System-Ingenieur bei IBM und heute Parlamentarischer Staatssekretär im Bonner Technologie-Ministerium, sieht ein Zeitalter heraufziehen, wie es Aldous Huxley in seiner »Schönen neuen Welt« und George Orwell in »1984« beschrieben haben. »1984 ist«, fürchtet Hauff, »keine ferne Utopie.« Für »mindestens so wichtig wie die Gefahren der. Kernenergie« hält der renommierte Frankfurter Rechtsprofessor Spiros Simitis, 39, die Bedrohung durch den Computer. »Elementare Rechte des einzelnen«, warnt Simitis in der »Neuen Juristischen Wochenschrift«, »stehen ebenso auf dem Spiel wie Fundamentalbedingungen einer demokratischen Gesellschaft« Was den Politiker wie den Professor und etliche ihrer Kollegen schreckt, ist der Alptraum von einer entseelten, bis zum Terror rationalisierten Computergesellschaft, in der die Herrschenden in mächtigen Elektronengehirnen speichern lassen können, was über einen jeden ihrer Staatsbürger bekannt ist -- ein System, das die britischen Fachautoren Malcolm Warner und Michael Stone schon vor Jahren als eine »Mischung vom Schlimmsten aus Frankenstein und King Kong« beschrieben. Welche dieser Visionen für die Bundesrepublik Wirklichkeit wird, wieviel Heil und wieviel Hölle -- oder ob nur eins von beiden -- der Computer über die Bundesbürger bringt. ob die unbestrittenen Vorzüge überwiegen werden oder die unübersehbaren Gefahren: Darüber steht jetzt in Bonn eine wichtige Vorentscheidung an. Am 29"
"86","0.7621225118637085","0.7621225118637085","1","Score: 10.0/10 - Der Text thematisiert explizit und ausführlich Hoffnungen und Ängste gegenüber der Computerisierung und Automatisierung. Er führt den Begriff der 'Arbeitsplatzlücke' ein, der als neue Zukunftsangst beschrieben wird. Die Angst vor einem strukturellen Mangel an Arbeitsplätzen wird durch die Aussage unterstrichen, dass Computer regelmäßig Rechnungen über das künftige Defizit ausgeben. Die Prognosen, dass bis 1990 3,4 Millionen Stellen fehlen könnten, und die Diskussion über die Rationierung von Arbeit (wie Butter) zeigen eine tiefgreifende gesellschaftliche Angst. Zudem wird die Idee des 'Rechts auf Arbeit' als elementares Freiheitsrecht betont, was die emotionale und ethische Dimension der Angst unterstreicht. Die Textstelle zeigt klar, wie technologischer Wandel in der öffentlichen Diskussion als Bedrohung für soziale Stabilität und individuelle Freiheit wahrgenommen wird.","Der stille Bürgerkrieg","1977-03-27","https://www.spiegel.de/politik/der-stille-buergerkrieg-a-efc5be39-0002-0001-0000-000040941672?context=issue",". Der Verlust ist endgültig -- die Stellen sind weg. Sie stehen auch dann nicht wieder zu Gebot, wenn Westdeutschlands Industrie, deren Kapazitäten derzeit erst wieder zu 81,2 Prozent ausgelastet sind (Anfang 1976: 77,9 Prozent), ihre Maschinen auf vollen Touren laufen läßt. Schon rechnen manche Forscher damit, daß der Mangel noch wächst, daß ein Arbeitsplatz binnen kürzester Frist fast das rarste Gut auf Erden werde. Der Stellenschwund gebar eine neue Zukunftsangst. Der neue Schrecken heißt »Arbeitsplatzlücke«. Fast wöchentlich spucken Computer Rechnungen über die künftige Höhe und Dauer des gefährlichen Defizits aus. Dutzende von Kommissionen, Expertengruppen und Instituten liefern Zukunftsbilder für fast jede Gemütslage. Keiner der Zukunftsschauer verheißt bald wieder rosa Zeiten. Nach einigen der Prognosen werden mindestens vier * Türken von dem deutschen Arbeitsbüro in Istanbul. Jahre verstreichen, bis ausreichend neu geschaffene Arbeitsplätze die verschwundenen ersetzen und überdies noch die wachsende Zahl junger Erwerbsfähiger aufnehmen können. Manche der Zukunfts-Kalkulatoren rechneten vor, daß die Arbeitsnot auch in mehr als einem Jahrzehnt kein Ende habe, daß 1990 sogar 3,4 Millionen Stellen fehlen könnten. Und gerade die dunkelsten unter den Zukunftsgemälden haben -- zumindest unter Laien -- Hochkonjunktur, die Prognosen, die das größte Defizit prophezeien, werden am meisten für möglich gehalten: Schon sinnieren flinke Politiker darüber nach, wie ein Dauermangel verwaltet und verteilt werden könnte. »Arbeit«, so begründet etwa das CDU-Sozialausschuß-Vorstandsmitglied Norbert Blüm seine Idee, den »Arbeitsvorrat« (Blüm) wie einst die Butter zu rationieren, sei »ein elementares Freiheitsrecht«, dessen Verlust für einen mitteleuropäischen Christenmenschen auch bei einem noch so üppigen Erwerbslosengeld nicht zu verschmerzen sei. Das »Recht auf Arbeit«, das freiheitliche Staaten ohnedies niemals als einklagbaren Anspruch garantieren können, erodierte unmerklich schon vor sechs Jahren, als die Stellenangebote noch alle Zeitungen blähten. Denn das gefährliche Defizit in der Arbeitsmarktbilanz ist nur die Folge eines anderen, zunächst weniger merkbaren Mangels, ist die unausweichliche Konsequenz einer anderen Lücke, die sich schon Anfang der siebziger Jahre langsam öffnete. Die Probleme der Gegenwart und die Gefährdung der Zukunft begannen mit einer erst mählichen und dann. galoppierenden Auszehrung der zwielichtigen Größe, für die es überall auf der Welt nur ein aus dem Lateinischen (von investire = bekleiden) abgeleitetes Fremdwort gibt. Mit der den Römern entlehnten Vokabel »Investition« umschreiben die Ökonomen die Herstellung im Do-it-yourself-Verfahren und den Kauf eines Sammelsuriums von Gütern, die allesamt nur eines gemeinsam haben: Sie werden nicht unmittelbar verbraucht, sie dienen vielmehr der Erweiterung oder Verbesserung jener Vermögensbestände, die »Produktionsmittel« genannt werden"
"87","0.7617332935333252","0.7617332935333252","1","Score: 10.0/10 - Der Text thematisiert explizit Hoffnungen und Ängste gegenüber der Computerisierung und Automatisierung in der Arbeitswelt. Er beschreibt, wie Gewerkschaften wie die IG Metall und die IG Druck aktiv gegen die negativen Auswirkungen der technischen Revolution kämpfen. Die Forderung nach einer 'Absicherungsklausel' zeigt die Angst vor Arbeitsplatzverlust durch Automatisierung. Die Verhandlungen über die 35-Stunden-Woche und die Schaffung von Regelwerken, die die Einführung von computerisierten Maschinen einschränken, belegen eine klare gesellschaftliche Reaktion auf technologischen Wandel. Die Textstelle zeigt, wie die Gewerkschaften versuchen, den technischen Fortschritt zu nutzen, um Beschäftigung zu sichern, gleichzeitig aber die negativen sozialen Folgen abzufangen. Dies ist ein direkter Ausdruck der Hoffnung, dass Technologie nicht nur zerstörerisch sein muss, sondern auch gesteuert werden kann.","Bewußtsein geschärft","1978-12-17","https://www.spiegel.de/wirtschaft/bewusstsein-geschaerft-a-98382a2b-0002-0001-0000-000040605960?context=issue",". Die Gewerkschaftspolitik stehe deshalb vor dem Problem, den »technischen Fortschritt als wesentliche Quelle für Beschäftigung und steigende Arbeitnehmereinkommen zu nutzen. jedoch zugleich die negativen Rückwirkungen auf das unvermeidbare Maß einzuengen«. Pornschlegel empfahl eine vielgliedrige Taktik: Die Arbeitszeit soll verkürzt, Absprachen über das Abfangen der sozialen Folgen von technischem Fortschritt sollen ausgehandelt und alle Möglichkeiten des Tarifrechts ausgeschöpft werden. Auch die »Praxis des Beamtenrechts, die eine einmal erreichte Qualifikation eines Stelleninhabers grundsätzlich nicht gefährdet«, sei ein interessantes Ziel. Dem Wissenschaftler war klar, daß der Kurswechsel der Gewerkschaften zu harten Auseinandersetzungen führen würde: »Die Ziele der organisierten Arbeitnehmer liegen im Konflikt mit denen der Arbeitgeber, die gegenläufige Strategien zu verfolgen suchen«, erklärte er den IG-Metallern. Vorsicht sei deshalb geboten: »Jede Verteuerung, jede Erschwerung des Einsatzes von menschlicher Arbeit, jede Form zusätzlicher Mitbestimmung wird die Arbeitgeber früher oder später zu Ausweichstrategien führen.« Die ersten Arbeitskämpfe neuen Stils brachen im Druckgewerbe und in der Metallindustrie Baden-Württembergs aus. Die Metaller, darunter die Belegschaften von Daimler-Benz und Bosch. SEL und Porsche streikten für die sogenannte Absicherungsklausel: Per Tarifvertrag sollten die Arbeitgeber daran gehindert werden, technisch mögliche Rationalisierungsfortschritte voll auszunutzen. Wenn im Tarifgebiet Baden-Württemberg zum Beispiel eine neue, weitgehend automatische Maschine einen hochqualifizierten Facharbeiter ersetzt, so hat der Facharbeiter Anspruch auf Weiterbeschäftigung und annähernd konstantes Einkommen -- selbst dann, wenn er nur noch weniger qualifizierte Arbeit verrichtet. Die IG Druck erstritt ähnliche Absicherungen. Nach drei Wochen Streik und Aussperrung im Druckgewerbe vereinbarten die Tarifparteien im März dieses Jahres, daß die technische Revolution des Druckens die Zunft der Setzer und Drucker nicht voll trifft. Ein hochkompliziertes Regelwerk schützt die Angehörigen des Traditionsgewerbes vor den computerisierten Textverarbeitungsmaschinen und Lichtsatzautomaten. Die Verhandlungsziele der IG Metall für die Stahlindustrie scheinen, verglichen mit diesen Ergebnissen, nicht einmal überehrgeizig. Nicht auf Betreiben der Spitzenfunktionäre, sondern auf Wunsch der Delegierten des IG-Metall-Gewerkschaftstages vom Frühjahr 1978 legte sich die größte Einzelgewerkschaft der Welt auf den Kampf für die 35-Stunden-Woche fest. Zunächst zögernd, doch dann mit zum Teil halsbrecherischen verbalen Kraftakten zogen die Spitzenfunktionäre im Herbst dieses Jahres nach"
"88","0.7586435079574585","0.7586435079574585","1","Score: 10.0/10 - Der Text thematisiert explizit und umfassend Hoffnungen und Ängste gegenüber der Computerisierung und Automatisierung. Er beschreibt, wie die Elektronik die Uhrenindustrie und die Registrierkassenindustrie zerstört hat – von 32.000 auf 18.000 Beschäftigte in der Uhrenindustrie. Die IG Metall streikt um »vorsichtigen Umgang mit der neuen Technik«, was eine klare gesellschaftliche Angst vor Arbeitsplatzverlust durch Automatisierung zeigt. Die Begriffe »Katastrophe« und »Debakel« sind explizite Ausdrücke von Angst. Die Erwähnung der »spottbilligen« Mikroelektronik und der Vergleich mit einem Rolls-Royce für 2,5 Dollar verdeutlicht die Angst vor einer technologischen Revolution, die Arbeitsplätze vernichtet. Die Textstelle, dass ein solches Debakel in der Elektroindustrie eine »soziale Katastrophe« wäre, zeigt die gesellschaftliche Wahrnehmung der Automatisierung als existenzielle Bedrohung.","»Uns steht eine Katastrophe bevor«","1978-04-16","https://www.spiegel.de/politik/uns-steht-eine-katastrophe-bevor-a-297be044-0002-0001-0000-000040615677?context=issue",". Denn anders als in den Tarifrunden der Vorjahre, als allein oder zumindest in erster Linie um Lohnprozente gekämpft wurde, streikten die Drucker und Setzer sowie die Metaller Baden-Württembergs diesmal vor allem um eines: Per Tarif sollen die Arbeitgeber zu einem vorsichtigen Umgang mit der neuen Technik angehalten werden. Die Uhrenfabrikanten bekamen als erste den Preis-Countdown zu spüren. Nach drei Wochen Arbeitskampf, der die Industrie fast zwei Milliarden Mark Umsatz und die IG Metall 80 Millionen Mark Streikgeld kostete, willigten die Firmen ein, den Opfern der neuen Technik mit mancherlei finanziellen Hilfen beizustehen. Kurz vor dem Ende des Arbeitskampfes hatte sich das Problem bis in den Kabinettsaal herumgesprochen: Kanzler Schmidt beauftragte seine Minister Volker Hauff (Forschung) und Otto Graf Lambsdorff (Wirtschaft), den Einfluß der Mikroelektronik auf die Konjunktur und Beschäftigung in einer Studie untersuchen zu lassen. Die ganze Aufregung dreht sich um ein elektronisches Wunderding, das so frisch gar nicht ist. »Das einzig Neue«, so der Automations-Experte der IG Metall, Günter Friedrichs, »ist, daß es spottbillig geworden ist.« Große Stückzahlen und die Verdichtung seiner Funktionen in einem Mini-Baustein drückten den Preis so dramatisch, daß kaum ein Vergleich gelingt. Professor Stuart E. Madnick vom angesehenen Massachusetts Institute of Technology (MIT) etwa beschreibt den Fortschritt der letzten drei Dekaden so: »Wenn wir ähnliche Fortschritte in der Automobilindustrie gemacht hätten, wäre es jetzt möglich, einen Rolls-Royce für 2,50 Dollar zu kaufen und damit zwei Millionen Meilen pro Gallone (3,8 Liter) Benzin zu fahren.« Als erste deutsche Branche bekamen die überwiegend im Schwarzwald ansässigen Uhrenfabrikanten den Preis-Countdown mit voller Wucht zu spüren. Waren zur Herstellung einer mechanischen Uhr etwa 1000 Arbeitsgänge erforderlich, so werden die Chronometer neuer Zeitrechnung nur noch aus fünf Teilen montiert: Batterie, Schwingquarz, Zifferanzeige, elektronischer Schaltkreis und Gehäuse. Lebten in Deutsch-Südwest Anfang der siebziger Jahre noch fast 32 000 Arbeiter von der Uhrenindustrie, so sind es heute gerade noch 18 000. Erich Mayer, Uhrenspezialist der IG Metall: »Ein solches Debakel etwa in der Elektroindustrie mit ihrer einen Million an Beschäftigten wäre eine soziale Katastrophe.« Ähnliche Folgen hatte der Einbruch der Elektronik bereits für die Hersteller von Registrierkassen. Weil sie den neuen Trend verschlafen hatte, ging die Bielefelder Traditionsfirma Anker, mit rund 35 Prozent Marktanteil international Zweiter ihrer Branche, 1976 mit über 5000 Kassenwerkern pleite. Nur wenig besser erging es der Augsburger Firma NCR, Tochter des im weltweiten Kassengeschäft führenden US-Multikonzerns NCR Corporation. Die Top-Manager aus Ohio machten nicht nur ihre Fabriken in Berlin (1500 Beschäftigte) und Gießen (400 Leute) dicht, sondern dünnten die Augsburger Stammbelegschaft um mehr als zwei Drittel aus"
"89","0.7528171539306641","0.7528171539306641","1","Score: 10.0/10 - Der Text thematisiert ausdrücklich sowohl Hoffnungen als auch Ängste gegenüber Automatisierung. Er beschreibt die 'Fortschritts-Neurose' (Blue-Collar-Blues) und 'Nervenzerrüttung durch schnelle, geisttötende Routinearbeit' als direkte Folge der Automatisierung. Gleichzeitig zeigt er Hoffnung in Form der neuen Fabriken bei Volvo, die 'zermürbende Fließbandarbeit abgeschafft' haben. Die Zitate von Heimann und Touraine verdeutlichen die gesellschaftliche Tragödie und die Kritik am 'liberalen Modell', das den Fortschritt ungebremst lässt. Die Textstelle 'Arbeit ohne Befriedigung' ist ein zentraler Ausdruck der Angst vor menschlicher Entfremdung durch Technik – eine klare, explizite thematische Auseinandersetzung mit Hoffnungen und Ängsten.","»Was Menschen vom Schwein unterscheidet«","1973-01-07","https://www.spiegel.de/politik/was-menschen-vom-schwein-unterscheidet-a-9c045f46-0002-0001-0000-000042713414?context=issue",". Autofahren und Urlaub am Strand des Mittelmeeres waren selbstverständlich viel gemütlicher, solange nur wenige es sich leisten konnten, Straßen und Küsten also leer blieben. Fragen die Prognos-Forscher: »Soll man nun beklagen, daß alle den gleichen Freiheitsspielraum haben -- und damit der Freiheitsspielraum des einzelnen eingeschränkt ist? Daß die bis dato Privilegierten es tun, ist verständlich, aber was sollte die Masse der Unprivilegierten veranlassen, diesen Argumenten zuzustimmen?« Außer schamhaft verhülltem Oberklassen-Interesse steckten hinter der Fortschrittsfeindlichkeit, so meinen die Baseler Experten, nur Mißverständnisse. Dennoch wächst der Widerstand gegen die ständig auf höheren Tourenzahlen rotierende Produktionsmaschinerie auch bei jenen, die durchaus noch nicht übersättigt vom Wohlstand sind: bei den Arbeitnehmern. Durch die Werkhallen der Industrie schleicht wie eine bösartige Infektionskrankheit jene Fortschritts-Neurose, die den Namen Blue-Collar-Blues führt: die Nervenzerrüttung durch schnelle, geisttötende Routinearbeit. Durch Mechanisierung und Automatisierung der Produktion -- das bewies eine Studie des Rationalisierungs-Kuratoriums der Deutschen Wirtschaft (RKW) -- nahm der Bereich »einfacher, eng begrenzter Tätigkeiten relativ zu«. In einigen im Auftrag des RKW untersuchten Betrieben waren nach der Automatisierung 19,6 Prozent aller Arbeiter mit »einfachen, schnell ablaufenden Teilarbeitsgängen« beschäftigt zuvor waren es nur 8,9 Prozent. US-Automechaniker warfen bereits aus ohnmächtiger Wut Schraubenschlüssel in die Montagebänder, die sie treiben; bei Fiat im italienischen Turin streikte die Belegschaft gegen das ihr sinnlos erscheinende Zerhacken der Arbeitsgänge; die schwedischen Autowerker bei Volvo übten leisen Protest, sie fehlten einfach häufiger, weil »sie keine Befriedigung an ihrem Arbeitsplatz finden konnten« (Volvo-Chef Pehr Gyllenhammar). »Arbeit ohne Befriedigung«, schrieb jedoch der Theologe und Nationalökonom Eduard Heimann, sei der unausweichliche Preis für das Wirtschaftswachstum. Heimann: »Dies ist der tragische Heroismus der modernen Gesellschaft, kürzer: ihre Tragödie.« Die Tragödie ist nicht Schicksal. So bauen etwa derzeit die Volvo-Werke neue Fabriken, in denen die zermürbende Fließbandarbeit abgeschafft wird. Fast alles Leid, das der Wohlstand bisher schaffte, sei -- meint der französische Industriesoziologe Alain Touraine -- nur dann unausweichliche Konsequenz des Fortschritts, wenn das »liberale Modell, in dem die Wachstumsprobleme weithin unabhängig von den Problemen der sozialen Ordnung sind«, weiterhin akzeptiert werde. Nach diesem liberalen Modell wird die Entscheidung, in welchen Bereichen mehr investiert werden und wofür die steigende Arbeitsproduktivität verwendet werden soll, der sogenannten Selbststeuerung durch den Markt überlassen"
"90","0.7510545551776886","0.7510545551776886","1","Score: 10.0/10 - Der Text thematisiert explizit sowohl Hoffnungen als auch Ängste gegenüber der Automatisierung und Computerisierung. Er beschreibt konkrete negative Konsequenzen: Arbeitsplatzverluste durch elektronisch gesteuerte Kassen-Terminals, die bis zu einem Drittel der Schalterangestellten überflüssig machen. Gleichzeitig werden Hoffnungen aufgezeigt: Die Rettung von Arbeitsplätzen durch Umstrukturierung bei Kienzle, die Schulung von Mechanikern zu Elektronikern, und die Schaffung neuer Jobs. Die Aussagen von Gewerkschaftern und Industriellen wie Lohr und Steinkühler zeigen eine klare gesellschaftliche Diskussion über die Folgen der Technologie. Die Begründung für die Ängste liegt in der Überlegenheit der Maschinen über Menschen in Leistung und Kosten, während die Hoffnungen auf gezielte Entwicklung neuer Produkte und gemeinsame Anstrengungen von Staat und Industrie basieren. Dies ist ein klarer, konkreter Einblick in die öffentliche Diskussion.","»Darunter kommt alles ins Rutschen«","1976-12-12","https://www.spiegel.de/wirtschaft/darunter-kommt-alles-ins-rutschen-a-a44c1eb4-0002-0001-0000-000041066342?context=issue",". Neben den Uhrenfabriken, deren Zeit ablief, mußten auch etliche Büromaschinenhersteller daran glauben. Vor zwei Jahren brach die Walther Büromaschinen GmbH im schwäbischen Gerstätten zusammen. Im April 1976 meldete die Bielefelder Registrierkassen-Firma Anker Konkurs an. Noch Anfang der siebziger Jahre hatte das Familien-Unternehmen fast 5000 Leute beschäftigt. Automationsfachmann Friedrichs: »Das war sicherlich nicht der Letzte.« Rechtzeitig glückte dagegen der Villinger Geräte-Firma Kienzle Apparate der Schwenk auf den neuen Branchentrend. Bereits 84 Prozent ihrer Büromaschinen sind elektronisch gesteuert. In Spezialkursen schulten Kienzle-Techniker über 50 Mechaniker zu Elektronikern um. Die Rettung von Arbeitsplätzen vergalten die Gewerkschaften den Villingern auf besondere Art: Sie erhielten von der gewerkschaftseigenen Bank für Gemeinwirtschaft (BfG) einen Auftrag über mehrere hundert Kassen-Terminals. Diese Terminals allerdings führten zu neuem Arbeitsplatzschwund. Nicht nur in der Elektroindustrie, sondern auch bei deren Kundschaft in Banken und Versicherungen, Verwaltungen und Konzernzentralen vernichtet die neue Technologie Arbeitsplätze. Denn weder in der Leistung noch bei den Kosten können Menschen mithalten. Allein Kienzles Kassen-Terminals schaffen vier bis fünf Arbeitsgänge: Der Kassierer am Banktresen tippt nur noch den vom Kunden gewünschten Betrag ein -- von sich aus zeigt der stumme Kollege Kontostand und Kreditlimit an, teilt mit, ob der Empfänger seinen Paß vorzeigen oder ein Codewort angeben muß. Weil auch andere Firmen ähnliches anzubieten haben, sind die Folgen zwangsläufig: Nach Ermittlungen der Gewerkschaft Handel, Banken und Versicherungen wird in deutschen Kassen-Hallen bald jeder dritte Schalter-Angestellte überflüssig. Das Arbeitsplatz-Angebot der neuen Elektronik fällt im Vergleich dazu dürftig aus.« Für vier vernichtete Arbeitsplätze«, meint Automationsforscher Friedrichs, »entsteht gerade ein neuer.« Für Industrielle wie den SEL-Chef Lohr (""Der Heizer auf der E-Lok löst keine Probleme"") und Gewerkschafter wie den Metaller Steinkühler (""Wir werden keine Maschinenstürmer sein"") steht fest, daß bei kargem Wirtschaftswachstum der durch die Elektronik drohende Arbeitsplatz-Verlust nur durch gezielte Entwicklung neuer Produkte aufgefangen werden könne. Lohr: »Alle am Wirtschaftsprozeß Beteiligten, vor allem Staat und Industrie, müssen sich gemeinsam Gedanken machen.«"
"91","0.7507354021072388","0.7507354021072388","1","Score: 10.0/10 - Der Text thematisiert explizit die Angst vor Arbeitsplatzverlust durch technologischen Wandel. Er beschreibt konkrete Zahlen: 320.000 Stellen wurden 1976 ersatzlos vernichtet, und die Kapitalintensität stieg um 56 Prozent, während der Kapitalstock nur um 39 Prozent wuchs. Die Aussage, dass die »Schöpfer« müde wurden, und die Erwähnung von »große Chance, aber auch ein Risiko« zeigen eine klare gesellschaftliche Spannung. Die Begründung für die Ängste liegt in der Überlegenheit von Maschinen und Rechenautomaten gegenüber menschlicher Arbeit, während die Hoffnung auf steigende Einkommen ohne Mehrarbeit besteht. Die Zitate von Otto Brenner und die Analyse des DIW zeigen, dass die Diskussion über die Zukunft der Arbeit und die Rolle der Technologie zentral war. Dies ist ein klarer, konkreter Einblick in die öffentliche Wahrnehmung von Arbeitslosigkeit durch Maschinen und technologischem Wandel.","Der stille Bürgerkrieg","1977-03-27","https://www.spiegel.de/politik/der-stille-buergerkrieg-a-efc5be39-0002-0001-0000-000040941672?context=issue",". Auch 1970 etwa, als die Konjunktur noch sonnig schien, verschrotteten die Unternehmer rund 1,3 Millionen unmoderne Arbeitsplätze, die mit zuwenig oder veralteten Maschinen ausgestattet waren. Gleichzeitig aber schufen sie etwa genausoviel neue Stellen, die alle erheblich besser ausgerüstet wurden -- insgesamt mit Produktionsmitteln im Wert von 120 Milliarden Mark, mit viereinhalbmal mehr Kapital als die alten. Der »Prozeß schöpferischer Zerstörung«, wie der österreichische Nationalökonom Joseph Alois Schumpeter das ständige Kommen und Gehen einmal genannt hatte, ist seither aus der Balance geraten. Die Zerstörung blieb, die Schöpfer aber begannen müde zu werden. Von den fast acht Millionen Arbeitsplätzen, die zwischen 1971 und 1976 veralteten, wurden nur noch rund 81 Prozent durch neue ersetzt. Daß die Summe, die Westdeutschlands Unternehmer für den Ersatz aufwandten, nicht für alle ausreichte, ist auch jenem Umstand zuzuschreiben, der sonst immer als Fortschritt galt: der Ausstattung der neugeschaffenen Arbeitsplätze mit immer noch mehr Maschinen und komplizierten Rechenautomaten, kurz mit mehr Kapital. Diese Art des Fortschritts nannte der frühere IG-Metall-Vorsitzende Otto Brenner, der zu den bedeutendsten Führern der deutschen Arbeiterbewegung zählt, einmal eine »große Chance, aber auch ein Risiko«. Die Chance: Weil mit erhöhter Kapitalausstattung des Arbeitsplatzes der Güterausstoß pro Werkstunde steigt, können auch die Einkommen aller Beschäftigten ohne Mehrarbeit wachsen. Das Risiko: Wenn jede Arbeitsstelle mit erheblich mehr oder wertvolleren Produktionsmittel ausgerüstet wird als früher, muß der Kapitalstock mit erhöhter Geschwindigkeit wachsen, denn sonst ist die Chance für viele vertan, sonst reicht das Kapital nur noch zur Ausstattung von Arbeitsplätzen. In diese Gefahr lief die westdeutsche Wirtschaft mitten hinein. Die Kapitalausstattung der Arbeitsplätze stieg erheblich schneller, der Kapitalstock aber langsamer als früher. Noch 1970 hatten die westdeutschen Unternehmen jeden Arbeitsplatz im Durchschnitt mit Geräten im Wert von 55 000 Mark ausstaffiert. Bis 1976 stieg diese Ziffer, die unter den Fachleuten »Kapitalintensität« heißt, um gut 56 Prozent. Jede durchschnittliche Arbeitsstätte wird in diesem Jahr mit Kapital im Wert von über 85 000 Mark (in Preisen von 1970) umstellt sein. Die Produktionsanlagen in den Industriegebieten an Rhein und Ruhr, in den Ballungszentren des Südens und des Nordens wuchsen jedoch von 1970 bis 1976 nur noch uni 39 Prozent (Anfang bis Mitte der sechziger Jahre: 46 Prozent), viel zu langsam, um bei dem steigenden Kapitaleinsatz für jeden der Arbeitsplätze alle erhalten zu können (siehe Graphik Seite 187). Auf diese Art kamen nach Schätzungen des DIW bereits 1971 rund 40 000 Arbeitsplätze abhanden. Und seither nimmt der Schwund fast nur noch zu. Selbst in diesem Jahr werden wiederum, so errechneten die Berliner Forscher, 320 000 Stellen ersatzlos vernichtet"
"92","0.8014861643314362","0.8014861643314362","0.9","Score: 9.0/10 - Der Text thematisiert explizit Hoffnungen und Ängste gegenüber der Computerisierung und Automatisierung. Er enthält mehrere direkte Aussagen über negative Konsequenzen: Der Arbeiter im Titelphoto symbolisiert die Ohnmacht des Menschen vor der Maschine, und Norbert Wiener warnt vor der Gefahr, dass Menschen nichts mehr zu verkaufen hätten. Gleichzeitig werden Hoffnungen formuliert: Dr. Ernst Hofmeister sieht in der Mikroelektronik eine Befreiung von Routinearbeiten und die Schaffung qualifizierter Arbeitsplätze. Professor Hans Taxis betont die Chance in kreativen, mitmenschlichen Dienstleistungen, die Maschinen nicht ersetzen können. Diese klare Spannung zwischen Angst vor Arbeitsplatzverlust und Hoffnung auf menschliche Wertschöpfung macht den Text zu einem zentralen Dokument der öffentlichen Diskussion.","Briefe","1978-05-14","https://www.spiegel.de/politik/kreativ-und-mitmenschlich-a-65bea2ed-0002-0001-0000-000040615407?context=issue","(Nr. 16/1978, SPIEGEL-Titel »Die Computer-Revolution"") Der Arbeiter in dem Titelphoto dreht dem Ungeheuer von Computer resigniert, die Arme schlapp herunterhängend, den Rücken zu und demonstriert so die Ohnmacht des Menschen. Schon die Hippies rebellierten gegen das Regiment einer von der Maschine determinierten Gesellschaft. Ihre sanfte Rebellion konnte leicht »weggefegt« werden. Der derzeitige Aufstand der jüngeren Generation gegen den »faustischen Handel« weist verzweifelte Züge auf. Hamburg VERONIKA GRUDINSKI Diese Entwicklung nur ein paar Schritte weiter gedacht, müßte es doch ein leichtes sein, Mensch-Maschinen zu bauen, welche die von den Arbeits-Robotern produzierten Güter verbrauchen. Boos (Rhld.-pf.) ERHARD HÖHN Die Maschinenstürmer waren und sind schlecht beraten. Nicht die Automation ist schlecht, sondern das soziale System. Lüchow (Nieders.) CHUBANSHE OUYA Zum Thema »Computer-Revolution« hat der Vater der Kybernetik, Norbert Wiener, schon 1947 (!) hellsichtig geurteilt: Stellt man sich ... diese zweite industrielle Revolution als abgeschlossen vor, so wird das durchschnittliche oder noch geringere menschliche Wesen nichts zu »verkaufen haben, was für irgend jemanden das Geld wert wäre. Die Antwort ist natürlich, daß wir eine Gesellschaft brauchen, die auf menschliche Werte gegründet ist und nicht auf Kaufen und Verkaufen. Düsseldorf VOLKER SCHWEISFURTH 1,2 Millionen Arbeitsplätze seien von 1970-77 wegrationalisiert worden. Das ist eine grobe Irreführung. Die Hauptursache ist konjunktureller Art. Die Mikroelektronik wird uns von Routinearbeiten befreien und höher qualifizierte Arbeitsplätze schaffen -- entsprechend dem ohnehin schon hohen Lohnniveau in unserem Lande, das nur dadurch auch in Zukunft zu halten sein wird. Die neuen Technologien werden eine Umstrukturierung unserer Arbeitsplätze zur Folge haben, aber keineswegs in dem negativen Sinn, wie von Ihnen beschrieben. München DR. RER. NAT. ERNST HOFMEISTER Wenn wir mit Minicomputern mehr und mehr vollautomatische Fabriken schaffen (Beispiel wenn eine Fabrik mit einem Dutzend Arbeitern den gesamten europäischen Bedarf an Glühbirnen produzieren kann), Auto- und Stahlproduktion ohne eine relevante Zahl von Arbeitnehmern auskommen, dann wird auch der überzeugte Anhänger einer Marktwirtschaft zu dem Ergebnis kommen müssen, daß man diese Produktion nicht mehr der Privatwirtschaft überlassen kann. Rationalisiert man also in die Sozialisierung hinein, wenn man sich keine Selbstbeschränkung auferlegt? Stuttgart PROFESSOR HANS TAXIS Die Chance liegt in der kreativen und mitmenschlich orientierten Dienstleistung, die unsere Gesellschaft wohl sehr nötig hat. Diese wird die Elektronik nie ersetzen können. Ob allerdings diese kreative und mitmenschlich orientierte Dienstleistung wirtschaftlich organisiert oder im privaten Bereich (sprich durch geeignete Arbeitszeitverkürzung) geschaffen wird, ist die Frage. Karlsruhe (Bad-Württ.) DR. H"
"93","0.7829279899597168","0.7829279899597168","0.9","Score: 9.0/10 - Der Text thematisiert die Angst vor Arbeitsplatzverlust durch Computerisierung und Automatisierung explizit. Er beschreibt die »dritte technische Revolution« als Ursache für die erste westdeutsche Massenarbeitslosigkeit und warnt vor der Bedrohung von technischen Zeichnern, Ingenieuren und Angestellten durch Text-Automaten und Datenverarbeitungssysteme. Die Schätzung von einer Million betroffener Angestellter ist eine konkrete Angstäußerung. Gleichzeitig wird die Hoffnung auf Gewerkschaftsaktionen als Gegenwehr deutlich: Die IG Metall versucht, die negativen Folgen abzufedern. Die Textpassagen zeigen eine klare gesellschaftliche Angst vor technologischem Wandel, die in konkrete politische und soziale Reaktionen mündet.","Schmilzt wie Schnee","1978-03-26","https://www.spiegel.de/wirtschaft/schmilzt-wie-schnee-a-f796c172-0002-0001-0000-000040706102?context=issue",". Die IG Metall versucht durchzudrücken, daß die negativen Folgen des Fortschritts für den einzelnen Arbeitnehmer begrenzt, nach Möglichkeit sogar voll abgefedert werden. Denn: Konnten in den vergangenen Jahrzehnten die Rationatisierungen leicht verdaut werden -- die Freigesetzten waren in den Wachstumsjahren leicht unterzubringen, der Bedarf an qualifizierten Facharbeitern stieg zuverlässig mit dem technischen Fortschritt -, so verlangt die just zu Beginn der westdeutschen Massenarbeitslosigkeit ausgebrochene »dritte technische Revolution« (DGB-Chef Heinz Oskar Vetter) ihre Opfer. Selbst technische Zeichner und Ingenieure bleiben nicht verschont: Kollege Computer ist schon heute durchaus in der Lage, etwa eine Wasserpumpe in sämtlichen Details zu konstruieren und zu zeichnen. Auch die Angestellten in den Büros und Verwaltungsabteilungen von Industrie, Kaufhäusern, Banken und Versicherungen sind von den elektronischen Wunderwaffen bedroht. Nach Schätzungen der Gewerkschaften könnten Text-Automaten und elektronische Datenverarbeitungsgeräte in den nächsten Jahren etwa eine Million Angestellte um ihren Job bringen. Betroffen wäre vor allem die Kundschaft der Gewerkschaft Handel, Banken, Versicherungen (HBV). Und die rüstet bereits auf: »Der Kampf der Drucker und Setzer«, drohte die große Tarifkommission noch während des Arbeitskampfes, »wird Maßstäbe setzen für die Bewältigung der absehbaren Rationalisierungen im Geld- und Kreditwesen.« Der Spielraum der Gewerkschaften ist dabei allerdings überaus schmal. Genau jener technische Fortschritt nämlich, der unter Kontrolle gebracht werden soll, hat jahrzehntelang dafür gesorgt, daß die Produktivität der Betriebe stieg -- und mit ihr stiegen die Reallöhne der Arbeitnehmer."
"94","0.7785930037498474","0.7785930037498474","0.9","Score: 9.0/10 - Der Text thematisiert die Angst vor Arbeitsplatzvernichtung durch technologischen Wandel explizit. Er beschreibt, wie steigende Löhne und sinkende Produktivität seit 1971 zu einer »forcierten und systematisierten Personalabbauplanung« führten. Die Zahlen sind konkret: 65.000 Arbeitsplätze wurden 1971 freigesetzt, bis 1976 fehlten 900.000 Beschäftigte für gleiche Produktionsmengen. Die Angst vor »Wegrationalisierung« wird als gesellschaftlicher Prozess dargestellt. Gleichzeitig wird die Hoffnung implizit durch die Kritik an der Politik des Bundeskanzlers Schmidt formuliert: Die Chance, die Arbeitsplatzvernichtung zu stoppen, sei verpatzt worden. Die Textpassagen zeigen eine klare gesellschaftliche Angst vor der Automatisierung, die als Folge wirtschaftlicher Strukturen verstanden wird.","Der stille Bürgerkrieg","1977-04-03","https://www.spiegel.de/politik/der-stille-buergerkrieg-a-b6c38ad4-0002-0001-0000-000040916976?context=issue",". Jedenfalls boten sie den hohen Forderungen, zu denen sich ihre Verhandlungspartner gezwungen wähnten, nur müde Paroli. »Das Management hat um des sozialen Friedens willen nachgegeben«, so kritisiert der Kieler Ökonom Herbert Giersch, »und damit zu jener Gewinnkompression, Investitionsschwäche und Arbeitslosigkeit beigetragen, die uns für die mittelfristige Zukunft Sorgen macht.« Schon von Ende 1969 bis Ende 1971 stiegen die Löhne und Gehälter, die in der westdeutschen Industrie für jede Arbeitsstunde gezahlt wurden, um 26,9 Prozent. Der Warenausstoß je Arbeitsstunde, die Zahl der Dienstleistungen, die in 60 Minuten erbracht werden, wuchs jedoch nur noch um 4,4 Prozent. Die Folge: Jede gefertigte Produkteinheit, jede Schraube, jedes Auto, jede Werkzeugmaschine war an der Jahreswende 71/72 mit rund 20 Prozent mehr Lohnkosten belastet als zwei Jahre zuvor. Da reichten dann selbst die mächtigen Preiserhöhungen von 8,6 Prozent (von Ende 69 bis Ende 71) nicht mehr aus, um die Gewinnspanne von ehedem aufrechtzuerhalten. Schon 1971 behielten Westdeutschlands Industrielle und selbständige Handwerker von jedem eingenommenen Hunderter weniger übrig als 1967, in der bis dahin schwersten Nachkriegsrezession. (Siehe Graphik Seite 178.) Schon damals fing die Investitionslust an zu sinken, begann die Industrie, zu teuer gewordene Arbeitskräfte einzusparen. Schon damals auch kam jener scheinbar niemals endende Prozeß in Gang, über den Hans Mayr, stellvertretender Vorsitzender der Industriegewerkschaft Metall, jetzt sagt, er bedeute eine »forcierte und systematisierte Personalabbauplanung im Interesse des Profils«. Tatsächlich bemerkte die Bundesbank in Westdeutschlands Industrie schon vor sechs Jahren eine Zunahme jener Aktivitäten, die unter den Linken im Lande »Wegrationalisieren von Arbeitsplätzen« heißen. Die Unternehmer taten damit freilich nichts anderes als jene Hausfrauen, die im letzten Jahr nach den exorbitanten Kartoffelpreissteigerungen statt der Erdäpfel die relativ billigeren Nudeln einkauften. Weil Arbeitskraft so teuer wurde und ständig noch kostspieliger zu werden drohte, versuchten die Fabrikanten und Händler, die Handwerker und die Bankiers, so viele Tätigkeiten wie möglich statt von Menschen von Maschinen verrichten zu lassen. Schon 1971 setzten allein die Industrieunternehmen auf diese Art 65 000 Beschäftigte frei. Da in den Jahren darauf der Lohndruck immer stärker wurde, ersetzten die Fabrikanten so viele Arbeiter und Angestellte durch mechanische und elektronische Geräte, daß sie Ende 1976 für den Ausstoß der gleichen Produktionsmenge wie 1972 rund 900 000 Beschäftigte weniger benötigten als damals. Die letzte Chance, die »lohnbedingte« (Herbert Giersch) Arbeitsplatzvernichtung vielleicht doch noch in den frühen siebziger Jahren abzustoppen, verpatzte der derzeitige Bundeskanzler Helmut Schmidt, als er noch einfaches Kabinettsmitglied war"
"95","0.7732976973056793","0.7732976973056793","0.9","Score: 9.0/10 - Der Text thematisiert explizit Hoffnungen und Ängste gegenüber der Zukunft der Arbeit. Er beschreibt die Angst vor einer Gesellschaft, in der nur noch zwei Prozent der Bevölkerung arbeiten müssen, und kritisiert die damit verbundene »nachbürgerliche Gesellschaft«. Gleichzeitig formuliert er Hoffnungen: Die Arbeit wird künftig auf menschliche Dienstleistungen, Beratung und Zusammenarbeit ausgerichtet. Die Fähigkeit zur Konzilianz und Kooperation wird als zukünftige Voraussetzung für Erfolg genannt. Die Textpassagen zeigen eine klare Spannung zwischen Angst vor Arbeitslosigkeit und Hoffnung auf eine humanisierte, menschlichere Arbeitswelt. Die Zitate aus dem Mathematiker Richard Bellman und die Beschreibung des Wertewandels sind konkrete Hinweise auf die gesellschaftliche Diskussion über die Zukunft der Arbeit.","Das schwierige Vaterland","1979-02-25","https://www.spiegel.de/politik/das-schwierige-vaterland-a-200b7da9-0002-0001-0000-000040350978?context=issue",". Nicht einmal in Europa ist die Armut schon getilgt, und auch die Bundesrepublik ist weit davon entfernt, individuelle und öffentliche Armut überwunden zu haben. Niemand wird Schäden und Schwächen leugnen wollen, die sich als Folge wohlfahrtsstaatlicher Politik eingestellt haben. Niemand wird auch verkennen können, daß ein bisher nicht erfahrenes Maß an sozialer Sicherheit, Bildungschancen und Freizeit psychologische Probleme mit sich bringt. Diese Probleme sind aber den dünnen Oberschichten seit je wohlbekannt gewesen. Die nachbürgerliche Gesellschaft kann mehr Humanisierung hervorbringen. Das individualistische, aggressive, auf Wettbewerb und Erfolg setzende Arbeitsethos wird sich in der Zukunft vermutlich abschwächen. Unsere Gesellschaft verwendet menschliche Arbeitskraft zunehmend auf dem Dienstleistungssektor, nicht im aggressiven Umgang mit der Natur oder in direkter Nutzung von technischem Gerät. Nach Berechnungen des Mathematikers Richard Bellman sollen im Jahr 2000 nur noch zwei Prozent der Arbeitskräfte erforderlich sein, um die Güternachfrage zu befriedigen. Wie problematisch diese Zahl auch sein mag, als Leitbild für Arbeit werden zukünftig weniger der Schraubenschlüssel und das Zeichenbrett dienen. Arbeiten wird künftig der innerhalb einer Personengruppe agierende Mensch, indem er berät, hilft, dient. Die Aufgaben im Dienstleistungsbereich lassen sich nach den bisherigen Leistungskriterien nicht mehr messen, auch fällt die individuelle Zurechnung von Erfolg oder Mißerfolg immer schwerer. Die Tugend des Sichdurchsetzens wird in Zukunft weniger gefragt sein. Konzilianz, Verhandlungs- und Kompromißfähigkeit werden Voraussetzungen einer erfolgreichen Karriere. Schon heute hat sich innerhalb des Karrieremusters die Fähigkeit, mit anderen zusammenzuarbeiten und in solcher Kooperation lernfähig zu bleiben, weit nach vorn geschoben. Wer diese Veränderungen des Arbeits- und Berufsethos in der nachbürgerlichen Gesellschaft wichtig nimmt, muß deshalb nicht leugnen, daß bestimmte Verhaltensweisen, wie sie eine bürgerliche Erziehung bisher garantierte -- Enttäuschungsfestigkeit, hohe Anforderung gegenüber sich selbst, Realitätssinn -, weiterhin Eigenschaften bleiben, die Menschen zu Führungsrollen befähigen. Diese Einsicht aber verträgt sich durchaus mit der anderen, daß das protestantisch-kapitalistisch-individualistische Berufsethos der letzten zweihundert Jahre in eine Krise geraten und dazu verurteilt ist, einer neuen Arbeits- und Berufsmoral zu weichen. Es ist vermutlich nicht übertrieben, den gegenwärtig sich vollziehenden Wertewandel mit den revolutionären Wandlungen zu vergleichen, die vor zwei Jahrhunderten zur Aufgabe der agrarständischen Wertevorstellungen zugunsten kapitalistisch-individualistischer Einstellungen zwangen. Um diesen gesellschaftspolitischen Prozeß zu bewältigen, muß die Leistungsgesellschaft humanisiert werden, das heißt aber nicht, das Leistungsprinzip einfach abschaffen"
"96","0.771785706281662","0.771785706281662","0.9","Score: 9.0/10 - Der Text thematisiert explizit die Angst vor der Computerisierung und Automatisierung, insbesondere durch die Mikroelektronik, die als 'Job-Killer' wahrgenommen wird. Konkrete Aussagen wie 'Uns steht eine soziale Katastrophe bevor' und die Zitierung von Gewerkschaftsführern, die den Trend der Arbeitsplatzvernichtung als unvermeidlich sehen, zeigen deutliche Ängste. Die Erwähnung der 'technischen Intelligenz', die 'organische Intelligenz' (Arbeitskräfte) freisetzt, verdeutlicht die wirtschaftliche und soziale Bedrohung. Die Angst vor der Massenarbeitslosigkeit durch neue Techniken ist zentral und wird durch Expertenmeinungen und Gewerkschaftspositionen belegt.","»Uns steht eine Katastrophe bevor«","1978-04-16","https://www.spiegel.de/politik/uns-steht-eine-katastrophe-bevor-a-297be044-0002-0001-0000-000040615677?context=issue",". Die einen behaupten, daß die Flut schnell ansteigt und in 20 Jahren 80 Prozent der Arbeitsplätze vernichtet. Die anderen sind der Ansicht, dieses Ergebnis werde erst später erreicht.« Wann immer -- der Trend hat sich offenbar gedreht. Fast eineinhalb Jahrhunderte war der technische Fortschritt, die Entwicklung neuer Produkte und neuer Fertigungsverfahren ein verläßlicher Antrieb für Wachstum und Wohlstand. Seit dem Ende der schlesischen Weberaufstände, als aufgebrachte Tuchmacher den letzten Sturm auf die vermeintlich existenzgefährdenden mechanischen Webstühle inszenierten, wußten auch die Arbeiterführer die Segnungen des technischen Fortschritts zu schätzen: Allein die Produktivitätssteigerungen, die durch neue Maschinen aufgebesserte Ergiebigkeit des Faktors Arbeit konnte nach herrschender Meinung auf Dauer die realen Einkommen der Arbeitnehmer erhöhen. Kein Gewerkschaftsführer widersprach, als der Kathedersozialist Gustav von Schmoller 1875 schrieb: »Aller höhere Wohlstand ... beruht auf der Arbeitsteilung«, nur sie erlaube einen beständigen Fortschritt der Produktionsverfahren und -ergebnisse. Und selbst der Urkapitalist und Fließbandfreund Henry Ford konnte unwidersprochen behaupten: »Die weitere Entwicklung der Maschine kann nie zu einer Bedrohung werden.« Bis zuletzt, spätestens bis zur Massenarbeitslosigkeit der siebziger Jahre, verstanden sich zumindest die deutschen Gewerkschafter als »Rationalisierungspeitsche"": In zähen Verhandlungen ertrotzte Lohnerhöhungen sollten nicht nur die Arbeitnehmereinkommen erhöhen, sondern die Unternehmen zu forcierter Rationalisierung, zu stetem Produktivitätsfortschritt antreiben. Noch vor einem Jahr meinte zum Beispiel der Vorsitzende der IG Metall, Eugen Loderer, die deutsche Industrie könne nur dann ihre Wettbewerbsfähigkeit erhalten, wenn »immer bessere und immer qualifiziertere Produkte« hergestellt würden. Keine zwölf Monate später war davon kaum noch die Redez wann immer: Arbeitsplätze werden, so oder so, vernichtet. Selbst das Rationalisierungs-Kuratorium der Deutschen Wirtschaft (RKW), das wesentlich von der privaten Wirtschaft finanziert wird, hält inzwischen »weitreichende Auswirkungen auf die Arbeitsplätze« für sicher. Zwar müsse die Analyse der Konjunktur- und Beschäftigungswirkungen der neuen Techniken »als bislang ungelöstes Problem bezeichnet werden«, meinen die Experten des »Instituts für Systemtechnik und Innovationsforschung« in ihrer Untersuchung »Der Einfluß neuer Techniken auf die Arbeitsplätze«. Doch der Trend steht -- in bestem Systemforscher-Deutsch -- für die Experten fest: »Da die Elektronik zur Übernahme von technischen Informationsfunktionen eingesetzt werden kann, steht immer mehr »technische Intelligenz« zu geringeren Kosten zur Verfügung, die zu zunehmender Freisetzung von »organischer Intelligenz« (Arbeitskräften) führt.« Viele Arbeitnehmer sehen das offenbar ähnlich"
"97","0.7653218507766724","0.7653218507766724","0.9","Score: 9.0/10 - Der Text thematisiert explizit die Angst vor der modernen Großtechnik, insbesondere in Bezug auf die Entfremdung der Arbeit, die Gefährdung der Freiheit und die Zerstörung menschlicher Kommunikation. Die Kritik an der 'absoluten Technizität' und die Verbindung mit dem Nationalsozialismus zeigen eine tiefe gesellschaftliche Angst vor technologischem Fortschritt. Die Zitate von Arbeitern, die 'nicht bei der Arbeit träumen, würde man verrückt' – zeigen die psychologische Belastung durch technisierte Arbeit. Die Forderung nach 'menschengerechter Technik' und 'Freiräumen für menschliche Kommunikation' ist eine klare Hoffnung auf eine humane Technik. Die Kritik an der CDU/CSU, die den technischen Fortschritt blind fördert, zeigt eine politische Auseinandersetzung mit der Technik. Die Angst ist sowohl historisch (Wilhelminische Zeit) als auch gegenwärtig (1979) verankert.","Sind die Grünen Kulturpessimisten?","1979-01-21","https://www.spiegel.de/politik/sind-die-gruenen-kulturpessimisten-a-2746c1f5-0002-0001-0000-000040351116?context=issue",". Solche Zahlen lassen zumindest den Schluß zu: Die meisten Deutschen finden, daß es ihnen ganz gut gehe, 1978 und wohl auch 1979. Aber daß der technisch-ökonomische Prozeß ein besseres Leben bringe, glaubt nur noch eine verschwindende Minderheit. Dieser radikale Bewußtseinswandel ist nicht Ergebnis einer literarischen Mode, sondern täglicher Erfahrung: betonierter Landschaft, stumpfsinniger Arbeit, vergifteten Gemüses, ungenießbarer Muttermilch. Die Kulturkritik entzündet sich an der geistig-politischen Atmosphäre im Deutschen Kaiserreich. Christian von Krockow hat kürzlich darauf aufmerksam gemacht, daß sich in Kaiser Wilhelm 11. politische Romantik und naiver Glaube an technischen Fortschritt in einer explosiven Mischung verbanden. Deutscher Nationalstolz habe sich, nicht nur in der wilhelminischen Zeit, »immer auf technische Hochleistungen gegründet«. Krockow fragt sogar: »Bedeutet der Nationalsozialismus nicht den Triumph der absoluten Technizität -- wobei auch Politik nur noch als Technik des Machtkampfes und der Massenbeherrschung erscheint -- verbrämt durch rückwärtsgewandte Romantik?« Jedenfalls: Heinrich Manns »Untertan« war politisch stockreaktionär, aber fortschrittsgläubig. Daß die Kulturkritiker gegen diesen Widerspruch polemisierten, war kein Unglück. Ein Unglück waren die Visionen, in die sie vor diesem Widerspruch flohen: in den Kult der deutschen Seele, in völkische Religion und nationalistische Heidenverklärung (Lagarde), in das elitärästhetische Ideal des Rembrandtdeutschen (Langbehn), in ein einig-mächtiges »Drittes Reich« (Moeller van den Bruck, 1922). Die heutigen Kritiker der modernen Großtechnik plagt die Entfremdung der Arbeit, die Gefährdung der Freiheit, die Zerstörung menschlicher Kommunikation. Wenn E. F. Schumacher über »sanftere« Formen der Technik nachdenkt, dann zitiert er Arbeiter: »Der moderne Arbeiter gibt der Arbeit nichts und erwartet nichts von ihr -- außer dem Wochenlohn. Wenn man nicht bei der Arbeit träumte, würde man verrückt.« Den Kulturkritikern des Kaiserreichs paßte die moderne Technik nicht in ihre Vision erdverbundener heldischer Volksgemeinschaft. Was heute als Kritik laut wird, meint menschengerechte Technik, humane Arbeit, Freiräume für menschliche Kommunikation, Auswege aus Sachzwängen, Emanzipation. Je präziser von links nach dem Wohin dieses Fortschritts gefragt wird, um so strammer verficht die politische Rechte -- gut wilhelminisch -- den Glauben an den technischen Fortschritt. In den Unionsparteien gibt es bis heute keine ernsthafte Diskussion über die gesellschaftlichen Wirkungen der Großtechnologie. Helmut Kohl kann unwidersprochen Gegner der Atomenergie Reaktionäre nennen. Es ist die CDU/CSU, die den technischen Fortschritt des Kabelfernsehens zur Errichtung eines unübersehbaren, kommerzialisierten Marktes für Informationen und Sensationen nutzen will, ohne daß dessen atomisierende Wirkung auf zwischenmenschliche Kommunikation bedacht worden wäre"
"98","0.7645286619663239","0.7645286619663239","0.9","Score: 9.0/10 - Der Text thematisiert explizit und intensiv Ängste vor der Computerisierung und deren gesellschaftlichen Folgen. Er beschreibt eine »Atmosphäre der Unsicherheit, Angst und Mißtrauen«, die durch die Einführung von Computern entsteht. Konkrete Befürchtungen werden genannt: Überwachung durch »hunderttausend Augen des Mr. Computer«, Angst vor beruflichen Nachteilen bei politischer Aktivität, Vermeidung von linken Buchläden, Zensur durch Datenbanken. Die Zitate aus der »Deutschen Gesellschaft für Verhaltenstherapie« und die Erwähnung von »1984« als Bestseller zeigen, dass die Angst vor totaler Überwachung und Verlust der Privatsphäre weit verbreitet war. Die Befürchtung, dass »die Wanzen ein bißchen tanzen«, ist eine satirische, aber deutliche Metapher für die Angst vor staatlicher Kontrolle durch Computer. Damit liefert der Text eine der stärksten Quellen für die öffentliche Angst vor Computerisierung in der Bundesrepublik.","»Das Stahlnetz stülpt sich über uns«","1979-04-29","https://www.spiegel.de/politik/das-stahlnetz-stuelpt-sich-ueber-uns-a-526323ff-0002-0001-0000-000040351613?context=issue",". Doch der Wunsch des Professors (dem nur begrenzte Kontrollrechte zustehen) blieb unerfüllt. »Unsicherheit, Angst und Mißtrauen«, bedauert Bull, »sind die Folge.« Schon ist das Ausmaß der Furcht vor den hunderttausend Augen des »Mr. Computer« (Herolds Spitzname) und seiner Kollegen zum Gegenstand wissenschaftlicher Recherchen geworden: »Ich kontrolliere, was ich in den Papierkorb werfe«; »ich wage es nicht, an einer Demonstration teilzunehmen«; »ich vermeide es, in linken Buchläden zu kaufen« -- diese Bekenntnisse veröffentlichte die »Deutsche Gesellschaft für Verhaltenstherapie«, mit 6500 Mitgliedern größter psychotherapeutischer Fachverband der Bundesrepublik, in einer 85-Seiten-Dokumentation über die seelische Lage der Nation. Bereits geringste politische Aktivität, »beispielsweise der Besuch einer Veranstaltung«, berichten die Therapeuten, lasse bei jungen Westdeutschen »Zweifel darüber aufkommen, ob man damit seine berufliche Zukunft gefährdet«. Viele zögen sieh daher in »ihr privates Schneckenhaus zurück«. Schon auf westdeutschen Schulhöfen kursiert kokett kostümierte Hysterie: »Lieber Gott, mach mich krumm, daß ich in den Staatsdienst kumm« -- das mittlerweile geflügelte Pennälerwort kennzeichnet die Mentalität ebenso wie ein larmoyant-sarkastisches Gedicht im »Roten Kalender 1979"": Spiel doch mal durchs Telephon Vivaldi, Bach und Mendelssohn. Dann können die Wanzen ein bißchen tanzen. Hochschüler, beobachtete der Sozialdemokrat Glotz, redeten sich »in ihren Versammlungen nicht mehr mit dem Nachnamen an«. Bei Unterschriftensammlungen zeigten viele »ängstliche Abwehr«; andere weigerten sich, in Examensarbeiten »Marx, Engels, Bloch, egal wen, zu zitieren Frei von Angst vor einer vermeintlich »perfekten Überwachungsmaschinerie« scheinen nicht einmal mehr SPD-Parteitagsdelegierte: Manch einer, meldete das parteiinterne »Sozialdemokrat Magazin«, weigere sich sogar, seinen Namen in Spendenlisten für die spanische Bruderpartei einzutragen; die Genossen fürchteten allen Ernstes berufliche Nachteile, falls derlei Daten in Staatsschutz-Computer eingespeist würden. Kein Wunder, daß in dieser Atmosphäre plötzlich »1984«, George Orwells bedrückendes Opus vom allgegenwärtigen Großen Bruder, wieder auf den Bestseller-Listen erschien. Ist »1984«, wie die Hamburger »Zeit« unkte, womöglich »ein halbes Jahrzehnt vor dem Stichtag Realität geworden«? Datenschutzexperten meinen, daß ein Großteil solcher Befürchtungen übertrieben sei; Professor Bull bedauert, daß Kritiker vielfach technisch Mögliches als schon vorhanden hinstellen. Tatsächlich wähnen sich vor allem junge Bundesdeutsche von ungleich mehr Computern erfaßt, von ungleich mehr Dunkelmännern abgehört, von ungleich mehr Schnüfflern umstellt, als alle Geheimdienste Europas umfassen. Nie zuvor in der Geschichte der Bundesrepublik haben, andererseits, so viele Fälle scheinlegaler, halblegaler oder illegaler staatlicher Datensammlung die Bevölkerung so sehr bewegt wie in den letzten anderthalb Jahren"
"99","0.7635850608348846","0.7635850608348846","0.9","Score: 9.0/10 - Der Text thematisiert explizit Hoffnungen und Ängste gegenüber der Mikroelektronik und Automatisierung. Er nennt die »integrierten Schaltkreise und Mikroprozessoren« als technische Neuerung, die jedoch keine neuen Arbeitsplätze schafft, sondern bestehende beseitigt. Die Aussage »brachte keine neuen Konsumstöße, die Arbeitsplätze schaffen, sondern beseitigten vorhandene Arbeitsplätze« ist eine klare, direkte Angst vor Arbeitsplatzverlust durch Automatisierung. Die Befürchtung, dass die Industrie durch Rationalisierung und Automatisierung unter Druck steht, wird durch die Erwähnung der hohen Löhne und der internationalen Konkurrenz (Japan, USA) untermauert. Die Textstelle zeigt auch die gesellschaftliche Spannung: Die Arbeitgeber profitieren von Arbeitslosigkeit, während die Gewerkschaften zwischen Fortschritt und Schutz der Beschäftigten hin- und hergerissen sind. Damit liefert der Text eine zentrale Quelle für die Angst vor Arbeitslosigkeit durch Computerisierung und die Hoffnung auf eine neue Wirtschaftsform durch Arbeitszeitverkürzung.","Das Wachstumsspiel funktioniert nicht mehr","1978-05-28","https://www.spiegel.de/wirtschaft/das-wachstumsspiel-funktioniert-nicht-mehr-a-e09dc00b-0002-0001-0000-000040617862?context=issue",". Seit 1973 ist der Konsens gestört und das Potential begrenzt. Die Wirtschaftspolitiker, von soziologischen Gedankengängen nicht belästigt. trafen auf veränderte menschliche Verhaltensweisen und waren irritiert. Aus zwei Gründen vor allem mußte die Geld- und Wachstumsmaschine stocken: f> Die Konsumbürger nähern sich mit ihrem privaten Wohlstandsapparat überall gewissen Sättigungsgrenzen: das produzierende Gewerbe bringt nichts grundsätzlich Neues mehr zustande, das einen elementaren Kaufzwang auslöst wie seinerzeit der Kühlschrank, der Fernseher oder das Automobil. Fast sämtliche deutschen Familien besitzen inzwischen Kühlschrank, Fernseher und Auto. In den anderen Industrieländern liegt es ähnlich. Nachfrage nach neuen Geräten wird deshalb nur noch wach, wenn das alte abgebraucht ist. Die Industrie, seit langem unfähig, mit Innovationen, also mit revolutionären Neueinführungen, zu glänzen, muß ihr Ausbautempo drosseln. Eine gesättigte Gesellschaft kauft am Ende kaum mehr neue Fernseher, Waschmaschinen und Automobile als drei, fünf oder zehn Jahre zuvor. Amerikas Personenwagenfertigung bewegt sich seit 15 Jahren unablässig zwischen sechseinhalb und neuneinhalb Millionen Einheiten im Jahr. Die einzige technische Neueinführung des vergangenen Jahrzehnts, integrierte Schaltkreise und Mikroprozessoren, brachte keine neuen Konsumstöße, die Arbeitsplätze schaffen, sondern beseitigten vorhandene Arbeitsplätze, weil sie die Fertigung vereinfachten (SPIEGEL-Titel 16/1978). Die schlimmen deutschen Tugenden des Gewerbefleißes und der Sparsamkeit verschärften den Trend. Das zunehmende Mißverhältnis zwischen Rationalisierung und Kaufunlust drückte die Arbeitslosenzahlen zwanghaft in die Höhe. Kanzler-Appelle, mehr zu konsumieren statt soviel zu sparen, brachten die Deutschen von ihren Tugenden nicht herunter. Daß nur ein Mehr an Freizeit den Arbeitsmarkt der stagnierenden. technisch aber hochrationalisierten Wirtschaft wieder ins Lot bringen kann. wird als gesamtwirtschaftliche Lonik * Christina Föppl: »Die Vollbeschäftigungs-Formel«. Fischer Taschenbuch Verlag; 122 Seiten; 6,80 Mark. von kaum einer Gruppe noch bestritten, von den Arbeitgebern einmal abgesehen. Doch deren Haltung ist, so die Sozialwissenschaftlerin Christina Föppl in ihrem Buch »Die Vollbeschäftigungsformel«, verständlich*. Die Arbeitgeber haben, so Föppl, »von der Arbeitslosigkeit nur Vorteile: Fleiß und Gefügigkeit der Beschäftigten, Auswahl unter mehreren Bewerbern für eine offene Stelle. Von der Arbeitszeitverkürzung hätten sie dagegen ... den Verlust dieser Vorteile zu erwarten ...« Doch so plausibel Arbeitszeitverkürzung und 35-Stunden-Woche unter einem mehr globalen Aspekt sind, so knifflig sind sie im Detail. Die Dreisatzrechnung vom Umverteilen der Arbeitszeit und des Lohnes wirkt in der schwäbischen Provinz anders als im Wolfsburger Volkswagenwerk. In Schwaben sind Fachleute für Präzisionswerkzeuge vonnöten, die es kaum zusätzlich gibt"
"100","0.7625673711299896","0.7625673711299896","0.9","Score: 9.0/10 - Der Text thematisiert explizit die Angst vor einer zunehmenden Massenarbeitslosigkeit als Folge des technologischen Wandels und der Stagnation der Wirtschaft. Er beschreibt, wie die traditionelle Vollbeschäftigungspolitik durch Wachstum an ihre Grenzen stößt, und verweist auf die Unfähigkeit der Wirtschaftspolitik, mit klassischen Instrumenten wie Zinssenkungen oder Konsumanreizen die Arbeitslosigkeit zu bekämpfen. Die Erwähnung der 'Knopfdruckapparate' als metaphorische Darstellung der Illusion der Steuerbarkeit der Wirtschaft durch Politiker unterstreicht die Angst vor einem verlorenen Kontrollvermögen über technologische und wirtschaftliche Prozesse. Die Prognose einer Arbeitslosenzahl von drei Millionen bis 1990 und die Warnung vor politischen Konflikten (z. B. durch Schleyer) zeigen eine klare gesellschaftliche Angst vor den Folgen der Automatisierung und Rationalisierung, die als unumkehrbar und systemisch bedingt wahrgenommen werden.","Das Wachstumsspiel funktioniert nicht mehr","1978-05-28","https://www.spiegel.de/wirtschaft/das-wachstumsspiel-funktioniert-nicht-mehr-a-e09dc00b-0002-0001-0000-000040617862?context=issue",". Arbeit dagegen, so bringt es die mitteleuropäische Tradition nun einmal mit sich, gilt als Sicherheitsgarantie für soziales Wohlverhalten. Arbeit, verkündet der katholische Sozialwissenschaftler Oswald von Nell-Breuning. sei für Arbeiter »der Wert, der ihre Selbstachtung, ihr Selbstbewußtsein trägt«. Ein solches Selbstbewußtsein muß gefährlich gestört sein, sobald die Arbeitslosen-Million als diskriminierte Gruppe neben dem funktionierenden Wohlstandsapparat dahinlebt, ohne Chance, in absehbarer Zeit von ihm wieder aufgenommen zu werden. Und wenn zu der einen Million Dauerarbeitslose etwa noch 100 000 unbeschäftigte Lehrer kommen, hatte schon der später ermordete Arbeitgeberpräsident Hanns Martin Schleyer gefunden, werde es »politisch brisant«. Bei der einen Million aber, so wissen die Arbeitsmarktexperten, wird es nicht bleiben, falls alles so weiterläuft wie bisher, In diesem Fall. hat die Bundesanstalt für Arbeit in Nürnberg ausgerechnet, werde die Arbeitslosenzahl in Westdeutschland bis 1990 auf drei Millionen klettern -- auf mehr als zehn Prozent der Erwerbsbevölkerung. Die auf Dynamik, neue Märkte und sprunghafte Lohnsteigerungen programmierte Wohlstandsgesellschaft bat damit ihr eigenes System an seine logische Grenze gebracht. Spätestens seit der Ölkrise 1973 ist deutlich geworden. daß die Knopfdruckapparate ohne Strom sind, mit denen Wirtschaftsprofessoren und -politiker das ökonomische Geschehen nach Belieben bremsen oder beschleunigen, mit dem sie Beschäftigung und Stabilität, Wachstum und Exportkonjunktur herstellen konnten, als handle es sich dabei um die Steuerung des Fließbandes einer Automobilfahrik. Weder mit Zinssenkungen noch mit Subventionen, nicht mit Strukturprogrammen und Konsumanreizen kamen die Wirtschaftslenker der westlichen Gesellschaften der Massenarbeitslosigkeit nun noch bei. Das alte Spiel, den Produktions- und Konsumapparat nach dem Dogma des britischen Wirtschaftstheoretikers John Maynard Keynes mit Geld anzuwerfen, hörte auf zu funktionieren. Die Maschine lief niemals wieder rund, sie stotterte weiter, John Maynard war nicht mehr der Steuermann. Die Vollbeschäftigungspolitik durch Wachstum war auf gravierend veränderte Bedingungen gestoßen. 25 Jahre lang, seit den hohen Zeiten des Wohlstandspredigers Ludwig Erhard und des knallharten Notenbankpräsidenten Wilhelm Vocke, hatten die Wirtschaftspolitiker von zweierlei ausgehen können: von einem gesellschaftlichen Konsens über das materielle Ziel der Wohlstandsmaximierung und von einem schier unerschöpflichen Wachstumspotential. Seit 1973 ist der Konsens gestört und das Potential begrenzt. Die Wirtschaftspolitiker, von soziologischen Gedankengängen nicht belästigt. trafen auf veränderte menschliche Verhaltensweisen und waren irritiert"
"101","0.7620490491390228","0.7620490491390228","0.9","Score: 9.0/10 - Der Text beschreibt den endgültigen Verlust von Arbeitsplätzen durch technologische Rationalisierung und Automatisierung. Die Aussage, dass die Stellen 'spurlos verschwunden' seien und auch bei voller Kapazitätsauslastung der Industrie nicht wieder verfügbar seien, zeigt eine klare Angst vor einer strukturellen Arbeitslosigkeit. Die Erwähnung der Rückführung von über 400.000 ausländischen Arbeitern und des Verbots der Neuanwerbung unterstreicht die gesellschaftliche Reaktion auf den Verlust von Arbeitsplätzen. Die Textstelle zeigt, wie die Automatisierung nicht mehr als temporäre Konjunkturproblematik, sondern als dauerhafte, systemische Veränderung wahrgenommen wird. Die Angst vor einem permanenten Mangel an Arbeitsplätzen und die Diskussion über die Rationierung von Arbeit (wie bei Blüm) belegen eine tiefgreifende gesellschaftliche Sorge.","Der stille Bürgerkrieg","1977-03-27","https://www.spiegel.de/politik/der-stille-buergerkrieg-a-efc5be39-0002-0001-0000-000040941672?context=issue",". soziale und politische Konflikte größeren Ausmaßes« provoziere. Loderers oberster Kollege, der DGB-Vorsitzende Heinz Oskar Vetter, verlangte sogar, die Wirtschaft müsse nun gezwungen werden, sich bald »der Frage der Arbeitsplatzdarbietung zu stellen«. Doch »die Lösung des Beschäftigungsproblems""« so teilte Otto Schlecht, Staatssekretär und Ökonomiegewissen des Bonner Wirtschaftsministers Hans Friderichs, bündig mit, »ist kurzfristig nicht möglich«. Selbst Helmut Schmidt, Bonns weltweit beratender Chefvolkswirt, über den in den auswärtigen Zentren geflüstert wird, anders als der allwissende Gott wisse er alles noch besser, hat für das drängendste Problem im eigenen Land keine schnelle Wunderheilung parat. Der sturmfluterprobte Hanseat, der anderen Staatenlenkern gerne bedeutet, auch Katastrophen seien leicht, gleichsam binnen eines Tidenwechsels, zu meistern, wenn man nur wolle, gab sich seltsam bescheiden. In seiner Regierungserklärung verhieß er nur, er werde an der »Wiederherstellung der Vollbeschäftigung« vorrangig arbeiten. Die meisten der Werktätigen im Wartestand werden jedoch trotz des Kanzlers Fleißvorsatz die Hoffnungen auch weiterhin noch dehnen müssen. Bis zum Ende dieses Jahres kann das Arbeitslosenheer auch dann nur wenig ausgedünnt werden, wenn die Konjunktur-Weissager recht behalten, die den Deutschen für 1977 ganz freundliche Karten schlugen. Auch wenn den Prognosen gemäß das reale Bruttosozialprodukt, der um Preissteigerungen bereinigte Wert aller in einem Jahr erzeugten Güter und Dienstleistungen, um vier bis fünf Prozent wächst, bleiben neu geschaffene Stellen rar. Die Rückkehr auf einen ehemals vertrauten Schreibtischstuhl und einen schon einmal eingesessenen Maschinenschemel ist ohnedies für viele Arbeitslose nur so gewiß wie die Chance auf einen Hauptgewinn in Lotterien. Denn in der westdeutschen Wirtschaft, die noch vor wenigen Jahren die entlegenen Weiler Südosteuropas nach Malochern für Germany absuchen ließ, ist ein beträchtlicher Teil der einst überreichlich vorhandenen Arbeitsplätze spurlos verschwunden. Die einst willkommenen Arbeitsgäste gelten seither als Last. Von Ende 1973 bis Frühjahr 1976 wurden über 400 000 ausländische Arbeiter wieder heimgeschickt, und die Neuanwerbung von Nicht-EG-Europäern wurde verboten. Denn nach den Schätzungen des Sachverständigenrates hat die Zahl der Arbeitsstellen allein von 1973 bis 1976 um rund 800 000, das sind 3,4 Prozent, abgenommen. Die Experten des Deutschen Instituts für Wirtschaftsforschung (DIW) in Berlin und die Fachleute des Instituts der deutschen Wirtschaft glauben sogar, daß in den vergangenen Jahren noch einige hunderttausend Arbeitsplätze mehr verlorengingen. Der Verlust ist endgültig -- die Stellen sind weg. Sie stehen auch dann nicht wieder zu Gebot, wenn Westdeutschlands Industrie, deren Kapazitäten derzeit erst wieder zu 81,2 Prozent ausgelastet sind (Anfang 1976: 77,9 Prozent), ihre Maschinen auf vollen Touren laufen läßt"
"102","0.759958416223526","0.759958416223526","0.9","Score: 9.0/10 - Der Text thematisiert explizit die zunehmende Sorge und das Misstrauen gegenüber Technik und Wissenschaft in der westdeutschen Gesellschaft der 1970er Jahre. Die Aussage, dass 'Wunder der Technik nur noch wenig bewundert, mehr schon mit Mißtrauen und Sorge betrachtet wurden', zeigt eine klare gesellschaftliche Angst vor technologischem Fortschritt. Die Angst vor dem GAU, der Manipulation am Erbgut und der Entfremdung durch Technik wird deutlich. Die Kritik an der Frage 'Warum muß man in drei Stunden von Europa nach Amerika kommen?' unterstreicht die Zweifel an der Sinnhaftigkeit technologischer Leistungen. Die Textstelle zeigt, wie die öffentliche Diskussion über technologischen Wandel von Hoffnung auf Fortschritt zu Skepsis und Angst gewandelt ist, was eine zentrale Dimension der gesellschaftlichen Wahrnehmung darstellt.","Die siebziger Jahre","1979-12-23","https://www.spiegel.de/politik/die-siebziger-jahre-a-c18f40d5-0002-0001-0000-000040348583?context=issue","Der Bundeskanzler sprach es, kürzlich, vor deutschen Arbeitgebern. Es kennzeichnet die Stimmung am Ende des Jahrzehnts, daß man dieses Schmidt-Wort eher pessimistisch als hoffnungsfroh versteht. In den Siebzigern wurden den westlichen Industriegesellschaften Grenzen des Wachstums und der Sicherheit aufgezeigt, ungeahnte Anfälligkeiten ihres Wohlstands und Friedens. Sie lernten die ölwaffe und die Ölpest fürchten, den Energiemangel und die Umweltzerstörung, Terroristen und Schnelle Brüter, Hijacking und Harrisburg. Mit Optimismus in die Achtziger zu gehen, fällt schwer. Fortschrittsunglauben auch auf der Linken. Von Abrüstung keine Spur. Und der Welt gefährlichstes Gelände seit mehr als einem Jahrzehnt, Nah- und Mittel-Ost, wo das Öl fließt und der Islam fiebert, ist alles andere als friedensreif. Die frühen siebziger Jahre erweckten Hoffnungen, ihr Hauptwort heißt Entspannung. Die Ostpolitik der Bonner sozialliberalen Koalition erlebte ihren Durchbruch: Moskauer und Warschauer Vertrag, Berlin-Abkommen, deutsch-deutscher Grundvertrag. Honecker löste Ulbricht ab. Amerika arrangierte sich mit China und zog sich aus Vietnam zurück. Amerikaner und Sowjets verhandelten und vereinbarten Rüstungsbeschränkungen. Innerhalb des »sozialistischen Lagers« freilich wurde eine besondere Entspannungsbeschränkung notwendig: Unterdrückung und Exodus der Dissidenten. In Südostasien wird weitergekämpft: Kommunisten gegen Kommunisten. Und am Ende des Jahrzehnts bezeichnet ein anderes, weniger schön klingendes Wort die Ost-West-Lage: Nachrüstung. Das Jahrzehnt wurde markiert von gesellschaftlichen Emanzipationsbewegungen. Während die Studentenrevolte vom Ende der sechziger Jahre zerlief und erlahmte, kam »Women""s Lib« in Fahrt. Homosexuelle formierten sich zu öffentlich-offensiver Interessenvertretung. Doch in den Siebzigern schlug auch Revolte in Resignation, Aufklärung in Irrationalismus um. Vom Aufstand gegen das »System« zum Ausstieg aus dem way of life der Wettbewerbsgesellschaft. Flucht aus Zwang und Kälte, Sinnleere und Aussichtslosigkeit in Drogen und Sekten -- und massenhaft in den Tod. Die siebziger Jahre -- ein Jahrzehnt, in dem sogenannte Wunder der Technik nur noch wenig bewundert, mehr schon mit Mißtrauen und Sorge betrachtet wurden, in dem Wissenschaft oft eher Verdacht als Vertrauen erweckte, die Menschen manchen Fortschritt nur noch als weiteren Schritt fort vom Menschen empfanden. Die Techniker des Atoms wurden zu Furchterregern wie die Pioniere der Gen-Technologie: Angst vor dem GAU, dem Größten Anzunehmenden Unfall, Grusel vor der Manipulation am Erbgut. Der Wissenschaftler als Risikofaktor, das Expertentum als Glaubwürdigkeitsproblem. Warum muß man in drei Stunden von Europa nach Amerika kommen? Was haben wir am Saturn zu suchen? Ist Fitness gleich Gesundheit und jede Liberalisierung auch eine Befreiung? Nicht alles, was machbar ist, sollte gemacht werden -- auch dies ein Kanzlerwort 1979."
"103","0.7595997452735901","0.7595997452735901","0.9","Score: 9.0/10 - Der Text thematisiert explizit Hoffnungen und Ängste bezüglich der Computerisierung und Automatisierung. Er beschreibt, wie neue Technologien wie Computer von IBM die Berufsbilder grundlegend verändern, neue Ausbildungsberufe schaffen (z. B. »Informationselektroniker«) und gleichzeitig 140 Berufe aufheben. Dies führt zu einer massiven Unsicherheit bei Jugendlichen, die mit dem »Weg in die Arbeitswelt mit Arbeitslosigkeit« beginnen. Die Angst vor Berufsverlust und der Verlust traditioneller Ausbildungswege sind zentral. Die Textstelle »Der Weg in die Arbeitswelt beginnt mit Arbeitslosigkeit« ist eine klare Aussage über die Angst vor Arbeitslosigkeit durch technologischen Wandel. Die Diskussion über die Anpassungsfähigkeit der Produzierenden und die Abhängigkeit von Ausbildung zeigt, dass die gesellschaftliche Wahrnehmung der Automatisierung als Bedrohung für die Zukunft der Arbeit ist.","»Die Katastrophe ist da«","1974-07-07","https://www.spiegel.de/politik/die-katastrophe-ist-da-a-7eee9f21-0002-0001-0000-000041708582?context=issue",". Denn die Balance setzt voraus, daß etwa 10 000 Jugendliche von der Schulbank weg ihre Berufsausbildung nicht am Wohnort oder in der näheren Umgebung, sondern in der Fremde suchen müßten. Und noch mehr müßten sich mit einem anderen als dem gewünschten Ausbildungsberuf begnügen. »Der Weg in die Arbeitswelt beginnt mit Arbeitslosigkeit.« Schwerpunkte des quantitativen wie qualitativen Mangels: Rheinland-Pfalz, Saarland, Nord-Bayern. Der rheinland-pfälzische DGB befürchtet, daß allein in seinem Bereich 19 000 Schulabgänger nicht die Lehrstelle ihrer Wahl finden können. »Für einen Großteil dieser Jugendlichen«, kommentiert die Gewerkschaft, »wird der Weg in die Arbeitswelt mit Arbeitslosigkeit beginnen.« Dieses beklemmende Phänomen, manchen Bundesbürgern noch erinnerlieb aus den Mangeljahren der Nachkriegszeit, wirkt sich nicht nur nachteilig für Jugendliche aus, die sich in ihren Berufserwartungen enttäuscht fühlen und ihrem Lebensziel entfremdet wähnen müssen. Es verdüstert auch die Perspektive einer Industrienation, die auf ungebrochene Facharbeiter-Tradition, auf Nachwuchs mit Know-how, angewiesen ist. »Das Ansehen der deutschen Wirtschaft in der Welt«, sagt Otto Wolff von Amerongen vom Deutschen Industrie- und Handelstag (DIHT), sei »entscheidend durch Millionen junger Menschen mitgestaltet worden«. Und stärker noch als bisher wird künftig die Leistungsfähigkeit der Volkswirtschaft abhängig sein von dem, was Lehrwerkstätten, Berufsschulen und Betriebe an Ausbildung vermitteln. Denn darin sind sieh die Experten einig: daß die Anpassung der Produktionsprozesse an immer anspruchsvollere Zivilisationsbedürfnisse nur bei gesteigerter Anpassungsfähigkeit der Produzierenden gelingen kann. Seit Dampf nicht mehr vom Koksfeuer, sondern vom Kernzerfall erzeugt wird, seit nicht mehr Holleriths Lochkarten, sondern Computer von IBM die Wirtschaft regeln, hat die Schubkraft der technischen Entwicklung einen immer rascheren Wandel der Berufsbilder in Gang gesetzt. Wo die Technik neue Spezialisierungen eröffnet, entstanden neue Ausbildungsberufe, wie in der Energietechnik (etwa »Wärmestellengehilfe«. »Physiklaborant""), Meß- und Regelmechanik, Datenverarbeitung (""Informationselektroniker"") oder bei der Kunststoffverarbeitung (""Verpackungsmittelmechaniker""). Umgekehrt: Allein seit 1969 wurden im Bundesgebiet 140 Ausbildungsberufe aufgehoben, teils weil sie veraltet waren wie Miedernäherin, Hornbrillenmacher oder Samt- und Plüschweber, teils weil neue Produktionsmethoden die Abkehr von zu engen Lehrpfaden erzwangen wie bei Transformatorenwickler, Gesenkschmied oder Schleifseheibendreher. Nicht immer liegt die Auszehrung so offen zutage wie etwa in der strukturgeschädigten Landwirtschaft, bei Melkern (1971 nur noch 72 Lehrlinge), Schäfern (27) und Imkern (6) -- Berufe, die nicht mehr gefragt sind. Selbst in Berufen, die noch Lohn und Brot versprechen, ist kaum noch auszumachen, wie groß eigentlich der Nachwuchsbedarf ist"
"104","0.7584178745746613","0.7584178745746613","0.9","Score: 9.0/10 - Der Text thematisiert explizit die Angst vor der Automatisierung in der Medizin durch Computer. Er beschreibt, wie elektronische Roboter in Kliniken und Arztpraxen zunehmend medizinische Aufgaben übernehmen – von der Analyse von Röntgenbildern bis zur Diagnose. Die Ärzte sehen sich mit einer »Entartung der Humanmedizin« konfrontiert, die zu einem »diagnostisch-therapeutischen Selbstbedienungsladen« führen könnte. Die Begriffe »Unbehagen«, »Klage« und die Angst vor dem Verlust der menschlichen Komponente in der Medizin zeigen eine klare emotionale Reaktion auf die Computerisierung. Die Erwähnung des »elektronischen Superarztes« und die Forderung nach einem Computer, der alle Krankheitsbilder kennt, verdeutlicht sowohl Hoffnungen (genaue Diagnosen) als auch Ängste (Verlust der menschlichen Berufsausübung). Die Diskussion ist zentral für die gesellschaftliche Wahrnehmung der Automatisierung in einem sensiblen Berufsfeld.","Unerwünschte Helfer","1970-05-24","https://www.spiegel.de/kultur/unerwuenschte-helfer-a-234c613e-0002-0001-0000-000044906312?context=issue","Mit Befremden lauschten die versammelten Mediziner den Vortragsrednern auf dem Podium -- unversehens, so schien es, hatte sich der Ärzte-Kongreß in eine Techniker-Tagung verwandelt. Ungewohntes Fachvokabular irritierte die Mediziner am Freitag letzter Woche auf dem »19. Deutschen Kongreß für ärztliche Fortbildung« In Berlin: Die Vorträge handelten von »Digitalrechnern« und »On-line-Computern«, von »Systemanalysen« und »Datenverarbeitungsprozessen«. Im Vortragssaal am Berliner Funkturm empfingen die Ärzte, Praktiker und Spezialisten aller Fachrichtungen, Kunde vom Anbruch eines neuen Medizin-Zeitalters -- elektronische Roboter, so lautete die Botschaft, können in Zukunft einen großen Teil der ärztlichen Arbeit übernehmen. Längst, so erläuterten Elektronik-Fachleute vor der Ärzte-Versammlung, seien Computer in der Lage, eine Vielzahl medizinischer Aufgaben zu bewältigen -- schneller und gründlicher, als der fähigste Facharzt es vermag: Die Elektronenrechner analysieren Herzstromkurven und Röntgenbilder, Zellabstriche und Blutproben; sie erarbeiten Statistiken, stellen Diagnosen und fertigen Diät- und Therapievorschläge an. In Kliniken, Labors und sogar in Arztpraxen drucken die Rechenautomaten Analysen und Befunde aus der Siegeszug der medizinischen Roboter scheint unaufhaltsam: Bis 1975 wollen allein die US-Krankenhäuser etwa 25 Milliarden Dollar für Computer-Anlagen ausgeben. Mit Unbehagen beobachten gleichwohl viele Ärzte die fortschreitende Automation in ihrer Kunst, Unter dem Einfluß der Rechenroboter, so klagte 1968 der Tübinger Internist Professor Hans-Erhard Bock, müsse aus der Humanmedizin »ein bald entarteter, diagnostisch-therapeutischer Selbstbedienungsladen« werden. Freilich, die elektronische Revolution in ihrem Beruf haben die Ärzte zum Teil selbst verursacht. Sie haben das medizinische Wissen in den letzten 15 Jahren vervierfacht; rund 14 000 medizinische Fachblätter in aller Welt veröffentlichen jährlich etwa eine Million Forscherarbeiten -- kein menschliches Gehirn vermag solche Wissensfülle zu fassen. Mit wachsendem Erfolg haben sich Mediziner und Kybernetiker in den letzten Jahren bemüht, die Arzt-Roboler zu perfektionieren: Als 1968 auf einem Kongreß in Lima sechs hochqualifizierte Herzspezialisten zum Diagnose-Wettstreit gegen einen Computer antraten, trugen die Ärzte zwar noch einen knappen Sieg davon ihre Diagnose war detaillierter. Doch der Computer hatte, wenn auch lakonisch, gleichfalls den richtigen Befund erarbeitet. Dennoch verfügen die Mediziner bislang noch nicht über einen ärztlichen Ideal-Computer; der elektronische Superarzt müßte die Daten von 40 000 derzeit bekannten Krankheiten vollzählig Präsent halten. Er würde auf Wunsch die Symptome eines Patienten mit allen Krankheitsbildern vergleichen und so mit absoluter Sicherheit die Diagnose steilen können"
"105","0.7581749260425568","0.7581749260425568","0.9","Score: 9.0/10 - Der Text thematisiert explizit die Angst vor Arbeitslosigkeit durch Rationalisierung und Automatisierung in Büro- und Verwaltungsbereichen. Er beschreibt, wie Angestellte in Schreibstuben und Buchhaltungen »verschoben, umgesetzt, rationalisiert und dann entlassen« werden. Die Begriffe »Tödliche Gefahr« und »Objekt und Opfer« zeigen eine starke affektive Dimension. Die Zahl der arbeitslosen Angestellten steigt um 1,7 Prozent, fast das Sechsfache gegenüber anderen Berufen – eine klare quantitative und qualitative Angst vor der Zerstörung der Angestelltenposition. Die Erwähnung von Kurzarbeit bei leitenden Angestellten und die Forderung nach »drastischer Rationalisierung« deuten auf eine gesellschaftliche Angst vor der Verdrängung von Arbeitsplätzen durch technologische Effizienzsteigerung. Die Diskussion ist zentral für die Wahrnehmung der Automatisierung in der Dienstleistungsbranche.","Verschoben und entlassen","1975-08-03","https://www.spiegel.de/wirtschaft/verschoben-und-entlassen-a-3e8062b3-0002-0001-0000-000041458334?context=issue","In Schreibstuben und Buchhaltungsbüros, auf den Fluren und in den Kantinen der westdeutschen Angestellten-Silos kursiert derzeit ein -- leicht abgewandelter -- alter Kellnerschnack: »Kollege geht gleich.« Mit Galgenhumor dieser Güte trösten sich viele der rund acht Millionen westdeutschen Angestellten. Ihre Stellung, einst eindeutig sicherer und einträglicher als die Arbeiter-Jobs, wird von flautengeschädigten Industriefirmen und Handelshäusern gründlich geschliffen. »Der Angestellte«, weiß IG-Metall-Vorstand Karl-Heinz Janzen, »ist zum Objekt und Opfer geworden.« »Tödliche Gefahr« für die Zunft sieht der Unternehmensberater Klaus Franke, »wenn es nicht gelingt, durch drastische Rationalisierung eine optimale Effizienz aller Angestellten« zu erzwingen. Und Melchior von der Decken« Geschäftsführer der Unternehmensberatung Scott, gibt den Tip: »Produktion ist ausgebufft« Rationalisierung in Büro und Verwaltung ist die einzige Chance.« Folge: In keinem anderen Bereich, weiß Ursel Schulze, Leiterin der Angestellten-Vermittlung beim Arbeitsamt Hamburg, wird so sehr »verschoben und umgesetzt, rationalisiert und dann entlassen«. Gefeuert werden Angestellte nahezu überall, in der Automobil-, Elektro- und Bauindustrie, in Kleinbetrieben und Konzernen, in Handelshäusern und Banken. Seit Ausbruch der Konjunkturflaute versuchen Kalkulatoren und Personalchefs aller Branchen, die fixen, also von Ausstoß und Umsatz weitgehend unabhängigen Kosten zusammenzustreichen. Und fast immer fangen sie mit den Angestellten an. Die Continental-Werke in Hannover verzichteten auf jeden fünften Gehaltsempfänger, bei Opel in Rüsselsheim mußten sogar Abteilungsleiter und Meister gehen. Die Kündigungswelle traf die Aktentaschenträger härter als in jeder anderen Rezession der Nachkriegszeit. Fast jeder dritte westdeutsche Arbeitslose, schätzt die Bundesanstalt für Arbeit, gehört inzwischen zur Angestellten-Kaste. Stieg die Zahl der arbeitslosen Metaller oder Elektro-Arbeiter im Juni um 0,3 Prozent, so wuchs die Arbeitslosigkeit der Angestellten-Berufe um 1,7 Prozent, fast das Sechsfache. Selbst leitende Angestellte feierten in den letzten Wochen eine traurige Premiere: Sie schoben erstmals Kurzarbeit. Prompt empörte sich die »Union der Leitenden Angestellten« (ULM gegen die »erkennbaren Nivellierungstendenzen«. Bei den Fried. Krupp Hüttenwerken nämlich müssen auch die Leitenden wegen der Kurzarbeit auf 20 Prozent ihres Normalgehalts verzichten und so einen monatlichen Einkommensverlust bis zu 600 Mark verkraften. Kaum besser ergeht es ihren Kollegen bei der Continental AG oder bei Bayer in Leverkusen. Für Kurzarbeit und rigorosen Personalabbau sprechen nach Ansicht der Topmanager zwingende Gründe: Weil »im Heer der Angestellten« eine »Kostenexplosion« stattgefunden habe, müßten die Gehaltslisten in Krisenzeiten rasch zusammengestrichen werden"
"106","0.7568761110305786","0.7568761110305786","0.9","Score: 9.0/10 - Der Text thematisiert explizit Ängste vor der Computerisierung und Automatisierung, insbesondere bezüglich Arbeitsplatzverlust. Konkrete Aussagen wie 'Was wird aus den Entlasteten? Im Zweifel Entlassene' und die Warnung vor einem 'fatalem Auseinanderdriften' von Wachstum und Beschäftigung zeigen starke gesellschaftliche Sorge. Die Zitierung von Karl Steinbuch mit vier Entwicklungslinien, darunter die Abnahme der Arbeitsplätze und der geringen Qualifikation, unterstreicht die prognostizierte negative Konsequenz. Die Angst vor einer strukturellen Arbeitslosigkeit durch technischen Fortschritt ist zentral und wird mit konkreten Beispielen aus der Banken- und Industriepraxis untermauert.","»Uns steht eine Katastrophe bevor«","1978-04-16","https://www.spiegel.de/politik/uns-steht-eine-katastrophe-bevor-a-297be044-0002-0001-0000-000040615677?context=issue",". Wie fleißig die Computer als Bankgehilfen sind, zeigt ein Vergleich der Beschäftigten-Entwicklung mit dem Anstieg des Geschäftsvolumens. Während sich die Geschäfte seit 1962 mehr als verfünffachten« stieg die Zahl der Angestellten nur um das Doppelte. Seit 1973 stagnieren die Beschäftigtenzahlen. Die Bank-Computer ersetzen vor allem jene Angestellten, die für die interne Abwicklung gut waren, Kontoristinnen, Buchhalter und Kontrolleure. In der Computer-Heimat Amerika übernehmen Automaten bereits den gesamten Kundenverkehr: Tankstellen und Kaufhäuser installierten Apparate, die von den Kunden lediglich ein kurzes Überlassen der Kreditkarte verlangen. Der Rest, das Ausdrucken des Belegs und die Buchungen auf den Konten von Lieferant und Abnehmer, wird dann prompt erledigt. Unbestreitbar: Die intelligenten Automaten und vielseitigen Terminals, die sich ständig steigernden Roboter und Prozeßsteuerer springen fast immer gerade dort ein, wo stumpfsinnige, monotone, nervtötende oder körperlich anstrengende Arbeit zu leisten war. Unbestreitbar, daß ein Roboter den passenden Fließbandarbeiter abgibt und ein Automat sich besser für eine Vielzahl von Schreibarbeiten eignet als ein zwanzig Jahre altes Mädchen, das -- die Hörmuschel im Ohr, die Finger auf den Schreibmaschinentasten -- in einem Großraumbüro von morgens acht bis abends fünf Texte heruntertippt. Aber: Was wird aus den Entlasteten? Im Zweifel Entlassene. Kein Experte, kein Volkswirt und kein Politiker hat bislang aufgezeigt, wo die vermeintlich freigesetzte Intelligenz und Kreativität sich entfalten kann, an welcher Ecke der Volkswirtschaft die vom technischen Fortschritt Abgelösten ihren Beitrag leisten können. Der auf Unternehmer- und CDU-Veranstaltungen gern gesehene Karlsruher Professor Karl Steinbuch ist da schon weiter. Auf der Jahrestagung des RKW Nordrhein-Westfalen prognostizierte er unlängst vier Entwicklungslinien, auf die sich die Arbeitnehmer auszurichten haben: * Die Gesamtzahl der Arbeitsplätze nimmt ab. * Die Zahl der wenig qualifizierten Arbeitsplätze nimmt besonders rasch ab. * Die Zahl der Hochqualifizierten nimmt kaum ab, und * die Anforderungen an die Höchstqualifizierten steigen ständig. Der Professor dürfte recht behalten. Denn anders als in den fünfziger, sechziger und auch noch in den frühen siebziger Jahren verzahnen sich Wachstum, technischer Fortschritt und Beschäftigung nicht mehr so reibungslos, daß all jene, die Arbeit suchen, auch tatsächlich untergebracht werden können. Für das fatale Auseinanderdriften der volkswirtschaftlichen Kerngrößen ist eine Vielzahl von Ursachen verantwortlich: Das Wirtschaftswachstum, das den Freisetzungseffekt der Rationalisierungswellen jahrzehntelang mühelos auffing, pendelt sich bei -- für die Mehrheit der Gesellschaft durchaus ansehnlichen, für die Arbeitslosen jedoch reichlich knappen -- Raten von zwei bis drei Prozent ein. Als Stimulans für eine kräftigere Konjunktur aber kommt die Mikroelektronik kaum in Frage"
"107","0.755877673625946","0.755877673625946","0.9","Score: 9.0/10 - Der Text thematisiert explizit Ängste vor der Überwachung durch Computerisierung, insbesondere im Bereich der Polizei und der Vorbeugung von Kriminalität. Die Erwähnung der amerikanischen Langzeitstudie, die mit 3,5 Prozent Abweichung Vorhersagen über künftiges kriminelles Verhalten trifft, und die Befürchtung, dass 'die Ausmerzung der Fehlstellen im familiären Umfeld' betrieben werden könnte, zeigt eine starke Angst vor totaler Verdatung und staatlicher Kontrolle. Die Aussage des BKA-Chefs, dass 'dem Verbrechen in den Ursachen begegnet werden' könne, unterstreicht die Angst vor einer Überwachungsgesellschaft. Die Hoffnung auf bessere Kriminalitätsbekämpfung wird durch die moralische Sorge über die Grenzen der Technik konterbalanciert.","»Das Stahlnetz stülpt sich über uns«","1979-06-10","https://www.spiegel.de/politik/das-stahlnetz-stuelpt-sich-ueber-uns-a-3292f0f4-0002-0001-0000-000040349941?context=issue","Die Polizei der Zukunft wird eine andere, höherstufige, mit einer gesellschafts-sanitären Aufgabe sein. BKA-Chef Horst Herold Was Menschen jahrtausendelang aus Handlinien und Vogelgedärm, Kristallkugeln oder Kaffeesatz zu ergründen trachteten -- Computer scheinen es verraten zu können: die Wahrheit über die Zukunft. Im Jahre 1958 gaben US-Sozialwissenschaftler einem Elektronenhirn je 280 Daten von 239 Neugeborenen ein -darunter Hinweise auf Gruppenmerkmale wie Familienverhältnisse, Geburtsort oder Beruf des Vaters. Dann ließen die Zukunftsforscher sich vorhersagen, welche der Babys später einmal, im Jugendalter, mit dem Gesetz in Konflikt geraten würden. Die Säuglinge sind inzwischen herangewachsen, die Prognosen überprüft. Das Resultat der »Longitudinalstudie« von 1958 fasziniert amerikanische Kriminologen und Soziologen, Polizeiführer und Politiker: Die Computer-Prophezeiung hat sich mit sensationell anmutender Präzision bewahrheitet -- bei einer »Abweichung von nur 3,5 Prozent«, wie der deutsche EDV-Experte und Ex-Parlamentarier Professor Frank Haenschke das Resümee der Untersuchung vor einem Datenverarbeiter-Kongreß referierte. Politiker wie Haenschke, Vorsitzender der Arbeitsgruppe Datenschutz beim SPD-Parteivorstand, plagt seither eine Schreckensvision: Polizei oder Geheimdienste könnten eines Tages dazu übergehen, nach dem US-Modell mit Computer-Hilfe abweichendes Verhalten von Bürgern vorbeugend zu bekämpfen -- durch allumfassende Verdatung der Bevölkerung, »Wer bewahrt uns davor«, kommentierte die liberale Hamburger »Zeit« den amerikanischen Baby-Versuch, »daß eine übereifrige amtliche Stelle, gemäß dem an sich vernünftigen Vorsatz »Vorbeugen ist besser als heilen«, daraus die Konsequenz zieht, dieses Prüfverfahren zu übernehmen und die Ausmerzung der Fehlstellen im familiären Umfeld zu betreiben?« Der Argwohn scheint nicht unbegründet. In westdeutschen Kriminalfachblättern wie in Polizeiakademien werden bereits -- vorerst verhalten -- die Chancen diskutiert, per EDV nicht nur geschehene Verbrechen aufzuklären, sondern auch künftige Delikte zu verhindern. Die Computerisierung, schreibt BKA-Chef Horst Herold, habe der Polizei zu einem »überlegenen Erkenntnisprivileg« verholfen und ihr die Möglichkeit gegeben, »dem Verbrechen nicht mehr wie im Nachtrab hinterherzuhinken, sondern ihm bereits in den Ursachen zu begegnen«. Seinen eigenen Anteil an dieser Entwicklung unterschätzt Herold keineswegs: Mit Hilfe der vom ihm geschaffenen Methoden könne es »zum ersten Mal in der Geschichte von Polizei und Justiz« gelingen, »die Kriminalität bis auf einen unausrottbaren Bodensatz zurückzudrängen«"
"108","0.7552007734775543","0.7552007734775543","0.9","Score: 9.0/10 - Der Text thematisiert explizit die Angst vor Arbeitsplatzverlust durch Automatisierung im Druckgewerbe. Die Erwähnung der 'rasselnden, klickernden' Linotype-Maschinen und der 'neuen Elektronik-Setzsysteme', die die Produktivität vervierfachen, zeigt die technologische Veränderung. Die Aussage, dass 'die Droschken veralten' und die Kutscher nicht arbeitslos werden sollen, aber auch keine neuen ausgebildet werden sollen, unterstreicht die Angst vor Entlassungen. Die Befürchtung, dass 'menschlichere, nicht so eintönige Arbeitsweise' verloren geht, zeigt eine emotionale Dimension. Die Hoffnung auf technologische Fortschritte steht im Spannungsfeld zur Angst vor sozialen Härten.","Presse: Der eiserne Kollege wird gefeuert","1977-12-18","https://www.spiegel.de/politik/presse-der-eiserne-kollege-wird-gefeuert-a-30ae5b4e-0002-0001-0000-000040680516?context=issue",". Unternehmen, die sich dem Trend zur Elektronik widersetzten, wie etwa der Bielefelder Registrierkassenkonzern Anker oder Uhrenfabriken im Badischen, blieben gegen die Konkurrenz auf der Strecke. »Spätestens seit den Weberaufständen des vergangenen Jahrhunderts«. mahnte immerhin auch der zweite Vorsitzende der IG Druck, Erwin Perlemann, müsse »jedem klar sein, daß der Versuch, technischen Fortschritt aufzuhalten oder gar zu verhindern, soziale Probleme nicht löst, sondern eher noch verstärkt«. Bei Anker sah das beispielsweise der Betriebsratsvorsitzende so: Er forderte, als es mit dem Betrieb rapide bergab ging, von der Geschäftsleitung schnellste Entlassung unausgelasteter Mitarbeiter im nichtelektronischen Bereich, »sonst geht das ganze Unternehmen kaputt« -- zu spät. Parallelfälle in Zeitungsverlagen und Druckereien mit veralteter oder ungenügend ausgelasteter Technik kamen in den letzten Jahren dutzendweise vor. Bei kleineren Akzidenzbetrieben registrierte der Bundesverband Druck sogar »jährlich 50 bis 70 Konkurse«. Und daß es im Druckgewerbe soziale Härten wegen der neuen Verfahren »auf keinen Fall geben« solle, haben die Arbeitgeber-Vertreter im jüngsten Konflikt abermals beteuert. Worauf es ihnen ankommt, sagt ein Verlagschef so: »Wenn die Droschken veralten, sollen die Droschkenkutscher nicht arbeitslos werden. Aber man sollte auch keine neuen ausbilden.« Die Droschke -- das ist die rasselnde, klickernde, immer mal wieder klemmende Mechanik der Linotype. Das Tippen auf der geräumigen Tastatur, die Wartung und Pflege der Maschine sind typische Männerarbeit, eine -- im Vergleich zur neuen Technik -- zwar körperlich anstrengendere, aber auch »menschlichere, nicht so eintönige Arbeitsweise«, sagt Hensches Sprecherkollege Hermann Zoller. Ein Schriftsetzer bringt es auf etwa 5800 Buchstaben in der Stunde. Die Setzgeschwindigkeit vervierfachte sich bereits, nachdem die Texte seit den fünfziger Jahren zunehmend von Tasterinnen auf Lochbänder gestanzt und über einen Lochband-Leser in die Linotype eingegeben wurden. Die neuesten Elektronik-Setzsysteme aber übertragen, je nach Typ, von betexteten Loch- oder Magnetbändern stündlich zwischen einer viertel und anderthalb Millionen Schriftzeichen auf Photopapier. Die Tasterinnen tippen die Texte -- anders als die Schriftsetzer -- sozusagen in einer Reihe (Fachwort: endlos) ab. Zeileneinteilung und Silbentrennung erledigt der elektronische Satzrechner selbsttätig. Letzte Ausbaustufe des Systems ist -- bislang bei fünf westdeutschen Zeitungen -- der direkte Anschluß der Redaktionen an Datenspeicher und Photosatzgeräte. Auf Bildschirmen, statt wie bisher auf Papier, bearbeiten hier die Nachrichtenredakteure der Zeitungen die von Presseagenturen oder Korrespondenten einlaufenden Meldungen für den Satz, und die Reporter schreiben ihre Berichte am Bildschirm selbst oder diktieren sie den Redaktionssekretärinnen in die Bildschirmtastatur"
"109","0.7542470693588257","0.7542470693588257","0.9","Score: 9.0/10 - Der Text thematisiert explizit Hoffnungen und Ängste bezüglich der Zukunft der Arbeit und der Auswirkungen von Wirtschaftswachstum und technologischem Wandel. Er beschreibt Szenarien für den Arbeitsmarkt bis 1985, darunter die »Horrorszene«, wenn nichts passiert: eine massive Zunahme von Gastarbeitern, die als »soziale Randgruppe« agieren, ein Überangebot an Akademikern, die ohne Job sind, und eine »Gettobildung«. Diese Szenarien zeigen klare Ängste vor sozialer Spaltung, Arbeitslosigkeit und Rassismus. Gleichzeitig wird die Hoffnung auf eine »Mehr immaterielle Lebensqualität bei noch mehr Freizeit« formuliert, was auf eine positive Erwartung an die Freizeitnutzung durch technologische Entlastung hindeutet. Die Verwendung von Szenarien zur politischen Entscheidungsfindung zeigt, dass die Zukunft der Arbeit und die Rolle der Technologie in der öffentlichen Diskussion zentral sind. Die Erwähnung von Bildungsreformen und flexiblen Altersgrenzen zeigt, wie die Gesellschaft versucht, mit den Folgen des technologischen Wandels umzugehen. Daher wird der Text mit 9/10 bewertet: er enthält explizite Hoffnungen und Ängste bezüglich Computerisierung und Automatisierung, insbesondere in Bezug auf Arbeitslosigkeit und soziale Integration.","SPD: Was passiert, wenn nichts passiert","1973-11-04","https://www.spiegel.de/politik/spd-was-passiert-wenn-nichts-passiert-a-ea983494-0002-0001-0000-000041898074?context=issue",". Auch in den eigenen Reihen gibt es Mißverständnisse über den Fortgang der Reformen. Erst kürzlich warnte Walter Arendt die Sozialdemokraten davor, »alle Fortschritte als Selbstverständlichkeiten abzuhaken und immer nur nach dem zu rufen, was wir noch nicht erreicht haben«. Umorientierung im eigenen Lager und neue Wählergunst verspricht sich der frühere Bergarbeiterführer und heutige SPD-Präside Arendt von Planspielen, die in seinem Ministerium entworfen wurden. Seit einigen Wochen liegen im Ministerschreibtisch fünf sogenannte Szenarios, die Auskunft geben über die Lage am Arbeitsmarkt im Jahre 1985. Diese Entscheidungsmodelle sollen der Bundesregierung helfen, gewünschte Entwicklungen rechtzeitig einzuleiten und Aktionsprogramme zu entwerfen. Anders als bei den bislang üblichen langfristigen Trendberechnungen, die bestimmte Zustände der Gegenwart einfach fortschreiben und damit politische Entscheidungen zur »nachträglichen Korrektur von unvermeidlichen Entwicklungen« (Modell-Papier) degradieren, sollen die Szenarios den Politiker veranlassen, sich unter »verschiedenen Zukünften« für die Zukunft zu entscheiden, »die seinen politischen Absichten am ehesten entspricht«. Seit die Zukunftspapiere vorliegen, kann sich Arendt -- zumindest in großen Zügen -- ausrechnen, was dem Arbeitsmarkt der Republik blüht, wenn sich die Politiker zu sozialpolitischem Stillstand entschließen (Modell: »Was passiert, wenn nichts passiert?"") oder wenn sie den paradiesischen Zielvorstellungen schwärmerischer Weltverbesserer folgen (Modell: »Mehr immaterielle Lebensqualität bei noch mehr Freizeit""). Schon dann, wenn außer bereits eingeleiteten Maßnahmen wie der Einführung der flexiblen Altersgrenze mit 63 Jahren »nichts passiert«, was den Arbeitsmarkt negativ beeinflußt, also weder der Bildungsurlaub verwirklicht noch die Altersgrenze weiter herabgesetzt wird, öffnet sich eine Horrorszene: Auf Wachstum erpicht, so das Szenario, engagiert die deutsche Industrie bis 1976 etwa 2,7 Millionen, bis 1985 vier Millionen Gastarbeiter, vor allem Türken. Bedingt durch die Bildungsreform mit längeren Ausbildungszeiten werden dem Arbeitsmarkt bis 1985 rund 1,2 Millionen deutsche Arbeitnehmer entzogen, zugleich entsteht ein Überangebot an Akademikern, so daß immer mehr Hoch- und Fachhochschulabsolventen stempeln gehen oder nach dem erstbesten Job greifen müssen. Junge deutsche Werktätige wollen dann weder am Fließband noch in Akkord oder Schicht arbeiten. Nur noch Gastarbeiter tun sogenannte einfache Arbeit. Ein relativ gering bezahltes, mangelhaft ausgebildetes Ausländerproletariat entwickelt sich zur »sozialen Randgruppe«, teilweise ohne ausreichende Sprachkenntnisse, ohne befriedigende Wohnverhältnisse und ohne Kontakt zur deutschen Bevölkerung. Die Gettobildung nimmt zu, die deutsche Bevölkerung flieht weiter aus den Altbauvierteln der Großstädte. »Das Ausland reagiert« -- so prophezeien die Arendt-Planer -- »mit bitteren Kommentaren über den »wiedererwachten deutschen Rassismus«"
"110","0.7534411549568176","0.7534411549568176","0.9","Score: 9.0/10 - Der Text thematisiert explizit die gesellschaftliche Veränderung im Bewusstsein der Menschen und die Notwendigkeit, mit weniger Wachstum auszukommen. Er beschreibt, dass die Produktivität übertrifft das Wachstum der Produktion, was zu »Unterbeschäftigung« führt. Die Aussage »Sollen die Deutschen im bisherigen Ausmaß in der Produktion beschäftigt sein, muß noch mehr produziert werden« zeigt eine klare Hoffnung auf eine Umverteilung der Arbeitszeit und mehr Freizeit. Die Kritik an den Gewerkschaften, die weiterhin »Arbeitszeitverkürzung bei vollem Lohnausgleich« fordern, während »individuelle, flexible Arbeitszeitverträge« nicht gefördert werden, zeigt eine gesellschaftliche Debatte über die Zukunft der Arbeit. Die Erwähnung von »alternativen Lebensformen«, »ehrenamtlicher Beschäftigung« und »Hobby-Landwirtschaft« zeigt eine Hoffnung auf eine menschlichere, weniger produktionsorientierte Gesellschaft. Die Angst vor dem »anerzogenen Leistungskampf« und die Kritik an der »produktiven Arbeit« als alleiniger Wertform sind deutliche Hinweise auf gesellschaftliche Ängste vor Überforderung. Daher wird der Text mit 9/10 bewertet: er enthält explizite Hoffnungen und Ängste bezüglich der Zukunft der Arbeit und der Rolle der Technologie, insbesondere in Bezug auf Arbeitszeit und Lebensqualität.","»Der Wähler will eine unbequemere FDP«","1979-01-14","https://www.spiegel.de/politik/der-waehler-will-eine-unbequemere-fdp-a-cda1b0ae-0002-0001-0000-000040351310?context=issue",". Fast fünf Millionen Amerikaner, inzwischen auch Tausende in Deutschland, erproben alternative Lebensformen, steigen einfach aus, wollen mehr Autonomie und überschaubare Arbeitsvollzüge, wollen weg vom anerzogenen Leistungskampf jeder gegen jeden. Wie reagieren die etablierten politischen Kräfte auf diese sich ankündigende tiefe Veränderung im Bewußtsein des einzelnen in der nachindustriellen Gesellschaft? Die SPD bietet ihre Doppelstrategie an: einerseits wachstumslenkende, überwiegend kulturpessimistische Vorschläge von Erhard Eppler, andererseits die Dominanz der traditionellen nationalökonomischen Instrumente und der gewerkschaftlichen Verteilungswünsche in der politischen Praxis. Die CDU hat in ihrem Grundsatzprogramm den Wachstumsglauben ihres Wirtschaftsflügels mit Vorstellungen von einer »sanften Gesellschaft« (was immer das sein mag) eines Norbert Blüm zu einem christdemokratischen Brei vermischt. Die FDP hat sich in ihren Kieler Thesen auf kurze Sicht für ein pragmatisches Weiterführen der bisherigen Verteilungsmodelle entschieden, ohne ihre große Chance zu nutzen, die notwendigen Strukturveränderungen einer Gesellschaft aufzuzeigen, die mit weniger Wachstum auskommen muß. Weniger Wachstum muß beileibe kein Elend sein. In der Bundesrepublik diskutieren wir ein Problem, um das uns Mangelwirtschaften. beneiden: Der Produktivitätsfortschritt übertrifft, bei bereits erreichtem hohen Lebensstandard, das Wachstum der Produktion. Sollen die Deutschen im bisherigen Ausmaß in der Produktion beschäftigt sein, muß noch mehr produziert werden. Offenbar können und wollen aber die Menschen nicht mehr soviel und so schnell kaufen, wie sie produzieren könnten. Das Ergebnis, in der Terminologie traditioneller Ökonomie, ist »Unterbeschäftigung«. Warum wird die Chance vertan, den Menschen ein Stück mehr Freiheit, mehr Freizeit zu geben? Natürlich muß diese Freiheit von jedem einzelnen bezahlt werden -- durch Verzicht auf entsprechende Lohnzuwächse. Statt dessen fordern die deutschen Gewerkschaften unverdrossen weiter Arbeitszeitverkürzung bei vollem Lohnausgleich, statt verstärkt individuelle, flexible Arbeitszeitverträge anzubieten. Der DGB-Vorsitzende Heinz Oskar Vetter hat vor längerem vorgeschlagen, über Arbeitszeitverkürzung ohne vollen Lohnausgleich zu verhandeln -- und wurde von Gewerkschaften und Politikern gescholten. Ralf Dahrendorf verweist auf einige Konsequenzen, die aus der neuen Verteilung der Zeit für den einzelnen und die Gesellschaft gezogen werden müßten. Bildung sollte nicht nur berufsbezogen angelegt sein, sondern als lebenslanges Tätigkeitsziel angestrebt werden. Ehrenamtliche Beschäftigungen und alternative menschliche Verhaltensformen (einfache Kunstfertigkeiten, Hobby-Handwerk, Hobby-Landwirtschaft) müßten gegenüber der »produktiven« Arbeit im Ansehen der Gesellschaft aufgewertet werden"
"111","0.7530166804790497","0.7530166804790497","0.9","Score: 9.0/10 - Der Text thematisiert explizit Ängste vor der Arbeitsplatzknappheit durch technischen Fortschritt und Rationalisierung. Konkrete Aussagen wie 'die Arbeit knapper wird' und die Kritik an der 'herkömmlichen Produktivität', die menschliche Aspekte wie Gesundheit und Befriedigung nicht berücksichtigt, zeigen eine tiefgreifende gesellschaftliche Sorge. Die Erwähnung von 'Berufskrankheiten' und der 'Nervenzerrüttung' durch Routinearbeit unterstreicht die Angst vor menschlichen Kosten der Automatisierung. Zudem wird die Unvermeidbarkeit des Fortschritts betont, was Hoffnungen auf Kontrolle ausschließt – eine klare Ängstlichkeit gegenüber dem technologischen Wandel.","Knappe Arbeit - aber für alle","1977-01-09","https://www.spiegel.de/wirtschaft/knappe-arbeit-aber-fuer-alle-a-f49b75eb-0002-0001-0000-000041002226?context=issue",". Und der Nachschub für diesen Krieg rollt: 300 Millionen Arbeitslose in der Dritten Welt, jeder dritte Erwerbsfähige ohne Arbeit; 18 Millionen Arbeitslose in den 23 wichtigsten Industrienationen der Welt; hierzulande über eine Million Mitbürger arbeitslos oder teilarbeitslos durch Kurzarbeit. Die Verteilung der materiellen Güter läßt sich mit etwas gutem Willen sogar noch bei hoher Arbeitslosigkeit befriedigend lösen. Die »Arbeitsbesitzer« müssen dann eben einen Teil ihres Arbeitsergebnisses mit Hilfe der Arbeitslosenunterstützung und der Entwicklungshilfe für die Dritte Welt an die Arbeitslosen abführen. Das machte gewiß einen sehr sozialen Eindruck. Das Recht auf Arbeit allerdings gerät bei dieser Art von »Versorgungspolitik« in Vergessenheit. Die Balance zwischen arbeitsplatzsparender Rationalisierung und wirtschaftlichem Wachstum ist mithin ein Kunststück. Nur durch Korrektur auf der einen oder anderen Seite oder auf beiden gleichzeitig kann das Gleichgewicht gehalten werden. Doch leider sind weder Wachstum noch technischer Fortschritt so künstliche Gebilde. daß wir mit ihnen machen können, was wir wollen. Es ist die Natur des Fortschritts, daß er sich nicht aufhalten läßt. Stoppzeichen für technische Neuerungen mögen Verzögerungen auslösen, zu Umgehungen verleiten -- Sperren sind es nicht. Die neuen Lehrmeister des Fortschrittsverzichts sollten sich bei den mittelalterlichen Päpsten die Erfahrungen über die Haltbarkeit von Fortschrittstabus entleihen, um zu lernen, wie brüchig Denkverbote sind. Eine ganz andere Frage ist jedoch, wohin wir unsere innovatorische Phantasie lenken. Die Rationalisierung hängt am Gängelband der traditionellen Produktivitätsberechnungen. Die Verminderung jener Kosten, die beispielsweise nervenaufreibender Streß verursacht, hat darin keinen Platz. Die Berufskrankheiten, deren Zahl in den letzten Jahren um 40 Prozent gestiegen ist, werden nicht unmittelbar vom Betrieb bezahlt, sondern auf die Sozialversicherung abgewälzt. Und die »Reparatur« der Gesundheit steigert sogar das Sozialprodukt, denn gäbe es weniger Berufskrankheiten. so würden weniger ärztliche Leistungen im Sozialprodukt gezählt. Die Menschlichkeit einer sanfteren Technik läßt sich mit der herkömmlichen Produktivität nicht messen. Neben der Art der Ermittlung des Sozialprodukts sind es auch die Methoden der Berechnung des Rationalisierungserfolges, die möglicherweise die technische Innovation und das Wachstum auf die falschen Erfolgsbahnen lenken. Das Gleichgewicht zwischen Technik und Wirtschaft ist kein abstraktes Modell. Auf der Schaukel sitzen die Bürger als Arbeitnehmer und Verbraucher. Die Gewohnheiten auf beiden Seiten müssen verändert werden, Das Wachstum kann dabei ebensowenig unter Denkmalschutz gestellt werden wie der technische Fortschritt. Wachstum kann uns Erleichterung und Zeitgewinn verschaffen. Allein jedoch schafft es keine Lösung. Denn auch auf dem Wachstumspfad führt kein Weg an der Tatsache vorbei, daß die Arbeit knapper wird"
"112","0.7520266473293304","0.7520266473293304","0.9","Score: 9.0/10 - Der Text thematisiert explizit Hoffnungen und Ängste bezüglich technischen Fortschritts. Er betont, dass die Erhöhung der Arbeitsproduktivität notwendig ist für Realeinkommenssteigerungen und Arbeitszeitverkürzungen – eine klare Hoffnung auf wirtschaftliche Verbesserung. Gleichzeitig wird die 'vorübergehende Friktions- beziehungsweise Entwicklungsarbeitslosigkeit' als unvermeidbarer Nebeneffekt des Fortschritts genannt, was eine direkte Angst vor Arbeitslosigkeit durch Automatisierung ausdrückt. Die Warnung vor 'Vervielfachung der Arbeitslosigkeit' bei Ablehnung des Fortschritts zeigt eine starke Affektivität. Die Textstelle 'ohne Erhöhung der Arbeitsproduktivität gibt es keine wirtschaftliche Entwicklung' unterstreicht die gesellschaftliche Abhängigkeit von Technologie – eine klare, konkrete thematische Auseinandersetzung.","Briefe","1978-05-14","https://www.spiegel.de/politik/kreativ-und-mitmenschlich-a-65bea2ed-0002-0001-0000-000040615407?context=issue",". Diese wird die Elektronik nie ersetzen können. Ob allerdings diese kreative und mitmenschlich orientierte Dienstleistung wirtschaftlich organisiert oder im privaten Bereich (sprich durch geeignete Arbeitszeitverkürzung) geschaffen wird, ist die Frage. Karlsruhe (Bad-Württ.) DR. H. REMPP Ohne die dem »Fortschritt« innewohnende Erhöhung der Arbeitsproduktivität wären weder die in der Bundesrepublik schon fast zur Gewohnheit gewordenen Erhöhungen der Realeinkommen noch die in den letzten Jahrzehnten durchgeführten Verkürzungen der Arbeitszeit möglich gewesen. Günter Friedrichs und andere namhafte Ökonomen hatten bereits auf den internationalen Arbeitstagungen der Industriegewerkschaft Metall der Jahre 1963, 1965 und 1968 vor den katastrophalen Freisetzungen gewarnt, die der technische Fortschritt zur Folge haben würde, ohne daß diese Prognosen in dem prophezeiten Umfang eintrafen, weil die durch die erhöhten Realeinkommen ermöglichte Steigerung der Güternachfrage die in einer Industrie verlorengegangenen Arbeitsplätze durch neue Arbeitsplätze an anderer Stelle wieder ersetzte. Es gibt keine Erhöhungen der Realeinkommen und damit des Wohlstandes ohne Erhöhung der Arbeitsproduktivität. Es gibt leider auch keine wirtschaftliche Entwicklung ohne vorübergehende Friktions- beziehungsweise Entwicklungsarbeitslosigkeit. Es verliert andererseits aber auch ein Land, in dem (wie etwa in Großbritannien) der Fortschritt künstlich gebremst wird, seine internationale Konkurrenzfähigkeit: es wird rückständig. Wer in einem Land wie der Bundesrepublik, in dem etwa jeder vierte Werktätige für den Export arbeitet, sich gegen den »Fortschritt« entscheidet, riskiert eine Vervielfachung der schon jetzt zu hohen Arbeitslosigkeit. Berlin PROFESSOR DR. JUR. DR. RER. POL. DR. H. C. HELMUT ARNDT"
"113","0.7513311505317688","0.7513311505317688","0.9","Score: 9.0/10 - Der Text thematisiert explizit die Angst vor technologischem Rückstand der DDR im Vergleich zum Westen, insbesondere in Bezug auf Mikroelektronik, Datenverarbeitung und Industrierobotik. Konkrete Ängste werden durch Aussagen wie »die DDR hinkt um mindestens zehn Jahre hinter der Entwicklung im Westen her« und »die Schwachstelle ihrer Industrie ist aufgebrochen« deutlich. Die Begründung für die Angst liegt in der drohenden Verdrängung westlicher und japanischer Produkte (z. B. Kameras, Uhren) durch fortschrittliche Technologien. Zudem wird die Einschränkung des Zugangs zu westlichen Informationen als strukturelle Schwäche dargestellt, was die Angst vor technologischer Überholung unterstreicht. Dies zeigt eine klare gesellschaftliche Wahrnehmung von Angst vor technologischem Wandel und dessen Folgen für Wettbewerbsfähigkeit und soziale Stabilität.","Ulbrichts Schatten wird größer","1979-10-07","https://www.spiegel.de/politik/ulbrichts-schatten-wird-groesser-a-1a2e0e4e-0002-0001-0000-000039868604?context=issue",". DDR-Betriebe brauchen für die Fertigung eines Produkts 20 Prozent mehr Stahl als westdeutsche Firmen. Und obwohl die Motorisierung weit dürftiger, das Sozialprodukt je Einwohner um rund 20 Prozent geringer als in der Bundesrepublik ist, liegt in der DDR der Pro-Kopf-Verbrauch an Energie 16 Prozent höher. SED-Chef Honecker: »Auf vielen Gebieten produzieren wir noch zu teuer. Es werden je Erzeugnis zu viel Material und Energie, zu viele produktive Leistungen und Arbeitsmittel verbraucht.« Datenverarbeitung und Elektronik hinken um mindestens zehn Jahre hinter der Entwicklung im Westen her; der Rückstand verhindert eine nennenswerte Rationalisierung und wirkt sich nun auch verheerend auf den Verkauf jener Waren aus, bei denen die DDR noch im vergangenen Jahr international mithalten konnte. Spiegelreflexkameras aus Dresden etwa, bislang auch im Westen geschätzt, haben wenig Chancen gegenüber den mit Mikroprozessoren bestückten japanischen Apparaten, selbst Billig-Uhren aus Ruhla kommen schwer gegen die Quarz-Konkurrenz an. Nur weil numerisch gesteuerte Werkzeugmaschinen (Stückpreis bis zu einer Million Mark) in der DDR überaus preiswert sind, kauften Japaner die Automaten; dann rissen sie die »Robotron«-Elektronik heraus und ersetzten sie durch eine japanische Steuerung. Daß hier erneut eine Schwachstelle ihrer Industrie aufgebrochen ist, wissen die SED-Technokraten genau. Günter Mittag, dem Wirtschaftsmann im SED-Politbüro, gilt die Mikroelektronik als »eine Schlüsseltechnologie«; im Juni 1977 bereits veranstaltete die SED-Führung ein eigenes ZK-Plenum zu diesem Thema: Den Spitzengenossen, die nichts von Chips, ICs und Mikroprozessoren verstehen, sollte damit die Bedeutung der Elektronik beigebracht werden. In diesem Sommer gab die SED-Spitze erneut eine Prioritätenliste heraus: »Besonders sind die Aufgaben zur Entwicklung und Anwendung der Mikroelektronik, der Industrierobotertechnik, von numerischen und nichtnumerischen Steuerungen, zur Höherveredlung chemischer und metallurgischer Erzeugnisse sowie zur Einführung spezieller materialsparender Technologien zu beschleunigen.« Doch ihren Wissenschaftlern und Ingenieuren erlaubt die SED nicht, sich über den neuesten Stand der Technik zu informieren. Nur wenige Wirtschaftsfunktionäre dürfen West-Messen besuchen, nur ein paar Forscher westliche Fachzeitschriften beziehen, und von wissenschaftlichen Kongressen in kapitalistischen Ländern sind Ostdeutsche fast immer ausgesperrt. So kamen im August zu dem weltgrößten Kongreß über Reaktortechnik rund 1500 Wissenschaftler aus 35 Ländern nach West-Berlin, aus der DDR keiner. Ob Reaktortechnik oder Mikroelektronik, wichtigste Informationsquelle der DDR-Experten sind die Sendungen des Kölner Deutschlandfunks"
"114","0.7508063614368439","0.7508063614368439","0.9","Score: 9.0/10 - Der Text thematisiert explizit die Angst vor den Folgen der technologischen Spezialisierung und Automatisierung. Die Aussage, dass hochtechnisierte Verfahren mit vergleichsweise wenigen Arbeitnehmern auskommen, zeigt eine klare Sorge um Arbeitsplatzverluste. Die Kritik an der »technischen Büros«, die aufgebläht werden, während die »Werkstätten unterbeschäftigt« sind, unterstreicht die Angst vor einer Entwertung menschlicher Arbeit. Die Erwähnung von »Krisen und Stabilitätsproblemen« und der »Grenzen des Wachstums« zeigt, dass technologischer Fortschritt als Bedrohung für die gesellschaftliche Stabilität wahrgenommen wird. Gleichzeitig wird die Hoffnung auf eine neue Spezialisierung (»higbly sophisticated technology«) und Export von Blaupausen als Lösung genannt. Dies ist ein klarer Einblick in die öffentliche Diskussion über die Zukunft der Arbeit und die Angst vor Arbeitslosigkeit durch Maschinen.","»Die Dynamik ist hin«","1977-12-25","https://www.spiegel.de/wirtschaft/die-dynamik-ist-hin-a-16fa6482-0002-0001-0000-000040680177?context=issue",". »Technisch unproblematische Verfahren wie die Chemiefaserproduktion«, findet zum Beispiel Bayer-Chef Herbert Grünewald, seien auf Dauer nur im Ausland wachstumsträchtig. Die Deutschen, meint der frühere Chef des größten kontinentalen Maschinenbaukonzerns Gutehoffnungshütte Dietrich Wilhelm von Menges, müßten sich langfristig auf den Export von Blaupausen, auf die »higbly sophisticated technology« spezialisieren. »Wir können nur überleben«, assistiert der Präsident des Ifo-Instituts, Karl Heinrich Oppenländer, »wenn wir sehr viel mehr für Forschung und Entwicklung tun.« Das Rezept hat freilich einen Schönheitsfehler. Hochtechnisierte Herstellungsverfahren und hochspezialisierte Techniken kommen in aller Regel mit vergleichsweise wenigen Arbeitnehmern aus; den vielen Arbeitslosen jedenfalls bringen diese Neuerungen nichts Gutes.« Die technischen Büros werden aufgebläht, die Werkstätten sind unterbeschäftigt«, resigniert Kurt Werner, Präsident des Vereins Deutscher Maschinenbau-Anstalten. Zwei bislang kaum abschätzbare Trends verengen den Wachstumskorridor zusätzlich: * Immer mehr Konkurrenten, Ostblockstaaten wie Entwicklungsländer, werden in den nächsten Jahren Produkte wie Stahl, Chemiefasern, aber auch Maschinen und Konsumgüter in den Weltmarkt drücken, die auf Anlagen mit der Aufschrift »Made in Germany« hergestellt werden. * Immer mehr westdeutsche Unternehmen, allen voran die großen Konzerne, konzentrieren sich auf Auslandsinvestitionen, häufig zu Lasten ihrer westdeutschen Fabriken. Das neue Wirtschaftszeitalter, so ahnt der Kieler Professor Gerhard Fels, Mitglied des Sachverständigenrates, berge Gefahren. Immer wieder »könnten Krisen und Stabilitätsprobleme wirtschaftlicher wie politischer Art« auftreten, die viele »Regierungen vor schier unlösbare Aufgaben stellen«. So bliebe am Ende den Deutschen allenfalls eine karge Zunahme ihres Wohlstandes? Sind die »Grenzen des Wachstums«, die der Club of Rome 1972 aus der Knappheit der Rohstoffe und der Unzumutbarkeit der Umweltschäden ableitete, auch ohne Staatseingriffe erreicht? Unzweifelhaft haben sich manche Produzenten, etwa die Hersteller von Kühlschränken oder Fernsehapparaten, von Beton oder Schiffen, den Sättigungsgrenzen ihrer Kundschaft angenähert. Selbst der Staat scheint manchen weitgehend bedient: Nach einem beispiellosen Kraftakt, der binnen weniger Jahre die Studienplätze deutscher Universitäten vervielfachte, die Krankenhausbetten und die Autobahnkilometer mehrte, scheint auch der Staatsbedarf flauer zu werden. Ebenso unbestreitbar ist allerdings, daß es an gesellschaftlich lohnenden, die Lebensqualität aufbessernden Vorhaben durchaus nicht mangelt. Selbst der Wohnungsbau etwa -- vom Staat jahrelang mit Steuervergünstigungen hochgepäppelt, dann, 1974, mit einer rabiaten Zinspolitik an den Rand gedrückt -- könnte durchaus sinnvolle Wachstums-Chancen finden: Millionen Bundesbürger leben in veralteten, kaum zumutbaren Wohnungen, ganze Stadtkerne sind sanierungsreif"
"115","0.7502868473529816","0.7502868473529816","0.9","Score: 9.0/10 - Der Text thematisiert explizit die gesellschaftliche Angst vor Arbeitslosigkeit und der Verlust von Arbeitsplätzen in der Bundesrepublik in den späten 1970er Jahren. Er beschreibt die wachsende Sorge, dass die Vollbeschäftigung, die früher als selbstverständlich galt, nun nicht mehr gewährleistet ist. Die Angst wird durch Musik, politische Äußerungen und Zahlen untermauert: 1,1 Millionen Arbeitslose, eine große stillen Reserve, und die Warnungen von Gewerkschaftsführern wie Loderer und Vetter. Die Formulierung »die Furcht, daß jene Ämter ... niemals mehr ein großes Minus melden könnten« zeigt eine klare emotionale Dimension. Die Angst vor einer Dauerarbeitslosigkeit und sozialen Konflikten ist zentral. Obwohl Computerisierung nicht direkt erwähnt wird, wird die Angst vor strukturellen Veränderungen der Arbeitswelt deutlich – die Arbeitslosigkeit wird als Folge einer tiefgreifenden Veränderung der Wirtschaftsstruktur verstanden, die durch technologische Fortschritte und wirtschaftliche Krise verursacht sein könnte. Dies ist ein direkter Hinweis auf die gesellschaftliche Angst vor technologischem Wandel und Arbeitsplatzverlust.","Der stille Bürgerkrieg","1977-03-27","https://www.spiegel.de/politik/der-stille-buergerkrieg-a-efc5be39-0002-0001-0000-000040941672?context=issue","Die Ballade in Moll schleicht schwermütig über den Äther. Und eine kräftige Brünette namens Joy Fleming schluchzt und schreit dazu: »Jetzt ist er arbeitslos, im ganzen ist das eine Sauerei.« Der Pensionärs-Chor von der sogenannten Hamburger Szene trällert zum Banjo einen Song über den traurig langen »Korridor vom Arbeitsamt«. Mehrstimmig auch seufzt die Gruppe Floh de Cologne zum gleichen Thema -eine Anklage gegen die Bosse, und sie fragen, »wo die ganzen Lehrstellen sind, ja, gestern waren noch alle da«. Die schicke Pop-Szene, auf der es noch vor wenigen Jahren Mode war, das Ende der Leistungswelt und aller Maschinen und aller Geschäftigkeit herbeizusingen, hat ihre Meinung geändert. Die in Platten gepreßten Klagegesänge über Maschinen-, Lehrstellen- und Arbeitsmangel, die Westdeutschlands Sing-Branche nun für absetzbar hält, reflektieren die im Land umgehende Angst, es könnte nie wieder erreicht werden, was Anfang der siebziger Jahre noch auf ewig gesichert schien: Arbeitsplätze in Fülle, zumindest einen für jeden, der nur arbeiten will. Das Thema kann leicht ein Publikum für länger finden. Die Furcht, daß jene Ämter, die monatlich die Stellungslosen zählen, niemals mehr ein großes Minus melden könnten, scheint mit jeder neuen Ziffer wiederum Bestätigung zu finden. Denn an dem Markt, auf dem menschliche Arbeitskraft einer Handelsware gleich ge- und verkauft wird -- wie die Linken gerne bekritteln -, zog der Aufschwung, den die Konjunkturbeschauer seit Sommer 1975 in ihren Diagrammen verzeichnen, bislang fast spurlos vorbei. Genau 1 106 141 Westdeutsche und 107 600 in der Bundesrepublik lebende Ausländer waren zum letzten Zähltag der Arbeitsmarktanalytiker (Februar) als beschäftigungslos gemeldet -- nur 132 982 weniger als vor Jahresfrist. Weitere rund 516 000, deren Namen in den Büchern der Vermittlungsstellen nicht oder nicht mehr auftauchen, würden, nach den Schätzungen der Experten, einen Job annehmen, wenn es nur einen für sie gäbe. Zu dieser sogenannten stillen Reserve zählten die Markt-Kenner der Nürnberger Bundesanstalt für Arbeit Ende vorletzten Jahres erst 365 000 »Erwerbspersonen«. Argwohn, die amtlichen und die stillen Reservearmeen vor den Fabriken und den Comptoirs könnten Institutionen von Dauer werden, beschlich unterdes Gewerkschafter. aber auch die sonst auf das Prinzip Hoffnung fest abonnierten Politiker in Bonn. Der Vorsitzende der mächtigen Industriegewerkschaft Metall, Fugen Loderer, etwa warnte bereits vor einer weiteren »Erhöhung des Arbeitsplatzrisikos«, wenn nicht bald irgend etwas geschähe. Und er mahnte, ausreichende Arbeitsplätze hätten bei der Bevölkerung einen so hohen Stellenwert, »daß derjenige, der keine Vollbeschäftigung garantieren will oder kann ... soziale und politische Konflikte größeren Ausmaßes« provoziere. Loderers oberster Kollege, der DGB-Vorsitzende Heinz Oskar Vetter, verlangte sogar, die Wirtschaft müsse nun gezwungen werden, sich bald »der Frage der Arbeitsplatzdarbietung zu stellen«"
"116","0.7724126875400543","0.7724126875400543","0.8","Score: 8.0/10 - Der Text behandelt die Computerisierung und Automatisierung mit erkennbarer affektiver Dimension. Er beschreibt, wie sich die Gewerkschaften von einer früheren Akzeptanz des technischen Fortschritts abwenden und nun erstmals fordern, dass Belegschaften vor den Folgen der Rationalisierung geschützt werden. Die Aussage, dass die Gewerkschaften »beinahe die einzigen in der Welt waren, die sich zum technischen Fortschritt bekannten«, zeigt eine klare Veränderung der Haltung. Die Angst vor Arbeitsplatzverlust ist implizit durch die Forderung nach Schutz und die Kritik an der »gemischten Wirtschaftsordnung« erkennbar. Gleichzeitig wird die Hoffnung auf eine »gesamtgesellschaftliche Planung« formuliert. Die Textpassagen zeigen eine tiefgreifende gesellschaftliche Verunsicherung, die jedoch in konkrete politische Forderungen mündet.","Gewerkschaften: »Erfahrungen sind verschüttet«","1978-03-05","https://www.spiegel.de/wirtschaft/gewerkschaften-erfahrungen-sind-verschuettet-a-d1293ef1-0002-0001-0000-000040616471?context=issue",". Doch zum möglichen Abschluß kam es nicht, weil am Tag zuvor der Stuttgarter Bezirkschef der IG Metall, Franz Steinkühler, der in Baden-Württemberg parallel verhandelte, die Weichen auf Streik stellte. Er ließ die Schlichtung, nachdem der neutrale Vermittler 4,8 Prozent ventiliert hatte, vorzeitig platzen. Damit war die Einigung erst einmal blockiert. Der harte Arbeitskampf und die hohen Forderungen auf dem Hintergrund einer Millionen-Arbeitslosigkeit verunsichern unterdes auch manche altgediente Funktionäre. Vorbei scheint jene Zeit, in der Westdeutschlands Gewerkschafter rückhaltlos und durchgängig das westliche Wirtschaftssystem akzeptierten und sogar stützten. Vorbei auch ist jene Zeit, in der sie sich an die Maxime hielten, daß bei Lohnrunden nur verteilt werden kann, was zusätzlich erarbeitet wird. Vor einem guten Jahrzehnt noch sagte Wilhelm Haferkamp, heute EG-Kommissar und damals Leiter der wirtschaftspolitischen Abteilung im DGB, über die ökonomischen und gesellschaftlichen Ziele der deutschen Arbeitnehmeroranisationen, sie bedeuteten »eine klare Ab sage an eine zentrale Verwaltungswirtschaft«. Die Vorstellungen der Gewerkschaften seien auf »eine gemischte Wirtschaftsordnung gerichtet, wie sie in allen modernen Volkswirtschaften der freien Welt besteht«. Heute wächst innerhalb der Verbände die Kritik an dieser Mischung. In vielen gewerkschaftlichen Papieren und auf manchen Kongressen wird eine »gesamtgesellschaftliche Planung und Lenkung des Wirtschaftsprozesses« (Gewerkschaftstag der IG Druck 1977) gefordert. In allen Bereichen wird Wandel sichtbar. In dieser Tarifrunde fordern erstmals zwei Arbeitnehmerverbände, die Metall- und die Druckergewerkschaft, daß die Belegschaften vor den Folgen von Rationalisierung und vor allem vor den Folgen des technischen Fortschritts nahezu vollkommen und auf immer geschützt werden. Ein führender Gewerkschaftler beschreibt, was sich geändert hat: »Die westdeutschen Arbeitnehmer-Organisationen waren lange Zeit beinahe die einzigen in der Welt, die sich zum Freihandel und zum technischen Fortschritt bekannten. Das baut sich jetzt ab.« Früher auch orientierte sich das wichtigste Instrument der Gewerkschaften, die Tarifpolitik, an den »ökonomischen Systemzwängen«, wie die linken Mitglieder des Frankfurter Instituts für Sozialforschung kritteln, die auf Rechnung der Deutschen Forschungsgemeinschaft die Strategien der Arbeitnehmerverbände untersuchen"
"117","0.7720407545566559","0.7720407545566559","0.8","Score: 8.0/10 - Der Text behandelt die Computerisierung und Automatisierung mit einer erkennbaren affektiven und evaluativen Dimension. Er kritisiert die Illusion des »bürgerlichen Vorsehungsglaubens« an den Marktmechanismus und die Hoffnung auf automatische Harmonie durch Wettbewerb. Die Angst vor einer Gesellschaft, die nur noch auf Einkommen, Freizeit und Wachstum fixiert ist, wird deutlich. Die Aussage, dass Effizienz und Rationalität dort enden, wo Werte keinen Preis mehr haben, drückt eine tiefe gesellschaftliche Sorge aus. Die Textpassagen zeigen eine kritische Haltung gegenüber technologischem Fortschritt, der sich von menschlichen Bedürfnissen ablöst. Obwohl die Technologie nicht explizit als Computerisierung bezeichnet wird, ist die Kritik an der technokratischen Logik und der Verdrängung menschlicher Werte klar erkennbar. Die Textpassagen sind daher als implizite Angst vor technologischem Wandel zu werten.","Ritt auf dem Tiger","1970-01-04","https://www.spiegel.de/politik/ritt-auf-dem-tiger-a-d9f98b80-0002-0001-0000-000045226162?context=issue",". Freilich, gerade denjenigen, die wählen sollen, bleiben Einsichten in die komplexen Zusammenhänge von Zukunftsforschung und Zukunftsplanung weithin verschlossen. Unter dem Trommelfeuer von Werbeslogans, die ihre Bedürfnisse und Wünsche steuern, sind die Bürger empfänglich für die Verheißungen von stetig steigendem Einkommen, »besserem Leben« und wachsender Freizeit (Prognose für 1980: 32 Arbeitsstunden je Woche). Daß die wachsende Kluft zwischen arm und reich ein Ergebnis sozialer Fehlsteuerung sei, mag dem Wähler einleuchten -- wie sie womöglich verringert werden könnte, entzieht sich seinem Urteil. Er kann auch nicht ahnen, wohin die tiefgreifenden Veränderungen der Gesellschaft im »postindustriellen Zeitalter« (so der amerikanische Soziologe Daniel Bell>, wohin etwa die Neuordnung von Ehe, Sexualität und Bildungskonzept ihn führen werden -- was heißt eigentlich »besser leben«? Im selben Maße, wie der einzelne Bürger auf Zweitwagen und Mehrverdienst, auf den Fetisch des Bruttosozialprodukts und einen vagen Fortschrittsbegriff fixiert wird, droht ihm Bewußtlosigkeit in einer Gesellschaft, die nach Art Pawlowscher Hunde nur noch. reagiert. Der Bürger, der als ein Mündiger mitspräche, wenn es zu entscheiden gälte. welche Zukunft wünschbar sei, ist nicht in Sicht. »Trotz Raumflug und Computer. trotz Atomenergie und Television«. konstatierte der amerikanische Politwissenschaftler Victor C. Ferkiss. »poltern wir noch immer nach dem alten bourgeoisen Schema dahin -- nach dem bürgerlichen Vorsehungsglauben an das freie Spiel der Kräfte in Wirtschaft und Wissenschaft: Jeder Mensch, jedes Unternehmen, jede politisch-wirtschaftliche Interessengruppe brauche nur nach dem eigenen Vorteil zu streben, ohne sich um die Auswirkung der eigenen Aktivität zu kümmern; der Marktmechanismus (und der demokratische Prozeß) werde »mit unsichtbarer Hand« -- wie es der englische Nationalökonom Adam Smith 1768 ausdrückte -- schon dafür sorgen, daß alle die isolierten Egoismen am Ende irgendwie doch harmonisch ineinandergreifen, zum Vorteil aller ausschlagen und den Wohlstand heben, den Fortschritt vorantreiben. Das bisher vorrangige Verfahren, jährlich die höchstmöglichen Zuwachsraten des Wohlstands zu erstreben, wird fragwürdig, wenn sich wirtschaftliches Wachstum und technische Perfektion von menschlichen Bedürfnissen ablösen, die nicht ökonomischer Natur sind. Die liberal-kapitalistischen Industriegesellschaften, die unter dem Gesetz des Marktes angetreten sind, liefern bestenfalls -- teilweise allerdings mit grandiosem Erfolg -, was sich als Ware verkaufen läßt. Mit atemraubendem Tempo werfen sie jährlich neue Produkte aus, die Produktivität der Industrieanlagen verdoppelt sich nahezu alle zehn Jahre. Doch Effizienz und Rationalität enden meist dort, wo Werte keinen Preis mehr haben"
"118","0.7697774469852448","0.7697774469852448","0.8","Score: 8.0/10 - Der Text behandelt die gesellschaftliche Skepsis gegenüber hochtechnischen Systemen, insbesondere im Kontext der Kernenergie, Datenschutz und Genforschung. Die Angst vor technologischen Systemen, die die individuelle Freiheit einschränken, ist zentral. Die Rede von einer 'Bewältigungslücke' zwischen menschlicher Fähigkeit und technischer Entwicklung und die Forderung nach einer 'asketischen Weltkultur' zeigen eine tiefe Ängstlichkeit gegenüber dem technologischen Fortschritt. Die Kritik an der Unfähigkeit, mit selbstgeschaffenen technischen Instrumenten umzugehen, ist eine implizite Angst vor der Übermacht der Technik. Obwohl Computer nicht direkt erwähnt werden, ist die gesamte Argumentation auf der Angst vor technologischem Wandel und seiner gesellschaftlichen Folgen aufgebaut.","»Der Wähler will eine unbequemere FDP«","1979-01-14","https://www.spiegel.de/politik/der-waehler-will-eine-unbequemere-fdp-a-cda1b0ae-0002-0001-0000-000040351310?context=issue",". Die Skepsis über die bisherige, so wohltätige Wohlstandsautomatik nimmt zu. Die Menschen spüren, daß die Störanfälligkeit gegen Gewalt in hochtechnischen Systemen größer wird. Sie merken, daß damit ihre individuelle Freiheit eingeschränkt werden müßte. So gesehen, war die Abstimmung über die Fortsetzung der Schnellen-Brüter-Technologie im Bundestag, bei der sechs FDP-Abgeordnete mit Rücktrittsdrohungen der FDP-Spitze von ihrem Nein abgebracht wurden, deprimierend. Welche technologischen Sachzwänge und wirtschaftlichen Interessen überlagern hier die freie politische Wahlmöglichkeit! Welche Chance bietet sich hier den Liberalen, Sprecher jenes sich vergrößernden Teils der Bevölkerung zu werden, der kritische Skepsis hegt! Die Diskussion über die Kernenergie ist nur ein Anfang. Neue Felder der gesellschaftlichen Auseinandersetzung zwischen der etablierten Generation und den neuen »Protestanten« kündigen sich bereits an: Datenschutz, Risiken der Chemie- und Pharmaindustrie, Gen-Forschung, Einsatz der Chemie in der Landwirtschaft, Protest gegen die Schulmedizin, Landschaftsverbrauch durch Bauten und Verkehr, Lärmentstehung und Lärmschutz. Die Skeptiker werfen der gegenwärtigen Generation vor, daß ihr äußerlicher Wohlstand sich auf einen überhöhten Konsum gründet, dessen Folgen (Sicherheit, Umweltlasten, unwiederbringlicher Rohstoffverzehr) weitgehend unklar sind und -- wenn überhaupt möglich -- in verstärktem Maße von den zukünftigen Generationen getragen werden müssen. Nicht der Mangel, sondern der Umgang mit dem scheinbaren Überfluß in unserer Generation ist das entscheidende Problem. Genauer: die Unfähigkeit, mit den von uns selbstgeschaffenen politischen und vor allem technischen Instrumenten umzugehen. Carl Friedrich von Weizsäcker: » Nicht durch ihre Gegner ist unsere politische Freiheit am tiefsten gefährdet, sondern durch unsere -- d. h. ihrer Nutznießer -- Unfähigkeit, sie ihrem Sinne gemäß zu gebrauchen.« Die Bewältigungslücke (cultural gap) zwischen dem, was der Mensch kann, und dem, was er verkraften kann, ist zu schließen. Neue technologische Möglichkeiten müssen bewußter, das heißt auch langsamer, eingeführt werden. Die gesellschaftlich-politischen Folgen neuer Techniken, naturwissenschaftlicher Prozesse und Arbeitsveränderungen müssen vor Einführung der neuen Technologien geklärt werden. Eine andere Aufteilung von Zeit im oben diskutierten Sinn ist dafür unabdingbar. Die nachindustrielle Gesellschaft muß die Fähigkeit erlernen, auf technisch-ökonomisch Mögliches zu verzichten, wenn es den Zielen der Gesellschaft nicht dient oder die Bewältigungskapazität der Betroffenen übersteigt. Carl Friedrich von Weizsäcker nennt dies »asketische Weltkultur«. Askese nicht im Sinne von abgehärmter Sinnenunterdrückung, sondern im Sinne einer bewußten kulturellen Disziplin. Nur so läßt sich in einer liberalen Gesellschaft auch Freiheit bei geringeren Verteilungsspielräumen sichern"
"119","0.7696611881256104","0.7696611881256104","0.8","Score: 8.0/10 - Der Text thematisiert die Angst vor Arbeitslosigkeit durch wirtschaftliche und technologische Veränderungen, insbesondere durch die Ölkrise und die Konjunkturabschwächung. Die Erwähnung der 'globalen Holzhammer-Methode' der Wirtschaftspolitik und der Kritik an der Bundesbank zeigt eine gesellschaftliche Angst vor der Unfähigkeit der Politik, die Folgen der Rationalisierung zu bewältigen. Die Proteste der Arbeitnehmer und die Forderung nach 'einem' statt 'seinem' Arbeitsplatz deuten auf eine Angst vor dem Verlust der Arbeitsplatzgarantie. Obwohl Computer nicht explizit genannt werden, ist die Angst vor technologischer Rationalisierung und deren Auswirkungen auf die Beschäftigung zentral. Die Befürchtung, dass die Wirtschaftspolitik die Arbeitnehmer opfert, ist eine klare implizite Angst vor technologischem Wandel.","»Arbeitslose: »So knüppeldick war's noch nie«","1973-12-16","https://www.spiegel.de/politik/arbeitslose-so-knueppeldick-wars-noch-nie-a-ae98ed68-0002-0001-0000-000041810643?context=issue","Die Experten waren einer Meinung. »Schwieriger denn je Zuvor« und »bislang nicht erlebte Ungewißheit« schrieben Beamte der Nürnberger Bundesanstalt für Arbeit in einer vertraulichen Studie über den westdeutschen Arbeitsmarkt 1974. Ihr »Alternativen-Tableau« enthält Voraussagen, die -- unter verschiedenen Annahmen gemacht -- allesamt wenig Gutes verheißen: 385 000 Arbeitslose im günstigsten, eine Million oder mehr im ungünstigsten Fall. Abwärtsgang ·der Konjunktur und Ölkrise bescherten den Wirtschaftspolitikern ein brisantes Gemisch. Konnten sich Bonns Regierende bislang gegenüber den Inflationsvorwürfen stets mit dem Argument entlasten, in der Bundesrepublik sei die Zahl der Arbeitslosen gering wie in kaum einem anderen Land, so droht jetzt der westdeutschen Volkswirtschaft die Anpassung an ame- * Protest-Demonstrationen gegen Entlassungen bei den Deutschen Edelstahlwerken in Bochum. rikanische und englische Zustände. Dort grassiert seit Jahren schon die Stagnation: Arbeitslosen-Quoten zwischen zwei und fünf Prozent bei Preissteigerungsraten von bis zu zehn Prozent. Auch der Kanzler möchte seine alte Arbeitsplatz-Garantie nicht mehr in reiner Form aufrechterhalten: Vor dem Bundestag ließ er das Volk wissen, es habe nicht mehr jeder Deutsche Anspruch auf »seinen« Arbeitsplatz, sondern nur noch auf »einen«. Helmut Schmidt verbreitete im Kreis seiner Beamten offen seine Befürchtung, im kommenden Jahr könnte der Bund mehr als je zuvor genötigt sein, durch Schuldenaufnahme und zusätzliche Aufträge an die Wirtschaft Arbeitslosigkeit zu bekämpfen. Beruhigende Erklärungen aus Bonn wechseln mit ersten Maßnahmen, die Konjunktur und Beschäftigung zu stützen. Anwerbe-Stopp für Gastarbeiter, Wiedereinführung des Bauherren-Steuerparagraphen 7b, Aufhebung der Investitionsteuer und zusätzliche Ausgaben-Programme von Bahn und Post wurden verordnet oder stehen kurz bevor. Das Bild von Amts wegen gespielter Gelassenheit störten am vergangenen Donnerstag 8000 buhende und pfeifende Arbeitnehmer der Textil- und Bekleidungsindustrie, die mit Transparenten »Das Zins-Niveau macht uns und »Brandt & Co -- Textil-Mörder« auf den Bonner Marktplatz zogen. Dem Protest-Redner Karl Buschmann, Vorsitzender der Gewerkschaft Textil -- Bekleidung, lief es »eiskalt über den Rücken"": Seine Gewerkschaft werde es nicht zulassen, »daß die Arbeitnehmer auf dem Altar einer dogmatischen Wirtschafts- und Stabilitätspolitik geopfert werden«. Der Vorsitzende des Deutschen Gewerkschaftsbundes, Heinz Oskar Vetter, wütete, die Regierung betätige sich in der Wirtschaftspolitik mit der »globalen Holzhammer-Methode« und lasse sich »von der Bundesbank manipulieren«. Der für die Hochzinsen zuständigen Frankfurter Notenbank bescheinigte Vetter, ihr gehöre »der Marsch geblasen«. Mit dem Wirtschaftsminister Friderichs rechnete er ab, seine Politik erzeuge statt der versprochenen Stabilität »höhere Arbeitslosigkeit bei andauernder Preissteigerung«"
"120","0.7647149860858917","0.7647149860858917","0.8","Score: 8.0/10 - Der Text thematisiert explizit Hoffnungen und Ängste gegenüber dem technischen Fortschritt. Er beschreibt die »permanente Revolution« als bedrohlich, weil sie den »kulturellen Rückstand« (cultural lag) vergrößert – eine zentrale Angst der Zeit: dass die Gesellschaft nicht schnell genug auf technologische Veränderungen reagieren kann. Konkrete Befürchtungen werden genannt: Umweltzerstörung, Hungerkatastrophen, soziale Explosionen in Metropolen und psychische Beeinträchtigungen durch Medikamente. Die Angst vor einer unkontrollierten Entwicklung ist zentral. Zudem wird die Idee des »Fortschritts« selbst in Frage gestellt: »Der Fortschritt droht das Ziel zunichte zu machen, das er verwirklichen soll – die Idee des Menschen.« Dies ist eine klare, affektiv aufgeladene Aussage über die Angst vor einer Entfremdung durch Technik. Die Verbindung von technischem Wandel und menschlicher Zerstörung macht den Text zu einem zentralen Dokument zeitgenössischer Ängste.","Ritt auf dem Tiger","1970-01-04","https://www.spiegel.de/politik/ritt-auf-dem-tiger-a-d9f98b80-0002-0001-0000-000045226162?context=issue",". Der Fortschritt droht das Ziel zunichte zu machen, das er verwirklichen soll -- die Idee des Menschen.« Die ungeheure Beschleunigung des technischen Fortschritts, die Akkumulation von Erfindungen und Entdeckungen, die sich im Verlauf weniger Jahrzehnte abspielte, sprengte den Rahmen traditioneller gesellschaftlicher Vorstellungen -- als eine permanente Revolution, die der Berliner Soziologe Hans Peter Dreitzel »nur mit dem Übergang von der Jäger- und Sammler-Kultur zur agrarischen Produktionsweise« für vergleichbar hält. Der Anbruch des industriellen Zeitalters, der den Menschen gleichsam auf eine imaginäre Rolltreppe der technischen Entwicklung stieß, von der er nicht herunter kann, verdeutlichte schon im vorigen Jahrhundert, was der amerikanische Soziologe William Ogburn als das Kernproblem dieser Menschheitsepoche bezeichnete: das immer wiederkehrende Problem des »cultural lag«, des »kulturellen Rückstands« -- die mangelnde Fähigkeit des Menschen, sich und seine Gesellschaft an die von ihm selbst veränderten Umweltbedingungen schnell genug anzupassen. Sozialer Wandel, der sich etwa nach der Verbreitung von Dampfmaschine und Webstuhl als notwendig erwies, wurde erst im nachhinein mühsam bewirkt, die Modernisierung der Produktionsmittel zunächst mit einer bedenklichen Verschlechterung der Arbeitsbedingungen erkauft. Verelendung des Proletariats und das Anwachsen eines kriegerischen Nationalismus waren nur die verheerendsten Folgen dieser ersten Industrialisierungsphase. Nun aber, im letzten Drittel des 20. Jahrhunderts, nimmt das Problem des »cultural lag« Größenordnungen an, die über das Inkaufnehmen eines sozialen Unruheherdes hier oder eines begrenzten konventionellen Krieges dort weit hinausgreifen. * Das sprunghafte Anwachsen der Weltbevölkerung (geschätzte Zuwachsrate in den siebziger Jahren: 1,2 Milliarden Menschen) birgt die Gefahr gigantischer Hungerkatastrophen -- aber die Pläne zur Geburtenbeschränkung scheitern an religiösen und sozialen Vorurteilen; die Chance zu rechtzeitiger Steigerung der Nahrungsmittelproduktion ist nach Meinung vieler Experten schon verpaßt. * Die Umweltzerstörung (Verpestung der Luft, des Bodens und des Wassers) könnte schon in Kürze unumkehrbar sein -- aber Einsicht in diese Gefahr gewinnen Regierungen nur schleppend (wie etwa beim DDT-Verbot), die meisten Industriefirmen vorerst überhaupt nicht. Die Stadt London beispielsweise hat durch ein 1956 erlassenes Gesetz ihre City inzwischen nahezu smog-frei machen können; keine andere Millionenstadt folgte bislang diesem Beispiel. * Das Anwachsen der Metropolen wird unter anderem durch unkontrolliert ablaufende Wirtschaftsmechanismen weiterhin begünstigt -- obwohl über das Funktionieren solcher Ballungszentren nur eins klar ist: Niemand weiß, wie soziale Explosionen und das Ausdörren menschlicher Kommunikation in ihnen zu verhindern sind. * Kontinuierlicher Eingriff in die menschliche Psyche, etwa mittels Beruhigungs-, Schlaf- und Schmerzmitteln"
