"chunk_id","relevance_score","title","date","url","content"
"1","0.8138494789600372","Rechner aus dem Westen","1969-10-26","https://www.spiegel.de/politik/rechner-aus-dem-westen-a-6995cec6-0002-0001-0000-000045520479?context=issue","Deutschlands erster Arbeiter-und-Bauernstaat rüstet für eine weitere Teilstrecke auf dem langen Marsch in die kommunistische Zukunft. Das neue Etappenziel: eine Computer-gesteuerte DDR. In ostdeutschen Schulen operieren schon die Abc-Schützen mit den unbestimmten Zahlen »a« und »b«. Zweitkläßler lösen Gleichungen ersten Grades, und bei den alljährlichen »Mathematik-Olympiaden« kämpfen bereits Quartaner um Medaillen. In Zukunft werden alle Berufsschüler, gleich ob Dachdecker- oder Dreherlehrlinge, EDV büffeln, die elektronische Datenverarbeitung. Noch Anfang der 50er Jahre hatten DDR-Philosophen an die Formel ihrer sowjetischen Kollegen geglaubt: »Die Kybernetik ist eine Pseudowissenschaft ... und dazu bestimmt, noch früher unterzugehen als der Imperialismus.« Zehn Jahre später, in der Bundesrepublik arbeiteten mittlerweile 600 Elektronenrechner, ging nach der Sowjet-Union auch die DDR-Regierung auf neuen Kurs. Mathematik und Kybernetik, die Mutterwissenschaften der elektronischen Rechentechnik, avancierten zu Spitzendisziplinen. EDV-Techniker und Computer kamen zu späten Ehren. Im Jahre 1964 beschloß der DDR-Ministerrat ein Programm »Zur Entwicklung, Einführung und Durchsetzung der maschinellen Datenverarbeitung«. Der Staatsrat gründete ein Fachressort für die »Koordinierung der Leitung des Einsatzes und der Nutzung der elektronischen Datenverarbeitung«, und 1967 ließ Walter Ulbricht den Elektronik-Staatssekretär Diplom-Ingenieur Günther Kleiber, 38, vom SED-Zentralkomitee zum Politbüro-Kandidaten wählen. * An einem »Robotron 100« im VEB Maschinelles Rechnen Potsdam. Um den »starken Rückstand gegenüber führenden Industrieländern« (Kleiber) auszugleichen, waren den Ostdeutschen viele Mittel recht. Sie > engagierten westdeutsche sowie West-Berliner EDV-Experten als Entwicklungshelfer und Lehrer für Qualifizierungs-Seminare > kauften sich mit 15 000 Dollar Eintritts- und 10 000 Dollar Jahresbeitrag in das renommierte amerikanische Diebold-Forschungs-Programm für EDV-Einsatz ein; > bestellten im Osten und Westen die Spitzenprodukte der Branche und > gaben ihren heimischen Betrieben Order, die Entwicklung DDR-eigener Rechner zu beschleunigen. Bald eiferten britische, amerikanische und westdeutsche Hersteller darum, Computer-Anlagen in die DDR zu verkaufen. Bis zum Juni dieses Jahres lieferten sie etwa 50 Rechner, darunter Modelle von Control Data (CDC 1604) und IBM (360/20 und 360/140), Siemens (3003) und Univac (1004). Die von den DDR-Einkäufern gewünschten Schnellstrechner wie »Control Data 6600«, »Univac 1108«, »IBM 360/65« oder »Siemens 4004« allerdings durften sie bislang nicht anbieten. Die raren Rechner stehen ihres militärischen Nutzens wegen auf der Natoverbindlichen US-Embargo-Liste. So drängen Ulbrichts Wirtschaftsplaner die heimischen Computer-Produzenten zu größerer Eile. die -- so schätzen DDR-Fachleute -- jedoch frühestens in fünf Jahren das gegenwärtige West-Niveau erreichen werden"
"2","0.8054237067699432","Welt in der Stube","1968-08-11","https://www.spiegel.de/kultur/welt-in-der-stube-a-80117524-0002-0001-0000-000045950214?context=issue",". Schon heute sind Datentechniker in mehreren bundesdeutschen Kommunalverwaltungen damit beschäftigt, Einwohnerkarteien und Polizeiregistraturen in Robotergedächtnisse zu kodieren. Und die -- von Minister Stoltenberg in Berlin angekündigte -- Schaffung einer »Bundesdatenbank« für jederzeit abrufbare »polizeiliche, juristische, statistische und andere Informationen« geriet zwangsläufig ins Zwielicht der Diskussion um Macht und Manipulation. Schon vor Jahren habe das Statistische Bundesamt der USA eine solche Datenbank erstrebt, berichtete der Berliner Professor für Informationsverarbeitung Wolfgang Giloi. Eine heftige Pressediskussion habe dies jedoch vereiteln können. In fünf Jahren, so die Schätzung von Professor Fano, wird die Computer-Technik einen solchen Stand erreicht haben, daß bis dahin errichtete Wissens- und Machtmonopole in großen Rechenzentren kaum mehr zu brechen sind. Aber die in Berlin versammelten Experten meinten auch, daß sich der Marsch ins Orwellsche »1984« doch noch bremsen ließe -- wenn * die Parlamente schnell Gesetze beschließen, mit deren Hilfe der Inhalt und die Verwendung der Datenbanken wirksam kontrolliert werden können; * technische Neuentwicklungen auch finanzschwachen Individuen erlauben, selbst die unerschwinglichen Groß-Computer zu benutzen; * Aufklärungs- und Bildungsprogramme dafür sorgen, daß den Menschen kommender Jahrzehnte der Umgang mit den Automatengehirnen ebenso geläufig wird wie heute Lesen und Schreiben. Robert Fano etwa forderte eine Computer-Aufsichtsbehörde (ähnlich der Baupolizei), die den Mißbrauch von Rechenautomaten verhindern soll. Friedrich Edding, Professor für Bildungsökonomie an der Berliner TU, möchte Rechenzentren bei Gewerkschaften und anderen genossenschaftlichen Organisationen installiert sehen: Sie sollen der Computer-Machtballung in Bürokratie und Industrie das Gleichgewicht halten. An der technischen Zähmung der Supergehirne arbeitet eine Forschergruppe unter Professor Fano am Massachusetts Institute of Technology: Sie will den Automaten menschliche Umgangssprache beibringen. Mit solcherart präparierten Maschinen könnten sich auch Laien ohne Kenntnisse im Programmieren unterhalten. Diese Dialoge mit den Maschinen werden künftige Computer-Kunden nach Fanos Plänen zu Hause führen: In der Wohnstube stehen Spezialtelephone, mit deren Hilfe öffentliche Computer wie jetzt die Ansagedienste der Post angewählt werden können. Dabei würden die Teilnehmer über ein breiteres Informationsangebot verfügen, als es heute Presse, Fernsehen und Fachschriften liefern. Keine Redaktion wählt den Stoff aus, der Konformitätszwang der heutigen Massenmedien wäre überwunden. An die Realisierung einer derart humanisierten Computer-Welt will der Berliner Soziologe Helmut Klages freilich noch nicht glauben: Die Mehrheit der heutigen Zeitgenossen wäre zum intelligenten Umgang mit Fanos Informations-Automaten nicht fähig"
"3","0.7954058647155762","Briefe","1965-06-22","https://www.spiegel.de/politik/denkmaschinen-a-e55398e4-0002-0001-0000-000046273029?context=issue",". Der Sieg der Mikrosekunde ist errungen. Was noch aussteht ist der Sieg über organisatorische Ungereimtheiten mit Hilfe der Elektronik! Metzkausen (Nordrh.-Westf.) DR. HANS EDUARD LITTMANN Ich habe Ihren Artikel »Sieg über Mikrosekunde« aufmerksam gelesen und noch einmal gelesen. Er ist interessant geschrieben, verrät eine große Zahl von wissenswerten Einzelheiten. Leider vermisse ich jedoch die Beantwortung der Frage, wie sich der Einsatz dieser Roboter in 10, 20, 30, 40 oder 50 Jahren auswirken wird. Essen FRANZ JOSEF BECKER Der SPIEGEL zeichnet ein recht atypisches Bild dessen, was unter kommerzieller elektronischer Datenverarbeitung verstanden wird. Die in dem Artikel enthaltenen Simplifizierungen und sich verschiedentlich am Rande der Realität betrieblicher Organisationspraxis bewegenden Beispiele sind geeignet, bei dem nicht mit der Materie vertrauten Leser den Alpdruck einer drohenden Technokratie der Mathematiker in den betrieblichen und öffentlichen Verwaltungen hervorzurufen. Hierfür besteht jedoch - soweit heute erkennbar - kein Anlaß. Die kleinen, mittleren und großen Datenverarbeitungsanlagen, welche auf kommerziellem Gebiet in Deutschland eingesetzt sind, bearbeiten überwiegend Abrechnungs- und Dispositionsverfahren, die nur in Einzelfällen mit Hilfe von Methoden der Operations-Research und auch nur selten von Mathematikern, dagegen in der Regel von technisch oder kaufmännisch vorgebildeten Organisatoren entwickelt und programmiert worden sind. München DR. ALBRECHT BODE Diplom-Kaufmann Der Schwerpunkt des Computer-Einsatzes für rein kommerzielle Anwendungsgebiete liegt heute außer in der Industrie bei Handel, Banken und Versicherungen (20 Prozent), Unterricht und Forschung (13 Prozent), Computer -Service-Bureaus (10 Prozent) und Bund und Länderregierungen (7 Prozent). Der Rest verteilt sich auf Energieversorgungs- und Bergbau-Unternehmen, Stahlbau, Transport und Verkehr und übrige Branchen. Nach einer Vorschau der Diebold-Gruppe werden die Schwerpunkte des Computer-Einsatzes im Jahre 1974 bei Industrie, Handel und bei Bund und Länderregierungen liegen. Baden-Baden H. G. MARTIN Redaktion »Bürotechnik + Automation« Ist der Bundesverkehrsminister eigentlich schon, wie die Esso, auf die Idee gekommen, einmal zur Lösung der Verkehrsprobleme einen parteipolitisch unabhängigen Roboter zu befragen? Münster (Westf.) HANNO DE VRIES Computer-Titel"
"4","0.7947086691856384","Rat von Thesaurus","1970-09-27","https://www.spiegel.de/politik/rat-von-thesaurus-a-c6965cef-0002-0001-0000-000044418105?context=issue",". Treffen in Mainz Empfehlungen vorlegte. Anfang 1969 setzte das Bundesjustizministerium eine »Arbeitsgruppe für Datenverarbeitung« ein, im Mai desselben Jahres etablierte sich ein entsprechender Sonderausschuß der Justizminister-Konferenz. Während die Teilnehmer des Juristentages vergangene Woche im oberen Foyer der Mainzer Rheingoldhalle die EDV-Exkurse der Firmen IBM, Nixdorf, Sperry Rand und Siemens auf Bildschirmen verfolgten und bei IBM beispielsweise den Speicher in Stuttgart fragen konnten, ob nach der Rechtsprechung des Bundesfinanzhofes in München »Pensionszusagen verdeckte Gewinnausschüttungen« sind, planen private und öffentliche Institutionen die elektronische Datenverarbeitung (EDV) im Recht, so: * das Bonner Justizministerium den Aufbau einer universellen juristischen Datenbank für die gesamte Bundesrepublik; * die private Gesellschaft »Juradat« in Berlin eine elektronische Rechts-Auskunftei (8000 gekürzte höchstrichterliche Urteile sind bereits gespeichert); * die »Datev« in Nürnberg, eine Datenverarbeitungsgesellschaft der steuerberatenden Berufe, gemeinsam mit anderen Interessenten -- juristischen Verlagen und eventuell der Finanzverwaltung -- eine Datenbank des Finanz- und Steuerrechts (1053 Entscheidungen des Bundesfinanzhofs zur Körperschaftsteuer sind bearbeitet). Jede Zersplitterung möchte die Datenverarbeitungskommission des Deutschen Juristentages vermeiden und forderte eine »Koordinierung der verschiedenen Bemühungen«. Darüber hinaus empfahlen die Kommissionsmitglieder, daß alle Dokumente aus Gesetzgebung und Rechtsprechung auf ihre »Automationsgerechtigkeit« überprüft und für einen kontinuierlichen Aufbau von Datenbanken Prioritäten« der Speicherung festgelegt werden. Die Sorge der Juristen in Mainz galt vor allem einer »verfassungsgerechten Einordnung« der EDV im Recht, wobei insbesondere »Objektivität der Information durch Einspeicherungsneutralität«, Schutz der Privatsphäre und Freiheit des Informationszugangs gewährleistet sein müßten. Daß Telephon-, Gas- und Stromrechnungen vom Computer geschrieben werden, ebenso Renten- und Steuerbescheide, gehört heute zum Behörden-Alltag; an solche Verwaltungsakte aus Automaten haben sich die Bürger, denen die Computersprache durch Gehaltsabrechnung und * Auf dem 48. Deutschen Juristentag letzte Woche in Mainz. Bankauszug inzwischen vertraut geworden ist, längst gewöhnt. Die nächsten Schritte freilich werden ganz neue Dimensionen eröffnen: nicht nur durch Speicherung des gesamten Rechtsstoffes in Mammut-Datenbanken, sondern auch durch Formulierung von »automationsgerechten« Gesetzen. So soll die Bundesdatenbank in der Endphase den gesamten deutschen Rechtsstoff speichern: alle Gesetze, Rechtsverordnungen und Verwaltungsvorschriften, ferner die gesamte Rechtsprechung (mindestens aber der Obersten und Oberen Gerichte) und schließlich Kommentare und wissenschaftliche Literatur"
"5","0.7858850657939911","Futter mit System","1969-09-28","https://www.spiegel.de/politik/futter-mit-system-a-6fa1d6ef-0002-0001-0000-000045547686?context=issue",". Solche Praktiken allerdings haben vielerorts ein Datenverarbeitungs-Durcheinander bewirkt, das der »Stuttgarter Zeitung« unlängst »Fehlinvestitionen mit Millionenbeträgen nicht ausgeschlossen erscheinen« ließ. So sind die meisten der gegenwärtig in den Kommunalverwaltungen einiger Länder gebräuchlichen EDV-Programme für Karten- oder Bandanlagen entwickelt worden, die -- anders als Plattenspeichergeräte -- für künftige Anforderungen weder ausreichende Kapazitäten besitzen noch die eingefütterten Daten rasch genug ausspucken können. Zudem haben Behörden zuweilen, ausschließlich von Computer-Herstellern beraten, völlig unnötige Anlagen beschafft. Schon vor zwei Jahren beanstandete Berlins Rechnungshof in einer »nur für den Dienstgebrauch« vorgesehenen Untersuchung, daß die Bauverwaltung sich einen Computer zugelegt habe, der »überflüssig« sei: Seine Aufgaben hätten von einer zentralen Anlage im Berliner Landesverwaltungsamt fast ohne Mehrkosten miterledigt werden können. Der Berliner »Tagesspiegel« spottete: »Jedem sein Elektronengehirn.« Die Gehirn-Masse in deutschen Behörden läßt schließlich überregionale Zusammenarbeit weithin unmöglich erscheinen. Denn fast jede Stadtverwaltung, die sich einer EDV-Anlage bedient, bereitet die für sie wichtigen Daten nach einem hauseigenen System auf. So werden etwa in Baden-Württembergs Gemeinden die Hundesteuern nach acht, die Wohngelder nach zehn und Wassergeld-Abrechnungen gar nach 30 verschiedenen Programmen berechnet. Solche elektronische Eigenbrötelei bewirkt, daß beispielsweise Landesregierungen, um an die nach verschiedenen Systemen verfütterten Daten kommunaler Gebietskörperschaften zu gelangen, im Computer-Zeitalter konventionell recherchieren müssen -- mittels Fragebogen, Weil daher für Provinz-Regierungen nicht einzelne Kommunal-Computer. sondern nur zu Netzen verknüpfte Anlagen von Nutzen sind, plant Hessens Osswald ein »integriertes« Datenverarbeitungssystem. Nach den Vorstellungen Osswalds werden sich neben Land und Kreisen auch Gemeinden -- freiwillig und kostenlos mit Hilfe von Gebietsrechenzentren der Wiesbadener Zentrale für Datenverarbeitung bedienen können. Die Gemeinschafts-Computer drei Anlagen der Typen IBM /360-20 und 360-40 werden derzeit in Wiesbaden für ihre Aufgaben präpariert sollen für die Kommunen Einwohnerregister führen, Steuern errechnen Steuerbescheide drucken, Zahlungen anweisen und Baubedarfspläne. Kostenvoranschläge und Kostenvergleiche ausarbeiten. Weil dabei alle Daten nur noch an einer einzigen Stelle erfaßt werden. könnte künftig Hessens Verkehrsminister, wenn er sich über den Stand des Schwimmbadbaus im Odenwald informieren möchte, die Wiesbadener Computer ebenso befragen wie ein Landrat aus dein Odenwald, der sich einen Überblick über die gegenwärtigen Baupreise für Schwimmbäder im ganzen Land verschaffen will"
"6","0.7816598117351532","Futter mit System","1969-09-28","https://www.spiegel.de/politik/futter-mit-system-a-6fa1d6ef-0002-0001-0000-000045547686?context=issue","Hessens künftiger Regierungschef, Finanzminister Albert Osswald, 50, verkündete einen »Schritt ins nächste Jahrzehnt«. Für die Bürger zwischen Rhön und Rhein, die einst sprichwörtlich die »blinden Hessen« geheißen wurden, soll das elektronische Zeitalter beginnen. Schritt-Macher Osswald will das Land in den 70er Jahren mit einem Netz von Staats-Computern überziehen lassen. Schon in den Landes-Etat 1969 »70 ließ »Dukaten-Ossi« (Genossen-Mund) 16,3 Millionen Mark für die Elektronisierung einplanen. Und demnächst soll das Wiesbadener Parlament ein von Osswald angeregtes und in erster Lesung schon befürwortetes Gesetz zur Einrichtung einer Landeszentrale für Datenverarbeitung verabschieden. Das Denkmaschinen-Gesetz des Finanzministers markiert den bislang weitesten Vorstoß eines deutschen Bundeslandes auf dem Weg zur elektronischen Verwaltung seiner Bürger. Regierungs-Computer, dirigiert von der -- in einem Bautrakt schon bestehenden -- Zentrale in Wiesbaden und gespeist durch Rechenzentren in Darmstadt. Kassel, Frankfurt und Gießen, sollen auf lange Sicht alle in Stadt und Land anfallenden Verwaltungsvorgänge erledigen, die sich au elektronischem Wege speichern, weitergeben oder auswerten lassen (SPIEGEL 37/1969). Ansätze dazu gibt es schon in anderen Bundesländern. So laufen die Steuerveranlagungen für Hamburger Arbeitnehmer wie die Umsatzsteuerbescheide für Münchner Großkaufleute durch staatliche Datenanlagen. Mühsam mit der Schreibmaschine getippte Mahnungen für Kraftfahrzeugsteuer-Säumige flattern kaum noch in bundesdeutsche Briefkästen. Die Stadt Köln mietete einen Computer (jährliche Kosten: etwa eine Million Mark), der unter anderem voraussagen könnte, in welchem Vorort bei einer sich abzeichnenden Bevölkerungsentwicklung wie viele Schulen oder Kindergärten errichtet werden müssen, und der, gefüttert mit Angaben über das bevorzugte Verkehrsmittel eines jeden Einwohners, auch zur Verkehrsplanung eingesetzt werden kann. Nicht nur Großstädte, sondern in zunehmendem Maße auch Landkreise befassen sich mit elektronischer Datenverarbeitung (EDV) so der nordrhein-westfälische Siegkreis, für den eine gemietete EDV-Anlage seit Anfang letzten Jahres die Bezüge der Beamten und Angestellten errechnet, das Personal- und Wählerverzeichnis fortschreibt, Impflisten führt, Wehrpflichtige erfaßt und Renten ermittelt. Andere Kreise und auch Gemeinden lassen einzelne Rechenprogramme über ihre mit EDV-Anlagen ausgestatteten kommunalen Sparkassen entwickeln oder beauftragen private Rechenzentren. Solche Praktiken allerdings haben vielerorts ein Datenverarbeitungs-Durcheinander bewirkt, das der »Stuttgarter Zeitung« unlängst »Fehlinvestitionen mit Millionenbeträgen nicht ausgeschlossen erscheinen« ließ"
"7","0.7773559093475342","»Das Stahlnetz stülpt sich über uns«","1979-05-13","https://www.spiegel.de/politik/das-stahlnetz-stuelpt-sich-ueber-uns-a-c445caae-0002-0001-0000-000040349853?context=issue",". Als Meier, Richard, 1975 die BfV-Präsidentschaft übernahm, waren diese Probleme gelöst -- mit elektronischer Hilfe: * Ende 1969 hatte der damalige Bonner Innenminister Hans-Dietrich Genscher Polizei und Verfassungsschutz angewiesen, gemeinsam Computerisierungs-Programme zu entwickeln. * Im Februar 1970 übernahm das BfV seine »Personenzentral- und Ortskartei« auf eine IBM-Anlage vom Typ 360/40; Computer-Ausdrucke mußten noch per Post an die Landesämter geschickt werden. > Im Juni 1973 folgte eine IBM 370/ 155 mit Großraum-Plattenspeichern; Erkenntnis. se werden seither rund um die Uhr auf Bildschirm-Terminals angezeigt. * 1974 begann das BfV die Datenfernverarbeitung auszubauen; angeschlossen wurden im selben Jahr die Landesämter in München, Stuttgart, Wiesbaden, Mainz und Saarbrücken (""Verbundgruppe Süd""). * 1975 folgte die »Verbundgruppe Nord« (Kiel, Hamburg, Bremen, Hannover und Düsseldorf); erstmals konnte der Computer auch »ortsbezogene Daten unabhängig von ihrer Verbindung mit personenbezogenen Daten« suchen. Die Elektronisierung reduzierte nicht nur das Suchtempo auf Lichtgeschwindigkeit, sondern brachte nebenher auch die Lösung des Meier/Meyer/Mayer/ Mair-Wirrwarrs: Der Kölner Nadis-Chefelektroniker hatte bereits in den sechziger Jahren ein Verfahren entwickelt, ähnlich klingende Ausdrücke unterschiedlicher Schreibweise für den Speicherungs- und Suchprozeß zu vereinheitlichen. Kraftfahrtbundesamt und Bundeszentralregister, BASF und Bayer-Leverkusen haben die mittlerweile weltweit anerkannte »Kölner Phonetik« übernommen. Zu den Hauptvorzügen der Lautsprache, deren Quasi-Wörter (""Phonetische Substitute"") mit wenigen Konsonanten und lediglich zwei Vokalen, einem hellen und einem dunklen, auskommen, zählt die Eigenschaft, weit variierende Schreibweisen auf einen gemeinsamen Nenner bringen zu können: Nadis versteht selbst dann Bahnhof, wenn jemand »Banow« eintippt. Zudem bot die EDV den westdeutschen Intelligence-Zweigen die Chance, Spezialkenntnisse auszutauschen. »Man kann getrost davon ausgehen«, sagt ein Eingeweihter, »daß jeder dieser Dienste ein gutes Drittel seiner Zeit für Tätigkeiten verwendet, die ihn, streng genommen, eigentlich nichts angehen.« Seit der Vollendung des Verbunds (dem MAD und BND nur über Fernschreiber und Magnetbandaustausch angeschlossen sind) haben Verfassungsschutzauswerter im Bundesamt und in den Landesämtern allein 2,5 Millionen mal maschinell die Verfassungstreue von Staatsdienstbewerbern abgecheckt und in einer unbekannten Zahl von Fällen Sicherheitsüberprüfungen vorgenommen. Die Beamten lesen die Personaldaten von einer blauen, gelben oder weißen Anfrage-Karte ab, tippen sie in die Terminal-Tastatur, kontrollieren die Eingabe auf Fehler und setzen die Anfrage durch Knopfdruck ab. In Sekundenschnelle erscheint die Antwort auf der Mattscheibe"
"8","0.7767258584499359","Unerwünschte Helfer","1970-05-24","https://www.spiegel.de/kultur/unerwuenschte-helfer-a-234c613e-0002-0001-0000-000044906312?context=issue","Mit Befremden lauschten die versammelten Mediziner den Vortragsrednern auf dem Podium -- unversehens, so schien es, hatte sich der Ärzte-Kongreß in eine Techniker-Tagung verwandelt. Ungewohntes Fachvokabular irritierte die Mediziner am Freitag letzter Woche auf dem »19. Deutschen Kongreß für ärztliche Fortbildung« In Berlin: Die Vorträge handelten von »Digitalrechnern« und »On-line-Computern«, von »Systemanalysen« und »Datenverarbeitungsprozessen«. Im Vortragssaal am Berliner Funkturm empfingen die Ärzte, Praktiker und Spezialisten aller Fachrichtungen, Kunde vom Anbruch eines neuen Medizin-Zeitalters -- elektronische Roboter, so lautete die Botschaft, können in Zukunft einen großen Teil der ärztlichen Arbeit übernehmen. Längst, so erläuterten Elektronik-Fachleute vor der Ärzte-Versammlung, seien Computer in der Lage, eine Vielzahl medizinischer Aufgaben zu bewältigen -- schneller und gründlicher, als der fähigste Facharzt es vermag: Die Elektronenrechner analysieren Herzstromkurven und Röntgenbilder, Zellabstriche und Blutproben; sie erarbeiten Statistiken, stellen Diagnosen und fertigen Diät- und Therapievorschläge an. In Kliniken, Labors und sogar in Arztpraxen drucken die Rechenautomaten Analysen und Befunde aus der Siegeszug der medizinischen Roboter scheint unaufhaltsam: Bis 1975 wollen allein die US-Krankenhäuser etwa 25 Milliarden Dollar für Computer-Anlagen ausgeben. Mit Unbehagen beobachten gleichwohl viele Ärzte die fortschreitende Automation in ihrer Kunst, Unter dem Einfluß der Rechenroboter, so klagte 1968 der Tübinger Internist Professor Hans-Erhard Bock, müsse aus der Humanmedizin »ein bald entarteter, diagnostisch-therapeutischer Selbstbedienungsladen« werden. Freilich, die elektronische Revolution in ihrem Beruf haben die Ärzte zum Teil selbst verursacht. Sie haben das medizinische Wissen in den letzten 15 Jahren vervierfacht; rund 14 000 medizinische Fachblätter in aller Welt veröffentlichen jährlich etwa eine Million Forscherarbeiten -- kein menschliches Gehirn vermag solche Wissensfülle zu fassen. Mit wachsendem Erfolg haben sich Mediziner und Kybernetiker in den letzten Jahren bemüht, die Arzt-Roboler zu perfektionieren: Als 1968 auf einem Kongreß in Lima sechs hochqualifizierte Herzspezialisten zum Diagnose-Wettstreit gegen einen Computer antraten, trugen die Ärzte zwar noch einen knappen Sieg davon ihre Diagnose war detaillierter. Doch der Computer hatte, wenn auch lakonisch, gleichfalls den richtigen Befund erarbeitet. Dennoch verfügen die Mediziner bislang noch nicht über einen ärztlichen Ideal-Computer; der elektronische Superarzt müßte die Daten von 40 000 derzeit bekannten Krankheiten vollzählig Präsent halten. Er würde auf Wunsch die Symptome eines Patienten mit allen Krankheitsbildern vergleichen und so mit absoluter Sicherheit die Diagnose steilen können"
"9","0.7762175500392914","Briefe","1978-05-14","https://www.spiegel.de/politik/kreativ-und-mitmenschlich-a-65bea2ed-0002-0001-0000-000040615407?context=issue","(Nr. 16/1978, SPIEGEL-Titel »Die Computer-Revolution"") Der Arbeiter in dem Titelphoto dreht dem Ungeheuer von Computer resigniert, die Arme schlapp herunterhängend, den Rücken zu und demonstriert so die Ohnmacht des Menschen. Schon die Hippies rebellierten gegen das Regiment einer von der Maschine determinierten Gesellschaft. Ihre sanfte Rebellion konnte leicht »weggefegt« werden. Der derzeitige Aufstand der jüngeren Generation gegen den »faustischen Handel« weist verzweifelte Züge auf. Hamburg VERONIKA GRUDINSKI Diese Entwicklung nur ein paar Schritte weiter gedacht, müßte es doch ein leichtes sein, Mensch-Maschinen zu bauen, welche die von den Arbeits-Robotern produzierten Güter verbrauchen. Boos (Rhld.-pf.) ERHARD HÖHN Die Maschinenstürmer waren und sind schlecht beraten. Nicht die Automation ist schlecht, sondern das soziale System. Lüchow (Nieders.) CHUBANSHE OUYA Zum Thema »Computer-Revolution« hat der Vater der Kybernetik, Norbert Wiener, schon 1947 (!) hellsichtig geurteilt: Stellt man sich ... diese zweite industrielle Revolution als abgeschlossen vor, so wird das durchschnittliche oder noch geringere menschliche Wesen nichts zu »verkaufen haben, was für irgend jemanden das Geld wert wäre. Die Antwort ist natürlich, daß wir eine Gesellschaft brauchen, die auf menschliche Werte gegründet ist und nicht auf Kaufen und Verkaufen. Düsseldorf VOLKER SCHWEISFURTH 1,2 Millionen Arbeitsplätze seien von 1970-77 wegrationalisiert worden. Das ist eine grobe Irreführung. Die Hauptursache ist konjunktureller Art. Die Mikroelektronik wird uns von Routinearbeiten befreien und höher qualifizierte Arbeitsplätze schaffen -- entsprechend dem ohnehin schon hohen Lohnniveau in unserem Lande, das nur dadurch auch in Zukunft zu halten sein wird. Die neuen Technologien werden eine Umstrukturierung unserer Arbeitsplätze zur Folge haben, aber keineswegs in dem negativen Sinn, wie von Ihnen beschrieben. München DR. RER. NAT. ERNST HOFMEISTER Wenn wir mit Minicomputern mehr und mehr vollautomatische Fabriken schaffen (Beispiel wenn eine Fabrik mit einem Dutzend Arbeitern den gesamten europäischen Bedarf an Glühbirnen produzieren kann), Auto- und Stahlproduktion ohne eine relevante Zahl von Arbeitnehmern auskommen, dann wird auch der überzeugte Anhänger einer Marktwirtschaft zu dem Ergebnis kommen müssen, daß man diese Produktion nicht mehr der Privatwirtschaft überlassen kann. Rationalisiert man also in die Sozialisierung hinein, wenn man sich keine Selbstbeschränkung auferlegt? Stuttgart PROFESSOR HANS TAXIS Die Chance liegt in der kreativen und mitmenschlich orientierten Dienstleistung, die unsere Gesellschaft wohl sehr nötig hat. Diese wird die Elektronik nie ersetzen können. Ob allerdings diese kreative und mitmenschlich orientierte Dienstleistung wirtschaftlich organisiert oder im privaten Bereich (sprich durch geeignete Arbeitszeitverkürzung) geschaffen wird, ist die Frage. Karlsruhe (Bad-Württ.) DR. H"
"10","0.7758223414421082","Kluge Zwerge","1975-06-01","https://www.spiegel.de/politik/kluge-zwerge-a-1a290afb-0002-0001-0000-000041483830?context=issue",". Ein unabhängig von den Sowjets entwickelter DDR-Typ der Mittelklasse. der 1967 die Leipziger Frühjahrsmesse krönen sollte, ging rasch wieder zurück ins Radeberger Entwicklungsbüro: Er rechnete gar nicht. Eine Wurstverkäuferin im westlichen Supermarkt kann heute schon ohne Mühe den Preis einer Ware mit Computerwaagen berechnen; in Rußland aber bedienen sich flinke Verkäuferinnen immer noch hölzerner Kugeln auf einem Rechenbrett zum selben Zweck, und selbst das Resultat gewöhnlicher Registrierkassen wird in der Wissenschaftlerstadt Akademgorodok per Hand noch einmal nachgerechnet. Anfang der siebziger Jahre arbeiteten 75 000 Computeranlagen in den USA, 6000 (unterlegene) in der Sowjet-Union; mit rund 7500 Anlagen besaß die Bundesrepublik allein mehr Computer als der ganze Ostblock zusammen. Die Polen hatten nur 200 und boten im Austausch für westliche Computer lebende Schafe an. Andrzej Targowski vom polnischen Nationalen Datenbüro warnte 1973 vor der »unerwartet schnellen Entwicklung im Westen«. Schon die Zahl der Ladenhüter und unverkäuflichen Warenhalden in den sozialistischen Ländern habe etwas mit der geringen Zahl der Ost-Computer zu tun. Targowski: »Wir schenken dem Einfluß, den 130 000 Computer auf die kapitalistische Wirtschaft ausüben. zu wenig Beachtung.« Zwar gibt Polen heute jährlich zehn Milliarden Zloty für die Computertechnik aus; mit EDV wird in Posen eine mathematische Linguistik entwickelt und in Breslau die Reinhaltung von Flüssen geplant. Doch ein Computer errechnete, Polen brauche im Jahr 2000 mindestens 40 000 Computer. Er rechnete weiter: Voraussichtlich werden dann nur 10 000 vorhanden sein. Während die UdSSR hochwertige amerikanische Technologie, darunter Control-Data-Computer für die Atomforschung, mit Hilfe von Ölgeldern einkaufen kann, bleibt den Polen nur, wenigstens bei Minirechnern gleichzuziehen: Die Einfuhrzölle für Minirechner, in der DDR verdoppelt, wurden um zwei Drittel herabgesetzt."
"11","0.7758108675479889","S 22/menge 1","1971-05-16","https://www.spiegel.de/politik/s-22-menge-1-a-95952d4d-0002-0001-0000-000043231079?context=issue",". Weitaus am meisten Zulauf hatten die Apparate, mit denen der internationale Goliath IBM und der nationale Computer-David, die Nixdorf AG, ratternd die Zukunft des deutschen Bildungswesens markierten. Angesichts der Schulgegenwart mochte die Ausstellung manchem Besucher wie ein Stück Utopie scheinen: In vielen Schulen können derzeit nicht einmal Lichtbilder vorgeführt werden, weil sich die Klassenräume mangels Vorhängen nicht verdunkeln lassen. Den Aachener Professor Johannes Zielinski« einen der namhaftesten Computer-Anhänger unter den Pädagogen, stimmte es deshalb schon hoffnungsvoll, »daß bei Schulneubauten -- auch in kleineren Ortschaften -- mindestens an die Installation von Sprachlehranlagen und an die Verkabelung für Fernsehanschlüsse gedacht wird«. Die Experten warteten in Dortmund den ihnen seit längerem vertrauten Einwand, Computer seien für Schulen zu teuer, gar nicht erst ab. Die IBM Einladung an die Presse begann fast mit einem Vorwurf: »Muß man unbedingt in jede Schule einen Computer stellen. wie es jüngst wieder zu lesen war?« Doch auch der »bessere und billigere Weg«, den die Computer-Firma vorschlägt. läßt sich nur in Stufen verwirklichen: die Schulen per »Datenfernverarbeitung« -- so der Branchen-Terminus -- an Großrechner anzukoppeln. Der erste, noch relativ preiswerte Schritt ist hier und da schon getan; So hat Bayern unlängst in 40 Gymnasien das Wahlfach »Informatik« im Rahmen des Mathematik-Unterrichts eingeführt. Dort werden schon heute Schüler mit den Grundbegriffen der Kybernetik und mit den mathematisch-physikalischen Grundlagen der Computerwissenschaften vertraut gemacht. Im Vordergrund stehen Übungen an Rechenanlagen. Dabei lernen die Schüler. dem Computer einfache Programmierbefehle wie »read« dies), »write« (schreib) und »if ... then« (wenn ... dann) zu geben. Die Kurse in einer solchen leicht erlernbaren »höheren Programmiersprache« lassen sieh bei relativ niedrigen Kosten realisieren, wenn sich die Schulen eines Ortes mit jeweils einer Datenstation (Monatsmiete rund 500 Mark) an ihr kommunales Rechenzentrum anschließen. Zugleich können sich an diesen Datenstationen auch Lehrer in einer Autorensprache üben und beispielsweise Nachhilfekurse für schwächere Schüler programmieren. Fortschrittliche Pädagogen freilich wollen mehr. Sie halten es für ideal. wenn jeder Schüler eines Gymnasiums täglich eine halbe Stunde an einer Datenstation lernt. Diese Schule müßte dann allerdings monatlich 16 000 Mark aufwenden: Soviel etwa kostet die Miete von 30 Datenstationen. die für 600 Schüler erforderlich wären. Daß diese Summen den Kultus-Bürokraten derzeit noch astronomisch vorkommen, beunruhigt die Computer-Hersteller nicht sonderlich. Sie wissen, daß die Zeit für sie arbeitet: Ständig wachsende Schülerzahlen, sich ständig komplizierende Unterrichtsstoffe und eine schon jetzt überforderte Lehrerschaft lassen dem Staat auf weite Sicht nur die Alternative"
"12","0.7756512761116028","100445301111- das Schlimmste von King Kong?","1973-11-25","https://www.spiegel.de/politik/100445301111-das-schlimmste-von-king-kong-a-81a423da-0002-0001-0000-000041840249?context=issue",". Schon heute gilt auch für die Bundesrepublik, was Univac-Vizepräsident J. Presper Eckert 1970 für die USA konstatierte: »Wir hätten bereits jetzt genug Rechen- und Speicher-Kapazität, um die Privatsphäre jedes Mitbürgers vollständig zu durchdringen« In einer Untersuchung über »Datenbanken und Persönlichkeitsrecht""** kam auch der Bonner Jurist Dr. Ulrich Seidel, Lehrbeauftragter für EDV-Recht, zu dem Ergebnis: »Die befürchtete »Untertanen-Kartei«, die Auskünfte über Vorstrafen, Gesundheitszustand, Bildungsgrad, private Verhältnisse, Beteiligung an Demonstrationen und Geheimdienstbeurteilungen gibt, ist zum * Auf einem vom Deutschen Gemeindetag vorgelegten Entwurf eines neuen Personalausweises (Originalgröße). ** Ulrich Seidel: »Datenbanken und Persönlichkeitsrecht«, Verlag Dr. Otto Schmidt, Köln; 202 Seiten: 42 Mark. erstenmal in der Geschichte der Menschen technisch möglich geworden.« Staatliche Computer -- beim Postzeitungsdienst und in den öffentlichen Bibliotheken -- könnten schon heute darüber Auskunft geben, wer welche Zeitungen und Bücher bevorzugt. In kommunalen Karteien und Dateien wird zuweilen vermerkt, wer zur Bundestagswahl die örtliche Kandidatenliste der DKP oder NPD unterschrieb (so geschehen in Oldenburg) und wer sich davor drückt, sein Wahlrecht auszuüben (so geschehen in Köln). Computerbekannt wie die Weltanschauung von Millionen Bundesbürgern sind Details aus ihrer Arbeitswelt und ihrer Freizeit: Wo sie ihren Urlaub verbracht »haben, wieviel Miete sie zahlen, ob sie oft oder selten den Arbeitsplatz wechseln, ob sie ihren Teilzahlungsverpflichtungen regelmäßig nachkommen, ob sie an Krebs leiden, welche Schallplatten sie lieben, ob sie Alimente zahlen müssen, wieviel Kubikmeter Wasser sie pro Monat verbrauchen, ob sie eine Mischehe führen, welche Farbe ihre Augen haben, welchen Wagentyp sie bevorzugen und ob sie eine arabische Großmutter haben -- es ist gespeichert in den EDV-Anlagen von Reiseunternehmen -- Kreditinstituten, Arbeitsbehörden, Versandhäusern, Universitätskliniken, Schallplattenringen, Banken, Stadtwerken, Rathäusern, Eheanbahnungsfirmen, im Flensburger Kraftfahrt-Bundesamt und im Kölner Ausländerzentralregister. Außer Zweifel steht, daß nach einem totalitären Umsturz, wie CDU-MdB Otto Schmidt schon 1968 warnte, die »neuen Machthaber« sich diesen Umstand leicht zunutze machen könnten. Ein Diktator brauchte, so Schmidt, »nur auf einen Knopf zu drücken, um den einzelnen Bürger mittels Computer durchsichtig zu machen«. Doch immer häufiger taucht neuerdings unter Computer-Kennern der Verdacht auf, daß eine Dossier-Diktatur auch ganz undramatisch errichtet werden könnte. »Ohne daß auch nur im geringsten die Verwaltung oder einer ihrer Beamten entfernt totalitäre Absichten hätte«, meint der Regensburger Informatik-Professor Wilhelm Steinmüller in einem Rechtsgutachten für das Bundesinnenministerium. könnten sich in einer hochcomputerisierten Demokratie Effekte einstellen"
"13","0.7751642465591431","100445301111- das Schlimmste von King Kong?","1973-11-25","https://www.spiegel.de/politik/100445301111-das-schlimmste-von-king-kong-a-81a423da-0002-0001-0000-000041840249?context=issue",". Zum Großen Bruder könnten sich mithin die Landes-Datensysteme auswachsen, die derzeit mit Millionenaufwand in den westdeutschen Provinzen installiert werden -- wie etwa in Bayern, wo nach Angaben der CSU-Regierung eine Zentrale entstehen soll, »über die auf sämtliche im Netz der Datenverarbeitungsanlagen der öffentlichen Verwaltung Bayerns gespeicherten Daten entweder unmittelbar oder mittelbar zugegriffen werden kann«; Datenschützern wie dem Heidelberger Rechtswissenschaftler Adalbert Podlech erscheinen Teile der bayrischen EDV-Pläne als »verfassungsrechtlich unzulässig«. Und schon drängen Bonner Bundesbürokraten gar darauf, alles vorhandene Computer-Wissen von Staat und Wirtschaft in einem einzigen Datenbanksystem anzusammeln: Eine 15köpfige Arbeitsgruppe von Regierungsbeamten hat detaillierte »Vorschläge für die Planung und den Aufbau eines allgemeinen arbeitsteiligen Informationsbankensystems« vorgelegt. Auf 1116 Seiten gibt das dreibändige Werk darüber Auskunft, wie die Zellen dieses gigantischen Nationalhirns, das praktisch alles Wissen über Gott und die Welt aufnehmen soll, gegliedert sein könnten. Nur mit der Theologie hatten die Regierungsgutachter Schwierigkeiten: Im zweiten Band, Seite 210, erwägen sie, »Gott« unter »Absolutes« abzulegen -- jedoch: »Gibt es ein solches nicht, dann fällt dieser ganze Bereich (zu dem in früheren Zeiten etwa auch die Engel, auch die Gestirne gehörten) weg.« Es scheint nur noch eine Frage der Zeit, daß viele der Informationen zentral abgerufen werden können, die bereits heute in den einzelnen Datensammlungen gespeichert sind. Allein in Hessens Ämtern, ergab eine Umfrage für den Wiesbadener Landtag, liegen über jeden Bürger »rund 300 verschiedene Einzelangaben« vor. »Mit fortschreitendem Alter«, weiß der Kölner Soziologie-Professor Erwin Kurt Scheuch, »hinterläßt der Mensch eine immer breiter werdende Papierspur, die vom Computer gelesen und ausgewertet werden kann.« Schon was in den ersten Sekunden eines Menschenlebens geschieht, halten EDV-Anlagen fest: Ob Frühgeburt oder Steißgeburt -- die Computer der Kassenärztlichen Vereinigungen konservieren es ein Menschenleben lang. Schulen archivieren die Ergebnisse frühkindlicher Intelligenztests und alle Zeugnisnoten. Bremen beginnt, seine Schülerdaten elektronisch zu speichern; andere Bundesländer werden folgen. An Berufsschülern werden Psycho-Tests vorgenommen, deren Fragen tief in die Privatsphäre reichen -- Beispiel: »Ich denke zuviel über geschlechtliche Dinge nach.« Mit dem Beginn des Berufslebens wächst das Computer-Wissen rapide an: Finanzamt, Sozialversicherung, Krankenkasse"
"14","0.7701956033706665","Briefe","1964-04-21","https://www.spiegel.de/politik/neue-welt-a-d69f650d-0002-0001-0000-000046174440?context=issue","Ihr Automationsbericht sollte die vielen »Eierköpfe« in Westeuropa nicht nur zum Nachdenken, sondern auch zum Handeln bringen. Ulrum (Holland) D.H. WESTERHUIS Es ist an der Zeit, einmal darüber nachzudenken, wie wir aus der Sackgasse unseres »Fortschritts« herauskommen. Hamburg W. LATTEMANN Endlich ein Thema, das sich mit der Zukunft beschäftigt. In dem Artikel werden einige wunde Stellen unserer »Wohlstandsgesellschaft« aufgezeigt. Wer die Zukunft meistern will, muß die gesellschaftspolitische Gegenwart begreifen. Leider ist der Entpolitisierungsgrad schon so weit, daß ein Denken aus der Gegenwart in die Zukunft kaum vorhanden ist. Hannover FRED HABICHT Die endlose Aufführung der Automationsmöglichkeiten in allen möglichen Gebieten ist zwar interessant, aber von entscheidender Bedeutung sind die Folgerungen, die zu ziehen sind. Das kann und darf man nicht mit ein paar veralbernden Bemerkungen abtun. Es liegt ebenso im Interesse der Arbeitgeber wie der Arbeitnehmer, daß der nunmehr automatisch erzeugten Produktion die gleiche Konsumkraft gegenübersteht. Automaten kaufen weder Volkswagen noch Kekse, sie produzieren nur. Man wird den Grundgedanken jeder Technisierung voranstellen müssen: Erleichterung des menschlichen Lebens: Wir brauchen also eine grundlegende neue Sozialordnung, die imstande ist, die Automation zu verkraften. Braunschweig PAUL ROHS Die Phase der »Revolution der Maschine«, in der wir uns heute befinden, hat eine Geschichte, und wenn man Automation mit »Kontrolle von Maschinen durch Maschinen« übersetzt, so begann die heutige Malaise und damit auch das Wehgeschrei der Warner wohl mit dem Kugelregler, den James Watt mit seiner Dampfmaschine koppelte, womit er den Urvater der heutigen Automationsgeschädigten von seinem Hebel trieb. Wenn Sie nach eineinhalb Jahrhunderten Automation (in welcher Zeit schon seit langem die Familie so vollkommener Automaten wie der Flaschenblasmaschine und des Zündholzherstellers Millionen Mitmenschen von primitivster Arbeit befreite) im Jahre 1994 Ihrer Leserschaft nur ein Titelbild anbieten können, das Maschinenstürmer-Ressentiment, unreflektiertester Sorte propagiert, so verrät das nur, daß Ihr Titelgraphiker die Hauptprobleme der Automation nicht einmal ahnt. Hamburg FRITZ SCHNEIDER Der Fortschritt ist ewig. Kein Mensch kann ihn stoppen. Aber um Aufgaben, die uns im Strom des Fortschritts erwachsen, müssen wir besorgt sein, weil wir dafür in hohem Grade mitverantwortlich sind. Blinde Ausweitung der Automation müßte zu schweren Krisen und Katastrophen führen. Ein zügelschwaches oder gar zügelloses Spiel von sogenannten freien Kräften muß daher unterbleiben. Ulm (Donau) GEORG BLUM Während Sie in Ihrer Titelgeschichte ein trübes Bild über die Zukunftsaussichten durch die Automation zeichnen, verniedlicht ihr Herr Simoneit diese Gefahren in seinem Gespräch mit Herrn Friedrichs von der IG Metall"
"15","0.7701700925827026","Aufstieg zu Cobol","1970-02-08","https://www.spiegel.de/politik/aufstieg-zu-cobol-a-1c4fffa9-0002-0001-0000-000045202646?context=issue","Die moderne Technik, so schätzt der DGB in einer Untersuchung, zerstört oder verändert in der Bundesrepublik jährlich etwa 1,5 Millionen Arbeitsplätze. Seit 1959 wuchs die Zahl der elektronischen Rechenanlagen in Westdeutschland von 95 auf mehr als 6000, doch die Spezialisten an den Tasten, Bändern und Konsolen übten bislang keinen anerkannten Beruf aus. Um dies zu ändern, hat das Berufsfortbildungswerk des DGB am Freitag vorletzter Woche der seit 1961 bestehenden Bundesfachschule für maschinelle Datenverarbeitung ein neues Institut angegliedert: Es soll Absolventen nach drei Semestern zum Fachschulkaufmann für elektronische Datenverarbeitung (EDV) mit staatlicher Abschlußprüfung führen und sie fit machen für Entscheidungen im mittleren Management. Für den neuen Beruf ist die Düsseldorfer Schule die erste und bisher einzige Ausbildungsstätte in der Bundesrepublik. Den täglich in Zeitungsannoncen gesuchten »Systemprogrammierern« oder »Konsoloperatoren« fehlt es bis heute an den eindeutigen Kriterien, die einen anerkannten Lehrberuf von bloßer Tätigkeit unterscheiden: die Genehmigung des Bundeswirtschaftsministeriums, die ein einheitliches Berufsbild sowie gleichartige Ausbildungspläne, Eignungs- und Prüfungsanforderungen voraussetzt. So sind Glaskurzwarenfeinschleifer und Metallbrillenmacher nach dem Gesetz Lehrberufe, nicht hingegen die Gehilfen der Elektronen-Gehirne. Denn bisher bildeten Computer-Fabrikanten wie IBM, Univac oder Siemens die Fachleute ohne für alle Aspiranten verbindliche Lehr- und Lernmodelle jeweils nur an ihren Maschinen aus. Die Absolventen »waren bisher Gefangene der Monopole«, so Reinhold Stroh, Leiter der DGB-Fachschule für elektronische Datenverarbeitung, und konnten das Gelernte meist nur in Firmen verwenden, die Geräte der ausbildenden Konzerne einsetzten. Lediglich der »Tabellierer« wurde als Anlernberuf anerkannt, Er kann Sortier- und Tabelliergeräte für Lochkarten bedienen und die einzelnen Schaltungen ausführen. Doch bereits im September letzten Jahres teilte die »Aktion Bildungsinformation e. V.« mit: »Der Beruf des Tabellierers ist nicht mehr aufgeführt, da in Zukunft für diesen Beruf kaum noch Bedarf besteht.« Mit dem Übergang von der mechanischen zur elektronischen Datenverarbeitung haben die Automaten den vor wenigen Jahren noch gesuchten Tabellierer so gut wie überflüssig gemacht. Heute bedrohen fortentwickelte Computer-Generationen bereits den Codierer, der die Elektronen-Maschinen mit Befehlen füttert. Denn mit dem Computer vermieten die Herstellerfirmen jetzt fertige Problem-Lösungen aus ihren Programm-Bibliotheken. Die Tatsache, daß die schnurrenden Schränke nicht allein die Arbeiter an herkömmlichen Maschinen, sondern sogar ihre eigenen Diener fressen. alarmierte die Düsseldorfer EDV-Lehrer. Bereits 1966 warnte die »Stühlinger Gruppe«, eine Arbeitsgemeinschaft von Ausbildungs-Spezialisten: »Der geistige Inhalt der elektronischen Datenverarbeitung wurde nicht begriffen"
"16","0.7698236405849457","Briefe","1965-06-22","https://www.spiegel.de/politik/denkmaschinen-a-e55398e4-0002-0001-0000-000046273029?context=issue","Ihre Titelgeschichte »Elektronen -Roboter« findet meine Zustimmung, weil Sie die Planungsmethoden des Operational Research und die elektronische Datenverarbeitung mit ihren Vorteilen, aber auch mit einem klaren Blick für ihre Schwächen behandelt haben. Etwas ausführlicher hätten Sie dabei auf die Umstände bei der Beschaffung von Daten eingehen können, weil heutzutage diese Schwierigkeiten gegenüber der eigentlichen Analyse der Probleme und der Bildung der mathematischen Modelle wesentlich größer eingeschätzt werden als früher. Die von Ihnen erwähnte Beobachtung und Auswertung historischer Daten ist sowohl durch die Speicherungsmöglichkeit als auch durch die hohen Kosten begrenzt, und die Verwendung von Wahrscheinlichkeitsverteilungen sowie von Prognosekalkülen erfordert langjährige Erfahrungen, die oft nicht einmal selbst, sondern nur durch den Austausch mit Spezialisten der gleichen Branche gewonnen werden können. Berlin DR.-ING. U. H. WITTENBERG Es ist zu hoffen, daß dieser Aufsatz in weitesten Kreisen der Wirtschaft gelesen wird. Man übertreibt nicht, wenn man behauptet, daß elektronische Datenverarbeitungsanlagen heute zum Teil noch nach organisatorischen Methoden eingesetzt werden, die allenfalls noch für die Verwaltungsarbeit mit Papier und Bleistift Geltung hatten. Das gilt nicht für den Bereich, in dem die Rechenleistung der Anlagen im Vordergrund steht - Ihre Schilderung des Einsatzes bei der Hamburger Esso AG zeigt das sehr deutlich. Noch längst nicht ausgeschöpft sind hingegen andere wesentliche Fähigkeiten der elektronischen Anlagen - und im Verwaltungsbereich sind sie fast noch bedeutender als die Rechengeschwindigkeit: Die Anlagen können Auswahlen treffen. Sie können zum Beispiel in ihren Speichern Einzelposten verarbeiten, aber sie müssen nicht jeden einzelnen Posten drucken, wenn die Verwaltung nur an Summen oder Durchschnitten interessiert ist. Wichtiger noch: Sie können dazu veranlaßt werden, bei der Verarbeitung von Produktionszahlen, Kostensätzen je Produktionseinheit, je Kostenstelle und dergleichen nur diejenigen zu drucken, deren Höhe gegebene Toleranzen über- oder unterschreitet. Von dieser Möglichkeit wird noch viel zuwenig Gebrauch gemacht. Es gibt mehrere Gründe dafür. Einer liegt im technischen Fortschritt selbst: Es sind bereits Drucker im Einsatz, die zwischen 60 000 und 90 000 Zeilen in der Stunde schaffen. Die Benutzer der Anlagen sind davon begeistert, daß das, was früher von der Lochkartenanlage gedruckt wurde, von der elektronischen Anlage nun in einem Bruchteil der Zeit hervorgebracht wird, ohne sich zu vergegenwärtigen, daß sie in Wirklichkeit einen Teil des Gedruckten nicht mehr brauchen. Der Sieg der Mikrosekunde ist errungen. Was noch aussteht ist der Sieg über organisatorische Ungereimtheiten mit Hilfe der Elektronik! Metzkausen (Nordrh.-Westf.) DR. HANS EDUARD LITTMANN Ich habe Ihren Artikel »Sieg über Mikrosekunde« aufmerksam gelesen und noch einmal gelesen"
"17","0.7692486643791199","Das neue Verbrechen: Computer-Kriminalität","1979-01-21","https://www.spiegel.de/politik/das-neue-verbrechen-computer-kriminalitaet-a-c948a0d9-0002-0001-0000-000040351114?context=issue","In North Carolina, USA, übermannte dieses Gefühl einen Programmierer, und er zog seine Pistole und feuerte auf das Ding, bis ihm leichter war. Er hatte seinen Computer erschossen. Unerklärlich erschien vor einem Gericht im britischen Cambridge, warum ein Buchhalter sich zwar über die Datenanlage Lohnschecks hatte ausstellen lassen, die ihm nicht zustanden -- aber mit lächerlich geringen Summen. Der Anwalt erläuterte: Sein Mann habe ja nur den verdammten Computer hereinlegen wollen, diese »entsetzlich unpersönliche Maschine«. In Hamburg, in einem Illustrierten-Konzern, schmetterte ein Datenfachmann Bierflaschen in sein Arbeitsgerät. Der Computer mußte trockengelegt werden. Wohl weil immer wieder mal gefeuert, ausgetrickst oder mit harten Sachen geworfen wird, empfiehlt die deutsche IBM-Zentrale ihren Kunden, Leute mit »schweren Metallgegenständen« oder »mit Schußwaffen« erst gar nicht in die Nähe des Computers zu lassen. Schon unheimlich: Eine Art eiskalter Zauber geht offenbar aus von diesen grauen oder blauen Kästen, von denen in der Bundesrepublik bereits über 150 000 herumstehen, und Befreiungsakte mit grobem Gerät, aber auch subtile Sabotage über den Druckknopf, die den Moloch außer Gefecht setzt oder zu Unfug anstiftet, sind keine Rarität. Doch solche Rebellion gegen die Roboter macht nur einen winzigen, wenn auch faszinierenden Teil einer abseitigen Entwicklung der Elektronischen Datenverarbeitung (EDV) aus: die Computerkriminalität. Für Staatsanwälte und Bankiers, für Kriminalisten und Behördenleiter ist diese Verbrechensform, die vor Jahren noch nahezu unbekannt war in Westdeutschland, inzwischen Gewohnheit. Längst geht es dabei um Millionenbeträge, und in der Natur der Sache liegt es, daß nach Meinung der Fachleute die Dunkelziffer so hoch liegt wie in keiner kriminellen Sparte sonst, daß die größten Gaunerstücke erst gar nicht bekanntwerden. Computermanipulation wie Datensabotage beschäftigen zunehmend die Gerichte der Bundesrepublik -- nächst den USA an zweiter Stelle unter den computerisierten Nationen. Da kassieren Kinderlose jahrelang Kindergeld für die Großmutter, weisen sich Arbeitsamtsangestellte Arbeitslosenunterstützung an. Da wird Mitarbeitern in Großbetrieben, wenn sie nur passend programmieren, das Gehalt gleich doppelt und dreifach ausbezahlt, werden Vorschüsse in sechsstelliger Höhe angewiesen und nie wieder einbehalten, werden dicke Aufträge berechnet, die gar nicht ausgeführt wurden. Und es ist -- wie bisher bei allen kriminellen Neuheiten der letzten Jahrzehnte -- nur eine Frage der Zeit, daß die amerikanische Variante des EDV-Verbrechens nach Bundesdeutschland überspringt: organisierte Computerkriminalität. Seltsam nur, niemand spricht gern darüber"
"18","0.7686865031719208","Für intellektuelle Arbeit","1952-06-17","https://www.spiegel.de/wissenschaft/fuer-intellektuelle-arbeit-a-01dd929b-0002-0001-0000-000021977193?context=issue","Als der Bundespräsident im letzten November die Max-Planck-Institute in Göttingen besichtigte, durfte er als erster Besucher in das bis dahin vor fremden Blicken gehütete Zimmer emporsteigen, in dem die »geheimnisvollen« Apparate G 1 und G 2 gebaut wurden. Am 4. Juni mußte G 1 sein Examen ablegen, und zwei Tage später erzählte Dr. Heinz Billing auf der Braunschweiger Mathematikertagung den Fachleuten, wie die Geräte arbeiten. G (= Göttingen) 1 und G 2 sind die beiden ersten elektronischen Rechenmaschinen in Deutschland, durch ihre Vorgänger in den USA unter dem Namen »Elektronengehirne« bekannt. Die Anregung zum Bau entnahm Dr. Heinz Billing einer deutschen Tageszeitung, die 1946 über ENIAC, eine der ersten »denkenden« Maschinen, berichtete. ENIAC hatte in den letzten Kriegsjahren mit seinen 18 000 Elektronenröhren u. a. die mathematischen Berechnungen für die Atombomben von Hiroshima und Nagasaki ausgeführt. Obwohl der Apparat etwa für die Hälfte der Arbeitszeit ausfiel, weil ständig Reparaturen nötig waren, ersetzte ENIAC die Kopfarbeit von über hundert Mathematikern. Mit dem Robotgehirn ENIAC begann ein neues Zeitalter der Technik, die Aera der Maschinen, die intellektuelle Arbeit verrichten können (SPIEGEL 28/50). Alle Geräte dieser Art, die seither gebaut wurden, haben ● ein schnelles Rechenwerk, dessen Relais oder Elektronenröhren ähnlich zu arbeiten scheinen wie die Nervenzellen im menschlichen Gehirn, ● einen Zahlenspeicher, eine Art »Gedächtnis«, und ● ein Kommando-Organ, das die vorgeschriebenen Arbeiten selbsttätig steuert. Der Vorzug der elektronischen Rechenautomaten gegenüber den schon vorher bekannten Relaismaschinen*) war augenfällig. Mark I, eine amerikanische Relaismaschine vom Baujahr 1944, brauchte für eine Multiplikation 6 Sekunden, die später hergestellte ENIAC mit dem elektronischen Rechenwerk (Baujahr 1945) nur noch 0,006 Sekunden. Erst kürzlich half ein Roboter-Gehirn den Physikern der amerikanischen Universität Princeton, als es galt, ein mathematisches Problem der Uranspaltung zu lösen. Die Bewältigung der Aufgabe hätte normalerweise drei Generationen gedauert: 100 Jahre lang täglich 8 Stunden Rechenarbeit. Die Art der Aufgabe machte es auch unmöglich, die Arbeit etwa durch 100 Mathematiker auf 1 Jahr zu reduzieren, da man nicht nebeneinander, sondern nur nacheinander rechnen konnte. Das Elektronengehirn errechnete das Ergebnis in 103 Stunden. Der amerikanischen Forschung stehen heute schon »Denk-Monster« zur Verfügung, die in einer einzigen Stunde eine Million Multiplikationen schaffen. Es gibt Apparate, die in 1/1000 Sekunde zwei zehnstellige Zahlen multiplizieren. Schon einige Wochen vor Kriegsende hatte der deutsche Ingenieur Konrad Zuse in Göttingen seine Z 4 vorgeführt, eine Relaismaschine, die in der Arbeitsweise dem amerikanischen Mark I vergleichbar war. Aber erst jetzt, sieben Jahre später, können die deutschen Forscher mit der ersten elektronischen Maschine aufwarten"
"19","0.7686275839805603","Futter mit System","1969-09-28","https://www.spiegel.de/politik/futter-mit-system-a-6fa1d6ef-0002-0001-0000-000045547686?context=issue",". Ohne Umwege soll sich das Innenministerium beispielsweise Daten über die Bußgeldforderungen in Kassel und die Kasseler Stadtverwaltung Bußgeld-Vergleichszahlen aus anderen Städten vom Computer vorlegen lassen können. Außer »besserem und schnellerem Service« erhofft sich Osswald durch die kostenlose Computer-Hilfe »vor allem eine Stärkung der politischen Eigenständigkeit der Gemeinden«, gleichzeitig aber auch »eine Reform der Verwaltungsfunktionen«. Denn bäuerliche Zwergort-Bürgermeister, die zwischen Melken und Füttern ihr Dorf regieren, sind kaum in der Lage, die Wiesbadener Landes-Computer in Anspruch zu nehmen. Daher wird, so kalkuliert Osswald, das EDV-Angebot helfen, kommunalen Starrsinn zu brechen, und Zusammenschlüsse von Kleinstgemeinden zu rationellen Verwaltungseinheiten erleichtern. Wie in Hessen gibt es auch in anderen Bundesländern Computer-Pläne: Baden-Württembergs Landesregierung entwirft die gesetzlichen Grundlagen zur Einrichtung einer »Zentrale für Datenverarbeitung«. Nordrhein-Westfalen und Rheinland-Pfalz wollen, wie Osswald, kommunal-staatliche Gemeinschaftsanlagen installieren: Schleswig-Holstein will im November mit der Vergrößerung seiner 1968 eingerichteten EDV-Zentrale beginnen. Und überall beginnen Politiker, sich um den Bestand der Bürgerrechte in der anbrechenden Ära der staatlichen Denkmaschinen zu sorgen. In Bonn verlangte der CDU-Bundestagsabgeordnete Otto Schmidt, in den vom Bundesinnenministerium geplanten Super-Computer zur elektronischen Registrierung der Bundesbevölkerung müsse eine »absolute Sicherung gegen Mißbrauch« eingebaut werden (SPIEGEL 1611969). In Stuttgart forderte der FDP-Parlamentarier Dr. Guntram Palm, der Landtag solle alle Regierungs-EDV-Anlagen, »dieses Instrument moderner Masseninquisition« (Palm), kontrollieren. Und in Hannover kündigte SPD-Innenminister Richard Lehners an, daß die in Niedersachsens öffentlichem Dienst stehenden Computer durch täglich oder stündlich zu ändernde »Schlüsselworte« gehindert werden sollten, Unbefugte »über den Werdegang eines Einwohners und seine privatesten Verhältnisse« zu informieren. Doch nicht nur die Kontrollwünsche von Politikern bremsen den Computer-Vormarsch. »Fast überall« mindert die Befürchtung, die Elektronik werde die Beamten in den Rathäusern dezimieren, den »Mut im Umgang mit der nicht nur für die preußische Beamtentradition ungewohnten Datenverarbeitung« (""Frankfurter Allgemeine""). Sicher erscheint allerdings, daß die Behörden-Computer den herkömmlichen Typus des Staatsbediensteten aus Deutschlands Amtsstuben verdrängen werden. »Beamte«, meint der Stuttgarter CDU-Abgeordnete Lothar Späth, »die versuchen sollten, die von der Datenbank errechneten Informationen nach den Grundsätzen der Reichshaushaltsordnung nachzuprüfen und Lochkarten mit Buntstiften abzuhaken, kann man da nicht mehr brauchen.«"
"20","0.7681545615196228","»Uns steht eine Katastrophe bevor«","1978-04-16","https://www.spiegel.de/politik/uns-steht-eine-katastrophe-bevor-a-297be044-0002-0001-0000-000040615677?context=issue",". Nach dem Vorschlag einer Computer-Beratungsfirma soll künftig ein Ressortübergreifendes Grundstücks-Informationssystem« einspringen. Über Bildschirm-Terminals werden sämtliche Angaben in den zentralen Speicher eingegeben, geändert oder gelöscht. Die Ämter können sie später über dieselben Terminals einsehen oder abrufen. Die Aktenberge der Registratur lassen sich auf Mikrofilmen unterbringen, Urkundsbeamte werden überflüssig, Rechtspfleger übernehmen die Eingabe der Daten. Nachweise für die Grundstückskäufer werden von Schreibautomaten anstatt Schreibdamen ausgefertigt. In vielen Verwaltungen bestimmt die elektronische Datenverarbeitung längst die Marschzahl. In Nordrhein-Westfalen etwa fordern Computer Geldstrafen ein, berechnen Mahngebühren und bewilligen bei Bedarf und Berechtigung Ratenzahlung oder Stundung. Die Verkehrssünder-Kartei im Flensburger Kraftfahrt-Bundesamt ist ebenso computerisiert wie die Münchner Stadtbibliotheken. Auch Warenhäuser, Einzelhandelsketten und Großhändler wickeln immer mehr Geschäfte über Datenterminais ab. So kann etwa ein Verkäufer über den Dialog-Terminal anfragen, ob ein bestimmtes Produkt auf Lager ist, und gleichzeitig den Verkaufsvorgang erledigen: Versandanweisung, Fakturierung, Belastung des Kundenkontos. Selbst für Nachschub wird automatisch gesorgt. Kollege Computer veranlaßt sogleich die Neubestellung der verkauften Ware. Besonders bei den Großen der Handelsbranche verlieren viele Angestellte ihren angestammten Arbeitsplatz. Allein die vier größten westdeutschen Warenhäuser reduzierten ihren Personalbestand trotz Umsatzanstieg seit 1973 um zirka 3600 Beschäftigte. »Diese Entwicklung«, klagen die Gewerkschaften, »vollzog sich in aller Stille.« Selbst kleinere Geschäfte arbeiten längst mit der neuen Technik. Beim Hamburger Schuhhaus Görtz etwa liefert ein elektronischer Leser an der Kasse Artikel-Nummer und Preise der verkauften Ware an das Lager und das Rechnungswesen, so daß die Firma jederzeit einen genauen Überblick über Umsatz und Lagerbestand hat. »Volkswirtschaftlich wird damit nichts in Bewegung gesetzt.« Apotheken, die jederzeit ein ausreichendes Depot an Arzneimitteln führen müssen, halten ihr Angebot per Computer auf dem neuesten Stand.« Hinter dem Ladentresen«, glaubt Automations-Mann Friedrichs, »steht außer dem Verkäufer bald nur noch Computer-Technik.« Ähnlich ergeht es den Bankkassierern. Schon heute sind in westdeutschen Schalterhallen mehr Datenterminals installiert als in den anderen EG-Ländern. Ende 1975 waren es nach einer Studie der Computer-Industrie 8100 Geräte, 1980 sollen es bereits 20 000 sein. Wie fleißig die Computer als Bankgehilfen sind, zeigt ein Vergleich der Beschäftigten-Entwicklung mit dem Anstieg des Geschäftsvolumens. Während sich die Geschäfte seit 1962 mehr als verfünffachten« stieg die Zahl der Angestellten nur um das Doppelte. Seit 1973 stagnieren die Beschäftigtenzahlen"
"21","0.7675495445728302","Einzug der Roboter","1964-03-31","https://www.spiegel.de/politik/einzug-der-roboter-a-ec698c0f-0002-0001-0000-000046173388?context=issue",". Bei der Automatisierung von Chemiebetrieben arbeiten wir heute aber ebenso erfolgreich wie die Amerikaner.« Im Nervenzentrum des Konzerns führt ein Elektronengehirn pro Minute 834 000 Rechen-Operationen aus. Dank der Automation sparte Hüls 10 000 Arbeitskräfte ein. Dr.-Ing. Hans Heyne, Generaldirektor der Allgemeinen Elektricitäts-Gesellschaft (AEG) und der Telefunken AG, ist der gleichen Meinung: »Im Grade der Automatisierung stehen ohne Zweifel die USA an der Spitze. Deutschland erreicht jedoch in einer Reihe von Industriezweigen wie Fahrzeugbau, Chemiefasererzeugung und Raffinerien das USA-Niveau.« Und Dr.-Ing. Ernst von Siemens, Enkel des Industriegründers Werner von Siemens und Aufsichtsratsvorsitzender des Elektro-Trusts Siemens & Halske AG, glaubt, daß außer den USA »andere Länder in der Anwendung der Automation keinen höheren Stand erreicht haben als die Bundesrepublik«. Der Einmarsch der Roboter in die Bundesrepublik vollzieht sich ebenso planmäßig wie leise. Während etwa George Meany, Chef des Dachverbandes der amerikanischen Gewerkschaften AFL/CIO noch Ende vergangenen Jahres wehklagte, die Automation sei »zu einem wahren Fluch unserer Gesellschaft geworden«, und eine »nationale Katastrophe« prophezeite, hüllt sich die Bundesregierung in Schweigen, und lediglich aus Westdeutschlands Gewerkschaftszentralen dringt gedämpftes Mahnen. Der Vorstandvorsitzende des Rationalisierungs-Kuratoriums der Deutschen Wirtschaft (RKW), Ernst Wolf Mommsen, Vorstandsmitglied des Düsseldorfer Stahl- und Röhrenkonzerns Phoenix -Rheinrohr AG, zeigte sich darob hoch erfreut: »Die Tatsache, daß wir in Deutschland nicht die geringste Anti -Stimmung gegen die Automation verspüren, bedeutet für die Unternehmer ein unschätzbares Glück.« Das von den Briten George Orwell (""1984"") und Aldous Huxley (""Schöne neue Welt"") sowie von dem tschechischen Schriftsteller Karel Capek ausgemalte Nachtgespenst einer entseelten, bis zum Terror rationalisierten Umwelt hat in den Köpfen der Deutschen von heute keinen Platz. Während 90 Prozent der Amerikaner bei dem Wort Automation repräsentativ Angstschweiß und Adrenalin absondern, huldigen die Bundesbürger einem nahezu unbegrenzten Fortschrittglauben. Auf einer Arbeitstagung der IG Metall in Frankfurt, auf der internationale Experten im Juli vergangenen Jahres über das Thema »Automation und technischer Fortschritt« diskutierten, rief der Forschungsdirektor der amerikanischen Dachgewerkschaft, Ben B. Seligman, beschwörend aus: »Die Auffassung, alle, die durch Maschinen verdrängt werden, könnten rasch neue Beschäftigung finden, ist erheiternd. Sie erinnert an einen Mann, der mit lustigem Pfeifen über einen Friedhof geht.« Unter dem Dunstschleier einer Vollbeschäftigung, die in der westlichen Welt zu Friedenszeiten kein Beispiel hat, wurde der jobmordende Nebeneffekt des technischen Fortschritts hierzulande bis heute verdeckt"
"22","0.7673044800758362","Echter Räubersmann","1969-09-07","https://www.spiegel.de/politik/echter-raeubersmann-a-3edfa2a0-0002-0001-0000-000045522263?context=issue",". Mißtrauische Ministeriale verblüffte der bilanzsichere Buchhalter durch die Fähigkeit, »komplizierte Zusammenhänge derart zu vereinfachen, daß die bis dahin von fachwissenschaftlichen Bedenken verstellte Lösung gleichsam aus sich selbst heraus auf der Schreibtischplatte nach oben trieb« (""FAZ""). Unterstützt von einem Team junger Politologen und Volkswirte, entfaltete »Dukaten-Ossi« (Genossenmund) an der trockenen und von politischen Karrieremachern gemeinhin als wenig attraktiv empfundenen Finanzmaterie sein wahres politisches Talent, denn -- so Osswald -- »die Zahlen sind mein Hobby«. So faszinierten den Zahlenmenschen die Möglichkeiten des Computereinsatzes zur Verwaltungsvereinfachung, und dank Osswald wurde Hessen jenes Bundesland, das den bislang weitesten Vorstoß auf dem Weg zur elektronischen Administration seiner Bürger unternahm: Nach einem Gesetz zur Errichtung einer Landeszentrale für Datenverarbeitung (Initiator Osswald: »Schritt ins nächste Jahrzehnt"") sollen künftig Regierungs-Computer, dirigiert von einer Zentrale in der Landeshauptstadt und gespeist durch regionale Rechenzentren in Wiesbaden, Darmstadt, Kassel, Frankfurt und Gießen, alle in Stadt und Land anfallenden Verwaltungsvorgänge erledigen, die sich auf elektronischem Wege speichern, weitergeben und auswerten lassen. Wie kein anderer Länder-Finanzminister versuchte Osswald immer wieder, die Bonner Finanz- und Steuerpolitik auf dem Umweg über den Bundesrat zu beeinflussen. Als beispielsweise Franz Josef Strauß dem Bundesrat das »Steueränderungsgesetz 1968« präsentierte (das wie alle christdemokratischen Steuergesetze die Unternehmer begünstigte), setzte Osswald dem Strauß-Papier einen Steuerreform-Vorschlag zugunsten der Arbeitnehmer entgegen. Nach Osswalds Plan sollten der seit Jahren bei 240 Mark im Jahr eingefrorene Arbeitnehmer-Steuerfreibetrag verdreifacht, die Kilometerpauschale wieder von 36 auf 50 Pfennig erhöht und die Sparprämie für Klein- und Mittelverdiener erheblich heraufgesetzt werden. Für den so entstehenden Steuerausfall sollten Westdeutschlands Unternehmer und Großverdiener aufkommen -- unter anderem durch Beschneidung ihrer Möglichkeiten steuerlicher Abschreibung. Doch Osswalds Reform scheiterte nicht nur an den Bundesratsvertretern der CDU-regierten Länder. Auch die sozialdemokratischen Länderherren mochten sich wenige Monate vor den Wahlen nicht mit der Industrie anlegen. Der Hesse zog seinen Plan zurück, doch »bei nächster Gelegenheit wird das Paket wieder präsentiert«. Widerstand in der eigenen Partei ist Osswald freilich gewohnt -- und zwar insbesondere seit er vor zwei Jahren zum Vorsitzenden des tiefroten SPD-Bezirks Hessen-Süd gewählt wurde, der die koalitionsbewußten Bonner Sozialdemokraten seit Jahren mit aufmüpfigen Forderungen wie der nach »Herstellung normaler Beziehungen zwischen der Bundesrepublik und der DDR als gleichberechtigte Staaten deutscher Nation« verprellt"
"23","0.7671422064304352","Verblaßter Glanz","1966-02-20","https://www.spiegel.de/politik/verblasster-glanz-a-2084b742-0002-0001-0000-000046265752?context=issue",". Inzwischen sind die Forschungs- und Ausbildungseinrichtungen in der Bundesrepublik - wenigstens teilweise - veraltet und zurückgeblieben und bedürfen einer erheblichen Verbesserung, wenn der Anschluß an die ausländische Entwicklung wiederhergestellt werden soll« (Bericht 1960). - Soziologie/Politische Wissenschaft: »Trotz glänzender wissenschaftlicher Leistungen in der Vergangenheit, die von bestimmendem Einfluß auf die internationale Entwicklung dieser Wissenschaften waren, hat Deutschland heute seine ehemals führende Position verloren und ist stark zurückgeblieben« (Bericht 1961). - Astronomie: »An unseren Sternwarten stehen immer noch Fernrohre, die nur beschränkt verwendungsfähig und für die Arbeit... kaum förderlich sind. Auf diese Weise sind Sternwarten, die einmal Brennpunkt der Forschung waren, allmählich zu musealen Einrichtungen geworden« (Bericht 1962). Die deutsche Lizenz-Bilanz ist negativ; Westdeutschland muß für die Auswertung ausländischer Patente und Entwicklungsrezepte beträchtlich mehr Geld ausgeben als deutscher Forscher- und Erfindergeist an Devisen einbringt. Schon 1964 stellte die Deutsche Bundesbank fest, »daß im Gesamtbereich der angewandten technischen Forschung die Bundesrepublik in den letzten Jahren per Saldo technisches Wissen in nicht unbeträchtlichem Umfange importiert hat«. Was das mittlerweile in harter D -Mark bedeutet, wurde vorletzte Woche im Bundestag bekannt. Lizenz-Einnahmen: jährlich 250 Millionen Mark. Lizenz-Ausgaben: jährlich 750 Millionen Mark. Es ist kein Zufall, daß 85 Prozent aller in Westdeutschland aufgestellten Elektronenrechner den amerikanischen Firmenstempel »IBM« tragen. Die pharmazeutischen Großtaten der letzten 20 Jahre - etwa die Entwicklung der Antibiotika zur Bekämpfung von Infektionskrankheiten, der Psychopharmaka zur Behandlung von seelischen Störungen und Geisteskrankheiten, der Cortisone zur Behandlung von Rheuma, Allergien und Schockzuständen - wurden im Ausland vollbracht. Daß der deutschen Industrie technisches Know-how - einerseits Resultat von Forschung, andererseits Voraussetzung von Forschung - mitunter bereits fehlt, demonstrieren zwei Beispiele: Das Max-Planck-Institut für Plasmaphysik in München-Garching benötigte für Experimente auf dem Gebiet der Atomkern-Verschmelzung eine Serie von 3000 Hochleistungskondensatoren, wie sie bis dahin zwar in England, aber nicht in der Bundesrepublik gefertigt worden waren. Um den Millionenauftrag nicht ins Ausland vergeben zu müssen, bestellten die Physiker die Kondensatoren bei einem weltweit renommierten heimischen Elektro-Unternehmen. Nach mehreren Monaten wurden die ersten 300 Kondensatoren geliefert; sie wiesen sowohl Konstruktions- als auch Fertigungsmängel auf. Nun hob ein umfänglicher Schriftverkehr zwischen Wissenschaft und Industrie mit Prüfungs- und Änderungsvorschlägen an. Er endete mit dem Eingeständnis der Firma, daß sie die Kondensatoren nach den aufgegebenen technischen Spezifikationen nicht liefern könne"
"24","0.7661092579364777","Datenschutz: »1984 liegt nicht mehr fern«","1976-06-06","https://www.spiegel.de/politik/datenschutz-1984-liegt-nicht-mehr-fern-a-3a20341b-0002-0001-0000-000041213322?context=issue","Wenn die Vorlage Gesetzeskraft erhalte, warnt der Düsseldorfer Freidemokrat und Innenminister Burkhard Hirsch, »liegt 1984 nicht mehr fern«. Dann, schrieb die »Süddeutsche Zeitung«, könnten dereinst westdeutsche Machthaber über ein »Teufelsspielzeug« verfügen. Diabolisches erwarten die liberalen Kritiker von einem Paragraphenwerk mit dem harmlos anmutenden Titel »Bundesdatenschutzgesetz« -- eigentlich gefertigt, den Bürgern davor Schutz zu bieten, daß Angaben zu ihrer Person mißbraucht werden. Und ganz anders gemeint hatten es sicher auch die Politiker und Wissenschaftler, die Anfang der siebziger Jahre die Daten-Diskussion auslösten. Es gelte, so formulierte der damalige Innenminister Hans-Dietrich Genscher, mit juristischen Mitteln »die Gefahr einer Entartung unseres Sozialstaates zu einem Termitenstaat« abzuwenden. Mit zunehmender Computerisierung« mit steigender Tendenz zum Datenaustausch und zur Datenanhäufung zeichnete sich damals das Risiko ab, daß in der Bundesrepublik gleichsam eine »zentrale Datenbank« entstehen könnte, »in der die Bürger und alle ihre Daten erfaßt sind« (West-Berlins Innensenator Kurt Neubauer). Seither hat sich diese Prognose zumindest zur Hälfte erfüllt. Elektronisch registriert sind längst die Hypothekenschulden der Bundesbürger, ihre medizinischen Daten, Lesegewohnheiten, Miethöhe, Parteizugehörigkeit, dazu Demonstrationsverhalten, Urlaubsbuchungen, Zensurendurchschnitt, Geisteskrankheiten, Scheidungen, Nachtklubbesuche, Einkünfte, Vorstrafen und selbst eventuelle Neigung zu kritischem Denken. Freilich: Noch sind die meisten dieser Daten, gegeneinander abgeschottet, auf eine Vielzahl privater und behördlicher EDV-Anlagen verteilt Sozialversicherungen oder Polizei, Reiseveranstalter und Verfassungsschutz, Krankenkassen, Personalbüros oder Versandhäuser. Doch von Jahr zu Jahr schwillt der Datenaustausch zwischen all diesen Sammelstellen an, werden immer mehr jener Riegel geöffnet, die bislang halbwegs verhindert haben, daß »jemand nur auf einen Knopf zu drücken braucht, um den Bürger mittels Computer durchsichtig zu machen« (so der Bonner Christdemokrat Otto Schmidt). In den vergangenen Jahren gerieten immer wieder mal Krankenkassen-Daten in die Hände der Polizei, Polizei-Angaben an Arbeitgeber, Arbeitgeber-Informationen an Verfassungsschützer, Verfassungsschutz-Aufzeichnungen an Parteipolitiker -- und so fort. Standesämter reichen Intimes weiter an Adressenhändler, Kommunen an Kirchengemeinden, Banken an Auskunfteien, Bibliotheken an Geheimdienstler (SPIEGEL 48/1973). Um derlei einzudämmen. formulierten Ministeriale wie Datenschützer aller Parteien zwar Gesetzentwürfe, die »Datenspeicherung« und »Datenerfassung«, »Datenveränderung« und »Datenveröffentlichung« rechtsstaatlich einwandfrei regeln sollten. Doch all diese Vorhaben gerieten während der letzten Jahre in ein Kreuzfeuer von Kritikern aus Ministerialbürokratien und Wirtschaftsverbänden"
"25","0.7655983567237854","Rat von Thesaurus","1970-09-27","https://www.spiegel.de/politik/rat-von-thesaurus-a-c6965cef-0002-0001-0000-000044418105?context=issue",". So soll die Bundesdatenbank in der Endphase den gesamten deutschen Rechtsstoff speichern: alle Gesetze, Rechtsverordnungen und Verwaltungsvorschriften, ferner die gesamte Rechtsprechung (mindestens aber der Obersten und Oberen Gerichte) und schließlich Kommentare und wissenschaftliche Literatur. Im Idealfall wird das gesamte relevante Material zu einer Rechtsfrage vom Computer in Sekundenschnelle per Fernschreiber oder Telephon abfragbar. Für die Benutzung des Computers benötigt der anfragende Jurist eine Art Lexikon, ein Synonym-Register, in der EDV-Sprache »Thesaurus« genannt. Dieses Wörterbuch enthält Schlüsselbegriffe, sogenannte Deskriptoren, die von der Datenbank aus dem gespeicherten Wortschatz maschinell gewonnen werden. Mit Hilfe der Deskriptoren und anderer Kriterien muß der Fragesteller im Dialog mit dem Computer den Themenkomplex einkreisen und einengen. Über die Deskriptoren »Eltern«, »Kind«, »nichtehelich« und. »Alimente« etwa wird er die Maschine mit seiner Frage vertraut machen. Der Computer wiederum antwortet mit einer Zahlenangabe (""Ich habe XX Entscheidungen zu diesem Komplex"") -- und gibt auf weiteres Befragen Aufschlüsse über Urteile aus einem bestimmten Oberlandesgerichtsbezirk oder Entscheidungen, die nach einem bestimmten Stichtag ergangen sind. Vorläufig freilich werden sich Beamte und Richter, Rechtsanwälte und Steuerberater noch mit den herkömmlichen Gesetzessammlungen« Kommentaren und Leitsatzkarteien behelfen müssen. Keine der drei geplanten Datenbanken, so unterschiedlich ihre Zielsetzung immer sein mag, kann von heute auf morgen errichtet werden. Gleichwohl ist vorauszusehen: Die beiden Privat-Objekte werden eher betriebsbereit sein als die Bonner Bank. Joachim Wander, geschäftsführender Gesellschafter der Berliner »Juradat«, will Anfang 1972 die ersten Kunden (zu einer Abonnementsgebühr von -- grob geschätzt -- 100 Mark im Monat) beliefern. Absehbar ist auch der Startbeginn in Nürnberg. Denn die auf Genossenschaftsbasis arbeitende »Datev« (von den rund 30 000 Angehörigen der steuerberatenden Berufe sind 5000 bereits Mitglieder) hat drei Startvorteile: Sie verfügt schon heute über eines der größten berufsständischen Rechenzentren Europas, sie spricht eine homogene Interessentengruppe an, und die zu speichernde Rechts-Materie ist klar begrenzt. Anders als in Berlin und Nürnberg muß das Bonner Projekt, dessen Ziele am weitesten gespannt sind, in drei Phasen (Gesetze, Rechtsprechung und Rechtsliteratur) aufgebaut werden. Skeptiker in der Rosenburg veranschlagen für die Realisierung des Gesamtprogramms (geschätzte Kosten: 100 Millionen Mark) ein Jahrzehnt. Zuvor bedürfen zahlreiche Rechts-fragen, die der Computer-Einsatz aufwirft, noch der Klärung. So muß beispielsweise garantiert sein, daß bei der Speicherung Manipulationen unmöglich sind. Der Bonner Professor Dr"
"26","0.7651890814304352","Steuerung entglitten","1978-01-15","https://www.spiegel.de/wirtschaft/steuerung-entglitten-a-af196130-0002-0001-0000-000040693625?context=issue",". Siemens: »Die haben uns die Leiche einfach vor die Tür geworfen.« Mit einer anderen Leiche lebt Siemens noch heute. Zwar hatte sich der Konzern stets von der TR-440-Entwicklung (""Auf die Dauer Kostgänger des deutschen Steuerzahlers"") distanziert. Doch jetzt, da der von Bonn geförderten AEG-Nixdorf-Firma in Konstanz mit mehr als 500 qualifizierten Wissenschaftlern das Ende drohte, fing Siemens »nicht ohne kräftigen Druck aus Bonn« (""Handelsblatt"") die Pleitefirma vom Bodensee auf. Auch bei der »Software«, wie im amerikanischen Branchenslang die Programmsysteme heißen, werden Millionen »ausgegeben, um das Rad neu zu erfinden« (Bösenberg). Matthöfer gehe »mit dem Geld des Steuerzahlers schlampig um«, meint Lutz Stavenhagen, Haushaltsexperte der CDU-Bundestagsfraktion. Unter dem Titel »Drittes DV-Programm« finanziert der Forschungsminister mit insgesamt 561.6 Millionen Mark ohnehin geplante Vorhaben wie den Aufbau einer Datenbank der Häfen Bremen und Bremerhaven; die Umstellung der Buchhaltung kirchlicher Krankenhäuser auf EDV; ein elektronisch gesteuertes Zuckerrüben-Anfuhrprogramm für die Braunschweiger Zuckerindustrie. »Maßnahmen zur Erhaltung der Wettbewerbsfähigkeit der deutschen Kleinrechner-Hersteller« läßt der fürsorgliche Minister eine bayrische Unternehmensberatung Blau erarbeiten. Denn den Kleinrechnern, das weiß Hans Matthöfer inzwischen, kommt eine »Schlüsselrolle« zu. Tatsächlich waren die Deutschen gegenüber den Amerikanern weniger in der Technologie als vielmehr, was aber die Bonner DV-Forderer übersahen, in der Anwendung der Datenverarbeitung im Rückstand. In Wirtschaft und Verwaltung wurden mehr als 80 Prozent aller Computer, vorwiegend Statussymbole, weit unter ihren Fähigkeiten nur mit Routinekram beschäftigt. »Praktisch aus dem Nichts, mit unsäglichen Anstrengungen« (so Kienzle-Direktor Martin Manjock) erschlossen einfallsreiche Computerbauer, indem sie ihre konventionellen Buchungsautomaten zu großen Kleinrechnern hochzüchteten, einen neuen Markt. Sie holten die mystifizierten Denkmaschinen aus ihren klimatisierten Rechenzentren heraus und stellten sie direkt an den Arbeitsplatz, an Bankschalter oder in Warenlager. Damit lösten sie das Kernproblem. wie IBM-General Walter Bösenberg Bonn bereits vor zehn Jahren zu bedenken gegeben hatte, marktwirtschaftlich von der Nachfrageseite her. Allein die fünf Mitglieder des Arbeitskreises Dezentrale Datenverarbeitung, die Firmen Diehl, Kienzle, Nixdorf, Philips und Triumph-Adler, installierten Anlagen im Wert von 6,9 Milliarden Mark. Von den in der Bundesrepublik installierten 126 000 Anlagen der elektronischen Datenverarbeitung im Wert von über 31 Milliarden Mark sind immerhin 109 000 sogenannte Terminals (Ein- und Ausgabegeräte), Kleincomputer und Prozeßrechner, ein Markt mit Wachstumsraten um 25 Prozent"
"27","0.7650352716445923","Sieg der Mikrosekunde","1965-05-25","https://www.spiegel.de/politik/sieg-der-mikrosekunde-a-3ccc2c00-0002-0001-0000-000046272769?context=issue",". Da die Ölgesellschaft nur Mieterin ist, kann sie auf die Novität umschalten, sobald sie zu haben ist. Weniger leicht fällt das Mitfahren im technischen Expreß freilich jenen Bundesdeutschen, in deren Arbeitsdomäne die elektronischen Schnelldenker einbrechen: den Angestellten. Gleich der erste deutsche Kommerz-Computer, das Informaticsystem der Quelle, demonstrierte das Problem: Er beschäftigte nur noch 400 Zulieferer, wo vorher 1200 Menschen gearbeitet hatten. Die Arzneimittelgroßhandlung Ferd. Schulze & Co in Mannheim konnte, nachdem sie ihr Lager elektronisiert hatte, die Einkaufsabteilung »fast vollständig auflösen«. Beim Versandhaus Schwab in Hanau wurden vier Abteilungen durch den Computer überflüssig und 300 Angestellte freigesetzt. Ein Brückenbau-Unternehmen bei Dortmund konnte auf 40 Statiker verzichten, nachdem es sich mit Fernleitung an das Stromgehirn der Aachener Technischen Hochschule angeschlossen hatte. Allerdings: Wie die Automation am Fließband, so hat auch die Mikrosekunde im Büro bis heute kaum Arbeitslose produziert. Die Gesamtzahl der bundesdeutschen Angestellten wächst noch, wenn auch immer langsamer - 1961 um 6,9 Prozent, im vergangenen Jahr nur noch um 2,4 Prozent. Es sind vor allem psychologische Härten, die der Einzug des Rechengeräts verursacht. Altgediente Firmenbeamte müssen erkennen, daß ihre Berufserfahrung an Wert verliert und ihr Ansehen sinkt. Angehörige aufgelöster Abteilungen werden über den Betrieb verstreut, erhalten nicht selten Lückenbüßer - Arbeiten und verlieren den Status, den sie im alten Team erworben hatten. Wie in der automatisierten Produktion, so haben auch in der elektronischen Verwaltung die umgesiedelten Arbeitskräfte meist nichts von ihrem Gehalt eingebüßt. Allerdings ist oft fraglich, ob sie in ihren neuen Jobs die gleichen Gehaltsverbesserungen erwarten können wie in den alten. Für 60jährige Buchhalter, die das Elektronengehirn von ihrem angestammten Bürostuhl verdrängt hat, mag deshalb die Mahnung scheinheilig klingen, die das Rationalisierungs-Kuratorium der Deutschen Wirtschaft den »älteren Mitarbeitern« widmet: »Keine noch so zielbewußte Vorsorge und soziale Einstellung der Arbeitgeber und des Staates kann ... die Betroffenen von der Pflicht entheben, selbst alles in ihrer Macht Stehende zu tun, um auch unter den veränderten Gegebenheiten ihren willkommenen Beitrag in der Wirtschaft leisten zu können.« Allerdings ist es den Betroffenen in jüngster Zeit sehr erleichtert worden, ihren Beitrag am Computer zu leisten. Betriebseigene Programmierer, die Gehälter um 2000 Mark bezogen, sind bei den neuesten Geräten für alle Routinearbeiten nicht mehr nötig"
"28","0.7649708092212677","Gefährlicher Dialog","1978-08-06","https://www.spiegel.de/kultur/gefaehrlicher-dialog-a-b15e3210-0002-0001-0000-000040615925?context=issue",". Er sagte: »Auch Idioten haben ein Gehirn, und ich bin nicht sicher, ob man nicht einige von ihnen darauf trainieren könnte, lange Zahlenkolonnen zu addieren und zu subtrahieren. Warum«, so äußert er weiter, »soll nicht ein technisches Gebilde mit in gewissen Grenzen vergleichbaren Eigenschaften als Elektronengehirn bezeichnet werden?« Eigenschaften wie diese macht Weizenbaum den Computern -- trotz seines frühen Programmes »Eliza« oder besser, nach Erfahrungen mit »Eliza« -- nicht nur streitig, er räumt mit vergleichbaren Definitionen gründlich auf. Wie er das macht, ist von Kapitel zu Kapitel lesenswert. Auf welche Weise Computer die Gesellschaft zu ändern und die Bevölkerung zu beeinflussen drohen, wird erst klar, wenn man den Computer nicht nur als technisches Instrument kennengelernt hat und ihn zu bedienen versteht, sondern -- was mindestens ebenso wichtig ist -- erörtert hat, woher die Macht des Computers, fast könnte man sagen, die Macht der Computer über die Menschen, zu kommen scheint -- Thema des zweiten Kapitels dieses Buches. Computer sind autonome Maschinen und in diesem Sinne vergleichbar mit Uhren, die nach der Voreinstellung einer Anfangszeit von allein arbeiten und entscheidende Phasen im Vernunftdenken der Menschen eingeleitet haben. Daß Computer auch das Leben von solchen Menschen schon heute nachhaltig beeinflussen, die mit Computern direkt nichts zu tun haben, macht Weizenbaum an einer lange zurückliegenden vergleichbaren Entwicklung deutlich: »Die Druckerpresse verwandelte die Welt selbst für jene Menschen, die, etwa zur Zeit Martin Luthers, Analphabeten blieben und vielleicht nie in ihrem Leben ein Buch zu Gesicht bekamen.« Wer will eine Parallelität zur Erscheinungsform der Computer-Ergebnisse in der heutigen Welt leugnen, flattern ihm doch fast täglich von Computern ausgestellte Rechnungen, Quittungen, Bankauszüge und so weiter auf den Tisch? Wenn Computer Maschinen sind, autonom arbeitende Maschinen, und wenn sie richtig funktionieren, dann folgen sie nicht einfach einem Gesetz; sie sind Verkörperungen von Gesetzen. Im Tischrechner zum Beispiel findet man die Verkörperung arithmetischer Gesetze wieder. Kaum jemand kommt jedoch auf die Idee, bei der Durchführung von Additionen an den mechanischen oder elektronischen Funktionsablauf zu denken. Er denkt so, als arbeite die Maschine wie sein Gehirn. Ihm ist natürlich klar, daß dieses nicht wirklich so ist. Erst wenn wiederholt falsche Ergebnisse ausgerechnet werden, kommt uns in den Sinn zu sagen, daß mit der Maschine etwas nicht stimmen kann. Keiner denkt dann etwa daran, daß die Gesetze der Arithmetik aufgehoben sein oder sich geändert haben könnten. Ohne Rechenprogramme, die von den Anwendern der Computer geschrieben werden, um deren veränderbaren Einsatz zu ermöglichen, wären Computer im Grunde genommen nichts weiter als einmal konstruierte Automaten, für immer wieder gleich ablaufende Vorgänge eingerichtet. Man braucht also Programme und Programmierer"
"29","0.7647790014743805","Einzug der Roboter","1964-03-31","https://www.spiegel.de/politik/einzug-der-roboter-a-ec698c0f-0002-0001-0000-000046173388?context=issue",". Wie wenig Bonn und die Bosse bislang den sozialen und wirtschaftlichen Gefahren der Automatisierung konfrontiert wurden, zeigt eine Untersuchung des Münchner Ifo-Instituts aus dem Jahre 1962. Die Statistiker analysierten zehn Firmen verschiedener Branchen, die ihre Anlagen automatisiert hatten. Die Unternehmen besaßen - vor der Automation 29 212 Beschäftigte und - nach der Automation bei gleichzeitiger Expansion 55 001 Beschäftigte. Aber: Hätten diese Betriebe automatisiert, ohne ihren Absatz steigern zu können, wären ihre Belegschaften auf 14 000, das ist die Hälfte der ursprünglich Beschäftigten, abgesunken. Hätten sie hingegen expandiert, ohne zu automatisieren, müßten sie heute 138 018 Angestellte und Arbeiter beschäftigen. Die Tatsache, daß die untersuchten Unternehmen ihre Belegschaften trotz der neuen Technik nahezu verdoppelten, beweist mithin lediglich den ungewöhnlichen Anstieg von Produktion und Nachfrage. Wegen des starken Wachstums waren die Unternehmen gezwungen, neben der Automatik auch noch die herkömmlichen Anlagen zu benutzen. Hinzu kommt, daß die Kapitalknappheit einem noch schnelleren Fortgang der Automatisierung Grenzen setzte. Über die immerhin möglichen sozialen Folgen des technischen Fortschritts zeigte sich die Bundesregierung bis heute wenig besorgt. Während etwa die US-Regierung in den vergangenen acht Jahren vier Automations-Hearings abhielt, während die EWG-Kommission beispielsweise schon 1960 und zuletzt im vergangenen Jahr auch in Europa tiefgreifende wirtschaftliche und soziale Umwälzungen prophezeite, schnürte Bonn am Sozialpaket, dosierte reichlich Agrarsubventionen, streute Kindergeld und warf Entwicklungs-Milliarden aus. Den Umstand, daß laut Ifo-Untersuchung in den kommenden fünf Jahren ein Drittel der Beschäftigten neue - und vielfach schlechtere-Arbeitsplätze aufsuchen muß, hat bis heute weder eine Regierungserklärung noch das bundesamtliche Bulletin oder ein Bundesminister auch nur erwähnt. Schon heute demonstrieren die Elektronenroboter, daß sie ein Großteil beruflicher Tätigkeiten auszuführen vermögen. Sie schlachten Schweine, brauen Bier, brennen Schnaps, sagen das Wetter voraus und überwachen den Luftraum. Sie schreiben Rechnungen, sortieren Briefe, kontrollieren Läger, lösen Probleme der Zwölftonmusik, filetieren und panieren Fische und stellen Futterprogramme für das Federvieh auf. Sie fabrizieren Speiseeis, lösen juristische Spezialfragen und interpretierten jene Schriftrollen, die 1947 am Toten Meer gefunden wurden. Das Volkswagenwerk, Opel und Ford konnten beispielsweise dank der »Detroit-Automation« aus ihren automatisierten Abteilungen 80 bis 90 Prozent des Personals entfernen und für andere Arbeiten, die nur mechanisch zu bewältigen sind, einsetzen, um den Drang der Bundesbürger nach immer mehr Automobilen zu befriedigen"
"30","0.7640374302864075","Das neue Verbrechen: Computer-Kriminalität","1979-01-21","https://www.spiegel.de/politik/das-neue-verbrechen-computer-kriminalitaet-a-c948a0d9-0002-0001-0000-000040351114?context=issue",". Und es ist -- wie bisher bei allen kriminellen Neuheiten der letzten Jahrzehnte -- nur eine Frage der Zeit, daß die amerikanische Variante des EDV-Verbrechens nach Bundesdeutschland überspringt: organisierte Computerkriminalität. Seltsam nur, niemand spricht gern darüber. Als etwa der Jurist Ulrich Sieber 1977 am Institut für Kriminologie der Universität Freiburg die erste wissenschaftliche Studie in Westdeutschland über Computerverbrechen erarbeitete** und bei Wirtschaftsunternehmen nach einschlägigen Vorfällen fragte, machte er eine merkwürdige Erfahrung: Den Betrieben lag häufig mehr daran, elektronische Delikte geheimzuhalten, als verfolgen zu lassen. Die Strafverfolger haben es ihrerseits besonders schwer, der Manipulation * Bundesversicherungsanstalt für Angestellte, Berlin. ** Ulrich Sieber: »Computerkriminalität und Straf. recht. Carl Heymanns verlag KG, Köln; 364 Sei. ten; 80 Mark. mit dem Computer auf die Spur zu kommen -- nicht nur, weil die elektronische Materie so kompliziert ist, sondern auch, weil es an juristischen Kriterien fehlt; das westdeutsche Strafrecht ist auf die Besonderheiten von EDV-Delikten noch nicht eingerichtet. Als die Autoren des Strafgesetzbuches (StGB) im Jahre 1871 zum erstenmal Begriffe wie Betrug, Untreue oder Urkundenfälschung definierten, existierten Computer nicht einmal in Zukunftsromanen. Die einschlägigen Paragraphen galten vor allem den Machenschaften mit Tinte und Papier und blieben länger als ein Jahrhundert unverändert -- mit der Folge, daß während der letzten Jahre Angeklagte gelegentlich freigesprochen werden mußten, weil sie beispielsweise nicht Menschen, sondern allein Maschinen getäuscht und überlistet hatten, um sich unberechtigte Vermögensvorteile zu verschaffen. Solche »Strafbarkeitslücken« zu schließen ist, unter anderem, das Ziel einer seit langem geplanten Reform des Wirtschaftsstrafrechts, die jetzt Gestalt annimmt. Zum Jahreswechsel ließ Bundesjustizminister Vogel einer Reihe von Fachleuten den Text einer entsprechenden Novelle zum Strafrecht zustellen. Der Gesetzentwurf stützt sich auf Empfehlungen einer unabhängigen Expertenkommission unter Vorsitz des Stuttgarter Generalstaatsanwalts Günther Weinmann. Die Fachleute unterschieden gemäß Sieber-Analyse vier »Tatmodalitäten"": * »das Manipulieren von Daten« (Eingabe falscher Daten, Verändern von Daten); * »das unberechtigte Erlangen und Verwerten von Daten« (Computerspionage); * »das unberechtigte Benutzen der Datenverarbeitungsanlage« (Gebrauchs- oder Zeitdiebstahl); * »das Zerstören von Daten« (Computersabotage). Der Gesetzentwurf berücksichtigt nicht alle diese Tatbestände. Erfaßt werden vordringlich »die Fälle des betrügerischen Mißbrauchs an der Datenverarbeitungsanlage«, die »Fälschung von gespeicherten Daten im Rechts- und Beweisverkehr« sowie die »Löschung solcher Daten in der Absicht der Schädigung eines anderen«. Entsprechend soll das Strafgesetzbuch erweitert und geändert werden"
"31","0.763855367898941","Briefe","1964-04-21","https://www.spiegel.de/politik/neue-welt-a-d69f650d-0002-0001-0000-000046174440?context=issue",". Mit den Elektronengehirnen läßt sich deshalb auch die von uns grundsätzlich betriebene Arbeitsentlastung und Personalverminderung nicht erreichen. Düsseldorf H. FREDERSDORF Bundesvorsitzender des Bundes Deutscher Steuerbeamter Die Zahlen über die automatisierbaren Arbeitsplätze sind nicht von Fritz Sternberg »errechnet«, sondern sie sind in seinem 1957 erschienenen Buch »Die militärische und die industrielle Revolution« - und ebenso in anderen Publikationen von ihm über die Automation - deutlich gekennzeichnet als Zitat aus der englischen Zeitschrift »Economist« vom 28. Juli 1956. Außerdem heißt es im Anschluß an das Zitat aus dem »Economist« bei Sternberg ausdrücklich: »Wenn daher erklärt wird, man solle die Auswirkungen der Automatisierung auf den Arbeitsmarkt nicht überschätzen, denn sie träfe in einem viele Jahre andauernden Prozeß im Höchstfalle ein Fünftel der Beschäftigten, so wird gerade der entscheidende Punkt übersehen, daß diese Automatisierung, die ein Fünftel der Beschäftigten erfaßt, sekundäre Auswirkungen haben mag, die weit größer sein mögen als diese direkten. Mit der weiteren Automatisierung der Produktion können schwere Gefahren für die Wirtschafts - und Gesellschaftskörper der westlichen Welt verbunden sein; man soll sich über diese Gefahren nicht dadurch hinwegtäuschen, daß sie sich bisher noch nicht deutlich statistisch nachweisbar gezeigt haben.« München LUCINDE STERNBERG* Mag das arme Menschlein noch so stöhnen und verzweifelt aufbegehren gegen die Knute der Automation in der Industrie und am Arbeitsplatz, das Zeitalter der Roboter und Elektronengehirne ist unaufhaltsam im Vormarsch. Gadderbaum (Nordrh.-Westf.) B. TEMPLIN Was soll das Blab-bla-bla vom Arbeitslosenschreckgespenst? Die Zeit wird über Ihren Artikel hinweggehen, und nichts ändert sich - und wenn, dann bestimmt anders, als Sie es schrieben. Auch H. G. Wells hatte sich in seiner Zeitmaschine geirrt. Khartum (Sudan) HORST RINDFLEISCH Man wünscht, daß die Automation schon etwas weiter vorangekommen wäre, damit der Mangel an Personal endlich ein Ende hätte und die ausländischen Arbeitskräfte wieder in ihre Heimat zurück könnten. Eßlingen (Bad.-Württ) RUDOLF LANGHECK Durch die hohen Kriegsverluste ist der normale Altersaufbau der Bevölkerung gestört, so daß im Augenblick schon auf drei arbeitende Personen ein Pensionär kommt. Dieses Verhältnis wird sich in den nächsten zehn Jahren auf das Verhältnis zwei zu eins verschlechtern. Da die Produktion gesteigert werden muß und kaum anzunehmen ist, daß die Löhne stagnieren, geschweige sinken, gibt es nur einen Weg: Automation"
"32","0.7637792229652405","Rechner aus dem Westen","1969-10-26","https://www.spiegel.de/politik/rechner-aus-dem-westen-a-6995cec6-0002-0001-0000-000045520479?context=issue",". Kurt Drewitz, unlängst mit fünf Milliarden US-Dollars. West-Embargo wie eigener Rückstand zwingen die sozialistischen Elektronik-Experten, die fehlenden Groß-Rechner zunächst noch beim Comecon-Handelspartner Sowjet-Union einzukaufen. Die Sowjets besitzen mit ihrem »BESM 6« einen Computer mit ausreichender Speicherkapazität und hoher Rechengeschwindigkeit. Allerdings verlangen die sowjetischen Freunde von der DDR, wie beim Verkauf ihrer Flugzeuge, die Hälfte des Preises in harten West-Devisen. Auch der Mangel an Fachleuten hemmt noch den Ausbau des bis 1980 geplanten Computer-Netzes mit insgesamt 4000 Anlagen aller Größenordnungen. DDR-Prognostiker schätzen den Bedarf bis 1970 auf 18 000, bis 1980 auf 120 000 EDV-Spezialisten. Um das Interesse der Werktätigen zu wecken, erfanden Ausbildungs-Planer deshalb neue Lehrberufe, darunter »Facharbeiter für Datenverarbeitung« und »Wartungsmechaniker für Datenverarbeitungsanlagen«. Sie funktionierten die Fachschule für Ökonomie im sächsischen Rodewisch zur EDV-Schule um und richteten an den Hochschulen insgesamt elf Rechenzentren für die Ausbildung gehobener Programmierer ein. In den volkseigenen Betrieben werden die frisch gebackenen Datenverarbeiter freilich ebenso wie im Westen noch häufig mit Mißtrauen empfangen. »Die schwierigste Aufgabe«, jammerte Dr. Gerhard Merkel, stellvertretender Minister für Elektrotechnik und Elektronik, »besteht darin, leitenden Wirtschafts- und Parteikadern zum richtigen Standpunkt gegenüber Fragen der Datenverarbeitung zu verhelfen.«"
"33","0.7637545168399811","Rechner aus dem Westen","1969-10-26","https://www.spiegel.de/politik/rechner-aus-dem-westen-a-6995cec6-0002-0001-0000-000045520479?context=issue",". So drängen Ulbrichts Wirtschaftsplaner die heimischen Computer-Produzenten zu größerer Eile. die -- so schätzen DDR-Fachleute -- jedoch frühestens in fünf Jahren das gegenwärtige West-Niveau erreichen werden. Denn die volkseigene Rechner-Industrie begann Ihr Verfolgungsrennen nicht nur spät, sondern auch umständlich. Die beiden ersten Rechenanlagen, von den Zeiss-Werken in Jena und dem VEB Rechenelektronik in Meiningen entworfen, sollten ursprünglich allein der Forschung dienen. Erst Anfang der sechziger Jahre wurden sie auch für den Einsatz in der staatlichen Wirtschaft eingeplant. Heute arbeiten etwa sechzig Kleincomputer vom Typ »ZRA 1« (Zeiss Rechenautomat 1) und rund 500 Geräte vom Meininger Typ »Cellatron SER 2« in VEB-Buchhaltungen und Forschungsinstituten. Seit 1965 verfügt die DDR-Wirtschaft mit dem programmgesteuerten elektronischen Lochkartenrechner »Robotron 100«, einer Gemeinschaftsproduktion des VEB Carl Zeiss Jena und des VEB Büromaschinenwerk Sömmerda (ehedem Rheinmetall), auch über ein eigenes Gerät für Abrechnungs- wie Planungsprozesse. Spitzenprodukt der DDR-Computerindustrie ist die elektronische Datenverarbeitungsanlage »Robotron 300«, ein mittelgroßer Computer-Typ. Seit Anfang 1968 wurden etwa fünfzig der vom VEB Elektronische Rechenmaschinen (Elrema) in Karl-Marx-Stadt entwickelten und vom VEB Kombinat Robotron in Radeberg gefertigten Rechner abgeliefert. Bis 1970 will die DDR 200 Anlagen dieses Typs in den Firmenverwaltungen und wissenschaftlichen Instituten installieren, um Büroarbeit, Fertigung sowie Wirtschaftsplanung zu rationalisieren und zu beschleunigen. Aber: Auch der »Robotron 300« verhalf dem Arbeiter-und-Bauernstaat noch nicht zu Weltniveau; in Speicherkapazität und Rechengeschwindigkeit entspricht er lediglich der im Westen schon vielfach pensionsbedrohten IBM-Serie 1400. Auf volkseigene Großrechner, die in allen Industriegebieten der Republik per Fernübertragung die Datenverarbeitung und Planung der mit Kleincomputern versorgten Betriebe übernehmen sollen, warten Ostdeutschlands EDV-Planer noch immer vergebens. Das Radeberger Computer-Kombinat beispielsweise, das sich seit längerem an größeren Rechnern vom Typ »Robotron 400« und »Robotron 500« versucht, ist durch die laufende Produktion so beansprucht, daß es den »wissenschaftlichen Vorlauf« (DDR-Terminus) vernachlässigen muß. Um weitere Tempo-Verluste zu vermeiden, will der Staat 1969 insgesamt 91 Millionen Ostmark für die Weiterentwicklung des »Robotron« ausgeben. Die Summe, die nötig wäre, um Anschluß an die amerikanische Rechner-Technologie zu finden, bezifferte der Abteilungsleiter im Ost-Berliner Ministerium für Wissenschaft und Technik, Dr. Kurt Drewitz, unlängst mit fünf Milliarden US-Dollars. West-Embargo wie eigener Rückstand zwingen die sozialistischen Elektronik-Experten, die fehlenden Groß-Rechner zunächst noch beim Comecon-Handelspartner Sowjet-Union einzukaufen"
"34","0.7635667324066162","WER SICH SOWENIG BEMÜHT ...","1969-08-24","https://www.spiegel.de/kultur/wer-sich-sowenig-bemueht-a-fa545a34-0002-0001-0000-000045548106?context=issue","Wenn der Bundesminister für wissenschaftliche Forschung zum Thema »Staat und Wissenschaft« schreibt, dann erwarten wir vor allem seine Ansicht zu den Problemen * Technologische Lücke und * Unruhe der Studenten. Wir erfahren hier einiges Erfreuliche, so vom Auftrag an deutsche Firmen zur Lieferung eines Kernkraftwerkes nach Südamerika. Daß die europäischen Gemeinschaftsvorhaben für Weltraumfahrt und Atomforschung wenig Fortune haben, ist bekannt. Daß die Rechenzentren in der Bundesrepublik unzureichend sind, läßt der Satz des Autors vermuten: »Der Rechenbedarf ... wächst in unerwartet starkem Maße.« Obwohl eine einzige US-Firma für die Entwicklung ihres neuen Computersystems zwanzig Milliarden Mark aufgewandt hat, wird hier befriedigt vermerkt, daß die Mittel der Bundesregierung zur Förderung der Datenverarbeitung bis 1972 auf etwa 300 Millionen Mark jährlich ansteigen werden. Wenig informativ sind die regelmäßig wiederkehrenden Feststellungen, wie rasch in der Bundesrepublik die Ausgaben für Bildung und für Forschung gestiegen sind. Wir sollten nicht mit unseren eigenen Aufwendungen in früheren Jahren vergleichen, vielmehr mit den Aufwendungen unserer Konkurrenten auf dem Weltmarkt. Wir stehen ja mit diesen in Wettbewerb, nicht aber mit unserer eigenen Vergangenheit. Die zentrale Frage ist (nach Stoltenberg), »welche Opfer man der heute lebenden Generation zugunsten der kommenden auferlegen soll«. Dies ist eine gute Frage, aber ebenso wichtig ist die andere: Welchen Anteil unseres Vermögens (personell und materiell) vertun wir zur Konservierung unzeitgemäßer Strukturen? Wer die Realität unserer Universitäten erduldet und beispielsweise Jahr um Jahr Anträge (In zehnfacher Ausfertigung) auf Genehmigung einer Assistentenstelle schreibt und Jahr um Jahr weder Antwort noch Stelle bekommt, der hört mit Interesse die Formulierung »großzügiges Tutorenprogramm. Wer seit einem halben Jahr vergeblich versucht, dem ersten Habilitierten für Computerwissenschaft eine Planstelle zu verschaffen, der hofft nach Stoltenbergs Worten über die Datenverarbeitung nunmehr auf grundsätzlichen Wandel. Die Studentenunruhen nehmen in Stoltenbergs Büchlein einen großen Raum ein. Aber er hat wenig Verständnis für Ihre Ursachen. Wenn er von »neuen gesellschaftspolitischen Einsichten« spricht und wenn er sagt, die Bildungspolitik könne »nicht einfach zur Dienerin ganz bestimmter gesellschaftspolitischer Zielsetzungen reduziert werden«, dann kommt er den Problemen ziemlich nahe, aber die Konkretisierung dieser Andeutungen fehlt und besonders auch, was er unter »neuen gesellschaftspolitischen Einsichten« versteht. Kann die Unruhe unter den Studenten überhaupt beendet werden, solange die Verantwortlichen ein solch geringes Verständnis ihrer Ursachen haben? Sicher gibt es hier nicht nur eine einzige Ursache, und wahrscheinlich liegen deren wichtigste nicht bei der Finanzierung und der Universitätsorganisation"
"35","0.762964129447937","Lieber Kekse","1962-10-16","https://www.spiegel.de/politik/lieber-kekse-a-95f0adf1-0002-0001-0000-000045123778?context=issue",". Eine ähnliche Anlage ist für das Verkehrsministerium vorgesehen. Erste Erfahrungen mit den bereits eingerichteten Rechenzentren ergaben allerdings, daß die Automaten noch bei weitem nicht ausgelastet sind. Ebenso wie bei elektronisch gesteuerten Betriebsanlagen zeigte sich, daß geschultes Personal zur Bedienung der empfindlichen Geräte fehlt. Klagte Professor Heinrich Wilhelm von der Technischen Hochschule Magdeburg: »Man kann sagen, daß entscheidende Erfolge auf dem Gebiet der Automatisierung erst erreicht und gehalten werden können, wenn genügend qualifizierte Kader die automatisierten Anlagen laufend betreuen.« Und Staatssekretär Frühauf assistierte: »Im Mangel an genügend naturwissenschaftlich-technisch geschulten Kräften besteht also ein Haupthindernis für unseren technischen Fortschritt.« Obschon das vom Diplom-Physiker Prof. Ernst-Joachim Gießmann geleitete Staatssekretariat für das Hoch- und Fachschulwesen daraufhin an der Technischen Hochschule Magdeburg eine eigene Studienfachrichtung »Regelungstechnik« aufbauen und in anderen Instituten Sonderlehrgänge zur Bedienung von Rechenautomaten abhalten ließ, konnte der Mangel an Fachkräften nicht behoben werden. Über die Gründe ließ sich Walter Ulbricht Ende September von den Professoren der Technischen Universität Dresden aufklären. Der Parteichef erfuhr, daß der durch Flucht entstandene Substanzverlust an Lehrern und befähigten Nachwuchskräften noch nicht ausgeglichen werden konnte und daß die dürftigen Mathematik-Kenntnisse der Abiturienten eine raschere Ausbildung zu Ingenieuren und mathematisch versierten Wirtschaftswissenschaftlern nicht erlauben. Die mathematischen Grundkenntnisse der bereits in Betrieben und Planbehörden arbeitenden Wirtschaftler seien überdies so lückenhaft, daß die Bewältigung der komplizierten, noch dazu plangesteuerten Prozesse einer modernen Industriegesellschaft nicht erwartet werden könne. Zur gleichen Zeit wurden auch in der Partei kritische Stimmen laut. Das Funktionärsorgan »Einheit« rügte, daß der Mathematik-Unterricht »höchstens zu dreißig Prozent von Fachlehrern« erteilt werde. Das Niveau der Lehrerausbildung sei zudem überwiegend ungenügend. Angesichts dieses Lamentos entschloß sich das Politbüro zu drastischen Sofortmaßnahmen: Es ordnete die Revision des Mathematik-Lehrplans für Oberschulen an und teilte die Diplom-Ökonomen zu Nachhilfelehrgängen ein. Um fortschrittliche Einfälle nie verlegen, entdeckte die Partei auch einen Weg, dem Lehrermangel abzuhelfen. »Neues Deutschland« erließ einen Aufruf an nicht berufstätige Hausfrauen, sich zum Fernstudium für Mathematiklehrer der Oberstufe zu melden. Bisher gingen 200 Bewerbungen ein. DDR-Elektronenrechner auf der Leipziger Messe: Technisches Weltniveau... DDR-Staatssekretär Frühauf ...mit Hilfe der Hausfrau"
"36","0.7625598311424255","Rat von Thesaurus","1970-09-27","https://www.spiegel.de/politik/rat-von-thesaurus-a-c6965cef-0002-0001-0000-000044418105?context=issue",". Zuvor bedürfen zahlreiche Rechts-fragen, die der Computer-Einsatz aufwirft, noch der Klärung. So muß beispielsweise garantiert sein, daß bei der Speicherung Manipulationen unmöglich sind. Der Bonner Professor Dr. Peter Raisch argwöhnte: »Besteht nicht die Gefahr«, daß bei der Speicherung von literarischen Beiträgen »unbequeme Außenseiter nicht in die Datenbank aufgenommen werden?« Während die juristischen Fachverlage, deren Spielraum durch Rechts-Roboter erheblich eingeengt werden könnte, auf eine Regelung der Urheberrechtsprobleme dringen, fordern Professoren und Anwälte unbeschränktes Zugangsrecht. Vorbeugend proklamierten die Ministerialräte schon, daß »der Benutzerkreis weit wie möglich gezogen werden« sollte. Es sei offenbar, daß der Datenbank-Kunde »einen Informationsvorsprung« gewinne« den »der Nichtberechtigte kaum wettmachen kann«. Ebenso gefährlich wie eine Bundesdatenbank hinter verschlossenen Türen wäre freilich die Ausnutzung privater Daten-Monopole. Theoretisch könnten die 30 000 bundesdeutschen Steuerbevollmächtigten, Steuerberater und Steueranwälte sehr bald über bessere und umfassendere Informationen verfügen als die Finanzbeamten und Finanzrichter. Doch »Datev«-Vorstandsmitglied Eckert wehrt solche Vermutungen ab: »EDV hinter hohen Zäunen ist Unsinn.« Transparenz halten demnach alle Seiten für geboten. Einigkeit besteht auch in einem anderen Punkt: Für den Richter soll die juristische Datenverarbeitung Entscheidungshilfe -- nicht Entscheidungs-Ersatz -- sein. Individuelle Gerichtsurteile für den Einzelfall soll es auch im Zeitalter der Rechts-Automaten geben. Gleichwohl sind »automationsgerechte« Gesetze, wenigstens im Verwaltungsrecht, keine Utopie mehr. Ob ein Gesetz »automationsfähig« ist, hängt von seiner inneren Struktur ab. Dr. Hans Joachim von Oertzen, Ministerialrat im Bundesinnenministerium und Referent des diesjährigen Juristentages, unterscheidet zwischen »konditional und zweckorientiert« aufgebauten Gesetzen. * Das konditional aufgebaute Gesetz, bei welchem an das Vorliegen bestimmter Voraussetzungen zwingende Rechtsfolgen geknüpft werden (""Wenn-dann-Konstruktion""), sei für die Computerisierung geeignet, weil die erforderlichen »Gedankenoperationen mathematischen Gleichungen entsprechen«. * »Das zweckorientierte Gesetz, bei welchem mit Ermessensspielräumen oder unbestimmten Rechtsbegriffen gearbeitet wird«, entziehe sich dagegen jeder Festlegung in mathematischen Formeln« und sei mithin ungeeignet. Gerade unbestimmte Rechtsbegriffe und Generalklauseln, die einer sogenannten Wertausfüllung durch Richter und Verwaltungsjuristen bedürfen, könnten indessen von einer Korrektur durch unbestechliche Computer nur profitieren"
"37","0.7616999447345734","100445301111- das Schlimmste von King Kong?","1973-11-25","https://www.spiegel.de/politik/100445301111-das-schlimmste-von-king-kong-a-81a423da-0002-0001-0000-000041840249?context=issue",". könnten sich in einer hochcomputerisierten Demokratie Effekte einstellen. »die der Beobachter von außen nicht von den Auswirkungen totalitärer Systeme unterscheiden kann« Fatale Folgen ergäben sich schon dann, wenn lediglich auf Rationalisierung bedachte Bürokraten jene Personen-Daten zusammenfassen oder austauschen würden, die bislang auf Dutzende von Behörden verstreut und daher oftmals schwer zugänglich sind. »Der Staat«, formuliert der Erlanger EDV-Jurist Kamlah, »ist nur deshalb nicht allwissend, weil viele seiner Behörden die Informationen nicht kennen, die anderen Behörden zur Verfügung stehen.« Über jeden Bürger 300 verschiedene Einzelangaben. Wenngleich mancher Computer-Philosoph von einer gleichsam gläsernen Zukunftsgesellschaft träumt, in der nicht nur, wie in Schweden, die Gehälter, sondern auch das Intimleben offengelegt werden könnten, weil der Mensch sein Menschsein nicht mehr zu verbergen brauche -- noch herrscht unter Juristen die Ansicht vor, daß ein gewisser Schutz der Privatsphäre sehr wohl vonnöten sei. Allerdings ist »Privatsphäre« nach Meinung Rechtskundiger kein ein für allemal exakt abzugrenzender Bereich. Steinmüller: »""Privatsphäre« wandelt sich in die Zielvorstellung, relativ zur einzelnen Verwaltungskompetenz nur das jeweilige Informationsminimum zur Verfügung zu stellen,« Der Hamburger CDU-Bürgerschaftsabgeordnete Klaus Lattmann faßt solches Rechtsempfinden in die Worte: »Der Beamte, der meinen Wagen zuläßt, muß nicht unbedingt wissen, daß ich zwei uneheliche Kinder habe.« IPA-Geschäftsführer Burhenne: »Es darf einfach nicht sein, daß irgendwer auf den Kopf drückt und ich vollkommen nackend vor ihm stehe.« Die Gefahr solcher Enthüllungen wächst. Überall in der Bundesrepublik entstehen staatliche oder kommunale Rechenstellen und Gebietsrechenzentren. Fachdatenbanken und Landesämter für Datenverarbeitung, deren Computer das Wissen vieler Behördensparten und -stufen vereinen und die von schreibmaschinengroßen »Terminals« aus in Sekundenschnelle über das Telephon-, Telex- oder Datex-Netz der Post angezapft werden können. Die Gefahren der Denk-Roboter. von Science-fiction-Autoren seit Jahrzehnten beschworen, haben damit ihr Gesicht verändert: Als Modell des Big Brother erscheint nicht mehr das kompakte Elektronik-Monster, das sich in Hollywood-Filmen mit blecherner Stimme und blinkenden Augen den Planeten untertan macht, sondern eher eine verstreute Vielzahl handelsüblicher EDV-Anlagen, deren Inhalte durch Ringschaltungen übertragbar sind"
"38","0.7611011564731598","»Uns steht eine Katastrophe bevor«","1978-04-16","https://www.spiegel.de/politik/uns-steht-eine-katastrophe-bevor-a-297be044-0002-0001-0000-000040615677?context=issue",". Wie fleißig die Computer als Bankgehilfen sind, zeigt ein Vergleich der Beschäftigten-Entwicklung mit dem Anstieg des Geschäftsvolumens. Während sich die Geschäfte seit 1962 mehr als verfünffachten« stieg die Zahl der Angestellten nur um das Doppelte. Seit 1973 stagnieren die Beschäftigtenzahlen. Die Bank-Computer ersetzen vor allem jene Angestellten, die für die interne Abwicklung gut waren, Kontoristinnen, Buchhalter und Kontrolleure. In der Computer-Heimat Amerika übernehmen Automaten bereits den gesamten Kundenverkehr: Tankstellen und Kaufhäuser installierten Apparate, die von den Kunden lediglich ein kurzes Überlassen der Kreditkarte verlangen. Der Rest, das Ausdrucken des Belegs und die Buchungen auf den Konten von Lieferant und Abnehmer, wird dann prompt erledigt. Unbestreitbar: Die intelligenten Automaten und vielseitigen Terminals, die sich ständig steigernden Roboter und Prozeßsteuerer springen fast immer gerade dort ein, wo stumpfsinnige, monotone, nervtötende oder körperlich anstrengende Arbeit zu leisten war. Unbestreitbar, daß ein Roboter den passenden Fließbandarbeiter abgibt und ein Automat sich besser für eine Vielzahl von Schreibarbeiten eignet als ein zwanzig Jahre altes Mädchen, das -- die Hörmuschel im Ohr, die Finger auf den Schreibmaschinentasten -- in einem Großraumbüro von morgens acht bis abends fünf Texte heruntertippt. Aber: Was wird aus den Entlasteten? Im Zweifel Entlassene. Kein Experte, kein Volkswirt und kein Politiker hat bislang aufgezeigt, wo die vermeintlich freigesetzte Intelligenz und Kreativität sich entfalten kann, an welcher Ecke der Volkswirtschaft die vom technischen Fortschritt Abgelösten ihren Beitrag leisten können. Der auf Unternehmer- und CDU-Veranstaltungen gern gesehene Karlsruher Professor Karl Steinbuch ist da schon weiter. Auf der Jahrestagung des RKW Nordrhein-Westfalen prognostizierte er unlängst vier Entwicklungslinien, auf die sich die Arbeitnehmer auszurichten haben: * Die Gesamtzahl der Arbeitsplätze nimmt ab. * Die Zahl der wenig qualifizierten Arbeitsplätze nimmt besonders rasch ab. * Die Zahl der Hochqualifizierten nimmt kaum ab, und * die Anforderungen an die Höchstqualifizierten steigen ständig. Der Professor dürfte recht behalten. Denn anders als in den fünfziger, sechziger und auch noch in den frühen siebziger Jahren verzahnen sich Wachstum, technischer Fortschritt und Beschäftigung nicht mehr so reibungslos, daß all jene, die Arbeit suchen, auch tatsächlich untergebracht werden können. Für das fatale Auseinanderdriften der volkswirtschaftlichen Kerngrößen ist eine Vielzahl von Ursachen verantwortlich: Das Wirtschaftswachstum, das den Freisetzungseffekt der Rationalisierungswellen jahrzehntelang mühelos auffing, pendelt sich bei -- für die Mehrheit der Gesellschaft durchaus ansehnlichen, für die Arbeitslosen jedoch reichlich knappen -- Raten von zwei bis drei Prozent ein. Als Stimulans für eine kräftigere Konjunktur aber kommt die Mikroelektronik kaum in Frage"
"39","0.759588360786438","Auf dem First","1970-07-12","https://www.spiegel.de/politik/auf-dem-first-a-1c670376-0002-0001-0000-000044906367?context=issue",". Dem Parteivolk demonstrierte er, Initiator eines in Deutschland beispielhaft geplanten Netzes kommunaler wie staatlicher Elektronikrechner, fortschrittsgläubigen Computer-Pragmatismus (""Schritt in die 70er Jahre""). Ob Umweltforschung, Gesamtschulplanung, Bildungstechnologie oder Uni-Konzeption -- der neue Mann in der Staatskanzlei, der gelegentlich seinen Heimatfluß, die Lahn, durchkrault, entwickelte im 16-Stunden-Tag gleich so viele hochtrabende gesellschaftliche Patentrezepte, daß Parteifreunde das Wort von den »Osswaldiaden« prägten. Unter Pseudonym kritisierte ein Hessen-Intimus fernab vom Land in der »Hannoverschen Allgemeinen«, der Landesherr bevorzuge eine »Politik in austauschbaren Sprechbiasen«. So verhieß Osswald, der beim Kasseler Ost-West-Gipfel im Stil eines Serenissimus Autogramme verteilte, den Hessen einen eigenen Journalistenpreis -- ein Novum in den Bundesländern, das gepflegter Hofbericht- * Beim Empfang der Fußball-Nationalmannschaft am 23. Juni in Frankfurt mit (v. l.) Gerd Müller, Bundestrainer Helmut Schön und Uwe Seeler. erstattung durchaus dienlich sein kann. So lobt sich Osswald mit Vorliebe selbst als Vorsteher einer »bürgernahen Verwaltung« und läßt In PR-Mitteilungen die von ihm installierten Bürgersprechstunden oder das von Ihm neugegründete »Referat für Bürgerhilfe« feiern. Sprechzeiten und Sprechtage zumindest auf Behördenebene, meinte dazu Hessens Bund der Steuerzahler, hätten sich längst »als überflüssig erwiesen«. Und in der Tat laufen die Monita beschwerdeführender Bürger via Staatskanzlei meist dorthin zurück, wo sie schon aktenkundig waren: zu den zuständigen Amtsstellen. Osswalds Sinn für Public Relations, deren Tendenz zu direkter Breitenarbeit freilich von Zinn erfolgreich vorprogrammiert worden war, prägte auch die mit Betriebsbesichtigungen angereicherten rollenden Kabinettsitzungen draußen im Lande, wo zuweilen Dorfbürgermeister und Bürger beim Tele-Frageabend im Bürgerhaus den Intimgeruch großer Landespolitik schnüffeln dürfen. Die propagierte Bürgernähe bestimmte schließlich auch den PR-Stil der Kabinetts-Kollegen: Den Landwirtschaftsminister etwa zieht es zur »Inbetriebnahme der Schweinemastgemeinschaft in Altenstadt-Hegheim«. Der Justizminister nimmt auch schon mal am »60jährigen Stiftungsfest des Sportklubs Niederhohne in Eschwege« teil. Den Finanzminister trifft man beim Jubiläumsfest der »Sport- und Sängergemeinschaft Offenthal«, und der Sozialminister findet nette Worte beim »Vereinsjubiläum des Kleingartenvereins Eichenbühl in Neu-Isenburg«. Solchen oftmals hausbackenen Demonstrationen Wiesbadener Kabinettsreife steht seit den letzten Junitagen ein Politprogramm gegenüber, das Osswald der Exklusivität halber -- getreu dem Uralt-slogan »Hessen vorn« -- in einer schon »europäischen Dimension« eingestuft sehen möchte"
"40","0.7595260739326477","Rat von Thesaurus","1970-09-27","https://www.spiegel.de/politik/rat-von-thesaurus-a-c6965cef-0002-0001-0000-000044418105?context=issue",". Erst dann sollten Richter und Verwaltungsjuristen entscheiden, ob sie die vom Computer angebotene Lösung akzeptieren oder eine andere für gerechtfertigt halten. Die Materialflut schließlich, die solche Modelle erzwingt, bedrängt nicht nur Richter, Beamte und Bürger -- quasi die Endverbraucher -, sondern auch die Produzenten, die Gesetzesmacher. So sieht sich der Bundestag immer häufiger genötigt, mit einer »Regenschirmklausel« alle zumeist unbekannten Vorschriften außer Kraft zu setzen, die dem gerade verabschiedeten Gesetz widersprechen. Pannen dieser Art lassen sich nur verhindern, wenn das Management des Staates dazu übergeht, die Arbeit durch Planspiele am Computer zu optimieren. Um neue Gesetze effektiv zu formulieren, müßten Ministerialbeamte und Mitglieder der Parlamentsausschüsse die Konsequenzen neuer Vorschriften -- konfrontiert mit den Fehlerquellen des alten Rechts -- simulieren. Aber auch umfassende Sozialdaten. die Voraussagen über die Auswirkungen eines Gesetzes ermöglichen, können durch EDV gewonnen werden: etwa durch zentrale Speicherung aller Personenangaben, die bislang bei verschiedenen Behörden erfaßt waren. Skeptiker sehen allerdings im zentra- * Professor Dr. Spiros Simitis: »Informationskrise des Rechts und Datenverarbeitung«. Verlag C. F. Müller, Karlsruhe; 1870; 11,80 Mark. len »Personenkennzeichen« die Gefahr des total verwalteten Individuums und fordern -- wie Professor John McCarthy von der Stanford Universität (Kalifornien) -, daß jeder Bürger unbeschränkten Zugang zu seiner Computer-Akte und das Recht zur Korrektur falscher Daten haben müsse. Die Gefahr von Mißbräuchen, die ausgeschaltet werden muß, ändert freilich nichts an der Dringlichkeit des Problems. Jahn hält den Einsatz von Computern »für ein Gebot der Stunde«, sein Ministerium erhofft sich zahlreiche Vorteile: eine Entlastung der Richter ebenso wie »eine Angleichung der Rechtsprechung, insbesondere beim Strafmaß«, und eine bessere Prognose über die Aussichten »einer rechtlichen Auseinandersetzung«. Daß die Datenverarbeitung darüber hinaus die Justiz »von menschlicher Unzulänglichkeit« befreien könnte, glaubt allerdings auch ein so erklärter EDV-Befürworter wie Professor Simitis nicht. Er warnt »vor der Vision einer Justiz, die einer überdimensionierten Registrierkasse gleicht«."
"41","0.7590547800064087","Spiel mit Susi","1967-02-19","https://www.spiegel.de/politik/spiel-mit-susi-a-4d86dc55-0002-0001-0000-000046453097?context=issue","Einen Bleistift in der rechten, einen Radiergummi in der linken Hand, forschten westdeutsche Unternehmer und Manager nach dem Erbe von Indianern, die vermutlich nie gelebt haben oder -- wenn doch -- schon 300 Jahre tot sind. Den Auftrag dazu gab ihnen der Generaldirektor des Elektronik-Konzerns IBM Deutschland, Walther A. Bösenberg, der seit Herbst 1965 in seinem Sindelfinger Schulungsgebäude Unterricht an Computern erteilen läßt. Versandhaus-Junior Peter Neckermann, der Mainzer Ex-Oberbürgermeister und Bundestagsabgeordnete der SPD Franz Stein und das Vorstandsmitglied der Hemer Hibernia AG Dr. Hans Dieter Köster sind einige der IBM-Schüler, die während eines sechstägigen Lehrgangs auch das Indianer-Problem lösen mußten. Die Aufgabe lautete: »Im Jahre 1649 erwirbt ein Engländer eine Insel in Nordamerika von Indianern für nur 21 Dollar. Welche Summe wäre aus diesem Betrag bis heute entstanden, wenn die Verkäufer das Geld damals mit einer jährlichen Verzinsung von ein, zwei und vier Prozent auf einer Bank angelegt hätten?« Auch Kriminalbeamte und sogar der Oberbefehlshaber der US-Armee in Europa, General Andrew P. O'Meara, ließen sich zum Indianerspiel einladen. Ein Bösenberg-Seminar befreite sie von dem Komplex, der, viele Top-Manager und Behördenchefs in der Bundesrepublik plagt. In fast allen deutschen Großunternehmen rechnen heute Elektronengehirne. Ihre Schreibwerke spucken Zahlenkolonnen aus, aber der Durchschnitts-Manager versteht die Technik nicht. Er neigt zur empirischen Praxis anstatt zur theoretischen Vorausschau. Für ihn ist der Computer ein geheimnisvolles Instrument, das sich vor allem dazu eignet, seine in langen Jahren erworbenen Branchenkenntnisse als lächerlich veraltet zu entlarven. Manche Bosse sind ebenso konservativ wie der Deutsche Normenausschuß, der das Wort Computer auf gut teutsch »Komputor« schreiben möchte. Bösenberg, der in Westdeutschland schon mehr als 1300 der Wunderkästen vermietete und verkaufte, hatte anfangs Mühe, Kursusteilnehmer anzulocken. Zu einem der ersten Lehrgänge in Sindelfingen erschien von acht angekündigten Gästen nur einer, die übrigen sagten in letzter Minute ab. Dabei setzt der Unterricht weder mathematisches noch physikalisches Schulwissen voraus. Er beginnt mit der Erklärung primitiver Rechengeräte aus der Römerzeit. Sobald der Neuling in die Sprache und das Zahlensystem der Computer eingeweiht ist -- das binäre Zahlensystem kennt beispielsweise nur die Ziffern 1 und 0 -, kann auch er mit den Maschinen reden. Schon nach wenigen Tagen sind alle Bösenberg-Gäste imstande, Planungsaufgaben, die sie bisher ihren Experten überlassen mußten, selbst zu bewältigen. Sie programmieren und berechnen etwa den Warenumschlag in einem Supermarkt oder füttern die Denkmaschinen mit Daten und Zahlen, um die Kosten für den Aufbau einer Ölraffinerie zu ermitteln. Die Instruktoren von IBM -- Karl G"
"42","0.7584305107593536","Begrenzt haltbar","1968-04-21","https://www.spiegel.de/kultur/begrenzt-haltbar-a-40d32c10-0002-0001-0000-000046106857?context=issue",". Schulen und Kirchen, »auf der dauernden Flucht vor dem Fortschritt der Gegenwart«, lehren immer noch unbrauchbare Moral-Maßstäbe: »Was soll«, fragt Steinbuch, »die Lobpreisung der Arbeit im Zeitalter künftiger Automatisierung, und was soll der Gehorsam gegenüber der Obrigkeit in Zeiten, in denen nur der Widerstand moralisch ist?« Presse und Fernsehen neigen in Deutschland, so Steinbuch, zu »unterschwellig negativer Darstellung technischer Tatbestände': »Wenn der Bildschirm Computer zeigt, dann ertönen unharmonische, unsympathische und mystische Mißklänge. Was soll diese Feindmarkierung?' Der wissenschaftsfeindliche und die Wirklichkeit vernebelnde Einfluß der Hinterwelt schwächte -- mit katastrophalen Auswirkungen in der NS-Zeit -- und schwächt immer noch auch die politische Kritikfähigkeit der Deutschen. Es erscheint Steinbuch nicht überraschend, »daß so dümmliche Ideen wie die »formierte Gesellschaft' hingenommen werden, unsere Gesellschaft jedoch zum Sozialismus keine nüchterne Einstellung findet«. Nicht durch verschwommene Wunschphantasien, so glaubt Steinbuch, sondern durch die »perfekte Technik« werden die »gesellschaftlichen Realitäten der Zukunft beherrscht« sein. Und wenn die Bundesrepublik bis zum Jahre 2000 nicht zu einer »wissenschaftlich, technisch und sozial unterentwickelten Gesellschaft geringen Wohlstands« absinken soll, muß sie den technologischen Fortschritt forcieren und diese Entwicklung lenken lernen. Dabei wird die deutsche Hinterwelt, so weiß Kybernetiker Steinbuch, ihrem anachronistischen Personenkult abschwören müssen -- industrielle und gesellschaftliche Zukunftsentscheidungen werden zunehmend von Elektronengehirnen getroffen werden. Das Vorurteil der Unterwelt gegen die mechanischen Denker hält Steinbuch für schädlich. Nur die schier unbegrenzte Denkkraft der Computer wird das komplizierte Beziehungsgeflecht einer Gesellschaft durchleuchten können, die im Zeitalter der perfekten Technik sich erhalten will. Schreckbilder der Hinterweltler, die den Menschen der Zukunft als Sklaven maschineller Planung zeichnen, erscheinen Steinbuch als bösartige Karikaturen. Die Menschheit, so hält Steinbuch den Hinterweltlern vor, »wurde immer und zu allen Zeiten manipuliert«, von »Eltern, Sippenhäuptlingen, Zauberern, Priestern oder Partei-Ideologen. Neu sei im Zeitalter kybernetischer Planung »nicht die Manipulation als solche, neu wäre, daß diese Manipulation nicht mehr das Licht der Öffentlichkeit zu scheuen brauchte«. Zudem, so weiß Steinbuch, werden die elektronischen Planer zwar Zukunftsperspektiven aufzeigen und die Folgen denkbarer Entscheidungen vorhersagen können -- doch die Entscheidungen selbst werden wie eh und je menschlichem Willen aufgegeben bleiben. Steinbuch glaubt sogar, es werde »immer wichtiger, daß (der) Schalthebelmensch das Richtige will«. Dazu freilich bedarf er eines Wertsystems, das »den zukünftigen Anforderungen im Zeitalter der perfekten Technik« gewachsen sein muß"
"43","0.7577762305736542","Steuerung entglitten","1978-01-15","https://www.spiegel.de/wirtschaft/steuerung-entglitten-a-af196130-0002-0001-0000-000040693625?context=issue","»Die technologischen Lücken« der Deutschen Datenverarbeitung (DV), das versprach Bonns Forschungsminister Hans Matthöfer noch vor zwei Jahren, »sind weitgehend geschlossen«. Was noch zu tun bleibe, kündigte der Minister an, werde das »dritte DV-Programm« zur Förderung von Forschung und Entwicklung (F+E) »bis zum Ende der siebziger Jahre« erledigen. Erklärtes Ziel des mit 1575 Millionen Mark dotierten Vierjahresplans: »Schaffung einer leistungsfähigen deutschen Datenverarbeitungs-Industrie«, die »aus eigener Kraft lebensfähig«, »ausreichend dem Wettbewerb« gewachsen und »von staatlichen Zuschüssen unabhängig« sein soll. Doch Skepsis ist angezeigt. Er hege »Zweifel, ob das Hauptziel der DV-Förderung«, ließ der Bundesrechnungshof in seinem jüngsten Jahresbericht wissen, »unter den gegenwärtig erkennbaren Voraussetzungen überhaupt erreicht werden kann«. Bereits die ersten der drei Bonner DV-Programme, die den technologischen Rückstand der heimischen Industrie gegenüber der internationalen Konkurrenz abbauen sollten, erbrachten laut Bundesrechnungshof »überwiegend unbefriedigende Ergebnisse«. Deprimierendes Fazit: Die Prüfer konnten nicht einmal »ein langfristig angelegtes, sowohl fachlich wie gesamtpolitisch durchschaubares und durch sorgfältige Marktanalysen abgesichertes Konzept« erkennen. Kein Wunder. Der DV-Markt nämlich ist, und dies bereits seit Jahren, für staatliche Hilfen und Entwicklungsdirektiven kaum geeignet. Schon ein Blick in die Bilanz des US-Multis IBM zeigt hinlänglich klar, daß die aus Steuergeldern »breit angelegte Projektförderung« nicht nur in den »Zielvorstellungen zu ungenau« (Bundesrechnungshof) sein mußte, sondern nahezu aussichtslos: IBM Deutschland machte 1976 einen Bilanzgewinn von fast 1,3 Milliarden Mark -- annähernd so viel wie Siemens, der größte nationale DV-Hersteller, in seinem gesamten Computergeschäft umsetzt; allein an Steuern (940 Millionen) zahlte IBM mehr, als der Nixdorf-Konzern weltweit umsetzt (686 Millionen). Andererseits entwickelte sich unter dem Schirm der überhöhten IBM-Preise -- jede fünfte Mark, die IBM von einem Kunden kassiert, ist Gewinn -- ein reges Treiben von DV-Firmen, die sogenannte Peripherie-Geräte deutlich billiger anbieten als die US-Computer-Großmacht. Begonnen hatte die DV-Förderung, um »die monopolartige Vormachtstellung« der Amerikaner, allen voran IBM, zu brechen. Es gelte, hieß es, die DV-Hersteller »mit Basis in der Bundesrepublik« zum »Gegengewicht zur amerikanischen DV-Industrie« zu entwickeln. * Im Rechenzentrum der Deutschen Bank. Das fand auch Konzernherr Peter von Siemens: »Unsere Industrie darf nicht auf einen industriellen Kolonialstatus herabsinken.« Sozialdemokrat und IG-Metall-Mitglied Hans Matthöfer, Forschungsminister des Kabinetts Schmidt, sieht es ähnlich: »Wir dürfen uns nicht vom Import von Schlüsseltechnologien wie der Datenverarbeitung abhängig machen.« Für dieses Ziel war kaum etwas zu teuer"
"44","0.7574641704559326","Einzug der Roboter","1964-03-31","https://www.spiegel.de/politik/einzug-der-roboter-a-ec698c0f-0002-0001-0000-000046173388?context=issue",". Der Automationsexperte der IG Metall Dr. Günter Friedrichs (siehe SPIEGEL-Gespräch Seite 51) fürchtet denn auch zu Recht, daß sich »die Rationalisierungsinvestitionen der Expansionsperiode auf dem Arbeitsmarkt oft erst nach einem Konjunkturrückschlag voll auswirken«. Friedrichs weist diesen Vorgang anhand der statistischen Unterlagen aus der Weltwirtschaftskrise im Jahre 1930 nach. Damals sank die Industrieproduktion des Deutschen Reiches um 19 Prozent, hingegen stieg die Leistung der Arbeiter pro Stunde (Arbeitsproduktivität) um 4,3 Prozent. Grund: Die Unternehmer hatten alle Anlagen mit geringer Produktivität und geringem Mechanisierungsgrad stillgelegt. Angesichts der weit größeren Rationalisierungsmöglichkeiten des Automaten-Zeitalters kommt damit der staatlichen Wirtschafts- und Konjunkturpolitik mehr Bedeutung denn je zu. Ebenso wie sich die Unternehmen mehr als bisher der Produktions- und Absatzplanung widmen müssen, muß der Bund lenkend und planend den Wirtschaftsablauf steuern. Friedrichs mit einem deutlichen Seitenhieb auf die amtliche Bonner Plan -Phobie: »Der technische Fortschritt verändert die Struktur der Wirtschaft derart schnell, daß eine Wirtschaftspolitik, die auf Planung verzichtet, mit Sicherheit irgendwann die Kontrolle verlieren muß.« Auch der Frankfurter Nationalökonom Friedrich Pollock hält es für ausgeschlossen, daß sich die Wirtschaft der Zukunft als Summe der Einzelinteressen quasi selbsttätig steuern kann. Pollock betont, »daß im Prinzip nur eine geplante Wirtschaft die durch die Automation entstehenden Probleme rationell bewältigen kann«. Pollocks Kritik an der Bundesregierung: »In der Europäischen Wirtschaftsgemeinschaft verlangt die Mehrheit gegen den erbitterten Widerstand der auf die soziale Marktwirtschaft eingeschworenen deutschen Regierung, einen Gesamtplan für alle sechs Länder vorzubereiten, da sie offenbar zu der Übereinstimmung gekommen ist, daß für Europa wenigstens die Vorbereitung planwirtschaftlicher Methoden eine Frage von Leben und Tod ist.« Statt jener Übung, den staatlichen Finanztopf je nach Phonstärke und Wahlgewicht über die Interessentengruppen auszukehren, ist eine Strukturpolitik mit gezielten Investitionshilfen vonnöten, um rechtzeitig neue Arbeitsplätze für jene bereitzustellen, die Jahr für Jahr durch die Technik verdrängt werden. Zum anderen müssen die Beschäftigten weit mehr als bisher in die Lage versetzt werden, mit den schnell wechselnden Arbeitsbedingungen fertig zu werden. Tatsächlich stehen in der EWG heute etwa 600 000 Arbeitsplätze nur deshalb leer, weil es an geeigneten Bewerbern, etwa Regel- und Meßtechnikern, Analysatoren, Programmierern und Betriebselektrikern, fehlt. Die Arbeitswelt der Zukunft macht eine dauernde Anpassung des menschlichen Wissens an veränderte technische Umstände notwendig. Daher gibt die US-Regierung allein für die berufliche Fortbildung jährlich 1,7 Milliarden Mark aus"
"45","0.7573858499526978","Ritt auf dem Tiger","1970-01-04","https://www.spiegel.de/politik/ritt-auf-dem-tiger-a-d9f98b80-0002-0001-0000-000045226162?context=issue",". In den Vereinigten Staaten, und ähnlich wohl auch in der Bundesrepublik, wird sich der Etat für Forschung und Entwicklung bis 1980 abermals verdoppeln. Dieser Machtzuwachs von Wissenschaft und Technik Ist verbunden mit einer Zusammenballung wissenschaftlicher Arbeit in immer größeren Forschungszentren, bei gleichzeitiger Spezialisierung der Einzelwissenschaften. Der Ausstoß an Forschungsergebnissen, die sogenannte Innovationsrate, wird weiter anwachsen. Zunehmend werden die Forschungsziele von ideologischen Begründungen abhängig sein; das amerikanische Raumfahrtprogramm war ein markantes Beispiel dafür, und der ehemalige Bonner Wissenschaftsminister Gerhard Stoltenberg machte keinen Hehl daraus, daß er bestimmte Wissenschaftsgebiete, so die Atomforschung, entsprechend ihrer »Glorifizierbarkeit« gefördert habe. Unausweichlich auch werden Länder wie die Bundesrepublik mit ihrer Abhängigkeit von Wissenschaft und Technik dem Zwang zu internationaler Verflechtung ausgesetzt bleiben, sowohl technologisch wie ökonomisch. Schon jetzt sind ehrgeizige Forschungsvorhaben nur im europäischen Verbundsystem lösbar, und die Kapitalverflechtung deutscher und amerikanischer Konzerne schreitet fort. So werden in demselben Maße, in dem Wissenschaft und Technik künftig die Basis der Gesellschaft bilden, die traditionellen Kategorien des bürgerlichen Machtstaates entschwinden. Die Frage: Was wird aus der Bundesrepublik -- wie mächtig wird die Bundesrepublik am Ende der siebziger Jahre sein? läßt sich in den herkömmlichen Denkbahnen nicht mehr ausreichend beantworten. Weder die Zahl der Bataillone oder Atombomben noch die Höhe des Bruttosozialprodukts oder die Zahl der Automobile werden noch hinlängliche Gradmesser für Macht und Einfluß, Ansehen und Entwicklungsstand eines Staates sein. Vor allem aber wird die Beantwortung der Frage: Wer sind die Mächtigen, wer trifft die Entscheidungen? durch solchen Wandel innerhalb des Machtgefüges erschwert werden. Gerade dieser Frage aber gebührt, wenn etwa ein Land wie die Bundesrepublik nicht ziel- und planlos in eine womöglich katastrophale Zukunft treiben soll, vorrangig das Augenmerk kritischer Analyse. Allzuoft ist hierzulande, nicht zuletzt mit den Wahlslogans im letzten Jahr, der Eindruck erweckt worden, als sei es mit Zukunftsplanung nicht so schlecht bestellt. In der Tat: Alle großen Chemie-Firmen, Elektro-Konzerne und Automobilproduzenten verfügen über hochkarätige Planungsstäbe, die Marktlücken und Marktpositionen für die Zukunft ausspähen und aufbereiten. Aber was für die Farbenfabriken Bayer gut ist, muß nicht gut sein für die Bundesrepublik. Studiengruppen, die mögliche Entwicklungen der Gesamtgesellschaft vorausdenken und -planen, haben sich Länder wie Großbritannien, Schweden und Frankreich längst geleistet"
"46","0.7571859657764435","Steuerung entglitten","1978-01-15","https://www.spiegel.de/wirtschaft/steuerung-entglitten-a-af196130-0002-0001-0000-000040693625?context=issue",". Von den in der Bundesrepublik installierten 126 000 Anlagen der elektronischen Datenverarbeitung im Wert von über 31 Milliarden Mark sind immerhin 109 000 sogenannte Terminals (Ein- und Ausgabegeräte), Kleincomputer und Prozeßrechner, ein Markt mit Wachstumsraten um 25 Prozent. Die Kienzle Apparate GmbH in Villingen etwa liefert »intelligente kleine Rechner, die mit Großanlagen korrespondieren«, zum Beispiel Schalter-Terminals für die Filialen der Sparkassen von Paris, der Bank für Gemeinwirtschaft, der Stadtsparkassen Dortmund und Hagen oder an die Rheinischen Volksbanken. Auch ohne Bonner Förderung, ist Kienzle-Sprecher Herbert Ackermann gewiß, wäre seine Firma durchgekommen. Das Geld freilich wurde mitgenommen: Man darf dafür nicht zu stolz sein.« Dennoch sei das Marktkonzept wichtiger als die rund 20 Millionen Mark aus Bonn, die Kienzle in zehn Jahren entgegennehmen durfte. Die von Rechnungshof-Präsident Hans Schäfer beanstandete Konzeptionslosigkeit läßt sich nicht nur mit den Tücken des Markts erklären. Die Beamten fanden nämlich heraus, daß die Kollegen in Bonn zum Beispiel drei gleichartige Computer gleichzeitig förderten. Von Hans Matthöfer gern benutzte Großworte wie »Überlebenssicherung« oder »Arbeitsplatzbeschaffung«, meinte der Rechnungshof lakonisch, dürften nun einmal »nicht zu den Aufgaben des Bundesministeriums für Forschung und Technologie gehören«. Anstößig erschien den Kontrolleuren, daß »Anregungen kaum beachtet« und Hinweise oft erst nach Anmahnung beantwortet wurden. Gelegentlich zeigte sich gar, »daß der Bundesminister nicht ausreichend informiert war«. Offen sei auch die Frage, »in welchem Maße ihm die Steuerung der Projekte entglitten« sei. Der Minister müsse deshalb, mahnten die Prüfer, »Steuerung und Kontrolle straffen«. »Unzureichende personelle Besetzung« lassen die Bundesrevisoren als Entschuldigung nicht gelten. Dann dürfe eben nur so viel bewilligt werden, wie mit dem vorhandenen Personal kontrolliert werden kann. Im übrigen sei es an der Zeit, die Subventionsempfänger, die längst auf ein viertes DV-Programm für die achtziger Jahre spekulieren, schon jetzt zu entwöhnen. Am Ende kämen sie gar dazu, »die Gesamtlast des finanziellen Risikos der mit der Weiterentwicklung von Universalrechnern verbundenen Entwicklungskosten auf den Staat abzuwälzen«. Dank seiner Hilfe, verspricht Hans Matthöfer unverdrossen, könnten sich seine DV-Schützlinge »mit ihren Produkten im Wettbewerb am Markt durchsetzen«. Aber die Frage nach einem vierten DV-Programm beantwortet er ausweichend: »Bei der Dynamik, mit der sich dieses Gebiet noch immer entwickelt, ist es jetzt noch zu früh, um über die Förderung in den achtziger Jahren und ihre Form Festlegungen zu treffen.« Daß »im alten Trott weitergefördert wird«, ist für Lutz Stavenhagen ausgemachte Sache: »Dafür sorgt schon der Selbsterhaltungswille der zuständigen Abteilung und der Kreis der Interessenten.« CDU-Opponent Stavenhagen wurde enttäuscht"
"47","0.7568539381027222","Sieg der Mikrosekunde","1965-05-25","https://www.spiegel.de/politik/sieg-der-mikrosekunde-a-3ccc2c00-0002-0001-0000-000046272769?context=issue",". Ohne Panamac hätte Frankfurt die Antwort »ausverkauft« bekommen, der Deutsche wäre bei einer anderen Gesellschaft gebucht worden, und der Platz in der Panam-Maschine wäre leer geblieben. Ohne elektronische Zentralbuchung in »real time« fliegen Maschinen, die 24 Stunden vor dem Start ausverkauft sind, in der Regel nur mit 90 Prozent Besetzung ab - was die gesamte Auslastung einer Fluglinie und damit ihren Gewinn oder Verlust entscheidend beeinflussen kann. Derartige Ideal-Nutzungen des Computers in »real time« sind selbst in Amerika noch rar, da die zahlreichen Anschlüsse (das »Tele-Processing-System"") sehr teuer sind. Ähnliche Systeme jedoch, bei denen die Betriebsergebnisse per Lochkarte oder Lochstreifen laufend festgehalten, mit geringem Zeitverlust zum Computer geschafft und von ihm ausgewertet werden, finden sich auch in Westdeutschland. So macht der Elektronenrechner der Kölner Kaufhalle GmbH in 58 Kaufhausfilialen permanent Inventur für das Management. Die Elektronik kontrolliert täglich in jeder Verkaufsstelle die Umsätze jedes Artikels und entfernt Ladenhüter aus dem Sortiment, das bis zu drei Millionen Posten enthält. Wenn eine Ware auszugehen droht, bestellt der Computer der Kaufhof-Tochter, die rund 250 000 Kunden pro Tag bedient, automatisch und genau zur richtigen Zeit nach. Er kennt die günstigste Einkaufsmenge und schindet durch prompte Abrechnung alle Lieferantenrabatte und Skonti heraus. Das vom Drahtgehirn verwaltete Lager der Kaufhalle schrumpfte auf die optimale Größe: Es ist immer gerade so umfangreich, daß keine Lücken im Sortiment entstehen. Ähnliche Anlagen steuern bei Deutschlands größtem Kaffeeversandhaus Tchibo die Röstmengen nach den täglich eingehenden Kundenbestellungen, überwachen die Umsätze von 90 000 Vertretern des Versandhauses Schwab und stimmen beim größten bundesdeutschen Kataloghändler, Gustav Schickedanz, Bestellungen, Lager und Rechnungswesen der »Quelle« aufeinander ab. Schickedanz hatte 1957 den ersten kommerziellen und mit Transistoren statt Röhren ausgestatteten Computer in Westdeutschland installiert: das eigens für ihn entwickelte »Informaticsystem Quelle« der Standard Elektrik Lorenz AG. Seither sind allein rund 200 Geräte für den Handel, davon 50 größere Anlagen, hinzugekommen; die Mehrheit der westdeutschen Computer, etwa 1700, arbeitet freilich derzeit noch für die Automation in den Werkhallen (SPIEGEL 14/1964). Dennoch drängen die Roboter unwiderstehlich in die Büros: Von den für westdeutsche Rechnung in Auftrag gegebenen rund 1000 Datenverarbeitern ist der größte Teil für die Verwaltung bestimmt. Daß die Blitzrechner sich rasch vermehren, liegt nicht allein an ihrer Nützlichkeit. Wo sie eingeführt worden sind, reproduzieren sie sich auch selbst"
"48","0.7568291127681732","Briefe","1964-04-21","https://www.spiegel.de/politik/neue-welt-a-d69f650d-0002-0001-0000-000046174440?context=issue",". Dieses Verhältnis wird sich in den nächsten zehn Jahren auf das Verhältnis zwei zu eins verschlechtern. Da die Produktion gesteigert werden muß und kaum anzunehmen ist, daß die Löhne stagnieren, geschweige sinken, gibt es nur einen Weg: Automation. Frankfurt KLAUS DIEDERICHS Nachdem die bundesdeutsche Volksschule als Schlußlicht westlicher Bildungspolitik ohnehin unseren Kindern nur einige Kulturtechniken der Jahrhundertwende mit dem Ziel vermittelt, sie als taugliche Häftlinge in die Produktionsgefängnisse der Wirtschaft zu entlassen, liefert Ihr längst notwendiger Artikel Herrn von Hassel noch nachträglich den Freibrief für seine Forderung: »Soldaten statt Lehrer!«. Hildesheim GÜNTER ROWOHLT In nächster Zeit werden wir es erleben, daß die Bahlsen-Waffelstraße nicht von einer Frau, sondern von Pentzlin selbst kontrolliert wird und daß die Familie Bahlsen das hergestellte Gebäck allein verzehren kann. Welch herrlichen Zeiten gehen wir entgegen - der Mensch ist überflüssig geworden. Wir bauen dann statt Wohnungen wieder Arbeitsämter, damit die Millionen Menschen betreut und registriert werden können. Frankfurt CARL VOGT Feine Zukunftsaussichten für den »freien Westen«. Die halbe Bevölkerung verhungert an vollen Tischen. Neustadt (Schleswig-Holst.) F. ZOBEL Nachdem ich Ihren Automationsartikel gelesen habe, sehe ich nur eine Möglichkeit, mein zukünftiges Leben zu fristen: als Clochard. Münster (Westf.) HERMANN FROESCH Mein Vorschlag: Der SPIEGEL möge sich doch auch, einen Roboter - beispielsweise für Schlagzeilen und Titelgeschichten - anschaffen. Stellen Sie sich vor, wenn dann im Falle eines Falles anstelle gewisser SPIEGEL-Leute »Kamerad Blech« sitzen müßte. Landshut (Bayern) LISELOTTE FRIEDRICH * Witwe des 1963 verstorbenen deutsch-amerikanischen Wirtschaftswissenschaftlers und Publizisten Fritz Sternberg. Automations -Titel Sternberg"
"49","0.7566196322441101","Die Revolution der Roboter","1955-07-26","https://www.spiegel.de/politik/die-revolution-der-roboter-a-3c972803-0002-0001-0000-000031970830?context=issue","Impulsiv hob der englische Handelsminister Peter Thorneycroft auf einem Bankett in der Londoner Guildhall sein Glas zu einem Toast. Lächelnd griffen 500 im Smoking schwitzende Experten der Elektroindustrie nach ihren Sektkelchen, während Thorneycroft begeistert ausrief: »Wir stehen heute vor einer Situation, die so dramatische Veränderungen hervorrufen wird wie einst die Erfindung des Rades. Bald wird es überall automatische Fabriken - menschenleere Betriebe - geben.« Die 500 Ingenieure und Wissenschaftler, die Thorneycroft feierte, waren aus 26 Ländern nach London gekommen und hatten in 150 Sitzungen ein weltbewegendes Problem diskutiert, das stärker als alle politischen Resolutionen den Lauf der Welt bestimmt: den Vormarsch der Roboter. Auch die Sowjet-Union, Ungarn und die Tschechoslowakei hatten Delegierte entsandt. »Diese Konferenz«, schrieb die angesehene englische Wirtschaftzeitschrift *) In der Mittelreihe dritter von links: Walter Reuther, rechts neben ihm seine Frau, Vater Valentin Reuther, Mutter Reuther, rechts außen Bruder Victor Reuther. »The Economist« wenige Tage danach, »war ein Teil des britischen Versuches, sich an den eigenen Schuhriemen emporzuziehen, um die beiden technischen Rivalen - die USA und die Sowjet-Union - endlich einzuholen.« Zwischen Amerika, England und der Sowjet-Union ist seit Kriegsende ein scharfer Wettbewerb im Gange, möglichst vielseitige und »immer schneller denkende« Elektronengehirne zu konstruieren und in den großen Industriebetrieben aufzustellen. In Amerika wurde bereits vor Jahren das Codewort »Automation« für diese modernste Form der Betriebswirtschaft geprägt. Es erregt seitdem Industrielle, Soziologen und Gewerkschaftsführer in allen Kulturländern. Im siebzehnten Stockwerk eines Wolkenkratzer-Palastes in der New-Yorker Madison Avenue können sich die interessierten Großindustriellen aller Länder die neuesten Roboter-Modelle im Stile einer Modenschau vorführen lassen. In dem eleganten Geschäftspalast residiert die Generaldirektion der International Business Machines Corporation (IBM), deren Organisation sich über 79 Länder erstreckt. Die IBM besitzt auch in Westdeutschland - in Sindelfingen, in Böblingen bei Stuttgart und in Westberlin-Lichterfelde - Fabriken, die leistungsfähige Elektronen-Rechenmaschinen herstellen. Herr über diesen weltumspannenden Konzern ist der IBM-Präsident Thomas Watson, der - mit 41 Jahren bereits leicht ergraut - einen Stab höchstbezahlter Ingenieure beschäftigt, um die Vormachtstellung des Konzerns auf dem Gebiet der Elektronentechnik und der automatischen Steuerungsapparate gegenüber der nachziehenden Konkurrenz, etwa der Remington Rand Inc., durch immer neue Verbesserungen weiterhin zu sichern. Das »Watson Computing Laboratory« in der Madison Avenue, Watsons wissenschaftliche Abteilung, ist das Geheimkabinett der »zweiten industriellen Revolution«, die von den Elektronengehirnen ausgelöst wurde"
"50","0.7566109597682953","Briefe","1964-04-21","https://www.spiegel.de/politik/neue-welt-a-d69f650d-0002-0001-0000-000046174440?context=issue",". Ulm (Donau) GEORG BLUM Während Sie in Ihrer Titelgeschichte ein trübes Bild über die Zukunftsaussichten durch die Automation zeichnen, verniedlicht ihr Herr Simoneit diese Gefahren in seinem Gespräch mit Herrn Friedrichs von der IG Metall. Ihre Titelgeschichte erzeugt praktisch eine Panikstimmung; dagegen Herr Simoneit: Bisher sei noch kein Anlaß zur Panik gewesen. Will er denn warten, bis Anlaß dazu besteht? Nürnberg HANS BENZINGER Völlig zu Recht weist Dr. Friedrichs darauf hin, daß nur mit einer »geplanten Wirtschaft« die Probleme der Automation und insbesondere die negativen sozialen Folgen für die Arbeiter gelöst werden können. Meines Erachtens erfordert das allerdings eine grundlegende Änderung der gegenwärtigen Wirtschaftspolitik. Sonst ist es nur noch eine Frage von wenigen Jahren, bis wir auch in der Bundesrepublik ein Millionenheer von Arbeitslosen aufzuweisen haben. Essen WERNER CIESLAK Furchterregend erscheinen die gesellschaftspolitischen Konsequenzen Ihres Berichts. Sie sprechen von dem »nahezu unbegrenzten Fortschrittsglauben« der Bundesbürger. Doch was wird davon übrigbleiben, wenn bei uns ähnlich bittere Erfahrungen gemacht werden wie in den USA? Könnte in diesem Fall eine moderne Automations-Stürmerei ein Ausweg sein? Wohl kaum. Hier zeigt sich in aller Deutlichkeit, daß mit Ziel - und Planlosigkeit, wie sie die Wirtschaftspolitik der Bundesregierung auszeichnen, nichts zu gewinnen, aber alles zu verlieren ist. Bottrop (Nordrh.-Westf.) HEINZ W. CZYMEK Der Notwendigkeitsnachweis der Gewerkschaften für Lohnerhöhungen und Arbeitszeitverkürzungen ist die Geburt der Automation und per Saldo die Vernichtung der Arbeitsplätze. Berlin CARL LORENZ Ohne Marx bis dahin gelesen zu haben, war mir schon in jungen Jahren geläufig, daß zum Zeitpunkt der Vollautomation totale Überproduktion und totale Arbeitslosigkeit herrschen müssen. Im Falle des Privateigentums an den Produktionsmitteln müßten die Menschen dann bei vollen Speichern verhungern; im Falle des Gemeineigentums würden alle ohne Arbeitsleistung satt. Backnang (Bad.-Württ.) HERMANN SCHIEFER Weder Herr Brenner noch Herr Rosenberg werden über die Auslassungen des Herrn Friedrichs reine Freude empfinden. Dem Leser bleiben der Schock und letztlich der Trost, daß Herr Friedrichs noch jung ist. Darmsheim (Bad.-Württ.) WERNER SCHMIDT Zu dem Photo auf Seite 44: Die im Original aus der Zeit vor der Jahrhundertwende stammende Nachbildung der Plastik eines Schöpfkelle und Lederschurz tragenden Gießlers auf der Kommode des elegant gekleideten Metallarbeiterchefs Brenner mutet, bei aller Wertschätzung des Künstlerischen, wie das Symbol eines von Furcht genährten, rückschrittlichen Wunschdenkens an, das auch das Antlitz des Bosses widerzuspiegeln scheint. Bad Oeynhausen HERBERT SCHMIDT Trotz des Umfanges waren die Ausführungen über die Automation unvollständig"
"51","0.7566068172454834","WER HAT ANGST VOR ROBOTERN","1966-08-28","https://www.spiegel.de/kultur/wer-hat-angst-vor-robotern-a-02c4c33f-0002-0001-0000-000046414115?context=issue",". Das leidige Kapitel der »Freisetzung« und der »1,5 Millionen Arbeitslosen jährlich« kann man am besten dadurch abschließen, daß man einen der führenden Wissenschaftler des Ifo-Instituts. Edgar Wolf, selbst zu Wort kommen läßt. Er sagte am 23. November 1965 in einem Vortrag vor dem Wirtschaftsbeirat der SPD, Landesverband Bayern, wörtlich folgendes, nachdem er vorher ausdrücklich dem Gewerkschaftler Günter Friedrichs seine Sorge um die arbeitenden Menschen attestiert hatte: »Er hat aber ... durch die Veröffentlichung der Zahl von 1,5 Millionen Menschen, die nie von uns errechnet wurde, die auch in der Methode der Berechnung angreifbar ist und die auf keinen Fall für eine Extrapolation in die Zukunft verwendet werden darf, der Sache ... keinen guten Dienst erwiesen.« Es ist schwer, wenn nicht unmöglich, über 36 zum Teil sehr lange Referate und über noch mehr Diskussionsbeiträge, über weit mehr als 1000 Seiten Dokumentation, auf beschränktem Raum einen einigermaßen ausreichenden Überblick zu geben. Aus sehr verschiedenen Gründen scheint es angebracht, hier in der Hauptsache nur drei Referenten herauszuheben: - Wilhelm Claussen (zur Zeit der Tagung noch Staatssekretär im Bundesarbeitsministerium), dessen Bemerkungen im Schlußwort von Otto Brenner als »dürftige Erklärungen« charakterisiert wurden; - Walter P. Reuther, den hochintelligenten und temperamentvollen amerikanischen Automobilarbeiter-Boß, der sein Referat zu einem wirtschaftspolitischen Exkurs benutzte; - Neil W. Chamberlain, Professor der Wirtschaftswissenschaften an der Yale-Universität, USA, dessen Vortrag über »Gewerkschaften und Unternehmensführung« zweifellos den Höhepunkt des ganzen Kongresses (wenn nicht gar der ganzen gegenwärtigen Automatisierungs-Diskussion überhaupt) darstellte. Staatssekretär Claussen hielt in Oberhausen nicht den brillantesten Vortrag seiner Karriere. Er referierte eben nur. Und das war vielen seiner Zuhörer nicht recht, vor allem, weil er auch einige unbequeme Wahrheiten sagte. Er erklärte, daß hinsichtlich der Auswirkungen des technischen Fortschritts bei uns zur Zeit kein Grund zu Pessimismus bestehe; daß es falsch wäre, einfach dem Beispiel USA zu folgen: »In der Bundesrepublik liegen die Verhältnisse genau umgekehrt ... Wenn unter Hinweis auf Amerika weitere Arbeitszeitverkürzungen zum Ausgleich nachteiliger Auswirkungen des technischen Fortschritts gefordert werden, so erscheint das mehr als fragwürdig.« Claussen wies ferner darauf hin, daß bei uns das Betriebsverfassungsgesetz eine gute Grundlage für sachgemäße Lösungen biete; daß die bestehenden Hilfen verschiedenster Art angesichts der günstigen Beschäftigungslage zur Zeit kaum in Anspruch genommen werden. Er sagte klar heraus, »daß nicht jede Behauptung stimmt, die als Beweis für die Eroberung unserer Fabriken durch die Roboter angeboten wird«. Er warnte gleichzeitig vor Bagatellisierung des Problems, nahm jedoch für die Regierung in Anspruch, daß sie die Tatsachen ohne Übertreibung beurteilen müsse"
"52","0.7564367949962616","Unbewältigte Zukunft","1969-02-23","https://www.spiegel.de/politik/unbewaeltigte-zukunft-a-a3454fac-0002-0001-0000-000045793922?context=issue",". Großcomputer, die etwa ein bis zwei Millionen Mark kosten, können die Lohnbuchhaltung eines Großunternehmens ersetzen. Sie errechnen die Gehälter, einschließlich Stevern und Abzüge, für Zehntausende von Arbeitern in etwa 25 Minuten. In wenigen Sekunden ermittelt ein solcher Roboter in der Frankfurter Privatbank Berliner Handels-Gesellschaft täglich für jeden Depotkunden den Börsenwert seiner Aktien. Lichtzeichen alarmieren die Effektenhüter, wenn der Wert eines Depots unter die Kreditsumme sinkt, die ein Bankkunde dafür in Anspruch genommen hat. Betriebs- und Prozeßrechner operieren auf schmalerer Spur. Sie steuern Maschinen und überwachen Produktionsanlagen, aber auch den Straßenverkehr. Ein Siemens-Rechner regelt zum Beispiel im Berliner Stadtteil Wilmersdorf die Grüne Welle. Elektronische Fühler (Detektoren) nehmen auf 120 Kreuzungen den Autoverkehr auf und melden ihn dem Computer, der die Ampeln steuert. Die Richtung mit dem stärksten Verkehr erhält zuerst grünes Licht. Vom Big Business der amerikanischen Großcomputer-Industrie ausgeschlossen, züchteten westdeutsche Elektroniker eine neue Rasse von Büro- und Buchungsmaschinen. Die Firmen Nixdorf-Wanderer und Kienzle installierten bereits 10 400 dieser Kleincomputer. Den größten Erfolg in dieser Mini-Branche hatte der Physiker Heinz Nixdorf, den einst sein Mathematik-Lehrer auf dem Gymnasium vom Unterricht befreit hatte, wer er als Rechengenie seinen Mitschülern weit voraus war. Heute produziert der Paderborner Fabrikant mit seinen 1600 Technikern und Facharbeitern täglich 15 Bürorechner und kassiert jährlich etwa sieben Millionen Mark Gewinn. 57 Prozent aller Computer in der Bundesrepublik tragen das Zeichen des amerikanischen Elektronik-Riesen IBM (27,5 Milliarden Mark Jahresumsatz). Selbst Ulbrichts Ost-Berliner »Zentrum Organisation und Datenverarbeitung im Bauwesen« beschaffte sich ein IBM-Exemplar der sogenannten dritten Generation, eine Datenverarbeitungsanlage mit miniaturisierten Schaltkreisen. Die Hamburger Kosmetikfirma Hans Schwarzkopf ließ sich nach eigenen Ideen von IBM einen Duft-Computer bauen. Der elektronische Mixer ermittelt für jeden Bestandteil eines neuen Parfüms, Kopfwassers oder einer Creme genau die Menge, die dem Produkt den angenehmsten Effekt verleiht. Westdeutschlands größtes Versandhandeishaus Quelle in Fürth ließ sich von IBM ein elektronisches Wunderwerk, den ersten elektronisch-optischen Handschriftenleser auf dem Kontinent, entwickeln. Er registriert auch bei nicht ganz exakter Schrift die in Bestellziffern angegebenen Kundenaufträge und signalisiert sie dem Warenauslieferungslager. Noch vor drei Jahren konnte kein handelsüblicher Computer diese Aufgabe erfüllen. Doch viele phantastische Projekte sind noch nicht ausgereift. Es gibt zwar schon komponierende, dichtende, malende und schachspielende Computer, aber noch keine kybernetische Schreibmaschine, in die man nur hineinzudiktieren braucht und aus der nach dem Diktat das fertige Schreiben herausfällt"
"53","0.7559323608875275","Streiks: »Wir pfeifen auf den Fortschritt«","1978-03-12","https://www.spiegel.de/wirtschaft/streiks-wir-pfeifen-auf-den-fortschritt-a-4473c8bc-0002-0001-0000-000040617141?context=issue",". Erstmals in der Nachkriegsgeschichte, zum ersten Male in der Industriegeschichte vielleicht, droht eine Technologie massiv Arbeitsplätze zu vernichten, statt neue zu schaffen. In sämtlichen technischen Durchbrüchen der näheren Vergangenheit, von der Elektrizität bis zu Automobil und Großchemie, haben neue technische Einrichtungen ungeheure Märkte, ungeheure Möglichkeiten und gewaltige Masseneinkommen erschlossen. Die neue Technologie der siebziger Jahre, jene Mikroprozessoren, integrierten Schaltkreise und Klein-Computer, die sich billig und wohlfeil herstellen lassen, aber ist dazu angetan, »im Hinblick auf Arbeitsplätze und Beschäftigung eher Befürchtungen als Hoffnungen auszulösen« -- so eine Untersuchung über »Rationalisierungsinvestitionen und Beschäftigung«, die das Institut der Deutschen Wirtschaft (IW), das den Unternehmern gehört, unlängst veröffentlichte. Computer und Mikroprozessoren nämlich verbilligen die Fertigung in den Industriebetrieben, vereinfachen die Abläufe in Handels- und Dienstleistungsunternehmen, doch sie schaffen nur wenig neue Produkte für den Konsumenten. Während auf den Märkten das meiste so blieb, wie es war, spielt sich in Kontoren und Fabriken eine Revolution ab, die Kosten senkt und Personal einspart. Die Unternehmer, ohnehin vom Konjunkturpessimismus befallen, nutzten ihre Möglichkeiten. So mußte der Bundesverband junger Unternehmer in einer Umfrage bei 450 überwiegend mittelständischen Unternehmen erfahren, daß nur zehn Prozent von ihnen mit steigenden Umsätzen rechneten. 53 Prozent aller Befragten investieren folgerichtig in Rationalisierungen, 44 Prozent in Ersatzbeschaffungen, und nur 22 Prozent planen auch Kapazitätserweiterungen. Die Frankfurter Commerzbank erfuhr durch eine Umfrage hei geschäftlich mit ihr verbundenen Unternehmen. daß 1978 zwar insgesamt die Investitionen wieder steigen, jedoch »Investitionen, die gleichzeitig mit Neueinstellungen verbunden sind, planen nur wenige Unternehmen Die Gewerkschaftsbasis, infolgedessen, weiß mit den Verlautbarungen der Bundesregierung. des Sachverständigenrates und der Wirtschaftsforschungsinstitute, die ihnen Lohnverzicht zugunsten der Unternehmer anempfehlen. wenig zu beginnen. Die eingestanzte Logik. höhere Unternehmenseinkommen führten über zusätzliche Investitionen zu mehr Arbeitsplätzen, sehen sie, was den letzten Teil der Aussage betrifft, ins Gegenteil verkehrt. Auch die besonders vom Sachverständigenrat verkündete Einsicht, daß die zu hohen Lohnabschlüsse von 1974 die Unternehmer in überhöhte Rationalisierungsanstrengungen getrieben haben, glauben die von der Basis nun nicht mehr. Alfred Schaible, Betriebsratsvorsitzender des Daimler-Benz-Werkes in Sindelfingen: »Wenn wir null Prozent fordern würden, würde trotzdem rationalisiert: Die fahren doch dauernd in Amerika und Japan herum. um sich neue Techniken abzugucken.« Die neue Technik wurde denn auch erstmals im Drucker- und im Metallkonflikt Hauptgegenstand der Auseinandersetzung"
"54","0.7553416192531586","100445301111- das Schlimmste von King Kong?","1973-11-25","https://www.spiegel.de/politik/100445301111-das-schlimmste-von-king-kong-a-81a423da-0002-0001-0000-000041840249?context=issue","Computer-Hersteller künden vom Paradies auf Erden, mit »blauem Himmel, reinem Wasser und grünen Städten«. Eitel Glück winkt laut Univac dem, der Univac-Anlagen nutzt -- »damit viele besser leben können«. Rettung aus Umweltschmutz und Unwissenheit. Erlösung von Armut und Angst verheißt IBM seiner Kundschaft. Der Elektronik-Gigant verspricht »das Leben lebenswerter und die Umwelt menschlicher« zu machen -- »Computer helfen denen, die helfen«. Als schier allmächtig preist Deutschlands Denkmaschinist Siemens seine Produkte. Die Weltfirma kann schon »morgen Ihre Aufgabe lösen -- so alltäglich oder außergewöhnlich diese Aufgabe auch sein mag«. Schritt für Schritt, bit für bit ginge demnach auch die Bundesrepublik einer goldenen Zukunft entgegen. Heute schon summen in Westdeutschland rund 15 000 der elektronischen Heilsbringer -- nirgendwo in der Welt, außer in den USA, gibt es mehr; allein in Bayern stehen mehr Computer als in ganz Afrika. * Beim Verfassungsschutz in Köln. Dennoch, die Verheißungen der Elektronik-Industrie wecken nicht mehr allein Zuversicht. Mit dem Vormarsch der elektronischen Datenverarbeitung (EDV) mehren sich vielmehr die Stimmen von Fachleuten, die der frohen Botschaft der Computer-Konzerne düstere Zukunftsvisionen entgegenhalten. Volker Hauff, 33, ehemals EDV-System-Ingenieur bei IBM und heute Parlamentarischer Staatssekretär im Bonner Technologie-Ministerium, sieht ein Zeitalter heraufziehen, wie es Aldous Huxley in seiner »Schönen neuen Welt« und George Orwell in »1984« beschrieben haben. »1984 ist«, fürchtet Hauff, »keine ferne Utopie.« Für »mindestens so wichtig wie die Gefahren der. Kernenergie« hält der renommierte Frankfurter Rechtsprofessor Spiros Simitis, 39, die Bedrohung durch den Computer. »Elementare Rechte des einzelnen«, warnt Simitis in der »Neuen Juristischen Wochenschrift«, »stehen ebenso auf dem Spiel wie Fundamentalbedingungen einer demokratischen Gesellschaft« Was den Politiker wie den Professor und etliche ihrer Kollegen schreckt, ist der Alptraum von einer entseelten, bis zum Terror rationalisierten Computergesellschaft, in der die Herrschenden in mächtigen Elektronengehirnen speichern lassen können, was über einen jeden ihrer Staatsbürger bekannt ist -- ein System, das die britischen Fachautoren Malcolm Warner und Michael Stone schon vor Jahren als eine »Mischung vom Schlimmsten aus Frankenstein und King Kong« beschrieben. Welche dieser Visionen für die Bundesrepublik Wirklichkeit wird, wieviel Heil und wieviel Hölle -- oder ob nur eins von beiden -- der Computer über die Bundesbürger bringt. ob die unbestrittenen Vorzüge überwiegen werden oder die unübersehbaren Gefahren: Darüber steht jetzt in Bonn eine wichtige Vorentscheidung an. Am 29"
"55","0.7551490664482117","Begrenzt haltbar","1968-04-21","https://www.spiegel.de/kultur/begrenzt-haltbar-a-40d32c10-0002-0001-0000-000046106857?context=issue","Deutschlands Schulen und Gymnasien entlassen Abiturienten, von denen jeder fünfte die Anfangsvorlesungen der Universität nicht versteht. Aus Deutschlands Hochschulen und Forschungsinstituten wandern die Besten ab ins Ausland -- seit 1949 etwa 5600 Naturwissenschaftler und Techniker. Deutschlands Luftfahrtindustrie, ehedem führend in der Welt, liegt fast konkurrenzunfähig danieder. Deutschlands Elektronik-Industrie sieht sich in unaufholbarem Rückstand; mehr als 65 Prozent aller Computer in der Welt stammen aus Amerika -- obwohl das erste funktionierende Gerät dieser Art vor 30 Jahren in Deutschland gebaut wurde (von dem Berliner Ingenieur Konrad Zuse). Nur 3,7 Prozent des Nationaleinkommens gibt die Bundesrepublik für Bildung aus (halb soviel wie Japan), nur 1,7 Prozent für Forschung (halb soviel wie die Vereinigten Staaten). »Im Rennen um die Zukunft«, so zog ein deutscher Professor jetzt Bilanz, »haben wir geistig schon resigniert.« Das Fazit stammt von einem aufrührerischen Vertreter des geschmähten Establishment, von Karl Steinbuch, 50, Professor für Informationstechnik an der Universität in Karlsruhe. Aber in seinem Buch, das letzte Woche in den oberen Rängen der Bestsellerlisten auftauchte, tat Steinbuch mehr, als nur die vielberufenen Symptome des technologischen Still- und Rückstands in der Bundesrepublik erneut herzuzählen*. Der Versuch, die verborgenen Ursachen der deutschen Malaise aufzudecken, geriet dem Ordinarius aus Karlsruhe zu einer Schmähschrift, deren polemischer Schwung den Anklagen aufsässiger Studenten nicht nachsteht, Fast immer standen bei der Diskussion um die technologische Lücke zwei Faktoren im Mittelpunkt: Mängel der Organisation und Mangel an Geld. Steinbuch sieht es anders -- ketzerischer. Sein Denkziel: »Ich möchte den befremdlichen Versuch machen, unsere geistige Tradition zu kritisieren.« Seine Denkresultate: >""Das deutsche Problem ist die falsch programmierte Intelligenz.« > »Nicht auf dem Mangel an Fleiß, Mut und Intelligenz unserer Menschen beruht die Trostlosigkeit unserer gesellschaftlichen und politischen Situation, sondern auf der Miserabilität unserer Philosophie.« > Die westdeutsche Gesellschaft sei gefangen« in einer »Ideologie, die den wissenschaftlichen und technischen Fortschritt eigentlich gar nicht wünscht«; sie ist vielmehr »irrational, antitechnisch und antiwissenschaftlich«. Quer durch die kulturellen und politischen Führungsschichten der Bundesrepublik sieht Steinbuch diese museale Ideologie vorherrschen, deren Hauptmerkmal ihre fortschrittshemmende Ignoranz und deren historische Wurzel in der romantisch-humanistischen Geistestradition vergangener Jahrhunderte zu suchen ist. Um diese Fehlhaltung deutscher Gelehrter und Politiker zu umschreiben, entlehnte Technik-Professor Steinbuch einen Begriff aus dem Vokabular des Philosophen Friedrich Nietzsche: den Begriff der »Hinterwelt«. In jener Hinterwelt, so versteht es Steinbuch, überleben die weltanschaulichen Lemuren aus dem 19"
"56","0.7549650073051453","Steuerung entglitten","1978-01-15","https://www.spiegel.de/wirtschaft/steuerung-entglitten-a-af196130-0002-0001-0000-000040693625?context=issue",". Dem ersten Vierjahresplan, mit 353 Millionen Mark noch bescheiden dotiert, folgte 1971 das zweite DV-Programm. Diesmal waren es schon 1811 Millionen Mark. Und bis zum Ende des Jahrzehnts summieren sich die staatlichen Forschungs- und Entwicklungs-Ausgaben für die Computer-Zunft auf über 3,7 Milliarden Mark. Davon nimmt allein der Siemens-Konzern im Dienst der Forschung (""Wir wollen keine Almosen"") fast eine Milliarde Mark aus Matthöfers öffentlicher Hand entgegen, ungerechnet die 183 Millionen für die Siemens-Tochter Computer Gesellschaft Konstanz. Der AEG-Konzern, Platz zwei, bringt es auf 286 Millionen Mark. So manch eine Million versickerte dabei, floß in aussichtslose Computer-Spielereien. Vergebens hatte IBM-General Walther Bösenberg schon vor zehn Jahren gewarnt, »daß ein beträchtlicher Teil der Mittel in der Unterstützung von Vorhaben verpufft, die man bei Anlegung internationaler Maßstäbe als Reproduktion vorhandenen Wissens ansehen muß«. 225 Millionen Mark, rügte jetzt der Bundesrechnungshof, wurden allein bei dem Versuch vertan, einen Großcomputer zu entwickeln. Der Telefunken-Rechner TR 440, so hätten alle Analysen ergeben habe auf dem Markt nicht die geringste Chance. Dennoch wurde der Elektronen-Jumbo gebaut. Denn für Bonn ging es ums Ganze, um die Zukunft ganzer Branchen. Der Export von Industrieanlagen, etwa Atomkraftwerken, werde »schon in naher Zukunft davon abhängig, daß die dazugehörenden DV-Anlagen mitgeliefert werden können« (zweites DV-Programm). Mit AEG-Telefunken hatte sich damals Heinz Nixdorf zusammengetan. Der TR 440 sollte dem »Computer-Zauberer« (""Handelsblatt"") aus Paderborn helfen, sein Angebot an Nixdorf-Kleinrechnern »ohne Riesenaufwand nach oben zu erweitern«. Auch Siemens liierte sich, mit Matthöfers Billigung, mit Konkurrenzunternehmen: Die Münchner, gerade von ihrem computerverdrossenen amerikanischen Kooperationspartner RCA verlassen, gründeten zusammen mit der französischen C II und der holländischen Philips eine neue DV-Firma, die »Unidata«. Doch dieser »erste Schritt in die für notwendig erkannte Richtung« (Matthöfer) erwies sich schon bald als Fehltritt. Zwar kamen Philips mit den Kleinrechnern und Siemens mit dem Unidata-Computer der gehobenen Mit -- telklasse gut ins Geschäft. Doch die Franzosen blieben auf ihren Großrechnern sitzen, die Unidata starb 1975. Eigentlich wollten die Bonner DV-Strategen die glücklosen Größt-Rechnerkonstrukteure AEG und Nixdorf -- inzwischen war in dem Zweibund ein Verlust von 86 Millionen Mark angelaufen -- in den »Europa-Verbund« einschleusen. Nach dem Abschied der Franzosen, die der »Teutonisierung« (,Le Monde"") müde waren, wußten die Deutschen nicht recht weiter. Siemens: »Die haben uns die Leiche einfach vor die Tür geworfen.« Mit einer anderen Leiche lebt Siemens noch heute. Zwar hatte sich der Konzern stets von der TR-440-Entwicklung (""Auf die Dauer Kostgänger des deutschen Steuerzahlers"") distanziert"
"57","0.7549549341201782","Sieg der Mikrosekunde","1965-05-25","https://www.spiegel.de/politik/sieg-der-mikrosekunde-a-3ccc2c00-0002-0001-0000-000046272769?context=issue",". Die Dimension der Zukunft ist aber für die Menschen ... schwer zu erfassen, weil es dem Gehirn nicht möglich ist, die zahllosen Elemente, die auf das Geschehen einwirken, auf einmal zu übersehen ... Wenn mehrere Menschen sich zusammensetzen, lassen sich ihre Gedächtniskapazitäten kaum addieren. Die maschinellen Informationsspeicher dagegen können beliebig gekoppelt werden.« Die Dimensionen Gegenwart (""real time"") und Zukunft mit Hilfe der Elektronengehirne total zu erfassen, ist das hehre Ziel der Computer-Begeisterten. Vor allem die Möglichkeiten zur kompletten Momentaufnahme der Gegenwart sind schon weit entwickelt. Die Direktoren der amerikanischen Westinghouse Electric Corporation demonstrierten Anfang vergangenen Jahres die Vorzüge ihrer neuen Computer-Produktion mit einer elektronischen Vorstandssitzung. Die Manager saßen im verdunkelten Raum vor einem Fernsehschirm, auf dem ständig Meldungen über Betriebsablauf und -ergebnisse in den weit verstreuten Produktionsstätten des Konzerns erschienen. Mit Hilfe eines »Fernfragers«, den die US-Zeitschrift »Fortune« eine »Kreuzung zwischen Schreib- und Rechenmaschine« nennt, konnten sich die Direktoren von weit entfernten Elektronenrechnern augenblicklich weitere Informationen und Berechnungen auf die Mattscheibe zaubern lassen. Damit ist das Wunschbild von Dr. Friedrich Meller, dem Rationalisierungsexperten des Düsseldorfer Waschmittelkonzerns Henkel & Cie., der Verwirklichung sehr nahe gerückt; Meller schwärmt von Rechnern, die 'derjenige, der Entscheidungen zu treffen hat, in jedem Augenblick befragen kann, so wie er einen guten Mitarbeiter befragt«. Schon 1970, so schätzt die amerikanische Computer-Branche werden nur noch Datensysteme in »real time« installiert. Methoden, auch die Zukunft nach Art der Esso-Prognose zu erschließen, treten unter den Namen »Statistische Entscheidungs-Theorie«, »Simulation« oder einfach »Theorie der Spiele« auf. Tatsächlich handelt es sich um Spiele am elektronischen Sandkasten. Allerdings liegen vor dem Einzug ins gelobte Land der perfekten maschinellen Prophetie noch einige Hindernisse. So sind die Maschinen für die schier uferlosen Rechenoperationen groß angelegter Simulationsprogramme immer noch zu langsam. Die benötigte Rechenzeit wächst nämlich überproportional zum Pensum; ein großer Computer, der 1200 Gleichungen im »kleinen Transportprogramm« der Esso in rund fünf Minuten durchrechnen kann, braucht für 6000 Gleichungen im »großen Transportprogramm« vier Stunden. Auch die Eingabe- und Aufzeichnungsgeräte mit ihren mechanisch bewegten Teilen machen sich als Bremsen um so störender bemerkbar, je umfangreicher die gesamte Operation ist. Bei Siemens wird jedoch bereits mit einem Computer experimentiert, der gesprochene Befehle versteht, und die modernsten Schnelldrucker schaffen schon bis zu 60 000 Zeilen pro Stunde. Vor allem aber hapert es noch mit der Beschaffung aller relevanten Daten für möglichst exakte Zukunftsbilder"
"58","0.7548109292984009","Nach Duden","1972-10-01","https://www.spiegel.de/kultur/nach-duden-a-0711bdec-0002-0001-0000-000042805315?context=issue","Wir haben«, sprach namens der »BBB« Abteilungspräsident Georg Diederich, »den Setzer ins Büro geholt.« Das dreifache B bedeutete »Bundesstelle für Büroorganisation und Bürotechnik«, und der Satz umschrieb Sinn und Zweck eines Verfahrens. das Mitte letzter Woche in Darmstadt erstmals vorgeführt wurde. Abgesandte von etwa 150 Bundes- und Länderbehörden begutachteten eine neuartige Schreib- und Satztechnik zur vereinfachten Herstellung von Drucksachen. »In einigen Fällen«, so der Darmstädter Oberamtsrat Heinrich Gehrisch, »sparen wir damit 90 Prozent an Zeit und 60 Prozent an Kosten.« In 18 Monaten und mit einem Kostenaufwand von etwa 70 000 Mark hat die »Bundesstelle«, die der Fachaufsicht des Bundesinnenministeriums untersteht, das neue Verfahren entwickelt -- beraten von Fachfirmen wie etwa dem Nürnberger Büromaschinen-Hersteller Diehl und dem Paderborner Kleincomputer-Spezialisten Nixdorf. Hauptziel der 888-Rationalisierer war es, Satz und Druck für rund 2000 sogenannte Dienstwerke (Umfang durchschnittlich 300 Seiten) zu vereinfachen, die bei Bundes- und Länderbehörden in Gebrauch sind und ständig verändert. ergänzt oder erneuert werden müssen. Bisher dauerte es häufig Wochen oder gar Monate. bis neue Dienstanweisungen oder Richtlinien, etwa nach Inkrafttreten einer Gesetzesnovelle, an die jeweiligen Behörden-Sachbearbeiter ausgeliefert werden konnten. Denn zeitraubend -- und seit Gutenbergs Zeiten nahezu unverändert -- müssen bislang Manuskripte und Satzfahnen, angemerkte und ausgeführte Korrekturen mehrmals zwischen Autor und Setzerei hin- und herwandern, ehe eine fertig umbrochene Satzvorlage etwa für eine neue Rentenberechnung, für Drucksachen des Bundestages oder einen geänderten Lok-Fahrplan entsteht. All dieses Hin und Her wird beim neuen Darmstädter »Schreibautomaten-Lichtsatzverfahren« vermieden. Der behördenwürdige Bandwurm-Name deutet an, daß zwei schon verfügbare Techniken miteinander kombiniert wurden: * Von Lochstreifen oder Magnetbändern gesteuert, fertigen Schreib- * Satzanweisungen im links wiedergegebenen Manuskript: » + Ü + G7« = Überschrift in Schriftgröße 7, Absatz, »+ ZE 010« einspaltiger Zwischenraum, zehn Millimeter hoch, »+ Ü + F« = Überschrift in Fettdruck: »**« = einrücken: »+ S« = gesperrt setzen. automaten, wie sie etwa bei großen Versandhäusern zur Standardausrüstung gehören, Hunderte oder Tausende von Brief-Abschriften (Normbriefen) an, bei denen dann nur etwa die Anschrift jeweils geändert wird. * Beim Lichtsatz, der schon vor zehn Jahren eingeführt wurde, wird ein Elektronenstrahl von einem Computer so gesteuert, daß er Buchstaben und Wörter auf lichtempfindliches Photomaterial (Film oder Papier) wirft, das dann als Druckvorlage dient; die herkömmliche Setzerei mit Lettern, Bleizeilen und Umbruch wird damit überflüssig. Ähnlich wie bei der Magnetbandspeicherung für einen Normbrief wird auch bei dem 888-Verfahren zunächst der Text etwa einer Dienstanweisung via Schreibautomat auf einem Magnetband aufgezeichnet"
"59","0.7547540068626404","100445301111- das Schlimmste von King Kong?","1973-11-25","https://www.spiegel.de/politik/100445301111-das-schlimmste-von-king-kong-a-81a423da-0002-0001-0000-000041840249?context=issue",". Eine von Birkelbach inspirierte Klausel im »Anwendungshandbuch« für die hessischen Gebietsrechenzentren, Unterabteilung Bibliothekswesen, soll gewährleisten, »daß keine individuellen oder individualisierbaren Leserprofile hergestellt werden«. Detektei-Daten für den Verfassungsschutz? Keinerlei Einfluß freilich kann Birkelbach -- zuständig allein für den staatlichen Bereich -- auf die Computer der Privatwirtschaft nehmen. Dort aber, in den Kundendateien und Personalkarteien, in den Detekteien und Auskunfteien, sammeln sich mittlerweile Datenbestände, die in ihrem Umfang denen des Staates kaum nachstehen. In Großunternehmen beispielsweise testen Betriebspsychologen immer häufiger Intelligenz und Begabung, Hilfsbereitschaft und Anhänglichkeit, sexuelle Triebe und seelische Nöte des Personals. Umfassende Psycho-Profile, die sich computergerecht in wenigen Ziffern zusammenfassen lassen, können Auskunft über die Ausprägung Dutzender von Eigenschaften geben -- in welchem Maße ein Mitarbeiter etwa »sensibel«, »loyal«, »aktiv-dynamisch«, »pedantisch« oder »aggressiv« ist. Und es ist gang und gäbe, daß Personaldaten zumindest unter Schwesterfirmen, manchmal aber auch -- über sogenannte »Schutzvereinigungen« -- in ganzen Branchen herumgereicht werden. Ebenso »vogelfrei«, klagt Dr. Gabriele Erkelenz von der Bonner Arbeitsgemeinschaft der Verbraucher, sind Angaben, die Kunden Firmen gegenüber machen -- auf Bestellscheinen und Rätselcoupons, in Kreditanträgen und Kaufverträgen. Kundenkarteien, einst sorgsam gehüteter Firmenschatz, sind -- ohne Einwilligung der Betroffenen -- zum begehrten Handelsobjekt geworden, seit Werber und Marktforscher, auf feinste Streuung ihrer Botschaften bedacht, das Volk immer sorgfältiger in Zielgruppen zerlegen. Vertrieben werden die Daten über das Konsumverhalten der Bundesbürger von speziellen Adressenverlagen, die immer häufiger die Möglichkeit nutzen, die schon seit langem betriebene Selektierung von Personenangaben nun mit EDV-Einsatz zu erweitern und zu beschleunigen. Die Gütersloher »Adressen-Zentrale« (""A-Z"") beispielsweise offeriert der werbenden Wirtschaft Angaben über »praktisch alle privaten Haushaltungen der BRD und West-Berlins Der Ettlinger Anschriften-Verlag Donnelley & Gerardi -- Tochterunternehmen von Dun & Bradstreet, der größten Auskunftei der Welt -- preist in seinem 256-Seiten-Katalog »über 60 Millionen Adressen« an -- aufgegliedert in Gruppen wie »61 000 Teilnehmerinnen eines Kurses über Charme und Schönheit«, »40 000 Postkäufer von Bandscheiben-Sitzkissen« oder »1 100 000 Kunden eines Versandhauses für Ehehygiene«. Die Einbecker »Merkur Direktwerbegesellschaft« bietet -- neben vielem anderen -- an: 20000 Käufer von Rheuma-Kuren. Ein Personenkreis, der außerordentlich hohe Beträge für die genannten Kuren aufgewendet hat. 125 000 Zahnprothesenträger. 30 000 Privatpatienten aus Bad Ems. Eine Personengruppe mit hohem Einkommen und nicht unbedeutendem Vermögen"
"60","0.7545567154884338","Einzug der Roboter","1964-03-31","https://www.spiegel.de/politik/einzug-der-roboter-a-ec698c0f-0002-0001-0000-000046173388?context=issue",". Heute sind in den USA rund 15 000 Elektronengehirne am Werk. In der Bundesrepublik sind es zur Zeit erst 800, und allen EWG-Ländern zusammen stehen nicht einmal 2000 Geräte zur Verfügung. Allerdings holt Europa den amerikanischen Vorsprung mit Riesenschritten auf. So rechnet die EWG-Kommission bereits im Jahre 1970 mit einer kleineuropäischen Präsenzstärke von 10 000 Elektronenrechnern. Jeder Roboter verdrängt unter Umständen Tausende aus ihren erlernten Berufen. Allein im Jahre 1957, als die Automation in den USA voll einsetzte, steckten die Trust-Bosse rund 35 Milliarden Mark, zwei Prozent des amerikanischen Volkseinkommens, in Arbeitskräfte sparende Projekte; 1962 waren es immer noch 26 Milliarden Mark. Westdeutschlands führender Automations-Wissenschaftler, der Frankfurter Professor Dr. Friedrich Pollock, stellte bei seinen Untersuchungen der US-Wirtschaft einen »Trend zur Superkonzentration« fest. Von 1951 bis 1961, so ermittelte Pollock, verleibten sich die 200 größten amerikanischen Industrieunternehmen »trotz verschärfter Antitrust-Gesetzgebung« 1943 kleinere Firmen ein, und im selben Zeitraum kauften die 50 größten Handelsfirmen 322 kleinere Gesellschaften auf. Pollock: »Die Vorteile der automatischen Produktionsweise scheinen... zunächst ausschließlich den Großen zuzufallen und deren Überlegenheit im Konkurrenzkampf noch weiter zu verstärken.« Längst sind die Roboter-Legionen zum Alptraum der Amerikaner geworden. Der Mathematik-Professor Norbert Wiener, der mit seiner Steuer - und Regeltechnik (Kybernetik) die wissenschaftliche Grundlage für die Automation schuf, prophezeite, daß die neue Technik »eines Tages einen volkswirtschaftlichen Nachteil bringt, gegen den die Wirtschaftspleite der 30er Jahre ein Kinderspiel gewesen ist«. Für die USA ist die Automation heute ein »openended issue« - eine Sache, deren Ende nicht abzusehen ist. Der technische Fortschritt verschlingt in den USA jährlich etwa zwei Millionen Arbeitsplätze, und von den Freigesetzten finden alljährlich 160 000 keinen neuen Job mehr. Bei einem Geburtenüberschuß, der etwa doppelt so hoch ist wie in Westdeutschland, müssen die USA nach Schätzungen der Washingtoner Regierung in Zukunft jährlich 3,3 Millionen neue Arbeitsplätze schaffen, um das Anwachsen von Bevölkerung und Robotern auszugleichen. Um die Arbeitslosenziffer nicht noch weiter ansteigen zu lassen, sahen sich die Gewerkschaften zu der fragwürdigen Methode des »featherbedding« (in Federn betten) gezwungen. Auf Grund technischer Neuerungen beispielsweise ist die amerikanische Eisenbahngesellschaft Southern Railway in der Lage, ihre neuen Diesel-Lokomotiven von nur einem Lokführer bedienen zu lassen. Die Eisenbahner-Gewerkschaft erzwang jedoch, daß auch in Zukunft wie bei den altmodischen Dampfloks die Heizer mitfahren, obwohl sie völlig überflüssig sind. Die Dienstanleitung für die hochdotierten Freifahrer besteht lediglich darin, daß ihnen ein Sitzplatz zugewiesen und der kürzeste Weg zur Toilette gezeigt wird"
"61","0.7544602751731873","Einzug der Roboter","1964-03-31","https://www.spiegel.de/politik/einzug-der-roboter-a-ec698c0f-0002-0001-0000-000046173388?context=issue",". Da sich die Anlagen selbst kontrollieren und die Automaten dem Unternehmer einen schnellen und genauen Einblick in die Geschäftslage geben, setzt eine Rekonzentration des Managements ein, die sogar den leitenden Angestellten bedroht. Schon 1955 wurde bei einem Kongreß -Hearing in Washington aktenkundig: »Der draufgängerische und phantasievolle Manager, der sich auf seine durch die Erfahrung gestützte Intuition verlassen hat, ist der neuen Technik zum Opfer gefallen. An die Stelle geschickter Improvisationen ist das sorgfältig kalkulierte Risiko getreten.« »Der freigesetzte leitende Angestellte«, so prophezeite der amerikanische Automationsexperte Everett M. Kassalow, »der seine Abteilung oder Funktion verliert, wird in den kommenden Jahren vielleicht einer der am meisten Betroffenen der sich ausweitenden Automation sein.« Die Optimisten des Roboter-Zeitalters, die in Amerika selten geworden, in der Bundesrepublik aber um so häufiger anzutreffen sind, stützen ihren Fortschrittsglauben vornehmlich auf zwei Thesen. Danach sollen die sozialen Auswirkungen des technischen Fortschritts deshalb gering sein, weil - neue Industriezweige (Elektronik, Dienstleistungen) erblühen und damit den Beschäftigtenrückgang kompensieren und - die neue Technik nur begrenzt anwendbar sei. Beide Thesen sind nur sehr bedingt richtig. Zwar zeigt die Beschäftigten -Statistik in den USA wie in der Bundesrepublik, daß der Anteil der Arbeiter an der Gesamtbeschäftigung immer mehr sinkt, während die Angestelltenquote durch die sich ausweitenden Dienstleistungsberufe immer größer wird. In der Bundesrepublik verminderte sich die Zahl der Industriearbeiter im vergangenen Jahr erstmals um 115 000. Im gleichen Zeitraum wuchs die Zahl der Angestellten um 48 000. Trotz der auch im Automationszeitalter weiter wachsenden Zahl aller Beschäftigten zeigte sich jedoch in den USA, daß zugleich auch das Heer der Arbeitslosen größer wird. Allen Bemühungen der Regierung zum Trotz macht die Reservearmee mehr als fünf Prozent der Beschäftigten aus. Auch die von dem Amerikaner John Diebold, dem Erfinder des Schlagwortes Automation, verfochtene These, nur etwa 15 Prozent der Unternehmen könnten automatisiert werden, erwies sich als fragwürdig. Tatsache ist allerdings, daß die Vollautomation nur in wenigen Fällen möglich ist, beispielsweise in einigen Bereichen der Chemie-Industrie. Die Praxis zeigt jedoch, daß die neue Technik in nahezu allen Zweigen der Industrie und Verwaltung immer mehr Teilbereiche okkupiert.. Ein überzeugendes Beispiel dafür, daß sich auch Unternehmen mit nicht kontinuierlicher Fertigung weitgehend automatisieren lassen, liefert etwa die Keksfabrik Bahlsen, die sogar technisch vergleichbare US-Unternehmen in den Schatten stellt. Lange Zeit galt es unter den Experten aller Schattierungen als ausgemacht, die textilverarbeitende Industrie entziehe sich der Automation nahezu vollständig. Den Gegenbeweis lieferte kürzlich die Spinnerei und Webereien Zell-Schönau AG"
"62","0.7540015280246735","BONN - ULBRICHTS FREUND UND HELFER","1964-10-20","https://www.spiegel.de/politik/bonn-ulbrichts-freund-und-helfer-a-40252beb-0002-0001-0000-000046175774?context=issue",". Was wäre weiter, wenn Betriebe, Gewerkschaften, Universitäten, Schulen und Jugendverbände zu Diskussionsforen, Arbeitstagungen und Erfahrungsaustausch einlüden? Wenn sich westdeutsche Gemeinden an die »Patenschaften« ostdeutscher Gemeinden erinnerten oder selbst solche »Patenschaften« gründeten, um einzuladen und Einladungen anzunehmen, um Gemeinderäte, Theaterensembles, Orchester, Sportmannschaften, Kegelklubs, Geflügelzüchter und Briefmarkensammler auf Besuch zu schicken und als Gegenbesuch zu empfangen? Wie wäre es, wenn bei allen diesen Gelegenheiten den östlichen Atomwaffen- und Friedensvertragsreden praktische Vorschläge entgegengehalten würden, um die Spaltung im kleinen zu überbrücken; wenn Vertreter des Westens von Fach- und Kommunalfragen, vom Reiseverkehr, von währungstechnischen Schwierigkeiten, die für beide Seiten interessant oder ärgerlich sind, sprechen würden? Die Reihe solcher Möglichkeiten ließe sich verlängern. Die meisten von ihnen sind auch schon einmal ausprobiert worden, aber es handelte sich dabei fast immer nur um Einzelunternehmen. Gegen die herrschende Auffassung begonnen, waren sie von vornherein durch Mißtrauen und Kritik, die sie im eigenen Lager fanden, und durch ihre Isolierung zur Ergebnislosigkeit verurteilt. Erfolgreich kann so etwas nur sein, wenn es die moralische Unterstützung der Öffentlichkeit hat. Doch die politische Auseinandersetzung kann und sollte zunächst auch gar nicht Hauptzweck einer westdeutschen Kontakt-Politik sein. Sicherlich wäre es wünschenswert, diese Auseinandersetzung durch möglichst breite Konfrontation auf allen Lebensgebieten zu führen. Erster Zweck westdeutscher Kontaktsuche wäre daher, daß beide Seiten, auch wenn sie sich befehden, miteinander umzugehen lernen. Notwendig ist vor allem anderen, Ressentiments, Vorurteile und die wechselseitige Verketzerung zu überwinden. »Entideologisierung« ist ein Erfordernis auf beiden Seiten - wenn auch nicht in gleichem Umfang. Die Bundesrepublik kann den Kalten Krieg nicht beenden, sie kann seine Fortführung aber behindern, indem sie ihm wenigstens einen Teil seiner Voraussetzung entzieht. Denn obwohl der Kalte Krieg vom Osten begonnen wurde, ist inzwischen auch der Westen darin befangen. Es gibt eine Automatik von Aktion und Reaktion, aus der einer bewußt ausbrechen muß. Solange schon die bloße Bezeichnung der anderen Seite zur Beleidigung ausartet, können auch die Handlungen nur Akte der Feindschaft sein. Niemand kann erwarten, daß hier Freundschaft möglich wird. Fremdheit und Ferne werden zwischen Demokraten und Kommunisten auf absehbarer Zeit unüberwindbar bleiben. Aber möglich erscheint es, zu einem Verhältnis korrekter Sachlichkeit zu gelangen. Um das zu erreichen, kommt es darauf an, möglichst viele »Sachen« zu finden, an denen beide Seiten ein Interesse haben. Schwer kann das eigentlich nicht sein, es bedürfte einiger Phantasie und vor allem solider Fachkenntnisse"
"63","0.7533409893512726","»Mit dem Latein am Ende«","1969-09-21","https://www.spiegel.de/politik/mit-dem-latein-am-ende-a-8c4c84e8-0002-0001-0000-000045562546?context=issue","Wahlredner verkünden die frohe Botschaft auf allen Marktplätzen: Nie ging es den Deutschen so gut wie heute -- im 25. Jahr seit Kriegsende. »Größer als jemals zuvor in einer ähnlichen Zeitspanne«, so rühmt Bundesforschungsminister Gerhard Stoltenberg, sei in den letzten 20 Jahren »der soziale Aufstieg breiter Volksschichten« gewesen; und unaufhaltsam werde der Wohlstand der Deutschen auch künftig weiterwachsen -- »manchen pessimistischen Prognosen« zum Trotz. Für den Weg der Bundesrepublik in eine goldene Zukunft formuliert Stoltenberg den Marschbefehl: »An der vordersten Front der Forschung und Entwicklung« müsse Westdeutschland »eigene Leistungen« vollbringen -- denn »wie wir im letzten Drittel unseres Jahrhunderts leben werden, hängt entscheidend davon ab, was wir heute für die Forschung tun«. Was in der Bundesrepublik heute für Forschung und Entwicklung getan wird, läßt die Parole vom unaufhaltsamen Aufstieg Deutschlands als schiere Augenwischerei erscheinen. So kärglich blieben nach dem Krieg die Aufwendungen für Forschung und Wissenschaft, daß fachkundige Kritiker wie etwa der Karlsruher Kybernetik-Professor Karl Steinbuch fürchten, Westdeutschland könnte sich bis zum Jahre 2000 »dem Zustand eines unterentwickelten Landes« genähert haben. Nur mühsam gelingt es den Bonner Wissenschaftspolitikern, wenigstens 13. Fortsetzung einige Glanzlichter aufzusetzen: Auf dem Sektor der Kernforschung und des Reaktorbaus, so vermerkt ein vom Stoltenberg-Ministerium herausgegebener Wahlprospekt« sei den deutschen Physikern immerhin ein »Durchbruch« gelungen -- »bahnbrechend« sei dabei »die großzügige Förderung durch den Staat« gewesen. Neutrale Beobacher sehen es anders: Experten der weltweiten Organisation für wirtschaftliche Zusammenarbeit und Entwicklung (OECD) konstatierten 1968, es gebe »kein Gebiet der Wissenschaft mehr, in dem Deutschland als führend bezeichnet werden könnte«; Hauptgrund für den deutschen Rückstand sei »die Vernachlässigung von seiten des Staates«. Die OECD-Statistiker ermittelten, daß die Bundesrepublik für den wissenschaftlichen und technologischen Fortschritt seit langem einen weit geringeren Anteil ihres Einkommens ausgibt als fast alle übrigen Industrienationen: * 1967 investierte der Bonner Staat 1,94 Prozent des westdeutschen Bruttosozialprodukts in Forschungs- und Entwicklungsprojekte; nur wenige Jahre zuvor erreichte der Betrag kaum mehr als ein Prozent des Nationaleinkommens. * In den USA und in der Sowjet-Union hingegen betrugen 1967 die Forschungsausgaben jeweils etwa drei Prozent, in Frankreich und Großbritannien je 2,3 Prozent des Bruttosozialprodukts"
"64","0.7533399760723114","Ulbrichts Schatten wird größer","1979-10-07","https://www.spiegel.de/politik/ulbrichts-schatten-wird-groesser-a-1a2e0e4e-0002-0001-0000-000039868604?context=issue",". DDR-Betriebe brauchen für die Fertigung eines Produkts 20 Prozent mehr Stahl als westdeutsche Firmen. Und obwohl die Motorisierung weit dürftiger, das Sozialprodukt je Einwohner um rund 20 Prozent geringer als in der Bundesrepublik ist, liegt in der DDR der Pro-Kopf-Verbrauch an Energie 16 Prozent höher. SED-Chef Honecker: »Auf vielen Gebieten produzieren wir noch zu teuer. Es werden je Erzeugnis zu viel Material und Energie, zu viele produktive Leistungen und Arbeitsmittel verbraucht.« Datenverarbeitung und Elektronik hinken um mindestens zehn Jahre hinter der Entwicklung im Westen her; der Rückstand verhindert eine nennenswerte Rationalisierung und wirkt sich nun auch verheerend auf den Verkauf jener Waren aus, bei denen die DDR noch im vergangenen Jahr international mithalten konnte. Spiegelreflexkameras aus Dresden etwa, bislang auch im Westen geschätzt, haben wenig Chancen gegenüber den mit Mikroprozessoren bestückten japanischen Apparaten, selbst Billig-Uhren aus Ruhla kommen schwer gegen die Quarz-Konkurrenz an. Nur weil numerisch gesteuerte Werkzeugmaschinen (Stückpreis bis zu einer Million Mark) in der DDR überaus preiswert sind, kauften Japaner die Automaten; dann rissen sie die »Robotron«-Elektronik heraus und ersetzten sie durch eine japanische Steuerung. Daß hier erneut eine Schwachstelle ihrer Industrie aufgebrochen ist, wissen die SED-Technokraten genau. Günter Mittag, dem Wirtschaftsmann im SED-Politbüro, gilt die Mikroelektronik als »eine Schlüsseltechnologie«; im Juni 1977 bereits veranstaltete die SED-Führung ein eigenes ZK-Plenum zu diesem Thema: Den Spitzengenossen, die nichts von Chips, ICs und Mikroprozessoren verstehen, sollte damit die Bedeutung der Elektronik beigebracht werden. In diesem Sommer gab die SED-Spitze erneut eine Prioritätenliste heraus: »Besonders sind die Aufgaben zur Entwicklung und Anwendung der Mikroelektronik, der Industrierobotertechnik, von numerischen und nichtnumerischen Steuerungen, zur Höherveredlung chemischer und metallurgischer Erzeugnisse sowie zur Einführung spezieller materialsparender Technologien zu beschleunigen.« Doch ihren Wissenschaftlern und Ingenieuren erlaubt die SED nicht, sich über den neuesten Stand der Technik zu informieren. Nur wenige Wirtschaftsfunktionäre dürfen West-Messen besuchen, nur ein paar Forscher westliche Fachzeitschriften beziehen, und von wissenschaftlichen Kongressen in kapitalistischen Ländern sind Ostdeutsche fast immer ausgesperrt. So kamen im August zu dem weltgrößten Kongreß über Reaktortechnik rund 1500 Wissenschaftler aus 35 Ländern nach West-Berlin, aus der DDR keiner. Ob Reaktortechnik oder Mikroelektronik, wichtigste Informationsquelle der DDR-Experten sind die Sendungen des Kölner Deutschlandfunks"
"65","0.7527995109558105","Generationen von Halbidioten","1952-06-24","https://www.spiegel.de/wissenschaft/generationen-von-halbidioten-a-f1a506ef-0002-0001-0000-000021977185?context=issue",". In den USA hat bereits das Zeitalter derKybernetik begonnen, das Zeitalter der sich selbst steuernden Maschinen mit Robotergedächtnis und Elektronengehirn. Dr. Norbert Wiener, der Chronist der neuen technischen Entwicklung, spricht von einer zweiten industriellen Revolution. Sein Urteil: »Nach der zweiten Revolution wird der Durchschnittsmensch von mittleren oder geringeren Fähigkeiten nichts mehr zu bieten haben, was noch irgend jemand für sein Geld kaufen möchte.« Der Durchschnittsmensch wird - wenn seine Intelligenz weiter absinkt - in absehbarer Zeit nicht mehr in der Lage sein, die komplizierter werdenden Maschinen zu bedienen. Nur das schrumpfende Häuflein der Intelligenten könnte dann noch das Zivilisationsgetriebe in Gang halten. Die große Masse der Unbegabten wäre völlig ausgeschaltet. So lautet die ziemlich dichterisch ausgemalte Zukunftsprognose der Wissenschaftler. Cook nennt ein sehr frühes Datum für den Beginn der Katastrophe: 1985. Die Unfähigen von 1985 würden aber wiederum die Eltern der folgenden Generationen sein. Sagt Cook: »Wenn der Anstoß all der neuen muskel- und geistsparenden Maschinen und all der zeit- und lebenssparenden Kniffe nur Generationen von Halbidioten zur Folge hat, dann ist das große Experiment des 20. Jahrhunderts, das Experiment der industriellen Revolution, ein Fehlschlag.« *) 8,7 Geburten auf 1000 Einwohner, Bundesrepublik: 15,5 Geburten."
"66","0.752763569355011","»Das Stahlnetz stülpt sich über uns«","1979-06-24","https://www.spiegel.de/politik/das-stahlnetz-stuelpt-sich-ueber-uns-a-a42ef604-0002-0001-0000-000040349446?context=issue",". Noch besteht die Hoffnung, daß die nützlichen Datenroboter politisch verantwortliche Herren finden, die nicht der Machtfaszination der Technik erliegen. Dann könnte diese Technologie das wertvollste Werkzeug sein, das der Mensch je erfunden hat. »Diskussion in Bilderstürmer-Manier« Von Helmut Sehirrmacher Der hannoversche Polizeidirektor Helmut Schirrmacher, 56, ist seit 1975 Vorsitzender der Gewerkschaft der Polizei (GdP). Die GdP ist mit 156000 Mitgliedern die größte Polizeigewerkschaft der Welt. Die öffentliche Diskussion über die Datenverarbeitung bei der Polizei ist sicher notwendig, wenn sie -- auch im Interesse der Polizei -- klären hilft, was notwendig ist und was nicht. Es hilft jedoch nicht weiter, wenn diese Diskussion in Bilderstürmermanier geführt wird und nun alles und jedes am Polizei-Computer für verdächtig oder gar unzulässig gehalten wird. Der Bürger zahlt nämlich hinterher die Zeche, wenn die Polizei aufgrund absolut fehlender Daten nicht mehr in der Lage ist, ihren gesetzlichen Auftrag zu erfüllen. Die Frage nach dem Polizei-Computer darf also nicht lauten: alles oder nichts. Selbstverständlich darf nicht allein das technische Potential einer Datenanlage als Maßstab für ihre Nutzung dienen; vielmehr muß das Machbare regelmäßig am rechtlich und tatsächlich Gebotenen gemessen werden. Die GdP weist aber den Vorwurf an die Kollegen im BKA zurück, sie hätten in planloser Sammelwut Daten gesammelt, die zum einen praktisch nicht verwendbar und zum anderen rechtlich nicht zulässig zustande gekommen seien. Schließlich sind sämtliche Dateien mit Wissen und Zustimmung des Bundesinnenministeriums und auch der Länderbehörden angelegt worden. »>Die Alternative wäre ein Blockwartsystem« Von Hans Werner Hamacher Der Düsseldorfer Hans Werner Harnscher, 55, ist seit fünf Jahren Direktor des größten Landeskriminalamtes (LKA) der Bundesrepublik. überregional bekannt geworden war Hamacher 1971, als er sich -- damals Kripochef von Köln -- bei einem spektakulären Bankraub als Austausch-Geisel zur Verfügung stellte. In jüngster Zeit wurde der nordrhein-westfälische LKA-Direktor als möglicher Nachfolger des BKA-Chefs Herold genannt. Die Polizei muß Karteien führen, um wirksam arbeiten zu können. Die Alternative wäre ein Haus- und Blockwartsystem oder eine tief im Gesellschaftsleben eingefressene Geheim- und Gesinnungspolizei -- Möglichkeiten, die niemand ernsthaft in Erwägung ziehen möchte. Die herkömmlichen Karteien haben durch Aufnahme in die elektronische Datenverarbeitung eine neue Qualität bekommen. Das ändert nichts daran: Die Daten stehen nur der Polizei zur Verfügung, nicht sonstigen staatlichen, schon gar nicht außerstaatlichen Stellen. Natürlich müssen Namen von Unverdächtigen festgehalten und gespeichert werden. So sind zum Beispiel Verbrechensopfer gewiß Unverdächtige, und doch speichert die Polizei die Namen aus Indexgründen ein, schon um bei Anfragen des Opfers selbst, seiner Versicherung oder der Justiz den Vorgang auffinden zu können"
"67","0.7522289752960205","Du, unsere Liebe","1969-10-05","https://www.spiegel.de/politik/du-unsere-liebe-a-343f9b32-0002-0001-0000-000045520715?context=issue",". Meinungsumfragen der Allensbacher Demoskopen für das Zweite Deutsche Fernsehen ergaben, daß noch 1966 fast die Hälfte der Bundesbürger nichts vom Berliner Mauerbau im Jahre 1961 gehört hatte, und zwei Drittel wußten nicht, daß es in der DDR eine Karl-Marx-Stadt (früher: Chemnitz) gibt. Wiederum die Hälfte glaubte, Fahrräder wie Kinderwagen könnten im Osten Deutschlands nur mit Bezugsschein gekauft werden, und abermals jedem zweiten Westdeutschen ist unbekannt, daß die DDR Autos fertigt. Indes: Zwischen Elbe und Oder produzieren heute 17 Millionen Deutsche mit ihrer Industrie in zehn Monaten, was vor dem Kriege zwischen Maas und Memel 67 Millionen Deutsche in einem ganzen Jahr erarbeiteten. Sie bauen, zum Beispiel, pro Jahr 12 500 Traktoren und rund 138 000 Autos, spinnen 270 000 Tonnen Garn, fabrizieren 327 000 Waschmaschinen, kochen 4,4 Millionen Tonnen Rohstahl und erzeugen 63 Milliarden Kilowattstunden Strom. Sie rackerten ihre DDR auf den zehnten Platz der ökonomischen Weltrangliste und schaffen, mit 0,5 Prozent der Weltbevölkerung, 1,7 Prozent des Volkseinkommens aller Länder. Dort, zwischen Oder und Elbe, arrangierten sich 17 Millionen Deutsche -wenngleich eher genötigt denn freiwillig -- mit einem Staat, dem bis zum Mauerbau des Jahres 1961 rund 2,5 Millionen Bürger den Rücken gekehrt hatten; schwindet, mit der Hoffnung auf Wiedervereinigung, gesamtdeutsches Bewußtsein; wächst mit dem Arrangement die Staats-Loyalität. Dort entwickelte die Staatspartei ein einheitliches Bildungssystem, das vom Kindergarten über die obligatorische polytechnische Zehn-Klassen-Schule zur Berufsausbildung und über Fachschulen zum Studium oder, über die Zwölf-Klassen-Schule, unmittelbar zur Hochschulreife führt. Die Bildungspolitiker der SED verfügten eine Hochschulreform, die Lehre und Forschung den Bedürfnissen der modernen Industriegesellschaft anpaßte. Jedem Bürger steht der staatliche Gesundheitsdienst zur Verfügung, die Frauen-Emanzipation machte raschere Fortschritte als in der Bundesrepublik. So stellen die Frauen der DDR 34 Prozent der Richter, 70 Prozent der Lehrer, 31,5 Prozent der Ärzte und fast 13 Prozent der Bürgermeister. Im Osten Deutschlands etablierte sich eine Staatsmacht, die sich im sozialistischen Lager -- obzwar als Schulmeister und Besserwisser beargwöhnt -- Einfluß und in Moskau Sympathie erwarb; die, wenn auch unter Mühen und Kosten, in bislang sechs Ländern der Dritten Welt diplomatisch Fuß faßte; die im Westen, der ihr die Anerkennung noch versagt, gleichwohl als Handelspartner Einlaß fand. Das alles gewann Gestalt »unter«, wie die SED heute eingesteht, oft »kaum überwindlichen Schwierigkeiten«. Und wirklich: Nichts sprach für diesen Staat, als am 7. Oktober 1949 der Deutsche Volksrat in der provisorischen Staatsoper an der Ost-Berliner Friedrichstraße die Sowjetische Besatzungszone zur »Deutschen Demokratischen Republik« erhob"
"68","0.7522034049034119","Nichts wird verziehen","1972-07-23","https://www.spiegel.de/kultur/nichts-wird-verziehen-a-770f096f-0002-0001-0000-000042854148?context=issue",". Bei der Washingtoner Zentrale des FBI werden bereits jetzt schon täglich 26 000 Computer-Anfragen bearbeitet. Freilich, die Bedrohung des Privatlebens, die Juristen und Wissenschaftler durch eine zunehmende Computerisierung von Informationen befürchten, wird erst dann akut, wenn -- wie auch in der Bundesrepublik geplant -- zentrale Datenbanken entstehen und die für bestimmte Bereiche (Kreditwürdigkeit. Strafregister, Unfallhäufigkeit und andere) programmierten einzelnen Computer zusammengeschlossen werden. Als Mitte der sechziger Jahre in den USA Pläne für eine zentrale Datenbank vor einem Senatsausschuß diskutiert wurden, warnte denn auch Professor Arthur Miller: »Ein zentraler Computer könnte das Herz eines obrigkeitlichen Überwachungssystems werden, durch welches unsere Finanzen. unser Umgang. unsere geistige und körperliche Gesundheit den Inquisitoren der Regierung oder gar zufälligen Beobachtern offenbart werden.« Die ersten Anfänge einer perfekten -- Überwachung durch Computer haben Warner und Stone in den USA entdeckt. Große Unternehmen wie auch das FBI führen Lektüre-Überprüfungen durch. Dabei werden die von bestimmten Personen aus Bibliotheken ausgeliehenen Buchtitel gespeichert. Wer Bücher von Karl Marx oder Herbert Marcuse ausleiht, fällt zumindest als verdächtig auf. Die »Unfähigkeit des Computers, etwas zu vergessen, was einmal in ihn eingegeben wurde« (Miller), seine Perfektion also, verhindert, daß diese verdächtige Tatsache jemals vergessen wird. So berichten Warner und Stone von einem US-Rekruten, der von einem bestimmten Truppenteil abgewiesen wurde, weil er nach der Computer-Auskunft eine »kriminelle Vergangenheit« hatte. Nachforschungen ergaben, »daß das betreffende Vergehen ein im Alter von zehn Jahren verübter Ladendiebstahl war«. Bisher, so glauben Warner und Stone, wurde unsere Freiheit geschützt durch die »Unfähigkeit von Regierung und Wirtschaft, zusammenzuarbeiten und wirksam Informationen auszutauschen«. Computer aber könnten diese Unfähigkeit beseitigen. Der Zusammenschluß privater und staatlicher Datenspeicher schaffe die Möglichkeit. über jeden Menschen ein detailliertes, exaktes, sofort greifbares Dossier zur Verfügung zu haben. Angesichts eines allmächtigen und allwissenden Computer-Systems. so Warner und Stone, könnte die politische Parole der Zukunft -- frei nach Marx und Engels -- lauten: »Vier Mensch ist frei geboren, aber allenthalben auf Band gespeichert! Arbeiter aller Länder, vereinigt euch, ihr habt nichts zu verlieren, außer euren IBM-Karten«."
"69","0.7520322501659393","Gutes Gewissen","1972-08-06","https://www.spiegel.de/politik/gutes-gewissen-a-88a7dda6-0002-0001-0000-000042920144?context=issue","Peter Braun, Sprecher des Bonner Wissenschaftsministeriums, konnte sich ähnlich rüder Rüge nicht entsinnen: »In der Schärfe haben wir noch keinen Bericht bekommen.« Nach einer Überprüfung der Gesellschaft für Mathematik und Datenverarbeitung (GMD) hatte der Bundesrechnungshof. finanzielle Kontrollinstanz der Staatsmacht. dem zuständigen Minister Klaus von Dohnanyi mitgeteilt, die von ihm besoldeten Forscher seien mit Bundesmitteln nicht wirtschaftlich und sparsam umgegangen. Über die Zustände in dem zu 90 Prozent vom Bund finanzierten, mit einem Budget von 27,2 Millionen Mark ausstaffierten und im Bonn-nahen Schloß Birlinghoven untergebrachten Unternehmen urteilten die Kontrolleure unnachsichtig: »Ohne eine grundlegende Änderung von Struktur, Organisation und Arbeitsweise der Gesellschaft erscheint die ordnungsmäßige Verwendung der Mittel auch für die Zukunft nicht gesichert« Besonders anstößig erschien den Frankfurter Prüfern. daß sich die Birlinghovener Mathematiker und Datenverarbeiter (409 Bedienstete) in den ersten drei Jahren ihrer 1968 gegründeten Gesellschaft »nur am Rande« (Rechnungshof-Prüfer Ministerialrat Fiselius) mit den komplizierten Computer-Problemen der Bundesverwaltung beschäftigten. Statt die Verwaltungen mit Programmen zur Datensammlung und -verarbeitung zu versorgen, habe GMD-Geschäftsführer Professor Fritz Krückeberg seine Schloß-Gesellschaft ganz auf mathematische Grundlagenforschung programmiert. Schlimmer noch: Die Rechnungshof-Beamten plagen sogar Zweifel, ob die Wissenschaftler ihren GMD-Job überhaupt ernst nehmen: »Nicht hinreichend geklärt werden konnte, welche Teile ihrer Arbeitszeit die Instituts- und Abteilungsleiter auf Tätigkeiten verwenden. die überhaupt nicht mit ihrem Dienstverhältnis zur GMD zusammenhängen.« Bei dieser Dienstauffassung -- drei der fünf Birlinghovener Institutsdirektoren sind gleichzeitig am Institut für angewandte Mathematik und Informatik der Universität Bonn tätig -- sei ein Nutzen für die Anwendung der Datenverarbeitung nicht »hinreichend sichtbar geworden«. Wichtige, vom Geldgeber verlangte Hilfsarbeiten seien unerledigt geblieben. etwa die GMD-Beihilfe bei der Einrichtung einer Bundesdatenbank' von Computer-Anlagen des Bundeskriminalamtes und des Deutschen Patentamtes. Auch bei der Entwicklung von Planungs- und Führungssystemen der Bundeswehr hätten die Wissenschaftler die Hilfe versagt. Kritisch berichteten die Rechercheure den Bonner Kollegen: »Die GMD hat sich im wesentlichen nicht an die von Ihnen gesetzten Prioritäten gehalten.« Eigenwillig auch erschien den Frankfurter Beamten Krückebergs Schloß-Leitung. Zwar habe sich der Geschäftsführer einen Führungsstab zugelegt, um die Gesellschaft besser leiten zu können"
"70","0.7518479228019714","Ritt auf dem Tiger","1970-01-04","https://www.spiegel.de/politik/ritt-auf-dem-tiger-a-d9f98b80-0002-0001-0000-000045226162?context=issue",". Von riesigen Trichterstädten, gigantischen Gitterkonstruktionen und Unterwasserhäusern träumen die progressiven Stadtplaner -- ohne daß sie auch nur annähernd brauchbare Vorstellungen davon hätten, wie Menschen künftig wohnen wollen. Und jeweils rund zehn Milliarden Mark Steuergelder kostet die europäische, die sowjetische und die amerikanische Entwicklung eines zivilen Überschallflugzeugs, das in der zweiten Hälfte dieses Jahrzehnts ein paar Leuten den fragwürdigen Vorteil bietet, einige Stunden Reisezeit einzusparen; ob das den Einsatz eines solchen geistigen und finanziellen Potentials rechtfertige, stand kaum zur Debatte. Daß namentlich in der Bundesrepublik Zukunftsforschung und Zukunftsplanung nur erst in bruchstückhaften Ansätzen erkennbar sind, wurde deutlich bei einem »Internationalen Symposium über Zukunftsfragen«, zu dem die »Gesellschaft für Zukunftsfragen« Mitte November vorigen Jahres eingeladen hatte. 50 prominente Forscher, Techniker und Wissenschaftler, dazu 1200 Gäste trafen sich im Kongreßsaal auf der Münchner Theresienhöhe. Zukunftsbestimmende Wissenschaftsgebiete wurden abgesteckt -- doch der Anspruch des Symposiums, die heillose Verflechtung der wuchernden Zweige moderner Technik und Forschung zu entwirren, blieb weithin unerfüllt. Nicht einmal der selbstgestellten Forderung, Zukunftsprobleme einer weithin ratlosen Öffentlichkeit in »allgemein verständlicher« Sprache bewußt zu machen, vermochten die Fachleute Rechnung zu tragen -- unklar blieb, ob sich die verwickelten Sachfragen einer durchsichtigen Darstellung entziehen oder ob es den Experten am Willen zu populärer Ausdrucksweise mangelte. Weniger noch gelang es den vortragenden und diskutierenden Fachleuten, die einander durchkreuzenden Entwicklungstendenzen des technischen Zeitalters -- deren sogenannte Interdependenz -- durchschaubar und übersichtlich zu machen: Städtebauprobleme und Verkehrsfragen etwa wurden an verschiedenen Kongreßtagen isoliert abgehandelt -- kaum verwunderlich in einem Land, in dem Satellitenstädte von der Größe Erlangens (so das Märkische Viertel in Berlin) geplant und erbaut werden, noch bevor die Zufahrtstraßen und Verkehrsverbindungen fertiggestellt sind. Aus hochgelegenen Studierstuben, so schien es, waren die Gelehrten in München herabgestiegen, um einem staunenden, aber auch schaudernden Publikum die bevorstehenden Wunder der Technik vorzuführen: Computer, deren Gedächtnis tausendmal umfassender ist als die Merkfähigkeit derzeit üblicher Elektronengehirne; Flugzeuge, die dreimal so viele- Passagiere aufnehmen können wie die gegenwärtig größten Düsenriesen; Hügelstädte und Siedlungen, die gleich Bohrinseln auf Pfeilern über dem Meer stehen, ferngesteuerte Luftkissenautos oder Massenverkehrsmittel, die wie Rohrpost-Bomben durch ein Kanalsystem rasen, Lernmaschinen und gigantische Kraftwerke, künstliche Nahrungsmittel und synthetische Werkstoffe, die Holz und Eisen überflüssig machen"
"71","0.7516258358955383","Wandelnde Steckbriefe","1979-10-14","https://www.spiegel.de/politik/wandelnde-steckbriefe-a-b77a9ce9-0002-0001-0000-000039867112?context=issue","Professor Hans Peter Bull, oberster Computer-Wächter der Republik, löste Datenschutz-Alarm aus. Die staatliche »Kontrolle über den Bürger«, schrieb er am 25. September dem Innenausschuß-Vorsitzenden Axel Wernitz, drohe allzu stark zu geraten; nunmehr müsse »den Anfängen gewehrt werden«. In der Bonner Beethoven-Halle diskutierte, zwei Tage später, die »Deutsche Vereinigung für Datenschutz« (DVD) über »Informationstechnologie und Bürgerfreiheit«. Manchem Experten liefen, erinnert sich DVD-Vize Gert Hausmann, »kalte Schauer über den Rücken«. Ähnliches Unbehagen, so analysierten letzte Woche professionelle Bonner Presseauswerter? beginnt sich auch schon in den Spalten der Tageszeitungen breitzumachen: Die Deutschen würden, bangte etwa ein Leserbriefautor in der »Süddeutschen Zeitung ein »Volk von wandelnden Steckbriefen«; in Bonn vollziehe sich, argwöhnte ein anderer, ein »entscheidender Schritt zum Polizeistaat«. Laienängste wie Expertenproteste hat das größte Automatisierungsvorhaben provoziert, das jemals im bundesdeutschen Meldewesen anstand -- die Ausgabe computergerechter Personalausweise an 48 Millionen Bürger. Rechtsgrundlage für das Mammutprojekt soll ein von Innenminister Gerhart Rudolf Baum dem Kabinett im Mai präsentiertes »Gesetz zur Änderung des Gesetzes über Personalausweise« sein, dessen Entwurf den Bundestag am 20. September in erster Lesung bereits passiert hat. Im Plenum war Baums Vorhaben ausnahmslos mit Zuspruch bedacht worden. Tatsächlich hat der geplante Plastikpaß in Scheckkartenformat? wie selbst Kritiker einräumen, einen wichtigen Vorzug: Die Karte, die von 1981 an ausgegeben werden soll, gilt, anders als das derzeitige graue Heftchen, als absolut fälschungssicher. Die Berliner Bundesdruckerei soll die neuen Ausweise mit Hilfe »hochentwickelter Technik« zentral herstellen; schon beim Versuch, Lichtbild oder Aufschrift zu manipulieren, werde die Karte »irreparabel beschädigt« (Baum). Massive Bedenken geweckt hat jedoch eine andere Ausweiseigenart, die im Parlament allenfalls beiläufig zur Sprache gekommen ist: Das vorgesehene Personaldokument soll »maschinell lesbar« sein -- wodurch der Ausweis, weltweit einzigartig, zu einem Bestandteil der polizeilichen EDV-Systeme würde. Bei Verkehrs- wie Grenzkontrollen sollen künftig die Plastikkarten mit Hilfe elektronischer »Lesepistolen« abgetastet werden, die über Funk oder Kabel mit staatlichen Datenbanken verbunden sind. Blitzschnell ließe sich dann nicht nur feststellen, ob ein Ausweisbesitzer zur Festnahme oder zur Aufenthaltsermittlung ausgeschrieben ist, sondern auch ein Teil dessen, was sonst noch gegen ihn vorliegt"
"72","0.7515829503536224","Einzug der Roboter","1964-03-31","https://www.spiegel.de/politik/einzug-der-roboter-a-ec698c0f-0002-0001-0000-000046173388?context=issue",". So wurde in den USA kürzlich ein Automat entwickelt, der dem Chef auf eine telephonische Anfrage hin mündlich Bescheid erteilt, welche Menge einer bestimmten Ware noch im Lager vorrätig ist. Da sich die Firmenspitze ihre Informationen über, den kurzgeschlossenen Draht vom Roboter besorgt, werden der Vortrag des Sachbearbeiters und damit auch seine Mitwirkung bei geschäftlichen Dispositionen überflüssig. Ähnlich ergeht es Buchhaltern, Bankangestellten und Finanzbeamten. Schon heute lassen Westdeutschlands Großbanken ihre gesamten Kontoauszüge von Elektronenrechnern vornehmen. Automaten zählen die Tageskasse der Banken und melden den Bestand binnen kürzester Zeit an die Zentralen. Ein Teil der Angestellten sinkt auf die Position von leicht auswechselbaren Büroarbeitern ab, die nur noch die Roboter mit Daten füttern und fertige Ergebnisse ablesen müssen. In Hessen und Baden-Württemberg übersetzten Mathematiker im vergangenen Jahr das Einkommensteuergesetz nebst seinen komplizierten Ausführungsbestimmungen in ein Rechenprogramm, mittels dessen Elektronengehirne in der Lage sind, Einkommensteuer-Erklärungen zu bearbeiten und die fälligen Abgaben zu ermitteln. Dadurch gelang es, die hohe Quote der Fehlberechnungen - mehr als zehn Prozent der von den Finanzbeamten mit Bleistift und Zettel errechneten Steuerbeträge sind falsch - auf ein Minimum zu reduzieren. Unter der immer mehr um sich greifenden Spezialisierung werden einst von einem Betriebsingenieur oder Werkmeister bewältigte Führungsaufgaben in mehrere qualifizierte, aber durchaus nicht aus der Masse hervorstechende Funktionen aufgesplittert. An die Stelle des einstigen Meisters treten mehrere Techniker mit atomisierten Verantwortlichkeiten. Chemiker und Ingenieure mit abgeschlossenem Hochschulstudium, die sich noch vor einer Generation in der Spitze der Firmenhierarchie sahen, treten heute kompanieweise zum Dienst in Labors und Konstruktionssälen an. Ihr jeweiliges Aufgabengebiet ist klein, ihre Abhängigkeit von ihrem vorgesetzten Koordinator 'hingegen groß. In der Praxis übersteigt ihre Position im Betrieb, von einigen hundert Mark Mehrverdienst abgesehen, nicht die des einfachen Angestellten. Angesichts der Flut neuer wissenschaftlicher Erkenntnisse sind sie zudem noch dauernd in Gefahr, von nachdrängenden, ebenso namenlosen Eierköpfen überflügelt zu werden. Ihre eigentliche Bestätigung, so stellte der Soziologe Professor Schelsky fest, finden sie ebenso wie der übrige kleinbürgerliche Mittelstand des Industriezeitalters »in der Teilnahme am materiellen und geistigen Zivilisationskomfort«. Die soziale Nivellierung in den automatisierten Fabriken und Büros verleiht der Firmenspitze eine übermächtige Position. Da sich die Anlagen selbst kontrollieren und die Automaten dem Unternehmer einen schnellen und genauen Einblick in die Geschäftslage geben, setzt eine Rekonzentration des Managements ein, die sogar den leitenden Angestellten bedroht"
"73","0.7515471279621124","Schwarzer Schnee","1966-08-21","https://www.spiegel.de/kultur/schwarzer-schnee-a-8e09c939-0002-0001-0000-000046414053?context=issue","Nahezu unbeachtet von Deutschlands Öffentlichkeit tagte vorletzte Woche auf bundesrepublikanischem Gebiet die internationale Elite der mathematischen Logik, einer Wissenschaft, ohne welche die moderne Computer-Technik, vor allem die Elektronenhirne, undenkbar wären. Rund hundert Koryphäen dieser einst von Philosophen und Mathematikern entwickelten Wissenschaft, Dozenten aus Amerika, Japan, Polen, Frankreich. Finnland, England und der Bundesrepublik, demonstrierten fünf Tage lang in Hannover an den Wandtafeln der Technischen Hochschule die neuesten Erkenntnisse der mathematischen Logik. Das Ereignis wurde in der deutschen Presse allenfalls knapp verzeichnet und nicht einmal von Bundespräsident Lübke gewürdigt. Dabei wurzelt die mathematische Logik in deutschen Gelehrtenstuben. Schon vor rund 250 Jahren wollte der Philosoph Gottfried Wilhelm Leibniz Mathematik und Philosophie zu einem fruchtbaren Bündnis vereinen, denn, so hoffte er, jede strittige Wahrheit müßte sich dann errechnen lassen, und etwa 200 Jahre später begann der Jenaer Mathematik-Professor Gottlob Frege, der Anregung Leibnizens folgend, die verwandtschaftlichen Beziehungen von Mathematik und philosophischer Logik zu erkunden. Doch die auf strenge Trennung ihrer Wissenschaften bedachten Gelehrten ignorierten den Mathematik-Professor, und erst der englische Philosoph Bertrand Russell verhalf ihm 1903 zu wohlverdientem Ansehen. Russell 1959 über Frege: »In seinem Vaterland blieb er noch lange ein obskurer Mathematik -Professor.« Erst nach dem Ersten Weltkrieg breiteten sich Freges Gedanken auch in Deutschland aus. Der Göttinger Mathematiker David Hilbert eröffnete seine Vorlesungen über die Grundzüge der mathematischen Logik. Wie seine Vorgänger, besonders in den angelsächsischen Ländern, übertrug er mathematische Methoden auf die Logik. Hilbert ging davon aus,daß Aussagen in bestimmter Weise zu neuen Aussagen verknüpft werden können. So lassen sich aus den beiden Aussagen »zwei ist kleiner als drei«, »der Schnee ist schwarz« neue Aussagen bilden, nämlich: - »zwei ist kleiner als drei und der Schnee ist schwarz«; - »zwei ist kleiner als drei oder der Schnee ist schwarz«; - »wenn zwei kleiner als drei ist, so ist der Schnee schwarz«. Die Verknüpfungen der Aussagen - sprachlich gekennzeichnet durch die Worte »und«, »oder«, »wenn - so« - werden in der mathematischen Logik durch freilich bislang noch nicht einheitliche. Symbole ausgedrückt (siehe Kasten Seite 128). Dabei ist die Aussagen-Verknüpfung »wenn p, so q« nicht als ein Verhältnis von Grund und Folge zu verstehen, sondern die Aussage »p Pfeil q« ist immer schon dann richtig, wenn »p« eine falsche oder auch, wenn »q« eine richtige Aussage ist. So haben zum Beispiel »folgende Aussagen als richtig zu gelten« (Hilbert): - Wenn zwei mal zwei gleich vier, so ist der Schnee weiß; - wenn zwei mal zwei gleich fünf, so ist der Schnee weiß; - wenn zwei mal zwei gleich fünf, so ist der Schnee schwarz"
"74","0.7514797449111938","Einzug der Roboter","1964-03-31","https://www.spiegel.de/politik/einzug-der-roboter-a-ec698c0f-0002-0001-0000-000046173388?context=issue",". Die Arbeitswelt der Zukunft macht eine dauernde Anpassung des menschlichen Wissens an veränderte technische Umstände notwendig. Daher gibt die US-Regierung allein für die berufliche Fortbildung jährlich 1,7 Milliarden Mark aus. Für den gleichen Zweck wandte die Bundesregierung im vergangenen Jahr gerade 18,5 Millionen Mark auf. Tatsächlich hat sich die IG Metall als einzige westdeutsche Institution neben dem Rationalisierungs-Kuratorium der Deutschen Wirtschaft (RKW) ernsthaft mit den sozialen und ökonomischen Konsequenzen der Roboter-Ära auseinandergesetzt. Während etwa das Bonner Wirtschaftsministerium der Automation nicht einmal ein spezielles Referat widmet, betreibt die IG Metall seit Jahren eine umfassende Dokumentation, veranstaltet Tagungen mit ausländischen Experten und knüpfte Querverbindungen zur EWG-Kommission. So wie die Industriellen die technischen Kniffe der Automation vielfach von amerikanischen Firmen beziehen, benutzen die Arbeitnehmer ihre Beziehungen zu amerikanischen Brudersyndikaten, um durch sie den gefräßigen Vetter der westdeutschen Roboter kennenzulernen. Der Vorsitzende der Industriegewerkschaft Metall, Otto Brenner, dessen Wirkungsbereich Stahlerzeugung und -verarbeitung besonders automationsanfällig ist, entsandte schon Anfang 1957 seinen Mitarbeiter und heutigen SPD-Bundestagsabgeordneten Hans Matthöfer in die Staaten. Drei Jahre lang trieb Matthöfer in 120 automatisierten Betrieben umfangreiche Studien. Die Bundesregierung hingegen sah keinerlei Veranlassung, auch nur einem einzigen Beamten ähnliche Einblicke zu verschaffen. Außerdem richtete Brenner bei seinem Vorstand die Abteilung »Automation und Kernenergie« ein, die Entwicklungen in der ganzen Welt systematisch beobachtet. Auf Vortragsveranstaltungen läßt Brenner deutsche und amerikanische Spezialisten seinen Funktionären Bericht erstatten. Um den Robotern Paroli zu bieten und rechtzeitig Vorkehrungen gegen die technologische Arbeitslosigkeit zu treffen, fordert Otto Brenner die Verminderung der Arbeitszeit auf 35 Wochenstunden bei vollem Lohnausgleich. Nur dadurch, so meint er, könnten in Zukunft die Gefahren des technischen Fortschritts von der Bundesrepublik abgewendet werden. Metall-Brenner und sein Textilkollege Karl Buschmann haben den Firmen unterdes einen Katalog von Forderungen zugestellt, die auf den Schutz der Arbeiter und Angestellten vor den gefräßigen Robotern in Betrieb und Büro abzielen. Die Unternehmer sollen - ihre Betriebsräte rechtzeitig über Automationsprojekte informieren und ihnen alle Pläne aushändigen, - Vertreter der Gewerkschaften »bei allen Phasen« der Verhandlungen zwischen Firmenleitung und Betriebsrat hinzuziehen, - Automationsopfer auf Kosten der Firmen für eine neue Tätigkeit anlernen und ihnen für die Dauer der Kurse ihren alten Lohn zahlen, - Arbeitern, die entlassen werden müssen, eine Übergangshilfe von drei bis zwölf Monatsverdiensten gewähren"
"75","0.7514380216598511","Unbewältigte Zukunft","1969-02-23","https://www.spiegel.de/politik/unbewaeltigte-zukunft-a-a3454fac-0002-0001-0000-000045793922?context=issue","Zwei Jahre lang durchforschten zwölf Wissenschaftler und 20 Assistenten ein Weltproblem. Monatelang bereisten sie 21 Länder. Sie besuchten Rechenzentren, automatisierte Fabriken und Atommeiler, kletterten auf Prüfstände von Düsenaggregaten und diskutierten mit Dutzenden von Managern. Nachdem sie fast eine Million Mark Reisespesen ausgegeben hatten, fuhren sie nach Paris zum Château de la Muette, dem Hauptquartier der Organisation für wirtschaftliche Zusammenarbeit und Entwicklung (OECD), der 21 Staaten angehören. In dem Barockschloß brachten sie ihre Erkenntnisse zu Papier. Das Skript wird 14 gedruckte Bände mit rund 1300 Seiten füllen. Es soll in den nächsten Monaten veröffentlicht werden. Die Enquete liest sich wie eine Krankengeschichte der europäischen Industrie. Das Leiden: »Technologische Lücken« -- so lautet auch der Titel der Untersuchung. Die OECD-Forscher stellten unter anderem die Diagnose: »Vor dem Ersten Weltkrieg waren England, Deutschland und Frankreich zusammen die führenden Mächte der Welt in Wissenschaft und Technik. Seitdem hat Deutschland aus verschiedenen Gründen seine führende Stellung in der Wissenschaft verloren. Ein Hauptgrund war die Vernachlässigung von seiten des Staates. Es gibt kein Gebiet der Wissenschaft mehr, in dem Deutschland als führend bezeichnet werden könnte.« So laufen die Deutschen, die in 24 Jahren ihre Vergangenheit nicht bewältigten, Gefahr, auch die Zukunft nicht zu meistern. Der Rückstand zeigt sich vor allem in den zukunftsträchtigsten Industriezweigen: * der Elektronik, * dem Flugzeugbau, * der Weltraumfahrt und * in vielen atomaren Bereichen. Durch diese Lücke rückten die Dollar-Divisionen der amerikanischen Großkonzerne vor und überzogen die Bundesrepublik mit einem Netz industrieller Stützpunkte. Sie beherrschen zum Beispiel den Markt der elektronischen Datenverarbeitungsanlagen zu 80 Prozent (siehe Graphik Seite 49). Die International Business Machines Corporation (IBM), größter Büromaschinen-Konzern der Weit, produziert in einer Woche soviel Computer wie das zweitgrößte deutsche Industrieunternehmen, die Siemens AG, etwa in einem Jahr. Die einst renommierte deutsche Flugzeugindustrie verkümmert im Schatten der luftraumbeherrschenden amerikanischen Aero-Tycoons wie Lockheed, McDonnell-Douglas und Boeing. Von der Weltraumfahrt ausgeschlossen, blieb der westdeutschen Industrie auch der Zugang zu den modernsten technologischen Erkenntnissen versperrt, die viele Industriezweige befruchten. Die Ingenieure und Manager der Bundesrepublik müssen sich mit den Verfahren und Patenten zufriedengeben, die Amerikas Giganten verkaufen, wenn sie mit noch leistungsstärkeren Erfindungen schon den nächsten Schritt in die Zukunft getan haben. Vor dem Zweiten Weltkrieg war Deutschlands Pharmazie die Apotheke der Welt. Heute besitzt sie nur noch zwölf Prozent Anteil an der Weltpharmaproduktion, während die amerikanische Konkurrenz 50 Prozent eroberte"
"76","0.7511617541313171","Wer kontrolliert?","1972-07-16","https://www.spiegel.de/politik/wer-kontrolliert-a-73098bf3-0002-0001-0000-000042920407?context=issue",". Nehmen wir einige Kernpunkte: Die Möglichkeiten des rechnerisch-wirtschaftlich Machbaren sind unerhört gewachsen. Sie sind so groß geworden. daß Staaten von der Größenordnung der Bundesrepublik nicht mehr alles Erforschbare und daraus für die Praxis zu Entwickelnde erforschen und entwickeln können. Wir beginnen auch hier mit vielen öffentlichen Geldern (die Freiheit ist dann nicht in Gefahr) -- arbeitsteilig vorzugehen. Nur ist noch kein Maßstab erkennbar, weshalb und warum schnelle Brüter, Europarakete. Computertechnik, Krebsforschung, planetare Informationsvermittlungssysteme, Schutzmaßnahmen für Wasser, Boden (plus Schätze) und Luft soviel oder sowenig oder überhaupt keine Mittel erhalten- Es sei denn, wir halten die auftretenden Bedürfnisse der Konkurrenz oder des bisherigen Dahinwurschtelns mit ihren bitteren Konsequenzen für einen Maßstab. Sicher ist jedoch, daß wir mit solchen Entscheidungen ein Gehäuse unserer Zukunft errichten. Wer kontrolliert das eigentlich«? Wie wird das kontrolliert? Das ist die erste Machtfrage: Wer entscheidet, in wessen Interesse, von wem kontrolliert und wie kontrolliert. über die wichtigsten Vorhaben der Forschung und ihrer praktischen Nutzung durch Entwicklung«? Wir haben in den modernen Industriegesellschaften zum erstenmal in der Geschichte der Menschheit den Mangel an Kapital weitgehend abgeschafft. Unser Superminister und die Opposition belehren uns (nach dem geltenden System) zu Recht darüber, daß wir aus konjunkturpolitischen Gründen uns dieses Nichtmangels nicht bedienen dürfen. Wir »sparen als Staat bei der Aufholung des anerkannten Nachholbedarfs. Auf wessen Kosten, zu wessen Nutzen wird hier »gespart""«? Wir steuern die Rezession an. wenn wir Stabilität wollen. Wir bremsen das Wachstum des Bruttosozialprodukts, das wir benötigen. wenn private Einkommen und öffentliche Leistungen steigen sollen. Wir wollen Wachstum und haben keinen qualitativen Maßstab dafür. Und wenn wir ihn haben, fehlen uns die Instrumente, die gewollte Qualität zu verwirklichen. Wir können auf dem Mond große Sprünge machen, aber Wachstum, Vollbeschäftigung und Währungsstabilität können wir instrumental nicht gleichzeitig optimal steuern. Wer kontrolliert das eigentlich? Wie wird das kontrolliert? Das ist die zweite Machtfrage: Wer entscheidet, in wessen Interesse. von wem kontrolliert und wie kontrolliert. über die wichtigsten Investitionen. ihre Verteilung auf Branchen und Regionen? * Es wachsen gleichermaßen unter gleichbleibenden Voraussetzungen die Erschöpfung unserer natürlichen Vorräte, die Vergiftung der Natur und die Übervölkerung. Die Menschen, angetreten, die Natur zu beherrschen, geraten damit zunehmend in die Gefahr. von den Konsequenzen der wirtschaftlich-liberalen Naturausbeutung beherrscht zu werden. Hier treten »Sachzwänge« auf. die als Endpunkt den Kampf aller gegen alle um das nackte Überleben haben müssen"
"77","0.7508786916732788","Briefe","1956-10-16","https://www.spiegel.de/politik/automation-a-70b96223-0002-0001-0000-000043064344?context=issue","Darf ich Ihre Norbert-Wiener-Story noch um eine Nuance bereichern? Seit einiger Zeit ist der Urvater der Kybernetik Chefberater der amerikanischen Gewerkschaften in allen Fragen der Automation. Demnach haben Norbert Wieners Warnungen doch dort (wenn auch mit einiger Verzögerung) gezündet, wo er es sich am ehesten erhofft hatte. Übrigens hat sich das mathematische Wunderkind durch seine offen gezeigten progewerkschaftlichen Sympathien bei den klassenbewußten US-Unternehmern bedenklich in die Nesseln gesetzt. Stuttgart H. HEINRICHS Pressestelle des Arbeitsministeriums Baden-Württemberg ... Zu Wieners Pessimismus besteht kein Anlaß. Von einer »Diktatur des Roboters« ist so wenig die Rede, wie es bisher und jetzt keine »Diktatur der Mathematik« gab und gibt. Denn der Golem kann sich keine Ziele setzen, die muß ihm der Mensch geben. Wenn aber, wie sich im China -Amerika-Konflikt gezeigt hat, die Konzentration auf die Denkmaschine die Leidenschaften abkühlt (die immer und einzig zum Kriege geführt haben) und dem rationalen Kalkül überläßt, was sonst den Affekten und der Spielwut der Staatsmänner überantwortet blieb - wenn die Konzentration auf die Denkmaschine also Kriege verhindert und den Völkern namenloses Elend erspart, dann können wir zufrieden sein. Berlin-Buckow DR. PAUL FELDKELLER Sie haben in Ihrem Artikel mit keinem Wort die Forschungsergebnisse der Russen erwähnt, die auf dem Gebiet der Transistoren und elektronischen Roboter heute in der Welt führen, was selbst die Physiker der USA zugeben. So haben die Russen zum Beispiel Rapid -Selektoren entwickelt, die Raum für 70 000 Dokumente - auf Mikrofilm aufgenommene Zeitungsausschnitte, Kommentare und Archivkarten usw. - bieten. Photozellen tasten das Signalfeld auf dem ablaufenden Film ab, das identisch mit der Lochkarte ist, und wählen das gerade Interessierende aus. Wuppertal ERNST WEITZEL stud. med. dent. ... Hier ein weiteres Beispiel, wie Rechenroboter indirekt in das politische Geschehen eingegriffen haben: Das US - Pentagon suchte plötzlich sehr schnell für einen wichtigen Geheimauftrag einen technisch vorgebildeten Offizier mit bestimmten Spezialkenntnissen und chinesischen sowie japanischen Sprachkenntnissen. Eine geheime Rundfrage auf dem üblichen 08/15 -Dienstwege hätte Monate erfordert. Die Sache eilte jedoch. Nun verfügt auch das Pentagon bereits seit einiger Zeit über elektronische Rechen- und Sortier-Maschinen. Eine Bull-Sortiermaschine kann 42 000 Lochkarten innerhalb von 60 Minuten einmal durchlaufen lassen; die IBM- (Internationale Büromaschinengesellschaft-) Statistik-Maschine Typ 101 kann innerhalb einer Stunde 27 000 Lochkarten elektronisch gleichzeitig sortieren, gruppieren, auszählen und die Resultate druckreif für statistische Tabellen niederschreiben"
"78","0.7508267760276794","Unbewältigte Zukunft","1969-02-23","https://www.spiegel.de/politik/unbewaeltigte-zukunft-a-a3454fac-0002-0001-0000-000045793922?context=issue",". Doch viele phantastische Projekte sind noch nicht ausgereift. Es gibt zwar schon komponierende, dichtende, malende und schachspielende Computer, aber noch keine kybernetische Schreibmaschine, in die man nur hineinzudiktieren braucht und aus der nach dem Diktat das fertige Schreiben herausfällt. Die ungelösten Probleme spornten die westdeutschen Elektro-Industriellen an, selbst Neuland zu erforschen. Der Konkurrenzkampf im Computer-Reich wird mit Rekordgeschwindigkeiten von Nano(Milliardstel)-Sekunden geführt. Heute bewältigen die schnellsten Roboter zehn Millionen Operationen in einer Sekunde, die nächste Computer-Generation soll diese Leistung abermals vervielfachen. Der Münchner Grollindustrielle Ernst von Siemens fürchtet: »Wir sind aber auf die Dauer überfordert, wenn wir allein aus eigener Kraft das erreichen wollten, was die amerikanischen Unternehmen mit umfangreicher Unterstützung des Staates schaffen.« Bonn hatte für die Elektronik-Forschung bisher nur 67 Millionen Mark übrig. Am schwersten fällt es jedoch der auftragsarmen westdeutschen Flugzeugindustrie, sich ohne Starthilfe vom Boden zu erheben. Sie lebt von verflossenem Ruhm: Am 18. Juli 1942 startete auf dem geheimen Flugplatz Leipheim bei Ulm das erste Serien-Düsenflugzeug der Welt, Willy Messerschmitts Me 262. Amerikas erste Düsenmaschine, die Lockheed P-80 Shooting Star, flitzte erst im Januar 1944 von der Piste, als Messerschmitt bereits über 1000 Jets gebaut hatte. Aber heute beherrschen die amerikanischen Jet-Fabriken den Weltmarkt (85 Milliarden Mark Einnahmen in zehn Jahren), während die Messerschmitt- und Heinkel-Nachfolgegesellschaften sich mühsam von Nato-Brosamen ernähren. Als die Alliierten der deutschen Flugzeugindustrie 1955 wieder Produktionserlaubnis erteilten, durfte sie den amerikanischen Starfighter montieren. Dann baute sie in Koproduktion mit der französischen Nord-Aviation den Transportgiganten Transall C-160, ferner im Alleingang Sportmaschinen und Manager-Jets. Aber kein Typ wurde ein Schlager. Um die Misere zu überwinden, versuchte Dornier vertikal aufzusteigen. Seine Werke in Immenstaad entwickelten den ersten Lasten-Senkrechtstarter der Welt mit Strahlantrieb (Do 31). Er soll drei bis fünf Tonnen Nutzlast mit 650 Kilometer Stundengeschwindigkeit befördern. Nachdem der Prototyp am 10. Februar 1967 von seinem Jungfernflug zurückgekehrt war, zog das Bundesverteidigungsministerium seine helfende Hand zurück. Der Etat war erschöpft. Für fünf Millionen Dollar wurden die Erfahrungen der ganzen Entwicklung an die USA-Raumfahrtbehörde Nasa verkauft. Die finanzschwachen Flugzeugbauer hofften, besser ins Geschäft zu kommen, wenn sie sich mit amerikanischen Großfirmen liierten. In Süddeutschland gewann die Bölkow GmbH, die vor kurzem mit Messerschmitt fusionierte, die Boeing Company als Partner. Im Norden öffnete Focke Wulf der United Aircraft Corporation und der International Standard Electric die Werktore"
"79","0.7504295110702515","Unbewältigte Zukunft","1969-02-23","https://www.spiegel.de/politik/unbewaeltigte-zukunft-a-a3454fac-0002-0001-0000-000045793922?context=issue",". Die Deutschen wären dann, wie alle Völker. die den Brückenschlag zum nächsten Säkulum versäumten, nur noch Heloten der Konsumgesellschaft im Schlepptau der führenden Wirtschaftsmächte. Schon heute zeichnet sich die technologische Kluft als tiefer Einschnitt in der Leistungskurve ab: In den USA erzeugt jeder Erwerbstätige im Durchschnitt Waren oder Dienstleistungen im Werte von 37 500 Mark, in der Bundesrepublik hingegen nur für 15 600 Mark. Die gleiche Produktionsleistung, die zum Beispiel ein Ford- oder General-Motors-Mann in Detroit vollbringt, erfordert in deutschen Automobilwerken den Einsatz von 2,4 Arbeitern. In den automatisierten Chemiebetrieben Amerikas schafft ein Lohndiener der Roboter-Batterien zweieinhalbmal soviel wie ein westdeutscher Chemiearbeiter. Das Bonner Establishment -- unter den Bundeskanzlern Adenauer und Erhard jeder Planung und mithin auch jedem langfristigen Forschungsziel abhold erkannte nicht die Rolle des Staates als Schrittmacher ins dritte Jahrtausend. Es ließ zwar eine Art Forschungsministerium entstehen, aber es war ein Produkt wahlarithmetischen Fingerhakelns. Als nach der Bundestagswahl 1953 um die Ministersessel gefeilscht wurde, fühlte sich die CSU um einen Posten betrogen. Da die konventionellen Ressorts schon vergeben waren, erhielt der CSU-Manager Franz-Josef Strauß ein Sonderministerium, das 1955 in Atom-Ministerium, später in Ministerium für wissenschaftliche Forschung umbenannt wurde. Doch diesem Ministerium fehlt die Exekutivgewalt, notwendige Strukturänderungen zu steuern, vor allem fehlen ihm die finanziellen Mittel. Die Welt von morgen wird heute in den Forschungsstätten und Laboratorien vorbereitet. In den amerikanischen .Forschungszentren der Industrie und in den .Hochschulinstituten tüfteln 435 000 Wissenschaftler und Ingenieure an neuen Produkten und Verfahren. In der Sowjet-Union schürfen 416 000 technische Geistesarbeiter nach dem Gold der Zukunft, in Japan brüten 115 000 Physiker, Chemiker und Ingenieure der Zukunftsindustrie über neuen Konkurrenzprodukten und noch billigeren rationellen Fertigungsmethoden. Die Bundesrepublik hingegen verfügt nur über 40 000 technologische Eierköpfe. Fast 20 Milliarden Mark steckt die Bundesregierung jährlich in die Destruktionsbranche Rüstung; die geistige Rüstung ist ihr nur 1,9 Milliarden Mark wert, davon sind 655 Millionen für die Hochschulen bestimmt, 659 Millionen für Kernenergie-Forschung und -Nutzung und 324 Millionen für die Beschäftigung mit Problemen der Weltraumfahrt. Als die Bundesfinanzen noch gesund waren und im Bonner Juliusturm sieben Milliarden Mark Haushaltsreserven lagen, verplemperte die Regierung den Hort neben den vielen Wahlgeschenken. Der CDU-treue Nährstand schluckte seit 1949 rund 40 Milliarden Mark Bonner Kraftfutter. Neben der grünen Subventionssaat wucherten noch 492 andere Arten staatlicher Zuschüsse. Jahrelang zahlte der Bund 300 bis 400 Millionen Mark »Konsumbrot«-Subventionen an Müller und Bäcker"
"80","0.7502665519714355","Die Magie der Roboter","1956-10-02","https://www.spiegel.de/politik/die-magie-der-roboter-a-180acdda-0002-0001-0000-000043064251?context=issue",". »Somit eröffnen sich im Frankfurter Rechenzentrum ungeahnte Möglichkeiten«, prophezeiten die Manager von Remington-Rand. »Frei von der eintönigen Routinearbeit, wird der Mensch zunehmend wieder Zeit für schöpferische Aufgaben haben. Diese nicht in Geld wägbaren Vorteile werden mit gesteigerter Wirtschaftlichkeit der kaufmännischen und technischen Büroarbeit Hand in Hand gehen. Es wird billiger, zuverlässiger und rascher gearbeitet.« Die mehrfarbigen Kunstdruckschriften, mit denen die »Remington Rand Corporation« die Errichtung ihres europäischen Rechenzentrums propagandistisch vorbereitete, konfrontierten Industrielle und Fachleute mit den Daten und Namen der historischen Entwicklung, die zum Bau der Rechenautomaten führte. Aber seltsamerweise nannten sie nicht den Namen des Mannes, der die Entwicklung der Elektronengehirne als Kernstück der automatischen Fabrik so entscheidend beeinflußt hat wie Einstein die Herstellung der Atombombe, und der die Roboter-Zukunft sehr viel weniger optimistisch beurteilt als die Manager von Remington-Rand. Dieser neue »Einstein« ist ein kleiner dicker, zigarrekauender Professor an der Technischen Hochschule des nordamerikanischen Bundes-Staates Massachusetts: der 61jährige amerikanische Mathematiker Norbert Wiener. Der alte Herr mit dem gnomenhaften Äußeren, dem diabolischen Kinnbart und den durch dicke Brillengläser gescheit blickenden Äugelchen, der ebenso gern über den Teufel wie über Integralgleichungen doziert und unter dem Pseudonym »W. Norbert« Kriminalromane schreibt, ist der Prophet der Roboter-Wissenschaft und der Schöpfer einer neuen Magie: der Kybernetik. Unter dieser Bezeichnung, die Wiener vom griechischen Wort für Steuermann (Kybernetes) herleitet, firmiert die Wissenschaft der automatischen Regelung und Steuerung von Vorgängen aller Art in Menschen und Maschinen. Auf der Grundlage dieser Wissenschaft, über deren exakte Definition sich die Gelehrten bis heute noch nicht einigen konnten, entstanden die modernen Elektronengehirne und Roboter, die nun die Funktion des menschlichen Gehirns übernehmen sollen, so wie die Dampfmaschine in der ersten industriellen Revolution die Muskelkraft des Menschen ersetzte. Welches Ausmaß diese Umwälzung bereits erreicht hat, lassen die Erfolgsstatistiken erkennen, mit denen die Firma Remington-Rand die europäischen Interessenten versorgte, um ihnen die Vorteile der »Univac«-Automaten vor Augen zu führen: Ein solcher Rechen-Automat hat längst die Buchführung für den größten Elektrokonzern der Welt (General Electric) übernommen und wickelt die Lohnabrechnungen für Tausende von Arbeitern in wenigen Stunden ab. Das Gerät macht Marktanalysen, berechnet die Gestehungskosten verschiedener Fabrikate und bewältigt die verwickelten Lebenserwartungsberechnungen der großen Versicherungsgesellschaften"
"81","0.7500739991664886","Briefe","1979-05-13","https://www.spiegel.de/politik/grauzone-der-praxis-a-fb6ea8e6-0002-0001-0000-000040349826?context=issue","(Nr. 18, 19/1979, Bundeskriminalamt: Serie über Polizei- und Geheimdienst-Computer) Mein Vater arbeitet in einer Abteilung des Innenministeriums, in der er mittelbar mit den EDV-Gedächtnissen zu tun hat. Was mich erschreckt hat, ist, daß der höhere Beamte diese Systeme ausschließlich von ihrer informatorischen Effizienz her beurteilt. Im Falle einer wirklichen Krise aber sind die gespeicherten Informationen die Möglichkeit zur präzisen politischen Amputation vieler demokratiesensibler Bürger. Als Oberschüler bin ich fähig mit meinem Vater zu diskutieren. Und ich glaube, daß er inzwischen nachdenklich geworden ist. Doch gibt er mir zu bedenken, daß in diesem Bereich noch nie Maßnahmen rückgängig gemacht worden sind, die für die Sicherheitsbehörden einen in Zahlen ausdrückbaren Erfolg liefern. Überdies wären die Verflechtungen der verschiedenen Computer schon so weit vorangeschritten, daß eine wirksame Kontrolle jetzt schon äußerst schwer sei. Außerdem gebe es eine Grauzone der Praxis, wo über die tatsächliche Verwendung der Daten kein Material mehr zu erhalten ist. Köln KAREL TERVOOREN"
"82","0.7498548328876495","Briefe","1958-01-28","https://www.spiegel.de/politik/grundig-rueckblick-a-9fc2c97b-0002-0001-0000-000041760546?context=issue",". Hartmann sowie mir - wurde der Stichtag der Währungsreform erst unmittelbar vor der Verkündung, die am 18. Juni 1948 erfolgte, bekanntgegeben. Zehn Tage vorher konnte daher niemand diesen Tag kennen und also auch nicht bekanntgeben. Die Teilnehmer an den damaligen Verhandlungen wissen im übrigen, daß auch die Entscheidung der Militärgouverneure wegen bestimmter unter ihnen bestehender Meinungsverschiedenheiten erst unmittelbar vor der Verkündung am 18. Juni 1948 getroffen wurde. Bad Godesberg DR. JUR. H. C. FRANZ BLÜCHER Bundesminister a.D. Diesem düsteren Sittengemälde eines Kondottiere der Wirtschaft hätte der SPIEGEL doch gut und gern einige versöhnende Schlaglichter aufsetzen können. Auch über die Audienz in Rom hätte lieber der Mantel der christlichen Nächstenliebe gebreitet werden sollen. Denn das ist ja nur wieder Wasser auf die Mühlen der Pantheisten, Atheisten und konfessionslosen Zeitgenossen. Seit wann wird ein geschiedener Mann, der dazu noch in zweiter Ehe in einer Mischehe lebt in Privataudienz vom Papst empfangen? Der Vatikan würde sich doch selbst desavouieren, wenn er so etwas gestattet. Oder aber es müssen schon sehr, sehr »schwerwiegende« Gründe vorliegen, wenn er trotzdem, wie dem Herrn Grundig, eine Privataudienz gestattet - gerade jetzt, wo wieder von den Kanzeln beider Konfessionen in Hirtenbriefen und kirchenamtlichen Verlautbarungen gegen die Mischehen gewettert wird. Burghausen (Salzach) V. SDROWOK Ihre Kenntnis von der Entwicklung der Büromaschinen in allen Ehren, aber elektronisch gesteuerte Autotypisten oder Elektronengehirne, die für dieses Gerät Dutzende von Schemabriefen speichern, gibt es nicht. Auch die Leistungsfähigkeit muß bescheidener bewertet werden. Der genannte Schreibautomat schafft - genauso wie die anderen Geräte dieser Art, zum Beispiel der Robotyper - die Arbeit von vier und nicht von zehn Stenotypistinnen, weil die Kapazität der benutzten Schreibmaschine die Geschwindigkeitsgrenze bestimmt. Frankfurt REINHARD ANDERS Geschäftsführer der Gesellschaft für Automation Es ist das besondere Verdienst des SPIEGEL, daß er einige unserer »Wirtschaftswunderkinder« fast röntgenartig durchleuchtet. Dabei wird viel wirtschaftliche und soziale Romantik, die um die »neuen Größen« gesponnen wurde, abgebaut. Sichtbar bleiben die Catcher-Naturen und Steuer-Jongleure der »sozialen« Marktwirtschaft, denen Orden und Segenswünsche im reichen Maße sicher sind, weil Reichtum schlechthin überall imponiert. Fürth MAX SEIDEL SPD-MdB"
"83","0.749055802822113","100445301111- das Schlimmste von King Kong?","1973-11-25","https://www.spiegel.de/politik/100445301111-das-schlimmste-von-king-kong-a-81a423da-0002-0001-0000-000041840249?context=issue",". In Hessen: der einzige Datenschutzbeauftragte der Welt. Auch Staatsdiener entgehen den behördlichen Datensammlern nicht. Über Hunderttausende von Bundes- und Landes-Bediensteten samt ihren Angehörigen sind aus den obligaten Fragebogen zur »Überprüfung der Zuverlässigkeit in sicherheitsmäßiger Hinsicht« alle Lebenslauf-Details bekannt -- von »lückenlosen Angaben« über sämtliche Auslandaufenthalte bis hin zu den Wohnsitzen der Verlobten »in den letzten zehn Jahren«. Und unablässig entstehen neue Datenbanken. in West-Berlin baut der Bund derzeit für 37 Millionen Mark ein »Bundeszentralregister« auf. Bürger, die einmal wegen Geistesschwäche« Drogensucht oder Alkoholismus »nicht nur einstweilig« in eine Anstalt eingewiesen wurden, werden in den Berliner Computern ebenso registriert wie politisch oder kriminell Vorbestrafte und einstige Fürsorgezöglinge -- »trotz energischer und wissenschaftlich wohlbegründeter Einsprüche« (""Deutsches Ärzteblatt"") vieler Fachleute. Das Wiesbadener Bundeskriminalamt (BKA) installiert unterdessen ein bundesweites Computer-System namens »KRIPOLIS«, dem das Fachblatt »Kriminalistik« nachsagt. es habe »wegen seiner unauffälligen schleierartigen Verbreitung im ganzen Land und an den Grenzen die Wirkung eines maschendichten Schleppnetzes«. Die EDV-Polizisten sind derzeit dabei, »Milliarden und Milliarden von Daten« (BKA-Chef Horst Herold> zu verarbeiten; die entstehenden Polizei-Informationssysteme, »mit partiellem Anschluß der Staatsanwaltschaft«, werden »praktisch die Mehrzahl aller Bundesbürger erfassen« (Steinmüller). Nicht einmal mit dem Tode reißt die papierne Spur ab, die jeder Lebende hinterläßt: Die Computer westdeutscher Großstädte wissen nicht nur, ob ein Bürger Hundehalter oder Waffenträger, Angler oder Abonnent des Stadttheaters ist -- auch Angaben über die Grabstelle auf dem städtischen Friedhof werden elektronisch archiviert: Lage, Größe, Klasse, Zustand, Vertragsende., Lediglich in einem einzigen westdeutschen Bundesland, in Hessen, versucht eine unabhängige Instanz, die Bürger vor dem Mißbrauch solcher Daten zu schützen: Ende 1970 verabschiedete der Wiesbadener Landtag ein »Datenschutzgesetz« und setzte als bislang einziges Parlament der Welt einen »Datenschutzbeauftragten« ein, den sozialdemokratischen Ex-Staatssekretär und einstigen Bundestagsabgeordneten Willi Birkelbach. Hessens »Computer-Zerberus«, wie ihn das SPD-Blatt »Demokratische Gemeinde« nennt, sucht seither beispielsweise zu verhindern, daß die politische Polizei oder der Verfassungsschutz sich aus öffentlichen Bibliotheken Listen von Entleihern bestimmter politischer Literatur beschaffen -- Schnüffelbräuche, wie sie in den USA seit langem üblich sind. Eine von Birkelbach inspirierte Klausel im »Anwendungshandbuch« für die hessischen Gebietsrechenzentren, Unterabteilung Bibliothekswesen, soll gewährleisten, »daß keine individuellen oder individualisierbaren Leserprofile hergestellt werden«"
"84","0.7488589584827423","Gscheidle: Millionen hinters Licht geführt?","1977-04-24","https://www.spiegel.de/politik/gscheidle-millionen-hinters-licht-gefuehrt-a-0a4037f3-0002-0001-0000-000041380396?context=issue",". Schon heute wird die Zahl der (erst 1970 im privaten Bereich eingeführten) Telekopierer in der Bundesrepublik auf über 3000 geschätzt; eine ähnlich dichte Verbreitung wie in den USA (mehr als 100 000 Geräte) und in Japan (mindestens 50 000) scheint nicht utopisch. Immer häufiger wird das Telephonnetz zudem zur Datenübertragung genutzt -- Werbeslogan: »Computer, bitte ans Telephon.« Die Zahl der Datenstationen ist seit 1972 von 5700 auf 44 800 emporgeschnellt; der Trend hält an. Und schon planen Bundespostler einen neuen, in Großbritannien unter der Bezeichnung »Ceefax« bereits erprobten Service: die Verbreitung telephonisch übertragener »Bildschirmtexte«. So wie die Post seit langem per Ansagedienst Wetterprognosen und Kochrezepte, Sportergebnisse und dpa-Nachrichten akustisch übermittelt, könnten per »System »Bildschirmtext""« solche Informationen auch optisch ins Haus geliefert werden; als Empfänger dient ein Zusatzgerät am Telephon. Das juristisch umstrittene Bildschirmtext-Verfahren -- das nach Ansicht der Bundespost nicht, nach Auffassung einiger Länder aber sehr wohl unter den Rundfunkbegriff fällt -- »könnte eine interessante Basis für ein Telekommunikations- und Informationssystem darstellen, das den Zugang zu Inhalten mit engem lokalem oder individuellem Bezug bis hin zu speziellen Fachinformationen« eröffne, heißt es in einem bislang weithin unbeachteten Dokument, das die Bonner Regierung im Juli letzten Jahres verabschiedet hat. Westdeutschland -- ein einziges Ortsnetz? Ob Teletext oder Telekopierer, Fernschach oder Computer-Terminal -- die Vielzahl der vorhandenen und vor allem der künftigen Möglichkeiten zur Dauernutzung des Telephons scheint für Gscheidle der Hauptgrund, auf dem Einbau von Zeitmaschinen auch in die Nah-Netze zu bestehen. Zudem kämen die Postplaner damit einem Langzeitziel näher: Den Minister beschäftigt die Vision, für das Bundesgebiet »langfristig« ein »nahezu einheitliches, entfernungsunabhängiges Tarifsystem zu schaffen. Der Achtminutentarif ist für Gscheidle ein erster Schritt auf diesem Weg. Die Bundesrepublik -- ein einziges Ortsnetz? Technisch wäre das realisierbar, geschäftspolitisch nicht abwegig. Schon heute ist die Gesprächsdauer kostenwirksamer als die Gesprächsentfernung -- ein Umstand, der durch gigantische Fortschritte im Fernkabelbau verursacht worden ist: Während die mancherorts noch immer üblichen Freileitungen oft gerade ein Dutzend Gespräche zugleich transportieren können, hat der Tele-Konzern Siemens im Auftrag der Post letztes Jahr zwischen Frankfurt und dem Ruhrgebiet ein 300 Kilometer langes, armdickes »Mehrtubenkabel« verbuddelt, über das gleichzeitig mehr als 60 000 Telephonate geführt werden können. Die Verlegung solcher Superfernkabel schließt indes vorerst nicht aus, daß Engpässe in weniger leistungsfähigen lokalen Leitungen auftreten, deren Ausbau kurzfristig nur begrenzt möglich ist"
"85","0.7487940490245819","100445301111- das Schlimmste von King Kong?","1973-11-25","https://www.spiegel.de/politik/100445301111-das-schlimmste-von-king-kong-a-81a423da-0002-0001-0000-000041840249?context=issue",". ob die unbestrittenen Vorzüge überwiegen werden oder die unübersehbaren Gefahren: Darüber steht jetzt in Bonn eine wichtige Vorentscheidung an. Am 29. November berät das Parlament in erster Lesung zwei Gesetzentwürfe, die wenig beachtet worden sind, aber wie kaum ein anderes Paragraphen-Werk die elektronische Zukunft der Republik bestimmen werden: * ein »Bundesmeldegesetz«, das die computergerechte »Nummerung« aller Bürger mit Hilfe eines zwölfstelligen Personenkennzeichens (PK) vorsieht -- das PK (Beispiel: 100445301111) soll laut Bundesinnenministerium dem Staat und der Wirtschaft »auf einfache Weise die Sortierung von großen Datenbeständen ermöglichen"": * ein »Bundes-Datenschutzgesetz«, das -- laut Paragraph l die Aufgabe haben soll, »personenbezogene Daten vor Mißbrauch bei der Datenverarbeitung zu schützen und dadurch der Beeinträchtigung schutzwürdiger Belange der Betroffenen entgegenzuwirken«. Ob das Gesetzespaket eher Chancen denn Risiken birgt, ist in der Fachwelt strittig. Zwei ungleiche Gruppen ringen um Einflußnahme auf die geplanten Regelungen: auf der einen Seite die breite Front der Computer-Interessenten, von den Vertretern der Elektronik-Industrie bis hin zu den EDV-Experten der staatlichen Bürokratien. weitgehend unterstützt von Bundesinnenminister Hans-Dietrich Genscher, dessen Beamte die Gesetzentwürfe fertigten; auf der anderen Seite einzelne Verbrauchervertreter und Gewerkschaftsfunktionäre. Wissenschaftler und Parlamentarier. Die einen räumen ein, daß -- so Freidemokrat Genscher -- -- mit steigender Elektronisierung theoretisch auch »die Gefahr einer Entartung unseres Sozialstaates zu einem Termitenstaat« wachse. Das vorgesehene Datenschutzgesetz jedoch, versichern sie, werde schon dafür sorgen, »daß schwerwiegende Schäden gar nicht erst eintreten« (Genscher). Die anderen hingegen fürchten, daß die vorgesehene Regelung Entwicklungen einleite, deren Gefährlichkeit »den Großen Bruder noch in den Schatten« stellt -- so der Erlanger EDV-Jurist Dr. Ruprecht Kamlah. Im Bonner Datenschutz-Entwurf sehen die Skeptiker nichts als ein »Feigenblatt-Gesetz« -- so Wolfgang Burhenne, Geschäftsführer- der überparteilichen »Interparlamentarischen Arbeitsgemeinschaft« (IPA), in deren »Kommission für Fragen der EDV« sich Abgeordnete aus Bund und Ländern mit Fragen des Computer-Rechts befassen. Ursache solchen Unbehagens ist die wachsende Tendenz zum Datenaustausch und zur Datenanhäufung, die nach Ansicht der Kritiker die EDV zu einer Gefahr werden läßt, die »mit der Umweltverschmutzung vergleichbar« (IPA-Burhenne) ist. »Der Endpunkt«, sagt West-Berlins Innensenator Kurt Neubauer, »wird eine zentrale Datenbank sein, in der die Bürger und alle ihre Daten erfaßt sind.« Diese Entwicklung wird zweifellos beschleunigt, wenn Bonn -- wahrscheinlich 1976 -- das Personenkennzeichen einführt: Individual-Daten aus verschiedenen Speichern lassen sich dann ohne Mühe kombinieren. Schon heute gilt auch für die Bundesrepublik, was Univac-Vizepräsident J"
"86","0.7486478090286255","Pullach intern","1971-05-30","https://www.spiegel.de/politik/pullach-intern-a-f5a2eb45-0002-0001-0000-000043243170?context=issue",". Fachliteratur) verstärkt auszuwerten. Manche seiner Ideen durfte er verwirklichen. Die Dienststellen der Org wurden reorganisiert, die Modernisierung des Kommunikationssystems beschleunigt. Wissenschaftler wurden angeworben, die Grundlagenforschung erweitert. In Pullach etablierte sich eine Telephonzentrale, die groß genug war, eine Stadt von dem Umfang Passaus oder Detmolds zu versorgen. Es kamen verstärkt Fernschreiber mit elektronischen Zerhackern in Gebrauch, die den Text in einen Wort- und Zahlenwust verwandelten, der beim Empfänger erst mit einem Spezialgerät lesbar gemacht werden mußte. Über einen superstarken Kurzwellensender, der im 13-Meter-Band hauptsächlich in der Zahlengruppe zwischen 14 und 31 arbeitete, hielt der BND Kontakt zu den Außenstellen. Führungsanweisungen sendete er im einseitigen A-3-Verkehr; die mit einer Kennziffer versehenen Durchsagen wurden in Blindfunksendungen ausgestrahlt. Wo immer »Worgy« modernisieren konnte, griff er zu. Der BND rühmte sich später, als erste Bundesbehörde die Fünf-Tage-Woche eingeführt zu haben. Der erste behördliche Computer Westdeutschlands stand in Pullach. Elektronik, Datenbanken, Zerreißwölfe (zur Vernichtung alter Akten), ein Indication Center für die frühe Erkennung weltpolitischer Krisen -- jedes technische Mittel wurde erprobt, um die Leistung des BND zu erhöhen. Gehlen schickt SS-Veteranen als Werber nach Südamerika. Doch als der Vizepräsident den Apparat von unnützem Ballast befreien und auch personell auf einen produktiven Kern reduzieren wollte, fiel ihm der Präsident in den Arm. Gehlen wünschte keine weitere Rationalisierung. Der kluge, aber sensible Vize ließ sich allmählich von dem robusten Gehlen ausschalten und auf Randgebiete (der Nahe Osten wurde später sein unfreiwilliges Hobby) abschieben. Denn Gehlen hatte längst eine Möglichkeit erspäht, von der Malaise der Ostaufklärung abzulenken und das Prestige des BND zu steigern. Bonn verlangte, was auch Worgitzky seit langem forderte: Der Geheimdienst müsse auch außerhalb des Ostblocks tätig werden. Endlich konnte der BND sich von der Fixierung auf den sowjetischen Gegner lösen -- Worgitzky hatte das immer angestrebt. Die hausinternen Historiker Pullachs sehen denn auch in dieser weltweiten Öffnung einen entscheidenden Einschnitt in der Geschichte des BND. Eine BND-offizielle »Orientierungshilfe« besagt: »Die bis zu diesem Zeitpunkt geforderte Begrenzung auf militärpolitische Aufklärung in Osteuropa wird aufgegeben. Der Dienst erweitert seine Tätigkeit auf die Aufklärung der Krisengebiete in aller Welt.« Diese neue Aufgabenstellung hätte in der Tat zu einem Wendepunkt der BND-Geschichte werden können. Die Organisation Gehlen (Org) hatte, bedingt nicht zuletzt durch Stalins aggressive Europapolitik. als antisowjetischer Aufklärungsdienst begonnen: die Erkundung der Sowjet-Union und ihrer Satelliten war die einzige Aufgabe der Org gewesen. die Bekämpfung des Kommunismus ihr ideologisches Lebenselixier"
"87","0.748576819896698","Die Zugmaschine","1976-04-11","https://www.spiegel.de/politik/die-zugmaschine-a-67db2898-0002-0001-0000-000041238169?context=issue","Nach Mitternacht zieht es in München manche Herren an einen Ort, der für diese Zeit ganz ungewöhnlich ist: in das Leibniz-Rechenzentrum der Bayerischen Akademie der Wissenschaften. Im zweiten Stock spielen sie dann mit »Daja«. Daja ist ein Computer-Programm, das im Zuge einer Diplomarbeit mit den strategischen Kniffen des Schachsports vertraut gemacht wurde. Daja kann mit Menschen oder mit anderen Schachmaschinen spielen, dabei eine Vielzahl von Zügen vorausdenken und die eigene wie die gegnerische Lage analysieren. Die Entwicklung von Schach-Computern ist in der Bundesrepublik ein noch junger Spezialzweig des Fachgebiets Informatik und beschäftigt vorerst nur einen »exklusiven kleinen Zirkel« an den Hochschulen, wie der Daja-Betreuer Ludwig Zagler weiß. Im Vergleich zu den USA und zur Sowjet-Union, die schon in den sechziger Jahren Computer-Kämpfe austrugen, ist die Bundesrepublik »ein blutiges Entwicklungsland« (Zagler). Für Fachleute ist Computer-Schach »keine reine Spielerei«, denn die »künstliche Intelligenz« von Schach-Automaten, so erläutert Oberassistent Zagler, werde beispielsweise »auch auf die Aufstellung von Stundenplänen oder den Einsatz von Benzinlastern zur Versorgung von Tankstellen« angesetzt. Diese Aussicht auf praktische Verwertbarkeit erklärt, warum der für die Forschung vorgesehene Großrechner dem elektronischen Schachspiel gratis zur Verfügung steht, allerdings nur zur Nachtzeit, wenn der Münchner Rechner nicht durch wichtigere Aufgaben blockiert ist. Denn der Sport mit Daja kommt teuer: Eine Sekunde Rechenzeit kostet rund eine Mark, und eine Partie dauert im Durchschnitt zwei Stunden. Mittlerweile ist Daja durch die nächtlichen Übungen immerhin zur spielstärksten Schachmaschine in der Bundesrepublik geworden. Beim ersten deutschen Computer-Schachturnier, 1975, hat sich das Münchner Programm gegen sechs Konkurrenten spielend durchgesetzt, darunter freilich »auch Bastelprogramme« (Zagler). So hat etwa »Proscha« aus Dortmund, ein als »recht defensiv« vorgestelltes Programm, sogar -- gegen alle Regeln -- die Opferung des Königs einkalkuliert. Auch Daja kann mit derlei Lässigkeiten aufwarten. Mal schlägt sie beim Vorausdenken mit einem Bauern en passant, läßt aber dann die betroffene gegnerische Figur versehentlich im Spiel und kommt so zu verheerenden Zug-Entscheidungen. Mal verliert die Maschine kostbare Zeit mit einer umfänglichen Analyse des Spielstands, obwohl nur noch ein Zug möglich ist. In einem Vergleich mit dem Züricher Programm »Tell«, das nach eigener Darstellung »mit der Eröffnung große Schwierigkeiten« hat und »im Endspiel ziemlich hilflos« ist, hat Daja letztes Jahr denn auch noch verloren. Gegen die hochentwickelten Programme der Amerikaner und der Sowjet-Russen, die seit 1974 den ersten und bislang einzigen Weltmeister im Computer-Schach stellen, hat die Bundesrepublik vorerst keinerlei Chancen. Besonders gefürchtet: das nach der Schachgöttin »Caissa« benannte Russen-Programm"
"88","0.7485615015029907","»Das Recht hinkt hinterher«","1979-06-24","https://www.spiegel.de/politik/das-recht-hinkt-hinterher-a-d329c692-0002-0001-0000-000040349447?context=issue","Bundesinnenminister Gerhart Rudolf Baum zur SPIEGEL-Serie Die Serie gibt einen breiten Überblick über die Probleme, die sieh angesichts der sprunghaften Entwicklung der elektronischen Datenverarbeitung und ihres Einsatzes im Sicherheitsbereich stellen. Ich begrüße es, daß diese Probleme öffentlich diskutiert werden. Nur so können wir die Sicherheitsbehörden aus der Sphäre von Ungewißheit und Mißtrauen herausführen. Die technische Entwicklung im Bereich der Informationstechnologie muß in den Dienst der inneren Sicherheit gestellt werden. Zum Beispiel: Die Einführung des fälschungssicheren Ausweises und der Ausbau des polizeilichen Informationssystems sind sicherheitspolitisch unverzichtbar. Auf diese Instrumente können wir im Interesse unserer Bürger nicht verzichten. Sie haben Anspruch auf wirksamen Schutz gegen eine Kriminalität. die sich ebenfalls moderner Technik bedient. Wir müssen aber durch ein System wirksamer »rechtsstaatlicher Bremsen dafür sorgen, daß trotz Effektivitätsverbesserungen bei der Verbrechensbekämpfung die Balance von Freiheit und Sicherheit nicht zu Lasten des Bürgers verlorengeht. Um die Privatsphäre zu schützen und den Rechtsstaat zu sichern. brauchen wir eine Neu-Interpretation der tragenden Prinzipien des Rechtsstaates im Lichte der Gefährdungen. die die technologische Entwicklung mit sich bringt. Die gesetzliche Regelung der Amtshilfe, ein Melderechtsrahmengesetz und bereichsspezi fische Datenschutzregelungen im Sicherheitsbereich mit besonderen Löschungsrastern sollen die Grenzen bestimmen, innerhalb derer effektive Sicherheit gewährleistet wird. Wir werden auch dafür sorgen. daß der fälschungssichere Ausweis nicht durch die Hintertür das Personenkennzeichen einführt, und hierzu die Zusammenführung von Personalausweisnummern und Namen bei der Bundesdruckerei gesetzlich ausschließen. Beim Datenschutz im Sicherheitsbereich wissen wir alle, daß das Recht hinter der tatsächlichen Entwicklung hinterherhinkt. Wir wollen die konsequente und zugige rechtliche Weiterentwicklung des Datenschutzes in der Finanzverwaltung. in der Sozialverwaltung, im Gesundheitswesen, bei den Sicherheitshehörden, im Meldewesen, in der Statistik. Zur Fortentwicklung des Datenschutzes im Sicherheitsbereich bedarf es noch umfassender und langwieriger Anstrengungen. Es gilt. die Informationsströme offenzulegen. die von den Interessen der Sicherheitshehörden bestimmt sind, um sie in genügender Tiefe in Einklang mit den Forderungen des Datenschutzes zu bringen. Hierzu trägt die »Stahlnetz-Serie' bei, wenn sie auch manchmal nicht deutlich genug zwischen Zukunftsvision und Wirklichkeit unterscheidet. Im Computer-Zeitalter verbietet das Grundgesetz vor allem, den Bürger zum bloßen Informationsobjekt und verwaltbaren Datenlieferanten zu machen. Computer ermöglichen nicht nur rationelle Verwaltungsarbeit. Sie schaffen auch eine neue Qualität staatlichen Handelns. Der »gläserne Mensch« ist möglich geworden. aber wir werden verhindern, daß es ihn gibt"
"89","0.7482686638832092","Ein Jahrzehnt hinter dem Westen zurück","1975-12-21","https://www.spiegel.de/kultur/ein-jahrzehnt-hinter-dem-westen-zurueck-a-7002428f-0002-0001-0000-000041376657?context=issue","Der Kommunismus blickt gläubig auf die Wissenschaft -- aber die Sowjets können sich ihrer nicht bedienen: Behindert durch ideologische Fesseln, scheitern sie bei dem Versuch, den Computer -- als derzeit fortschrittlichstes Instrument der Wirtschaftslenkung -effektiv einzusetzen. Theoretisch sollten die Russen in der Lage sein, aus Computern weit höheren Nutzen zu ziehen als westliche Nationen. denn ihre Volkswirtschaft ist total geplant: Produktion, Preise, Löhne und buchstäblich alle anderen Faktoren werden von einer zentralen Planungsstelle diktatorisch festgelegt, so daß zufällige Veränderungen im Gegensatz zu marktwirtschaftlich orientierten Ländern relativ selten sind. Um diesen theoretischen Vorteil auch in der Praxis zu nutzen, befahl der 24. Parteitag der KPdSU 1971 den Aufbau eines automatisierten Managementsystems, das die ganze UdSSR erfassen sollte. Jede Fabrik, jedes Unternehmen und jedes Büro sollte einen eigenen Computer oder zumindest Zugang zu einem Computer haben, der alle relevanten Daten speichern sollte. All diese Computer sollten wiederum © »Washington Post« und Cosmopress Genf. hierarchisch in Stufen miteinander verbunden sein, bis das Staatsplanungskomitee (Gosplan) schließlich über ein automatisiertes System verfügen würde, das die gesamte Volkswirtschaft mit höchster Effizienz steuern könnte. Der Plan sah in der ersten Stufe 1600 Computer vor (Gesamtaufwand dafür: 15 Milliarden Mark), die Ende 1975 in Betrieb sein sollten. 1990 sollte das Gesamtsystem mit insgesamt 10 000 Computern voll funktionsfähig sein. Zumindest die erste Stufe dieses grandiosen Unternehmens hat im totalen Durcheinander geendet. Es gibt eine Reihe von Gründen dafür. Und sicher einer der wichtigsten ist, daß den Sowjet-Ideologen die Antworten eines Computers -- dem korrekte Informationen gefüttert wurden -- nicht ins Konzept passen. »Die würden viel lieber die Eingabedaten für die Computer so manipulieren, daß die Antworten dann auch dem »wissenschaftlichen Kommunismus« entsprechen«, kommentierte ein westlicher Volkswirtschaftler. Aber das bedeutet, wie es die Computerfachleute im Westen ausdrücken: »Wenn man in einen Computer Unfug einfüttert, kommt nur wieder Unfug heraus. Darüber hinaus sehen sich die Sowjets schon bei dem Versuch, dieses nationale Managementsystem aufzubauen, gewaltigen Schwierigkeiten gegenüber: Ihre Computer sind, sowohl was die Maschinen (""hardware""), aber auch was die Programme und Instruktionen (""software"") betrifft, etwa ein Jahrzehnt hinter dem Westen zurück. Ein Maßstab für die Rückständigkeit ist allein die Zahl der Maschinen: In den USA gibt es rund achtmal so viele Computer wie in der Sowjet-Union (62 000 gegenüber weniger als 8000)"
"90","0.7479608952999115","»Mein Gott, was soll aus Hösel werden?«","1972-11-20","https://www.spiegel.de/politik/mein-gott-was-soll-aus-hoesel-werden-a-67e84e52-0002-0001-0000-000042787640?context=issue",". In den fünfziger und auch noch Anfang der sechziger Jahre hätten derlei Visionen nur ungläubiges Erstaunen hervorgerufen. Im Zeitalter des »nachtotalitären Biedermeier« (Politologe Narr) war der Durchschnittsdeutsche der Wähler, der nur am Wahltag souverän ist, dann aber für vier Jahre in Apathie versinkt und die Politik den sogenannten Gewissensentscheidungen der Abgeordneten überläßt. »Hochkonjunktur«, notierte der Erlanger Politik-Wissenschaftler Kurt Lenk, »wurde mit Demokratie verwechselt.« Als freilich mit der Rezession von 1966 das Ende des problemlosen Wirtschaftswunders kam und gesellschaftliche Strukturschwächen – von der Bildungsmisere bis zur Umweltvergiftung sichtbar wurden »wie bei Ebbe die Sandbänke« (Hamburgs Wirtschaftssenator Helmuth Kern). begann sich das politische Verhalten der Westdeutschen zu wandeln: Apo-Zeit. Die ersten großen Demonstrationswellen, gegen die Notstandsgesetze und den Vietnamkrieg, die Hochschulmisere und den Springer-Konzern, waren bundesweit und zumeist bundespolitischer Natur. Die Große Koalition in Bonn verlangte geradezu nach einem außerparlamentarischen Gegengewicht und prompt wurden nach Bildung der SPD/FDP-Regierung im Herbst 1969 derlei Aktionen selten. Bürgerinitiativen konzentrieren sich seither auf den kommunalen Bereich. Denn auf der Ebene der Rathaus-Politik haben sich viele fatale Fehlentwicklungen der bundesdeutschen Gesellschaft augenfälliger als anderswo niedergeschlagen – und gerade dort tritt auch die Ohnmacht von Parteien und Politikern besonders drastisch zutage. Ohne daß kurzfristige Besserungen absehbar wären, leiden Westdeutschlands Städte und Gemeinden seit Jahren unter Mangel an Gemeinschaftseinrichtungen: Die öffentliche Armut in der Bundesrepublik hat im Vorschulwesen den größten Fehlbestand aller westeuropäischen Länder hervorgerufen, im Schulbereich herrschen Lehrermangel und Raumnot, im Nahverkehr und im Gesundheitswesen, in der Jugendhilfe und in. der Altenfürsorge kommt es zu eklatanten Engpässen; Zerstörung der Umwelt: Die stinkende und lärmende Kraftfahrzeug-Flut verwüstet immer mehr Stadtkerne und Grünzonen. Kommunen – weitgehend abhängig von Gewerbesteuer-Einnahmen – überbieten einander mit Umweltfeindlichkeit Zugeständnissen an ansiedlungswillige Industrieunternehmen und opfern selbst Naherholungsgebiete ihrer Bürger dem Wachstum der Wirtschaft; Folgen einer veralteten Bodenordnung: In den Zentren erschweren astronomische Grundstückspreise den Bau von Kindergärten und Krankenhäusern, Altenheimen und Ausbildungsstätten. Wohnungsbau ist nur noch an der Peripherie der Ballungsgebiete möglich"
"91","0.7478656470775604","»Das Stahlnetz stülpt sich über uns«","1979-06-10","https://www.spiegel.de/politik/das-stahlnetz-stuelpt-sich-ueber-uns-a-3292f0f4-0002-0001-0000-000040349941?context=issue",". Unregulierte Informationsflüsse indes drohten die Gesellschaft aus dem Gleichgewicht zu bringen. Kommt mit Dispol die »Jedermann-Ermittlungsakte«? Beispiel: das Meldewesen. In vielen Bundesländern wurden nach 1945 vom Zuständigkeitsbereich der »Sicherheits- und Ordnungspolizei« alle »verwaltungspolizeilichen Aufgaben« -- Meldewesen, Bau-, Gewerbe-, Gesundheitsaufsicht -- abgetrennt. Eine informationstechnische Wiedervereinigung von Polizei und Meldeämtern könnte nun, so Bull, Praktiken ermöglichen, die »mit rechtsstaatlichen Grundsätzen nicht mehr vereinbar« wären. Nach Anschluß der Adressenregister an das Polizeinetz, fürchtet auch die »Deutsche Vereinigung für Datenschutz«, würde Dispol zu einer elektronischen »Jedermann-Ermittlungsakte«. Datenschützer mögen nicht einmal ausschließen, daß die staatliche Superakte eines Tages auch mit Angaben über Einstellungen und Gesinnungen angereichert wird. In einigen westdeutschen Firmen- und Forschungscomputern jedenfalls sind komplette Polit- oder Psychodossiers bereits gespeichert. Und ein Teil dieser Daten wäre vor dem Zugriff etwa interessierter geheimer Instanzen kaum geschützt. Ein Godesberger Ehevermittlungsunternehmen fragte seine Kunden beispielsweise: »Möchten Sie, daß die Großindustrie verstaatlicht wird?« In Mainz stellte die Stadtverwaltung 18 000 Jungakademikern Fragen wie: »Sind Sie ... Mitglied einer Gruppe, eines Vereins oder einer Organisation?« In Hessen und Niedersachsen mußten Schüler -- ohne Wissen ihrer Eltern -- bis zu 133 Fragen beantworten: mit den Tests sollten politische Einstellungen, religiöse Bekenntnisse und »polizeilich unentdeckte Straftaten« vor dem 14. Lebensjahr ermittelt werden, ferner der soziale Status der Eltern und die Häufigkeit des Geschlechtsverkehrs. In Hamburg wie in anderen Städten wurden Zehntausende von Studenten hochschulamtlich aufgefordert, »in Ihrem eigenen Interesse« vor der Immatrikulation auf einem achtseitigen, nicht hinreichend anonymisierten Erfassungsbogen politische Statements zu beurteilen, etwa: Ich glaube, daß ein großes Maß an Freiheit wichtiger ist als ... Achtung vor dem Gesetz ... a) stimmt, b) unsicher, c) stimmt nicht. Sollten Nachrichtendienste, zwecks Rasterarbeit oder Sicherheitsüberprüfung von Geheimnisträgern, jemals Interesse an solchem Datenmaterial finden, stünde nach dem Buchstaben einschlägiger Gesetze einem Zugriff kaum etwas entgegen -- sofern die Informationen Aufschluß über Verfassungsfeindliches geben und bei »Behörden des Landes, der Gemeinden, der Gemeindeverbände«, bei »Gerichten« oder »juristischen Personen des öffentlichen Rechts« lagern. Denn diese Stellen -- von der Handwerkskammer bis zur Hochschule, vom Gesundheitsamt bis zur Finanzfahndung -- sind nach den weitgehend wortgleichen Verfassungsschutzgesetzen der Länder zur Kooperation mit dem geheimen Nachrichtendienst verpflichtet (SPIEGEL 30/1976). »Wenn Adolf Hitler Nadis und Inpol gehabt hätte ...« Datenschützer schreckt der Gedanke"
"92","0.7478652894496918","Briefe","1979-05-13","https://www.spiegel.de/politik/niedrige-geistestaetigkeit-a-8c699870-0002-0001-0000-000040349827?context=issue","(Nr. 17/1979, SPIEGEL-Gespräch mit Hoimar von Ditfurth, Elektronik-Experten und Schachmeistern über Computer und künstliche Intelligenz) Ich erinnere daran, daß Schopenhauer über die Astronomen schrieb: ... die großenteils bloße Rechenköpfe und, wie es bei solchen die Regel ist, übrigens von untergeordneten Fähigkeiten sind. Mehr noch gilt dies für die Schachspieler -- und die Computer. Auch diese sind »übrigens« keine Genies; sie bleiben Automaten. Professor von Ditfurth hat ja beim Vergleich mit genialen Physiker-Entdeckungen auf die Unfähigkeit des Computer""geistes« hingewiesen. Schopenhauer bezeichnete die Fähigkeit zur Arithmetik als die »niedrigste aller Geistestätigkeiten«, was dadurch belegt sei, »daß sie die einzige ist, welche auch durch eine Maschine ausgeführt werden kann«. Gerade weil der Computer im Grunde genommen ein »einfacher« Automat ist, hat er seine Daten immer bereit und holt sie mit großer Unfehlbarkeit und unschlagbarer Geschwindigkeit hervor: hierin übertrifft er das Gehirn des Menschen. Diese Leistung ist aber letzten Endes primitiv und nicht ein Anzeichen von schöpferischer Intelligenz. zürich Dr. MED. PETER WORMSER Neurologe F M. H. Computer werden nie zwischenmenschliche Beziehungen und damit auch die Beziehungen zwischen einzelnen und Kollektiven, zum Beispiel der Gesellschaft, befriedigend regeln können. Anders als die Schachregeln sind die Regeln des menschlichen Zusammenlebens veränderlich, sie sind oft ungeschrieben. regional- und zeitbezogen und schon gar nicht widerspruchsfrei. Und wenn sie endlich von unseren Juristen als Gesetz oder normensetzende Rechtsprechung aufgeschrieben werden, ist die gesellschaftliche Wirklichkeit schon wieder weiter. Ein Richter-Computer würde zum Beispiel den Kuppelei- Paragraphen immer noch auf die Vermieter der Wohnungen von unverheirateten Partnern anwenden. Rechnersysteme in solchen Rollen setzen das völlige Einfrieren der gesellschaftlichen Normen und Werte voraus ein wohl selbst für die Konservativsten unerträglicher Gedanke. Oldenburg (Nieders.) PROF. DR.-ING. PETER GORNY Angewandte Informatik Universität Oldenhurg"
"93","0.7478562295436859","Sieg der Mikrosekunde","1965-05-25","https://www.spiegel.de/politik/sieg-der-mikrosekunde-a-3ccc2c00-0002-0001-0000-000046272769?context=issue",". Man müsse, mahnt Aufsichtsratsvorsitzender Wurster, »darauf achten, daß unsere leitenden Männer die modernen Einrichtungen der Elektronik ... nicht mißbrauchen oder zum Spielen benutzen ... Man darf auch gutgemeinten Überangeboten der Mitarbeiter im Rechenzentrum nicht zu schnell erliegen«. Ernst Wolf Mommsen, Vorstandsmitglied der Phoenix-Rheinrohr AG und Vorsitzer des Rationalisierungs-Kuratoriums der Deutschen Wirtschaft, warnte sogar vor der besonders unter jüngeren Unternehmern verbreiteten »Computergläubigkeit«. Als Esso-Chef formulierte der Amerikaner Rathbone das Kredo für Manager an der Schwelle der Roboter-Ära: »Die Erfahrung bezeugt überwältigend, daß die Bedeutung eines fähigen Managements um so größer wird, je höher Wirtschaft und Technologie sich entwickeln. Lassen wir uns nichts vormachen: Kein Computer kann denken, und keiner wird es je können. Um den Computer richtig einzusetzen, müssen wir nur mehr Gewißheit haben als je zuvor, daß wir unsere Probleme richtig analysiert haben.« Freilich sind Firmenvorstände kaum in der Lage, die Probleme des Unternehmens computergerecht zu analysieren. Das können nur die von Professor Wurster väterlich als »Mitarbeiter im Rechenzentrum« apostrophierten Spitzenmathematiker. Sie mögen die Manager von morgen sein. Unternehmensforscher Haseloff prophezeit: »Um die (Datenverarbeitungs-)Maschine sammelt sich ein neuer Typus von Mensch ... mit der Neigung zu experimenteller Haltung, zu formaler Analyse und zur rationalen Entscheidungshilfe.« Haseloff resümiert, »daß es eine Gruppe von Experten geben wird, die einen hohen Grad von Unentbehrlichkeit gewinnt und dadurch Macht innehat«. * »Mikrosekunden« und »Nanosekunden«; in einer Nanosekunde legt der elektrische Stromimpuls 30 Zentimeter zurück. Computer-Zentrale der Hamburger Esso AG, Computer-Sprache: Die Roboter bestimmen ... ... was wann wohin geliefert wird: Tanker, Raffinerie, Tankwagen der Esso Lochkarten-Pionier Hollerith Auf gestanzter Pappe... ... nur das kleine Einmaleins?: Lochkarten-Abteilung Elektronen-Rechner Hohlfeld Macht durch Mathematik Computer-Werbung Magnetkerne zur Miete IBM-Chef Watson, IBM-Computer: Für die Direktion ein elektronischer Cadillac Elektronische Platzbuchung bei Pan-American (Frankfurter Flughafen, Stadtbüra, Computer in New York): Mit begabten Idioten.. ... ein Sieg über die Zeit: Elektronische Lagerverwalter (Kölner Kaufhalle; Versandhaus »Qulle.""*) Management-Experte Haseloff Gleichungen statt Prophetie Stahl-Manager Mommsen Warnung vor Roboter-Gläubigkeit US-Industrieller Rathbone Ein Kredo für die Roboter-Ära Chemie-Manager Wurster Warnung vor Roboter-Mißbrauch US-Manager mit Computer-Bildschirm: Am Varstandstisch ein neuer Mitarbeiter The New Yorker Maschinensturm 1965 * Erhard, Quelle-Chef Schickedanz (2. v. r.) bei der Einweihung der Anlage in Fürth."
"94","0.7477118968963623","Bonn: »Radnabe der Allianz«","1975-01-05","https://www.spiegel.de/politik/bonn-radnabe-der-allianz-a-965e64e3-0002-0001-0000-000041558793?context=issue",". Die demoskopische Mehrheit der Bundesbürger zieht derzeit die Opposition, die nicht weiß, was sie will, einer Regierung vor, von der sonst alle Welt weiß, was sie kann. Während in Deutschland der Zweifel grassiert, ob nicht doch alles falsch war, sind sich führende Politiker und Wissenschaftler im Ausland darin einig, daß die Bundesrepublik die besten Mechanismen der Krisenbewältigung entwickelt hat: * In der Wirtschaftspolitik setzte liberaler Wettbewerb im Innern und freier Handel mit dem Ausland die deutschen Unternehmer schon sehr früh einem hohen Leistungsdruck aus. Durch dauernde Zollsenkungen und häufige Aufwertungen der Mark wurde die deutsche Industrie wie kaum eine andere in der Welt gezwungen, im harten internationalen Konkurrenzkampf zu bestehen. * In der Industrie sorgte der Anpassungsdruck für modernste Produktionsbedingungen. Das Potential fähiger Facharbeiter wurde noch verstärkt durch den Zustrom von Millionen gut ausgebildeter Flüchtlinge, deren Schaffensdrang der Wirtschaft zusätzliche Impulse verlieh. > In der Gesellschaft vollzog sich eine Entwicklung, die, mehr als in anderen europäischen Ländern, zum Abbau überkommener Sozialschranken beitrug. Eine Politik sozialer Sicherungen und ein hohes Wirtschaftswachstum verringerten die Klassengegensätze mehr als anderswo. Die Gewerkschaften ordneten sich kampflos -- anders als etwa in Italien, Frankreich und England -- in das neokapitalistische System ein und erhöhten seine innere Stabilität. »Eine Mischung aus Heinemann und Abs ist das Richtige.« Über zwanzig Jahre währende Prosperität ließ alle radikalen Parteien bedeutungslos werden und sicherte der zweiten deutschen Republik ein relativ stoßfestes parlamentarisches Regierungssystem. Keine andere westeuropäische Regierung sitzt -- trotz aller innenpolitischen Schwierigkeiten -- heute so test im Sattel wie die Bonner. Keine andere westliche Regierung wagte es, ihren Wählern eine so drastische Stabilitätspolitik zuzumuten, wie sie die Bonner Koalition im Mai 1973 verordnete. Und in den meisten anderen Staaten hätten die Gewerkschaften Investitionsprämien, wie sie Anfang Dezember zugunsten der Unternehmer zwecks Konjunkturankurbelung beschlossen wurden, aufs erbittertste bekämpft. Regierungssprecher Armin Grünewald urteilt: »Was man hierzulande an ökonomisch Vernünftigem alles durchsetzen kann, ist doch allerhand. Woanders hätte das ganz fürchterliche Emotionen hervorgerufen.« Das exemplarische Wohlverhalten der Bundesdeutschen beruht freilich nicht nur auf der Funktionsfähigkeit ihrer Institutionen oder dem Geschick ihrer politischen Führung, sondern auch auf der Konfliktscheu und dem in Krisen gehärteten Harmoniebedürfnis des deutschen Menschen, In seinem Buch »Gesellschaft und Demokratie in Deutschland« spricht der Soziologie-Professor Ralf Dahrendorf von »jener verstellten Haltung zu sozialen Konflikten, die die deutsche Gesellschaft durchgehend bestimmt«"
"95","0.747697502374649","Briefe","1955-08-09","https://www.spiegel.de/politik/roboter-a-ba2ae6d6-0002-0001-0000-000031970927?context=issue",". MED. FRITZ BAUMGARTEN Das von Ihnen so gründlich studierte wichtige Zeitproblem der Automation hatte ich bereits vor einiger Zeit durch die Lektüre eines hervorragend geschriebenen Buches kennengelernt: »Die Roboter sind unter uns« von Rolf Strehl*). Vielleicht interessiert die SPIEGEL-Leser, die sich - durch Ihren Aufsatz angeregt - noch eingehender mit dem Thema der Automation auseinandersetzen wollen, dieser und folgender Hinweis: Wie ich vor einigen Tagen erfahren habe, ist das von Ihnen erwähnte Buch des Roboter-Professors Wiener »The Human Use of Human Beings« jetzt unter dem Titel »Mensch und Menschmaschine« in deutscher Sprache erschienen**). Hannover DR.-ING. H. NIEBYLL Merke: Die »Druckknopf-Fabrik« stellt ausschließlich her Druckknöpfe. Aber: Die »Knopfdruck-Fabrik« braucht keine denkenden Köpfe. Boostedt HERBERT SCHIWEK *) Rolf Strehl: »Die Roboter sind unter uns«, Gerhard Stalling Verlag, Oldenburg (Oldbg.), 50 Abbildungen, 320 Seiten, 12,80 Mark. **) Norbert Wiener: »Mensch und Menschmaschine«, Alfred Metzner Verlag, Frankfurt (M), 212 Seiten, 12,50 Mark. Ihr sehr interessanter Artikel über Walter Reuther und die automation zeigt, wie jetzt auch in den bisher noch einigermaßen freien Demokratien die Gewerkschaftsführung leider immer mehr in die Staatsführung eingreift; daß wirklich freies Unternehmertum und freies Arbeitertum immer mehr unterdrückt werden und wir mit Riesenschritten einem neuen staatlichen Zunfttum mit allen seinen Freiheitsbeschränkungen, wie Ausschaltung der Anwendung neuer Erfindungen, Ausschaltung persönlicher Unternehmerinitiative usw., entgegengehen. Die dummen Theorien der Gewerkschaften werden uns, wenn ihnen nicht Einhalt geboten werden kann, sehr bald in ein neues Mittelalter ... zurückwerfen. Hamburg JOHANNES P. H. MEYER Das geschickte Eintreten Reuthers für die menschliche Arbeitskraft gegen das drohende Gespenst der Vollautomatisierung sollte den europäischen Gewerkschaftsführern Vorbild und Ansporn sein. Hier ist ihr Aufgabenbereich. Darauf sollten sie ihre ganze Kraft konzentrieren, nicht um als Maschinenstürmer tätig zu werden, sondern um mit aufgeschlossenem Geist dieses gewaltigste soziale Problem der Gegenwart und Zukunft lösen zu helfen. Düsseldorf GEORG HOWALD"
"96","0.7476382255554199","»Das Stahlnetz stülpt sich über uns«","1979-04-29","https://www.spiegel.de/politik/das-stahlnetz-stuelpt-sich-ueber-uns-a-526323ff-0002-0001-0000-000040351613?context=issue",". Was der Prüfbericht dem BKA anlastet, ist freilich großenteils nicht in Wiesbaden, sondern in Bonn beschlossen worden: Die umstrittenen Dateien, triumphierte Herold letzte Woche, seien ganz überwiegend »auf Weisung des Bundesinnenministers aufgebaut worden«, durchweg »nach Beschlüssen der Innenministerkonferenz«. Tatsächlich war die Computerisierung des BKA jahrelang ein politisches Lieblingskind Bonner Politiker. Die Vorteile der elektronischen Datenverarbeitung gerade im Polizeibereich lagen schließlich auf der Hand: Bis zum Anbruch des EDV-Zeitalters war die Wiesbadener Zentrale eine »Briefkastenbehörde«, deren Beamte vollauf damit beschäftigt waren, die stetig anschwellende Nachrichtenflut in handbetriebene Karteien oder kilometerlange Aktenregale zu kanalisieren, wo die Informationen dann, durchweg unauswertbar, »erstickten« (BKA-Jargon). »Die Tränen könnten einem in die Augen treten«, klagte der damalige Innenminister Genscher nach einer Visite in Wiesbaden. Der Suche nach dem Täter diente in jenen Jahren noch das unhandliche »Deutsche Fahndungsbuch«, das jeweils am Erscheinungstag überholt war: Aufgrund langwieriger Erfassungs-, Satz-, Druck- und Buchbinde-Arbeiten konnten aktuelle Fahndungsnotierungen erst nach Wochen in der nächstfälligen Ausgabe erscheinen -die Gesuchten hatten dann oft längst das Land verlassen. BKA-Chef Herold ließ die Fahndungsnotierungen in Computern speichern, die mit Grenz-Dienststellen verbunden waren -- binnen kurzem vervielfachte sich dort die Zahl der Festnahmen. Nach solchen spektakulären Anfangserfolgen fiel es Herold leicht, Bonns Sicherheitspolitiker zu veranlassen, die elektronische Aufrüstung der Polizei mit Multi-Millionen-Beträgen zu fördern. Die damals einsetzenden Terroristen-Taten beschleunigten den Aufbau -- zumal Herold versprach, per Computer sogar Anschläge vorhersagen und Fluchtwege selbst ins Ausland verfolgen zu können. In diesem Klima gedieh vor allem »Inpol«. Das »Informationssystem der Polizei« entwickelte sich zu einem gigantischen Computerverbund' wie es ihn -- so bereits 1975 das Bonner Innenministerium -- ähnlich »auf der ganzen Welt nicht« gibt. Das »maschendichte Schleppnetz«, das »mit Lichtgeschwindigkeit« funktioniert, wird von einer bombenfesten Zentrale aus gesteuert, die »uneinnehmbar und anschlagsicher« in den Wiesbadener Geisberg betoniert worden ist. Angeschlossen waren nach der Inbetriebnahme 1972 zwanzig Datenendstationen, letztes Jahr bereits über 1200. Geplant ist ein »Vollverbund« mit der zehnfachen Gerätezahl: An allen Grenzübergängen und allen Flugplätzen, in allen Seehäfen und allen Polizeiwachen sollen nach BKA-Plänen Computerterminals mit Tastatur und Bildschirm bald so »selbstverständlich wie heute das Telephon« sein. Ohne daß den meisten Bundesbürgern die Konsequenzen bewußt geworden wären, hat der Inpol-Aufbau der westdeutschen Polizei schon jetzt, so Herold, »die tiefgreifendste Veränderung in ihrer Geschichte« beschert"
"97","0.7474055886268616","Demokratie und Fortschritt","1972-05-21","https://www.spiegel.de/politik/demokratie-und-fortschritt-a-0c1aa318-0002-0001-0000-000042944757?context=issue",". Ich spreche hier nicht von den kleinen, hochspezialisierten Arbeitsgruppen für die Bestimmung des technologischen Prozesses im ganzen. Das ist offenkundig wichtig. Vielmehr beziehe ich mich jetzt auf die allmähliche, konsequente Erziehung der Öffentlichkeit in Fragen der alltäglichen Technologie. Die Zeit ist da, in der jede Stadt ihre eigenen technologischen Aufgaben hat, die sie durch Mitsprache aller in besonderen Gremien und Bürgerversammlungen lösen muß. Ein mangelndes oder unterentwickeltes Verständnis dafür wäre verhängnisvoll. Natürlich sind solche Probleme nicht neu. Zu allen Zeiten und an allen Orten hat man auch im kleinen die Richtung bestimmen müssen, die man dem Fortschritt geben wollte. Nur ist heute der Anspruch, den diese Fragen stellen, ungleich höher, sie verlangen die Fähigkeit zu interdisziplinären Visionen. Dies »ist so pathetisch formuliert, wie die Situation es verlangt. Einfacher gesagt geht es um die Einsicht, daß diese Urteilsverfahren die umfassendsten Kenntnisse bei möglichst vielen voraussetzen, sofern das Urteil selber von Nutzen sein »soll. Unser Spielraum für Irrtümer und Lethargien wird von Tag zu Tag kleiner. Gewiß bin ich mir bewußt, daß die Empfehlungen zur Disziplin, zu einem veränderten Wachstumsbegriff oder zu rationalerem Verhalten immer noch viel zu nahe jenem trivialen Mittelweg liegen, den die Verlegenheit weist. Was, in der Tat, beginnt eine Demokratie, wenn sie erkennt, daß die Technologie dem ihr innewohnenden Gesetz nicht folgen kann, ohne die Werte und Institutionen eben dieser Demokratie zu zerstören? Ich habe keine rasch befriedigende Antwort bereit. Auch bin ich nicht gelassen genug, um darauf zu vertrauen. daß das Problem sich von selber lösen werde. In den vielen Jahren, in denen ich sowohl der Regierung als auch der Wissenschaft eng verbunden war, fand ich immer wieder meinen schon frühzeitig wach gewordenen Argwohn bestätigt, Demokratie sei unter heutigen Bedingungen keineswegs mehr automatisch mit dem Fortschritt vereinbar. Ich kann nicht einmal genau sagen, warum das so ist; aber teilweise hat es wohl mit der Tatsache zu tun, daß die Demokratie unter dem Gesichtspunkt der Effizienz ein unzulängliches System ist; ja, man kann sich kaum ein politisches System ausmalen, das kostspieliger und umständlicher wäre als eine wahre Demokratie; denn sie opfert die Leistung einem höheren Gut. Dagegen dominiert in der Technologie nahezu ausschließlich der Gedanke des Erfolgs. Wenn sie daher mut dem demokratischen System zusammenarbeitet, wird sie es stets in gewissem Widerspruch zu ihrem innersten Wesen tun. Das heißt aber auch: Wenn die Interessen beider Systeme kolbidieren, wird sich am Ende das auf dem Leistungsprinzip basierende System durchsetzen; es sei denn, die Demokratie bildet Methoden aus, effizient zu agieren, ohne auf die heimliche Verachtung des Erfolgsprinzips zu verzichten und Disziplin zu entwickeln, ohne »die Freiheit preiszugeben"
"98","0.7470618188381195","Computer als Richter und Arzt?, Die Teilnehmer des Gesprächs","1979-04-22","https://www.spiegel.de/politik/computer-als-richter-und-arzt-die-teilnehmer-des-gespraechs-a-3e41c0ff-0002-0001-0000-000040352047?context=issue",". Es gibt sie meines Wissens nur in den USA, insbesondere in Boston. Ob der Rechner eines Tages auch zur Therapie fähig .st, wage ich nicht zu sagen. Da sind ja unter anderem noch Aspekte wie Gefühl und Zuspruch von Bedeutung. Aber es ist in der Tat eine grundsätzliche Entscheidung notwendig, ob wir sie lapidare Rechtsfälle entscheiden, ob wir sie automatisch Kriege führen lassen wollen. Das alles können sie heute schon, oder es ist prinzipiell binnen kurzem erreichbar. SPIEGEL: Was heißt es, automatisch Krieg zu führen? BRUNNSTEIN: Stellen Sie sich vor, ein Computerprogramm verfügt über alle notwendigen Daten hinsichtlich der militärischen Stärke verschiedener Länder sowie über bestimmte politische Wertungen und Zielsetzungen. Es sei außerdem an die militärischen Instrumente angeschlossen, beispielsweise könne es den Abschuß von Raketen steuern. SPIEGEL: Bis hierhin bietet sich kein technisches Problem? BRUNNSTEIN: Nicht das geringste. Es gibt sogar schon Ansätze dazu. So wurde die Entlaubungsaktion im Vietnamkrieg, als die Vietcong in Urwäldern entdeckt werden sollten, mit Computerhilfe strategisch vorbereitet. Ich kann mir nicht nur vorstellen, daß militärische und politische Entscheidungen bis hin zu einer Kriegserklärung allzu stark von der Bereitstellung und Analyse der Fakten durch den Computer beeinflußt würden. Ich habe sogar die Sorge, daß dies in einigen militärisch und technologisch potenten Ländern schon heute geschieht. SPIEGEL: Es besteht dann also die Gefahr, daß sich die Intelligenzprothesen und Denkzeuge, wie Sie die Computer vorhin genannt haben, insofern verselbständigen? BRUNNSTEIN: Ich fürchte, ja. SPIEGEL: Wird der Computer, je besser er sich nutzen läßt, um so stärker zum Schrecken werden für viele, die fürchten müssen, durch ihn von ihren Arbeitsplätzen vertrieben zu werden? BRUNNSTEIN: Zweifellos. In den nächsten 30 Jahren wird es zu einer drastischen Reduktion des Anteils menschlicher Arbeit zugunsten der maschinellen Arbeit kommen. Das hat die Schattenseite, daß viele Arbeitsplätze vernichtet werden, ohne daß in annähernd gleicher Zahl ähnliche Arbeitsplätze geschaffen werden. Es hat die positive Seite, daß frustrierende Arbeit von Maschinen erledigt wird. Und spätestens um die Jahrtausendwende wird das Hauptproblem der Gesellschaft die Bewältigung der Freizeit sein. Dann wird der kleine Computer in der Wohnung so selbstverständlich sein wie heute das Fernsehgerät. SPIEGEL: Wir danken Ihnen für dieses Gespräch. Die Teilnehmer des Gesprächs Hoimar von Ditfurth, 57, ist Psychiater und Neurologe. Er war Professor in Würzburg und Heidelberg, arbeitet heute als Wissenschaftspublizist und leitet beim ZDF die populärwissenschaftliche Reihe »Querschnitt«. Er schrieb mehrere Bestseller, darunter »Kinder des Weltalls«, »Im Anfang war der Wasserstoff« und »Der Geist fiel nicht vom Himmel«, eine Entwicklungsgeschichte des Gehirns"
"99","0.7466347515583038","Computer als Richter und Arzt?, Die Teilnehmer des Gesprächs","1979-04-22","https://www.spiegel.de/politik/computer-als-richter-und-arzt-die-teilnehmer-des-gespraechs-a-3e41c0ff-0002-0001-0000-000040352047?context=issue",". Hier steht eine umwälzende Entwicklung bevor, die das Image der Computer vollständig ändern wird. Sie werden für viele nicht mehr die unheimlichen Maschinen sein, sondern zu einer Art Person werden. SPIEGEL: Bereits vor etwa zwölf Jahren erregte ein Computerprogramm »Eliza« viele Amerikaner, weil es sich mit Menschen über deren Probleme unterhalten konnte. Sein Erfinder Joseph Weizenbaum erlebte es, daß ihn Benutzer aus dem Zimmer schickten, weil sie über ihre Intimsphäre mit dem Computer sozusagen »unter vier Augen« sprechen wollten, BRUNNSTEIN: Daran läßt sich ermessen, was uns jetzt bevorsteht. Denn »Eliza« war ja ein geschriebener Dialog. Auf dem Bildschirm erschienen die Fragen des Computers, die Antworten mußten wie auf einer Schreibmaschine eingetippt werden. Und das stumme Gespräch war primitiv, »Eliza« nahm nur Wörter aus den Antworten auf und verwandte sie zu neuen Fragen. SPIEGEL: Weizenbaum selbst nannte »Eliza« deshalb eine Schauspielerin, die sich äußern kann, aber selbst nichts zu sagen hat. SCHWENKEL: Nun aber wird der Computer richtig sprechen, mit einer angenehmen Stimme, und er wird einen echten Dialog führen können, weil er das vom Gesprächspartner Gesagte im tieferen Sinne richtig verstehen kann. SPIEGEL: Können Sie uns an einem Beispiel sagen, was möglich sein wird? SCHWENKEL: Nun, Sie werden mit dem Computer so sprechen können wie mit einem Schalterbeamten bei der Bundesbahn. Ein solcher Dialog begilt damit, daß Sie Ihr Reiseziel nennen, und er endet damit, daß Sie mit der Fahrkarte weggehen. Alles, was dazwischen gesprochen werden muß, wird der Computer sagen können. SPIEGEL: Geben Sie uns eine Prognose, wie es in acht oder zehn Jahren auf dem Hamburger Hauptbahnhof zugehen wird. Welche Funktionen werden noch von Menschen, welche werden von Computern ausgeübt werden? SCHWENKEL: Wir werden dann nur noch ein paar Bahnpolizisten brauchen, alles andere werden die Maschinen erledigen. SPIEGEL: Sie werden auch die Züge abfahren lassen? SCHWENKEL: Selbstverständlich. Die rote Mütze kommt ins Museum. SPIEGEL: Aber heute kommt mancher sogar schon mit den Fahrkarten-Automaten nicht zurecht. Was geschieht, wenn eine Oma aus dem Bayrischen Wald auf dem Hamburger Hauptbahnhof dem Computer sagt, * Oben: Computer der Control Data Im Forschungszentrum der US-Kriegsmarine in Monterey (Kalifornien) bei der Verarbeitung von Daten »für die Wettervorhersage. Unten: Tischcomputer »Commodore 2001« mit Schachprogramm. daß sie »an die Elbe« will und nicht weiß, wie sie fahren soll? SCHWENKEL: Dann wird der Computer sich ein wenig mit ihr unterhalten, ihr ein paar Fragen stellen und ihr schließlich eine S-Bahn-Karte nach Blankenese verkaufen und ihr natürlich auch noch den Bahnsteig sagen. SPIEGEL: Welche Aufgaben, die nach Volksmeinung nur Menschen lösen können, werden heute schon Computern übertragen? KÜDERLI: Ein anschauliches Beispiel ist der Computer im Unterricht"
"100","0.7465956509113312","Das schwierige Vaterland","1979-02-04","https://www.spiegel.de/politik/das-schwierige-vaterland-a-df82aa17-0002-0001-0000-000040351804?context=issue",". Es gibt somit weiter ein zweigeteiltes Gesellschaftsmodell, obwohl die alte Standesgesellschaft mit dem Untergang Preußens unwiederbringlich dahin ist und der Adel längst keine politische Bedeutung mehr hat. Eine zweite aus deutscher Politiktradition stammende Vorstellung läßt sich ebenfalls mit dem elitetheoretischen Demokratiemodell der Technokratie verbinden, die Meinung nämlich, die herrschende Elite sei neutral. Die Lehre von der Technokratie reduziert Politik auf eine bloße »Verwaltung von Sachen«. In der Folge werden alte politische Tugenden wieder modern: das Vertrauen der Massen in die höhere Weisheit der politischen Führung; politische Apathie derer, die nichts von der Sache verstehen und folglich den Mund halten sollen; Staatsräson als eine Mischung von Einsicht in den eigenen Unverstand und Gehorsam gegenüber den Anweisungen der Kundigen. Die Technokratie ist die moderne Form des deutschen Konservatismus. Technokratisches Denken findet sich übrigens nicht nur auf der Rechten des parteipolitischen Spektrums, sondern auch in der SPD. Bundeskanzler Schmidt werden technokratische Neigungen nachgesagt. Nicht wenige Sozialdemokraten, die hohe und höchste Parteiämter bekleiden, verwechseln Partizipation mit Meldungen an das Parteifußvolk darüber, »was auf uns zukommt« oder »wohin der Weg geht«. Diese Orientierung sei die Parteiführung den Massen schuldig. Das ist präzis die obrigkeitsstaatliche Form von »Mitwirkung« bei hohem Wissensstand: Kompetenz des Untertanen. Selbst dort, wo in der Bundesrepublik bürgerliche Partizipation für geboten gilt und geübt wird, spielt sich solche »citizen competence« vornehmlich in politischen Bereichen ab, die in der deutschen Tradition immer schon für solche politische Mitwirkung freigegeben waren. Das sind vornehmlich die beiden Gebiete der Legislative und der kommunalen Selbstverwaltung. In den angelsächsischen Demokratien betrifft der politische Beeinflussungswille dagegen ebenso die Exekutive. Hier schlägt wieder die deutsche Unterscheidung von Staat und Gesellschaft durch. Das Parlament gehörte im konstitutionellen Ohrigkeitsstaat nicht zum Staat, sondern zusammen mit den Parteien zum Interessenpluralismus der Gesellschaft. Die Minister waren nicht dem Parlament, sondern dem König verantwortlich. Parlamentarier für seine politischen Ziele einzuspannen galt für legitim, »den Staat unter Druck zu setzen« für ein Verbrechen. Heute zeigt sich dieser traditionelle Unterschied in der Bewertung von Bürgerinitiativen. Nach konservativer Politikauffassung sollen sie auf die Willensbildung in den Parlamenten wirken, sich aber jedes Druckes auf die Exekutive enthalten. Einmal erlassene Gesetze sollen nicht zu Angriffspunkten von Bürgerinitiativen werden, weil damit die Grenze zwischen interessenorientiertem Gesellschaftshandeln und dem Handeln des Staates überschritten wäre. Denn der Staat, so lehrt es die Lehre von der deutschen Obrigkeit, handelt frei von Interessen und nur dem Gemeinwohl verpflichtet"
"101","0.7465841174125671","»Das Stahlnetz stülpt sich über uns«","1979-06-10","https://www.spiegel.de/politik/das-stahlnetz-stuelpt-sich-ueber-uns-a-3292f0f4-0002-0001-0000-000040349941?context=issue","Die Polizei der Zukunft wird eine andere, höherstufige, mit einer gesellschafts-sanitären Aufgabe sein. BKA-Chef Horst Herold Was Menschen jahrtausendelang aus Handlinien und Vogelgedärm, Kristallkugeln oder Kaffeesatz zu ergründen trachteten -- Computer scheinen es verraten zu können: die Wahrheit über die Zukunft. Im Jahre 1958 gaben US-Sozialwissenschaftler einem Elektronenhirn je 280 Daten von 239 Neugeborenen ein -darunter Hinweise auf Gruppenmerkmale wie Familienverhältnisse, Geburtsort oder Beruf des Vaters. Dann ließen die Zukunftsforscher sich vorhersagen, welche der Babys später einmal, im Jugendalter, mit dem Gesetz in Konflikt geraten würden. Die Säuglinge sind inzwischen herangewachsen, die Prognosen überprüft. Das Resultat der »Longitudinalstudie« von 1958 fasziniert amerikanische Kriminologen und Soziologen, Polizeiführer und Politiker: Die Computer-Prophezeiung hat sich mit sensationell anmutender Präzision bewahrheitet -- bei einer »Abweichung von nur 3,5 Prozent«, wie der deutsche EDV-Experte und Ex-Parlamentarier Professor Frank Haenschke das Resümee der Untersuchung vor einem Datenverarbeiter-Kongreß referierte. Politiker wie Haenschke, Vorsitzender der Arbeitsgruppe Datenschutz beim SPD-Parteivorstand, plagt seither eine Schreckensvision: Polizei oder Geheimdienste könnten eines Tages dazu übergehen, nach dem US-Modell mit Computer-Hilfe abweichendes Verhalten von Bürgern vorbeugend zu bekämpfen -- durch allumfassende Verdatung der Bevölkerung, »Wer bewahrt uns davor«, kommentierte die liberale Hamburger »Zeit« den amerikanischen Baby-Versuch, »daß eine übereifrige amtliche Stelle, gemäß dem an sich vernünftigen Vorsatz »Vorbeugen ist besser als heilen«, daraus die Konsequenz zieht, dieses Prüfverfahren zu übernehmen und die Ausmerzung der Fehlstellen im familiären Umfeld zu betreiben?« Der Argwohn scheint nicht unbegründet. In westdeutschen Kriminalfachblättern wie in Polizeiakademien werden bereits -- vorerst verhalten -- die Chancen diskutiert, per EDV nicht nur geschehene Verbrechen aufzuklären, sondern auch künftige Delikte zu verhindern. Die Computerisierung, schreibt BKA-Chef Horst Herold, habe der Polizei zu einem »überlegenen Erkenntnisprivileg« verholfen und ihr die Möglichkeit gegeben, »dem Verbrechen nicht mehr wie im Nachtrab hinterherzuhinken, sondern ihm bereits in den Ursachen zu begegnen«. Seinen eigenen Anteil an dieser Entwicklung unterschätzt Herold keineswegs: Mit Hilfe der vom ihm geschaffenen Methoden könne es »zum ersten Mal in der Geschichte von Polizei und Justiz« gelingen, »die Kriminalität bis auf einen unausrottbaren Bodensatz zurückzudrängen«"
"102","0.7464794814586639","Briefe","1964-04-21","https://www.spiegel.de/politik/neue-welt-a-d69f650d-0002-0001-0000-000046174440?context=issue",". Bad Oeynhausen HERBERT SCHMIDT Trotz des Umfanges waren die Ausführungen über die Automation unvollständig. Dieses Phänomen mit den sozialen und wirtschaftlichen Methoden einer Industriegesellschaft deuten und manipulieren zu wollen, ist unmöglich. Die Automation kann nicht als kontinuierliche Weiterentwicklung der Industrialisierung angesehen werden, sondern sie ist eine neue Qualität; wie der Übergang von der ständischen zur Industrie-Gesellschaft wirtschaftliche, soziale und geistige Umwälzungen gebracht hat, so wird auch die Automation neue Maßstäbe und Formen schaffen. Heilbronn AXEL HODOK Trotz Vollbeschäftigung und Hochkonjunktur bekommen heute schon Tausende von Arbeitern die Folgen der fortschreitenden Rationalisierung und Automation empfindlich zu spüren. Bei »Umsetzungen« in der Textilindustrie sind Lohneinbußen von 20 bis 80 Pfennig pro Stunde keine Seltenheit. Besonders bei älteren Arbeitnehmern wirkt sich das doppelt aus, denn sie erleiden durch den verringerten Verdienst im Alter dann noch beträchtliche Renteneinbußen. Deshalb hat die Gewerkschaft Textil-Bekleidung vor kurzem einen »Rationalisierungsvertrag« für die Arbeitnehmer der westfälischen Textilindustrie abgeschlossen. Ein von den Arbeitgebern finanzierter Ausgleichsfonds sorgt dafür, daß Arbeitnehmer, die durch Rationalisierungsmaßnahmen auf einen geringer entlohnten Arbeitsplatz versetzt werden, im Alter wenigstens keine Rentenminderung hinnehmen müssen. Das ist ein erster Schritt, die sozialen Folgen der Automation durch tarifliche Regelungen zu lindern. Selbstverständlich ist er kein Ersatz für umfassende Vorsorgemaßnahmen des Staates, ohne die uns die technische Entwicklung eines Tages recht unangenehme Überraschungen bescheren könnte. Düsseldorf HEINZ ESSLINGER Pressereferent der Gewerkschaft Textil-Bekleidung In Ihrer Titelgeschichte sprechen Sie ausdrücklich auch die Finanzbeamten an. Abgesehen davon, daß die Elektronengehirne entgegen Ihrer Behauptung nicht in der Lage sind, Einkommensteuer-Erklärungen selbst zu bearbeiten, wenn nicht zuvor ein fachkundiger Steuerbeamter die viel umfangreicheren Vorarbeiten geleistet hat, freuen Sie sich zu früh über einen Schwund der Finanzbeamten. Elektronengehirne vermögen zum Beispiel keine Bilanzen zu lesen oder sonstige Besteuerungsgrundlagen zu bearbeiten, sie können lediglich den Steuerbeamten die relativ wenig Zeit in Anspruch nehmenden Zuordnungs -, Rechen- und Schreibarbeiten abnehmen. Mit den Elektronengehirnen läßt sich deshalb auch die von uns grundsätzlich betriebene Arbeitsentlastung und Personalverminderung nicht erreichen. Düsseldorf H"
"103","0.7464429140090942","»Uns steht eine Katastrophe bevor«","1978-04-16","https://www.spiegel.de/politik/uns-steht-eine-katastrophe-bevor-a-297be044-0002-0001-0000-000040615677?context=issue",". Als Stimulans für eine kräftigere Konjunktur aber kommt die Mikroelektronik kaum in Frage. Die Produktion der Schaltkreise und Prozessoren ist weitgehend automatisiert und schafft trotz der hektischen Ausbreitung der Winzlinge kaum neue Arbeitsplätze. Vor allem aber: Die neue Technik hat, anders als die bisherigen technischen Umwälzungen, kaum neue Produkte zu bieten. Zwar werden Geräte wie Waschmaschinen und Fernsehgeräte leistungsfähiger, ihre Bedienung komfortabler, zwar können moderne Nähmaschinen kunstvoll sticheln, neueste Haartrockner feinfühlig die Temperatur regeln. Doch ein Durchbruch, der etwa der Erfindung der Bildröhre und dem dadurch ausgelösten Fernsehboom vergleichbar wäre, zeichnet sich nirgends ab. Allenfalls die Quarzuhren, die in Millionen-Auflagen verschleuderten Taschenrechner und der neueste Hit, die elektronischen Fernsehspiele, könnten den Rang einer echten Neuheit beanspruchen. Alle drei Novitäten haben allerdings eines gemeinsam: Sie sind mit minimalem Arbeitsaufwand herzustellen. »Volkswirtschaftlich«, meinte Automations-Forscher Friedrichs, »wird damit nichts in Bewegung gesetzt.« Die neuen Uhren fallen als Arbeitsbeschaffer sogar vollends aus: Der Fortschritt vom Tick-Tack-Werk zur Quarzuhr kostete einige zehntausend Beschäftigte den Job. Japaner und Amerikaner sind den Deutschen um. Jahre voraus. Den Gewerkschaften, aber auch den Unternehmern lassen die mikroelektronischen Alleskönner ohnehin kaum Entscheidungsspielraum. Die Firmen haben, schon wegen der hohen westdeutschen Löhne, gar keine Wahl: Sie müssen rationalisieren und automatisieren, um auf den Weltmärkten bestehen zu können. Denn dort ist die Konkurrenz bereits angetreten: Japaner und Amerikaner sind in manchen Teilbereichen den Deutschen um einige Jahre voraus. Die Gewerkschaften werden durch die Mikrorevolution in eine weit unangenehmere Position gedrängt. Sie müssen an modernsten Fertigungsmethoden interessiert sein, weil nur so die internationale Wettbewerbsfähigkeit der Industrie behauptet und das reale Einkommen der Arbeitnehmer gesteigert werden kann. Zugleich aber bedrohen genau diese Methoden den Mitgliederstamm. Mühsam versuchen besonnene Gewerkschafter, ihre Organisation auf einen schwierigen Balanceakt vorzubereiten. Den beunruhigten Mitgliedern zuliebe werden den Unternehmen soziale Zusagen abgehandelt, die gegen Abgruppierung und Entlassung schützen. Zugleich aber wird in den meisten Fällen darauf geachtet, daß der Fortschritt nicht allzu energisch geknebelt wird. Selbst so entschlossene Vertreter der Arbeiterbewegung wie der Stuttgarter IG-Metall-Bezirksleiter Franz Steinkühler nämlich kommen an einer Klippe nicht vorbei: Erstreiken sie einen perfekten Schutz der Beschäftigten gegen Abgruppierung und Entlastung, so ist die Wirtschaftskrise programmiert"
"104","0.7457000911235809","WER HAT ANGST VOR ROBOTERN","1966-08-28","https://www.spiegel.de/kultur/wer-hat-angst-vor-robotern-a-02c4c33f-0002-0001-0000-000046414115?context=issue","Im März 1965 veranstaltete die IG Metall in Oberhausen zum zweitenmal eine internationale Tagung Ober Gefahren und Chancen der Automation. Referate und Diskussionsbeiträge dieser Tagung sind jetzt unter der Redaktion von Dr. Günter Friedrichs, 38, dem Leiter der Abteilung »Automation und Kernenergie« beim Vorstand der IG Metall, in zwei umlangreichen Bänden dokumentiert worden. - Dr. Kurt Pentzlin, 63, der das Sammelwerk hier bespricht, hat an der Tagung teilgenommen; er ist führender Automations-Experte der Arbeitgeber und stellvertretender Geschäftsführer eines der höchstautomatisierten Betriebe in der Bundesrepublik, der Koksfabrik Bahlsen in Hannover. Dieses Sammelwerk ist nur halb so interessant, wenn man es für sich allein nimmt. Es wird viel interessanter, wenn man es im Zusammenhang mit seinem direkten Vorläufer sieht, dem Bericht über die erste internationale Arbeitstagung der IG Metall 1963 in Frankfurt. Damals reagierte die öffentliche Meinung in der Hauptsache auf einen Satz aus dem Hauptreferat des IG-Metall -Experten Günter Friedrichs. Er sagte dort unter Bezugnahme auf eine Untersuchung des Ifo-Instituts für Wirtschaftsforschung, in der für die Jahre von 1950 bis 1958 eine »Freisetzungsquote« von sechs Prozent ermittelt worden war: »Sechs Prozent aller Erwerbstätigen sind 1,5 Millionen Menschen. Diese ... werden alljährlich eingespart oder technologisch freigesetzt. Ihre Arbeitsplätze verschwinden.« Dieser Satz ist viel reportiert und diskutiert worden, ganz abgesehen davon, daß alle Welt in den vergangenen Jahren vergebens nach den Millionen von Arbeitslosen in der Bundesrepublik gesucht hat. Er muß in diesem Zusammenhang noch einmal wiederholt werden, weil dieselben Zahlen auch auf dem Oberhausener Kongreß wiederkehren, diesmal sogar im Referat des IG-Metall-Vorsitzenden Otto Brenner. Brenner spricht außerdem in Anlehnung an eine andere Berechnung für die Zeit von 1950 bis 1961 von etwa 4,1 bis 4,8 Millionen weggefallenen Arbeitsplätzen und fügt hinzu, die Untersuchung erfasse »lediglich die Zahl der tatsächlich weggefallenen, nicht aber die Zahl der in den Betrieben veränderten Arbeitsplätze, die wesentlich höher ist«. Aber so geht das doch nicht! Von solchen Sätzen und Zahlen geht eine Suggestivwirkung aus, die ganze Kongresse überschatten kann. Und da hilft es auch wenig, wenn gleich darauf ganz vernünftige Einschränkungen gemacht werden. Friedrichs: »Der technische Fortschritt setzt nicht nur Arbeitskräfte frei, sondern schafft auch neue Arbeitsplätze und Berufe.« Hauptsätze werden leider in der Öffentlichkeit immer stärker beachtet als Nebensätze. Das leidige Kapitel der »Freisetzung« und der »1,5 Millionen Arbeitslosen jährlich« kann man am besten dadurch abschließen, daß man einen der führenden Wissenschaftler des Ifo-Instituts. Edgar Wolf, selbst zu Wort kommen läßt. Er sagte am 23"
"105","0.7454342842102051","DÜRFEN EIERKÖPFE ANSTOSSEN?","1965-05-25","https://www.spiegel.de/kultur/duerfen-eierkoepfe-anstossen-a-3de0afee-0002-0001-0000-000046272838?context=issue",". Dafür, daß so viele Köche mitgekocht haben, ist das Menü eigentlich etwas spärlich geraten. Auf nur 232 großbedruckten Seiten (wenn man das editorische Beiwerk abzieht) sind immerhin so komplexe Themenkreise und Trends wie »Das Recht des Bürgers«, »Die demographische Entwicklung«, »Das Sozialprodukt«, »Trends des technischen Fortschritts«, »Ausbildung«, »Raumordnung und Regionalpolitik«, »Stadtplanung«, »Verkehr«, »Gesundheit«, »Sorge für die Alten« und »Politik und Planung« abgehandelt worden. Einige der dringlichsten deutschen Schicksals- und Zukunftsfragen aber, wie zum Beispiel »Wiedervereinigung«, »Eigentumsverteilung«, »Industrielle Machtkonzentration«, »Demokratische Formen«, »Internationale Beziehungen«, »Rüstung und Abrüstung«, die nicht nur heute, sondern erst recht 1975 eine Rolle spielen dürften, ließ man einfach weg, weil sie angeblich »zu heikel« waren. Der Titel des Buches müßte daher folgerichtiger heißen (und damit wäre nicht nur die territoriale Situation genauer charakterisiert, sondern auch jene, die zwischen Problemen unterscheidet, über die man noch reden darf und solchen, an die man sich im Wahljahr nicht herantraut): »Das halbe Deutschland 1975«. Weshalb eigentlich »heikel«? Weshalb eigentlich »kritisch«? Und für wen? Hier muß nun ein wenig über die Vorgeschichte dieses trotz seiner Weglassungen bedeutsamen und in seiner Art für Deutschland erstmaligen Prognoseversuchs berichtet werden. Im Jahre 1963, als Präsident Kennedy »Berliner« wurde, entdeckte ein prominenter Berliner seine Wahlverwandtschaft zu Kennedy. Der »Regierende« (von West-Berlin) Willy Brandt, dein großen Vorbild Kennedy folgend, der den »eggheads« das Weiße Haus geöffnet hatte, beschloß, bundesdeutsche »Eierköpfe« ins Schöneberger Rathaus einzuladen. Ähnlich wie Washington nach Jahren der »Hexenjagd« sich mit den Intellektuellen versöhnt hatte, sollte nun auch die SPD, die sich mit vielen ihr nahestehenden Wissenschaftlern in Fragen Atombewaffnung, Studentenbund überworfen hatte, nun mit den schwierigen, aber unentbehrlichen Professoren Frieden schließen. So durfte Hans Paul Bahrdt, der Göttinger Soziologe, obwohl er kurz vorher noch mit Herbert Wehner öffentlich gestritten hatte, das Einführungsreferat des im November 1963 erstmals zusammentretenden »Gesprächskreises Wissenschaft und Politik« halten. Allerdings - bei diesem ersten und einzigen Treffen, an dem etwas über 50 Wissenschaftler teilnahmen, ist es bisher auch geblieben. Im Gegensatz zu Harold Wilson, der, ebenfalls dem Vorbild Kennedys folgend, sich mit »eggheads« umgab und es verstand, sie in dem Jahr vor der Wahl zu einem maßgeblichen, unentbehrlichen Bestandteil seines »Schattenkabinetts« zu machen, hat der sozialdemokratische Kanzlerkandidat eine ähnliche permanente Zusammenarbeit mit den der bisherigen Entwicklung der Bundesrepublik nahestehenden Wissenschaftlern nicht erreichen können"
"106","0.745120644569397","Bissiger Hund","1979-02-18","https://www.spiegel.de/politik/bissiger-hund-a-9049b9cc-0002-0001-0000-000040351221?context=issue","Angekündigt war, in Saal 238 des Landgerichts zu Wiesbaden, eine Art Ketzerprozeß -- vergleichbar, laut Verteidigung, »mit dem kirchlichen Inquisitionsverfahren gegen Galileo Galilei«, der Anno 1632 in einer Streitschrift die Lehre vertreten hatte, die Erde kreise um die Sonne. Abschwören wie der aufmüpfige Italiener (""Und sie bewegt sich doch"") sollte am Mittwoch letzter Woche ein bayrischer Wissenschaftler: Westdeutscher Obrigkeit mißfällt mehr und mehr, was der Regensburger Rechtswissenschaftler Professor Wilhelm Steinmüller, 44, langjähriger Datenschutzsachverständiger der Bundesregierung und des Bundestages, über die teils geheime Personenerfassung in Staatscomputern sagt und schreibt. Der bisweilen bissig formulierende »Wachhund der Demokratie« (""Süddeutsche Zeitung"") mußte fürchten, einen »Maulkorb« verpaßt zu bekommen -- auf Antrag just jenes Staatsbediensteten, den er in jüngster Zeit laut verhellt hatte: Deutschlands Kripo-Boß Horst Herold, 55, der wegen seiner Datensammelwut unter Kollegen »Mr. Computer« heißt. Die »Bundesrepublik Deutschland, vertr. durch den Bundesminister des Innern, dieser vertr. durch den Präsidenten des Bundeskriminalamtes« (BKA), wollte den Hochschullehrer mit Hilfe der Justiz zwingen, »bei Meidung höchst zulässigen Ordnungsgeldes« von 500 000 Mark oder einer Ordnungshaft drei Behauptungen zu unterlassen beziehungsweise zu widerrufen: >""Kontrolliert« würden in der Bundesrepublik nicht nur »einige verbrecherische Anarchisten«, sondern »mit scheinbarer technischer Zwangsläufigkeit« zugleich sämtliche Bürger; * in Westdeutschland existiere ein »rechtlicher und organisatorischer Verbund« zwischen der Verwaltung und Teilen der Wirtschaft sowie »dem polizeilichen und Geheimbereich"": * in staatliche Informationssysteme werde »zunächst die Gesamtbevölkerung aufgenommen«, sodann würden die Unverdächtigen ausgesiebt, alle übrigen blieben in einer »grauen Zone«. Schon vor Prozeßbeginn hatte Steinmüller angekündigt, er werde seine -- im SPIEGEL 45/1978 und im TV-Magazin »Report« publizierten -- Äußerungen keineswegs widerrufen, sondern sie vor Gericht detailliert begründen. Alle Aussagen ließen sich »durch amtliche Unterlagen« belegen, darunter »bislang unveröffentlichtes Material«. Indessen: Der vom Landgericht so genannte Prozeß »BRD ./. Prof. Dr. Steinmüller«, der wie kein anderes Verfahren Aufschluß über die geheimen Datenbanken von Polizei und Nachrichtendiensten zu geben versprach, platzte schon am ersten Tag. Die Fünfte Zivilkammer des Landgerichts wies die Klage des (nicht erschienenen) Kripo-Chefs als,. unbegründet« ah -- offenbar beeindruckt von der Argumentation der Steinmüller-Anwälte Jutta Hopkins (Wiesbaden) und Klaus Sedelmeier (Stuttgart). Herold sei, hatten sie vorgetragen, nicht bevollmächtigt, die Bundesrepublik in diesem Zivilverfahren zu vertreten. Steinmüllers Kritik ziele zudem gar nicht vorwiegend auf das BKA. sondern »auf unsere Gesellschaft und den Sicherheitsbereich schlechthin«"
"107","0.7449596524238586","Ex machina","1961-06-06","https://www.spiegel.de/kultur/ex-machina-a-8d912623-0002-0001-0000-000043364614?context=issue",". Der diesjährige Berliner Ärztekongreß widmete dem Thema »Perfektion, Rationalisierung und Automation in der praktischen Medizin« sogar einen ganzen Tag. »Wenn wir Ärzte uns der Technik bedienen«, verkündete der Präsident der Bundesärztekammer, Dr. Ernst Fromm, »dann kann für den Patienten nur Gutes daraus werden.« Und der Vorsitzende der Automationstagung, der Augsburger Professor Schretzenmayr, erklärte, er hoffe, daß die Diagnosemaschinen »eines Tages einen elektronischen Ariadnefaden für das Gewirr der diagnostischen Möglichkeiten« liefern würden. So hatte sich denn der deutsche Promoter der Medizin-Automaten diesmal nicht über mangelndes Interesse der Kollegen zu beklagen. Vor einigen Tausend Ärzten entwickelte Dr. Kornfeld einen Stufenplan, der den Einzug der Roboter in die Medizin vorbereiten soll: - Zunächst sollen die Krankheiten eines Fachgebiets der Medizin mit ihren Symptomen »vollständig und verbindlich« zu einem Lochkartensystem verschlüsselt werden. - Dann sollen durch 500 bis 1000 Leichenöffnungen (Autopsie-Diagnosen) die in dem betreffenden Fachgebiet herrschenden Diagnosetheorien überprüft werden. - Schließlich sollen Roboter und Ärzte eine Anzahl von Krankheitsfällen unabhängig voneinander begutachten, um die Sicherheit der Roboter-Analysen zu überprüfen. »Sind alle drei Stufen bewältigt«, erklärte Kornfeld, »kann die Errichtung diagnostischer Zentren erfolgen.« Ein solches Diagnosezentrum, in dem der gesamte Wissensschatz der Medizin gespeichert wäre, würde jeweils 1000 bis 2000 Ärzten zur Verfügung stehen. Kornfeld: »Bei den Routinediagnosen kann man natürlich auf die Maschine verzichten.« Die heraufdämmernde Ära der Medizinroboter verheißt den Ärzten außer besseren Diagnosen allerdings auch eine Reihe heikler Probleme. Wer würde nach der Einführung der Automaten, so fragte der Berliner Arzt Dr. Kühne, die Verantwortung tragen für eine verhängnisvolle Fehldiagnose - Konstrukteur, Programmierer oder Bediener der Maschine? Und: »Was wird aus dem 'Arzt-Patienten-Verhältnis', wenn 'Perfektionierung und Automation' unserer Arbeit komplett sind?« Sinnierte Kühne: »Wird der Patient dann zu Hause erzählen: 'Die Maschine vom Doktor X hat gesagt, daß ..., aber jene andere Maschine bei Doktor Y war nicht dieser Meinung'?« Diagnose-Forscher Kornfeld: 30 000 Krankheiten im Elektronengehirn"
"108","0.7449187338352203","WOHIN TREIBT DIE BUNDESREPUBLIK?","1966-04-17","https://www.spiegel.de/politik/wohin-treibt-die-bundesrepublik-a-85d9d8b8-0002-0001-0000-000046266482?context=issue","Der Bevölkerung der Bundesrepublik geht es wirtschaftlich so gut wie noch nie, mit Ausnahme der Schlechtweggekommenen, von denen man selten spricht. Es herrscht eine Zufriedenheit im Eifer des Lebensgenusses bei ständig geringer werdender Arbeitszeit und Vermehrung der Konsumgüter, der Reisemöglichkeiten und Vergnügungen. Trotzdem gibt es eine Unruhe. Ist dies Leben auch sicher? Man fürchtet. Die Denkenden sehen die politische Faktizität mit Sorgen. Wohin treiben wir? Die Demokratie der Bundesrepublik wandelt sich vor unseren Augen. Es werden Wege beschritten, an deren Ende es weder eine Demokratie noch einen freien Bürger geben würde, vielleicht ohne daß die, die sie gehen, dieses Ende wollen. Diese Wege sind nicht unausweichlich. Aber nur ein zur Freiheit drängendes, seiner selbst darin bewußtes Volk kann die Demokratie in freier republikanischer Verfassung, die bisher nur eine Chance ist, verwirklichen. Wie werden wir regiert? Wer regiert uns? Woher kommen die Politiker? -Wie ist die Struktur der Bundesrepublik, nicht nur juristisch und in der Theorie, sondern im faktischen Geschehen? - Welcher Wandel vollzieht sich in der Struktur der Bundesrepublik? Es scheint: von der Demokratie zur Parteienoligarchie, von der Parteienoligarchie zur Diktatur. Tendenzen zeigen, bedeutet nicht voraussagen. Die Faktoren des politischen Geschehens sind so zahlreich, ja unendlich, die Zufälle so unberechenbar, daß Prophetie heute wie von jeher irregeht. Sie trifft zwar Tendenzen; wie weit aber diese wirklich werden (dann spricht man von richtigen Voraussagen), ist ungewiß und liegt auch noch an uns. Für den Betrachtenden ist die Frage: Was geschieht? Für den Appellierenden ist die Frage: Was soll geschehen? Was wollen wir tun? Der Strukturwandel der Bundesrepublik: Von der Demokratie zur Parteienoligarchie. Ursprung und Ziel der Bundesrepublik: Was wollen wir durch die Bundesrepublik? Stauffenberg faßte kurz vor seinem Attentat das Ziel in einen Satz: »Wir wollen eine neue Ordnung, die alle Deutschen zu Trägern des Staates macht und ihnen Recht uxd Gerechtigkeit verbürgt« (zitiert nach »Das Gewissen steht auf«, Mosaikverlag 1954, Seite 231). Was hat die Bundesrepublik von diesem Ziel verwirklicht? Die »neue Ordnung«? Sie ist bisher eine äußerliche der Institution, nicht eine innere des Denkens der Bürger. Hier ist vielmehr die Unordnung im Wachsen. »Alle Deutschen Träger des Staates«? Nein, sie sind bisher noch zumeist Untertanen, nicht Träger des Staates. Sie wählen alle vier Jahre eine ihnen vorgelegte Liste, aber wissen nicht eigentlich was. Denn sie haben sich zu fügen. Zunächst den Vorschlägen der Parteien, dann der Obrigkeit, die sich für ihre Autorität auf das Volk beruft, das sie gewählt habe. »Recht und Gerechtigkeit«? Recht ist verbürgt in einem gewissen Umfang, wie in Rechtsstaaten, wie auch in totalitären Staaten"
"109","0.7449047267436981","Schmilzt wie Schnee","1978-03-26","https://www.spiegel.de/wirtschaft/schmilzt-wie-schnee-a-f796c172-0002-0001-0000-000040706102?context=issue",". Die IG Metall versucht durchzudrücken, daß die negativen Folgen des Fortschritts für den einzelnen Arbeitnehmer begrenzt, nach Möglichkeit sogar voll abgefedert werden. Denn: Konnten in den vergangenen Jahrzehnten die Rationatisierungen leicht verdaut werden -- die Freigesetzten waren in den Wachstumsjahren leicht unterzubringen, der Bedarf an qualifizierten Facharbeitern stieg zuverlässig mit dem technischen Fortschritt -, so verlangt die just zu Beginn der westdeutschen Massenarbeitslosigkeit ausgebrochene »dritte technische Revolution« (DGB-Chef Heinz Oskar Vetter) ihre Opfer. Selbst technische Zeichner und Ingenieure bleiben nicht verschont: Kollege Computer ist schon heute durchaus in der Lage, etwa eine Wasserpumpe in sämtlichen Details zu konstruieren und zu zeichnen. Auch die Angestellten in den Büros und Verwaltungsabteilungen von Industrie, Kaufhäusern, Banken und Versicherungen sind von den elektronischen Wunderwaffen bedroht. Nach Schätzungen der Gewerkschaften könnten Text-Automaten und elektronische Datenverarbeitungsgeräte in den nächsten Jahren etwa eine Million Angestellte um ihren Job bringen. Betroffen wäre vor allem die Kundschaft der Gewerkschaft Handel, Banken, Versicherungen (HBV). Und die rüstet bereits auf: »Der Kampf der Drucker und Setzer«, drohte die große Tarifkommission noch während des Arbeitskampfes, »wird Maßstäbe setzen für die Bewältigung der absehbaren Rationalisierungen im Geld- und Kreditwesen.« Der Spielraum der Gewerkschaften ist dabei allerdings überaus schmal. Genau jener technische Fortschritt nämlich, der unter Kontrolle gebracht werden soll, hat jahrzehntelang dafür gesorgt, daß die Produktivität der Betriebe stieg -- und mit ihr stiegen die Reallöhne der Arbeitnehmer."
"110","0.7447019517421722","GÜNTER FRIEDRICHS","1964-03-31","https://www.spiegel.de/politik/guenter-friedrichs-a-12ca9049-0002-0001-0000-000046173396?context=issue","GÜNTER FRIEDRICHS leitet seit sieben Jahren die Abteilung »Automation und Kernenergie« beim Vorstand der Industrie gewerkschaft Metall in Frankfurt, die alle Entwicklungen auf dem Gebiet der Automation systematisch verfolgt. Friedrichs, Jahrgang 1928, zog im vergangenen Jahr in Frankfurt die erste internationale Automationstagung auf, bei der internationale Fachleute über den technischen Fortschritt in den USA und Westdeutschland referierten. Die Ergebnisse der dreitägigen Vortragsveranstaltung waren alles andere als günstig. Sowohl in den Fertigungsbereichen wie in den Büros droht den Beschäftigten Gefahr von den Automaten, teils durch Verlust des Arbeitsplatzes, teils durch soziale Degradierung. Mit zunehmender Technisierung verliert das Berufskönnen an Wert; in gleichem Ausmaß wächst das Desinteresse der Beschäftigten an ihrer Arbeit. Die Berufsideologie zerbröselt, und die hierarchische Betriebsstruktur wird zerstört. Der Beamtensohn aus Erfurt rückte 1944 von der Oberschulbank auf den Kanonier-Sessel einer Vierlings -Flak, die das Stickstoffwerk Leuna in Sachsen gegen alliierte Bomber verteidigte. Nach Entlassung aus der Gefangenschaft machte er eine Lehre im Kasseler Lebensmittel -Filialgeschäft »Rheika« durch und bestand anschließend die Zulassungsprüfung für das wirtschaftswissenschaftliche Studium, das er 1952 an der Universität Frankfurt abschloß. Danach studierte Friedrichs ein Jahr lang an der Universität von Minnesota und promovierte 1957 in Frankfurt mit einer Arbeit über »Verkaufswerbung, ihre Technik, Psychologie und Ökonomie« zum Dr. rer. Pol. Schon seit 1954 war er als Halbtagskraft bei der IG Metall beschäftigt, ehe er 1956 Angestellter der Gewerkschaft und ein Jahr später auf Betreiben Otto Brenners Leiter der Automations-Abteilung wurde. Mit Arbeitszeitverkürzung bei vollem Lohnausgleich oder verlängertem Urlaub, mit Übergangshilfen für freigesetzte Arbeiter und Mitsprache der Gewerkschaften bei Automationsprojekten der Betriebe will die IG Metall den sozialen Gefahren des technischen Fortschritts rechtzeitig begegnen. Überdies soll eine aktive Lohnpolitik dafür sorgen, daß die bei der Automation anfallenden Produktivitätsgewinne der Industrie auch den Beschäftigten zugute kommen. In Zukunft wollen sich die Gewerkschaften noch intensiver mit den Problemen des technischen Fortschritts befassen: Aus Mitteln der Stiftung Volkswagenwerk sollen, so schlug der DGB-Chef Ludwig Rosenberg dieser Tage vor, die wirtschaftlichen, soziologischen und arbeitsphysiologischen Folgen der Automation in Westdeutschland gründlich untersucht werden."
"111","0.7445594668388367","VERSCHIEBUNG","1966-01-16","https://www.spiegel.de/kultur/verschiebung-a-838dfef0-0002-0001-0000-000046265420?context=issue",". Wäre es, frage ich, nicht bequemer und billiger, die Elektronenrechnung des schon länger raumfahrenden Bundesgenossen Amerika für zuverlässig zu halten?. Fräulein Gottzein straft mich mit einem Kopfschütteln: »Wir brauchen ein nationales Programm, schon um als Partner akzeptiert zu werden. Außerdem sind die Erfahrungen, die wir dabei machen, auch für die Industrie nützlich.« Jemand Untergebener schaut zur Tür herein und erkundigt sich ausgeglichenen Gemüts nach dem Verbleib einer Bagatellsumme von 250 000 Mark; was mich zu der Frage inspiriert: »Lohnt es die hohen Kosten?« »Die betragen nur einen Bruchteil dessen, was der ,Grüne Plan' verschlingt«, kontert Eveline mit sächselnder Anmut. Wie wird man Chefin eines Rechenzentrums? Indem man als 13jährige Segelflugzeugmodelle bastelt und bereits während des Studiums der Fächer Elektrotechnik, angewandte Mathematik und Regelungstechnik auf dem Gebiet der Verfahrenstechnik tätig ist. Ferner empfiehlt es sich, in den USA zum Bau von Analog-Simulatoren Beihilfe zu leisten und anschließend in England und Belgien sein Wissen um Reaktor-Simulation und Flug-Simulation zu bereichern. Beim Gespräch über diese, bei jungen Damen nicht eben häufige Weise von Werdegang und Broterwerb kommt unsere Rede auch auf Gemeinplätze wie den, daß des Mannes Domäne- die Logik sei, das Weib hingegen sich eines nicht geringeren Privilegs, genannt Intuition, erfreue. Die Elektro-Simulantin hält solche Einteilung für atavistisch: Früher, als die Frau noch mit Haushalt und Kinderreichtum vollbeschäftigt gewesen sei, habe sie ihre Fähigkeit zu logischem Denken hintan lassen müssen. Heute jedoch sei sie, falls intelligent genug, im vollautomatischen Heim nicht mehr ausgelastet, sehne sich zunehmend nach »Kontakt zur Außenwelt«, wodurch es zu einer »Verschiebung« komme. Daß neuerwachter Logik altbewährte Intuition naturgesetzlich sich beigesellt, stimmt Fräulein Eveline zukunftsfroh. Denn, vertraut sie mir an, »alle wirklich großen Erfindungen wurden zuerst intuitiv erahnt, dann logisch erhärtet«. Eveline Gottzein"
"112","0.7439685463905334","Todlos glücklich","1966-12-25","https://www.spiegel.de/politik/todlos-gluecklich-a-3238d2ee-0002-0001-0000-000046415653?context=issue",". Professor John G. Kemeny, Mathematiker am Dartmouth College in Hanover (US-Staat New Hampshire), läßt seine sechsjährige Tochter, wenn sie artig ist, am Computer spielen. Er weiß: Wenn seine Tochter erwachsen sein wird, »werden Computer im Haushalt so selbstverständlich sein wie heute Fernsehen und Telephon«. In der fugenlos verschweißten Kunststoff-Küche des Jahres 2000, deren Fußboden sich auf Knopfdruck automatisch scheuert, stellt ein Computer (unter Berücksichtigung besonderer Diät-Wünsche) das Menü zusammen und tätigt entsprechende Bestellungen beim Supermarket. Mikrowellen-(Radar-)Herde kochen sekundenschnell das Essen gar. Ultraschall reinigt die Kleidung, während sie im Schrank hängt. Computer liefern die Programme für die Lernmaschinen der Kinder, die mit drei Jahren lesen und schreiben lernen, und füllen die Steuererklärung aus. Ein zentrales Elektronenhirn speichert für ganz Amerika die - rar gewordenen - offenen Arbeitsstellen und vermittelt auf Anfrage den gewünschten Job (""Tempo«-Futurologe John Fisher: Schwarzarbeit wird so geächtet sein wie heute Bigamie""). Aber Zentral-Computer werden auch Dossiers über jeden Bürger speichern, vom Verlauf einer Kinderkrankheit bis zur Anzahl der Ehescheidungen. Späher werden Briefe lesen können, ohne sie zu öffnen, und Fernsehtelephon-Gespräche mitschneiden, ohne Leitungen anzuzapfen. George Orwells Alptraum von der total überwachten Welt »1984« war so abwegig nicht. Eine der schwierigsten und zugleich dringlichsten Aufgaben der Zukunftsplaner ist es, wenigstens annäherungsweise abzuschätzen, wie sich der Mensch in einer solchen hochtechnisierten Überflußgesellschaft verhalten wird. Der soziologische Raster des Zukunftsbildes ist noch unscharf. Nur etwa zehn Prozent der Arbeitsfähigen im Jahre 2000 werden produktive Arbeit leisten. Mehr als drei Viertel der Arbeitswilligen werden damit befaßt sein, sich gegenseitig zu verwalten, zu bilden, zu bedienen und die gigantische Produktion der automatisierten Industrie zu verteilen, zu verkaufen und vor allem - zu verbrauchen. Manche Futurologen, so Herman Kahn, halten für denkbar, daß in der üppigen Wohlstandsgesellschaft der Jahrtausendwende der Anreiz, nach Reichtum und Erfolg zu streben, schwinden könnte. Andere hingegen, so der Münchner Publizist Wilhelm Bittorf in einer jüngst veröffentlichten Zukunftsstudie, erachten es für eine »diabologische ökonomische Notwendigkeit«, den Konsum anzuheizen*. Mehr als bisher, meint Bittorf, werde beim Einkauf von Waren »an die Stelle des praktischen Nützlichkeitsmaßstabs ... der Maßstab der sozialen Geltung und des Luxusbedarfs treten«. Mehr als je würden Reklame-Slogans die »Seligkeit des Habens, den Jammer des Nichthabens« und die »Lust am Neid der Nächsten« in die Gehirne hämmern. Uneins sind die Futurologen auch in der Prognose, wie der Mensch dereinst das vervielfachte Angebot an Freizeit füllen wird. Die einen, so der Biophysiker John R"
"113","0.7438010573387146","»Das Stahlnetz stülpt sich über uns«","1979-05-06","https://www.spiegel.de/politik/das-stahlnetz-stuelpt-sich-ueber-uns-a-ae899802-0002-0001-0000-000040350588?context=issue",". Eines jedoch mißlang dem Modernisierer gründlich: Das Ansehen des Wiesbadener Haufens vermochte er trotz oder gerade wegen seines gigantischen Computerisierungswerks letztlich kaum aufzubessern. Letzten Monat wurde der »Antifaschist, Gewerkschafter und Sozialdemokrat« (Herold über Herold) selbst von der SPD-eigenen »Hamburger Morgenpost« des »Schnüffel-Wahns« bezichtigt und sein Amt als »widerlichen Flecken auf dem Adlerschild der Bundesrepublik« verächtlich gemacht. Die menschliche Tragik des brillanten Kriminalisten, der sich um den Dank des Vaterlands betrogen sieht, ist untrennbar verwoben mit der Doppelbödigkeit elektronischer Datenverarbeitung. Das Beispiel Inpol illustriert, wie eng Rationalisierungserfolge und gesellschaftliche Risiken der EDV-Anwendung benachbart sind. Polizeilich geboten, technisch wie rechtlich unproblematisch war Herolds erstes EDV-Projekt: den Computer bei der Fahndung nach gestohlenen Autos oder zum Ergreifen bereits ermittelter Täter einzusetzen. Fragwürdig wurde es erst, als Herold, von den Innenministern Genscher und Maihofer geradezu emphatisch gefördert, die Verwirklichung einer Ende der sechziger Jahre entwickelten Lieblingsidee forcierte: den Computer nicht nur bei der Fahndung nach bekannten, sondern auch zur Ermittlung noch unbekannter Täter einzusetzen. Herolds Konzept: Wenn erst alle verfügbaren Merkmale sämtlicher Straftäter und Straftaten elektronisch erfaßt seien, müsse es möglich sein, den Computer auf Knopfdruck beispielsweise eine Liste »aller verheirateten Schlosser, die über 1,80 Meter groß sind, schwäbische Mundart sprechen und Diebstähle in Kirchen bevorzugen«, ausdrucken zu lassen. Diese Vision aus seinen Nürnberger Stadtpolizei-Jahren ist mittlerweile in Teilbereichen Wirklichkeit geworden. Längst umfaßt Inpol neben dem Fahndungssystem sechs weitere elektronisch geführte Datensammlungen, von denen einige als »Ermittlungsdateien« verwendbar sind: * Ein Zentraler Personen-Index (ZPI), der Datensätze über zwei Millionen Personen enthält, erteilt binnen drei Sekunden Kurzauskunft darüber, wo welche Akten zu finden sind, ob jemand gesucht wird oder inhaftiert ist und wo Identifizierungsmittel vorliegen. * Die Haftdatei, zur Zeit im Aufbau, informiert, ob ein zur Fahndung ausgeschriebener Krimineller gerade irgendwo einsitzt, ob ein potentieller Täter zur fraglichen Zeit auf freiem Fuß war, ob ein vermeintlicher Knast-Insasse womöglich Gefängnisurlaub hat. * Ein Computergestütztes Dokumentationssystem (COD) speichert »die gesamte kriminalistisch-kriminologische Literatur«; die Bestände sind nicht nur nach Titeln und Autoren, sondern auch nach Inhalts-Deskriptoren wie etwa »Rauschgift« oder »Vergewaltigung« abrufbar. * Das System Daktyloskopie soll die Fingerabdrücke von 2,1 Millionen »erkennungsdienstlich behandelten« Personen mit Hilfe von jeweils rund tausend Buchstaben, Ziffern und Zeichen erfassen und kann Tatort-Spuren binnen kürzester Zeit mit den BKA-Beständen vergleichen"
"114","0.7435941994190216","»Der Wähler will eine unbequemere FDP«","1979-01-14","https://www.spiegel.de/politik/der-waehler-will-eine-unbequemere-fdp-a-cda1b0ae-0002-0001-0000-000040351310?context=issue",". Die Skepsis über die bisherige, so wohltätige Wohlstandsautomatik nimmt zu. Die Menschen spüren, daß die Störanfälligkeit gegen Gewalt in hochtechnischen Systemen größer wird. Sie merken, daß damit ihre individuelle Freiheit eingeschränkt werden müßte. So gesehen, war die Abstimmung über die Fortsetzung der Schnellen-Brüter-Technologie im Bundestag, bei der sechs FDP-Abgeordnete mit Rücktrittsdrohungen der FDP-Spitze von ihrem Nein abgebracht wurden, deprimierend. Welche technologischen Sachzwänge und wirtschaftlichen Interessen überlagern hier die freie politische Wahlmöglichkeit! Welche Chance bietet sich hier den Liberalen, Sprecher jenes sich vergrößernden Teils der Bevölkerung zu werden, der kritische Skepsis hegt! Die Diskussion über die Kernenergie ist nur ein Anfang. Neue Felder der gesellschaftlichen Auseinandersetzung zwischen der etablierten Generation und den neuen »Protestanten« kündigen sich bereits an: Datenschutz, Risiken der Chemie- und Pharmaindustrie, Gen-Forschung, Einsatz der Chemie in der Landwirtschaft, Protest gegen die Schulmedizin, Landschaftsverbrauch durch Bauten und Verkehr, Lärmentstehung und Lärmschutz. Die Skeptiker werfen der gegenwärtigen Generation vor, daß ihr äußerlicher Wohlstand sich auf einen überhöhten Konsum gründet, dessen Folgen (Sicherheit, Umweltlasten, unwiederbringlicher Rohstoffverzehr) weitgehend unklar sind und -- wenn überhaupt möglich -- in verstärktem Maße von den zukünftigen Generationen getragen werden müssen. Nicht der Mangel, sondern der Umgang mit dem scheinbaren Überfluß in unserer Generation ist das entscheidende Problem. Genauer: die Unfähigkeit, mit den von uns selbstgeschaffenen politischen und vor allem technischen Instrumenten umzugehen. Carl Friedrich von Weizsäcker: » Nicht durch ihre Gegner ist unsere politische Freiheit am tiefsten gefährdet, sondern durch unsere -- d. h. ihrer Nutznießer -- Unfähigkeit, sie ihrem Sinne gemäß zu gebrauchen.« Die Bewältigungslücke (cultural gap) zwischen dem, was der Mensch kann, und dem, was er verkraften kann, ist zu schließen. Neue technologische Möglichkeiten müssen bewußter, das heißt auch langsamer, eingeführt werden. Die gesellschaftlich-politischen Folgen neuer Techniken, naturwissenschaftlicher Prozesse und Arbeitsveränderungen müssen vor Einführung der neuen Technologien geklärt werden. Eine andere Aufteilung von Zeit im oben diskutierten Sinn ist dafür unabdingbar. Die nachindustrielle Gesellschaft muß die Fähigkeit erlernen, auf technisch-ökonomisch Mögliches zu verzichten, wenn es den Zielen der Gesellschaft nicht dient oder die Bewältigungskapazität der Betroffenen übersteigt. Carl Friedrich von Weizsäcker nennt dies »asketische Weltkultur«. Askese nicht im Sinne von abgehärmter Sinnenunterdrückung, sondern im Sinne einer bewußten kulturellen Disziplin. Nur so läßt sich in einer liberalen Gesellschaft auch Freiheit bei geringeren Verteilungsspielräumen sichern"
"115","0.7426644265651703","Freiheit - ein Glücksfall","1976-09-26","https://www.spiegel.de/politik/freiheit-ein-gluecksfall-a-3489d708-0002-0001-0000-000041136310?context=issue",". Die deutschen Unternehmen dagegen schlossen sich ab 1879 mit staatlicher Billigung in einer Vielzahl von Branchen-Kartellen zusammen (1911 waren es schon 600, 1926 bereits 3000), die für das Inland Marktanteile, Preise und Konditionen bis ins kleinste fixierten. Kein bürgerlicher, sondern ein mehr als halbfeudaler Kapitalismus war da entstanden, ein groteskes Zwittergebilde aus Lohengrin und Lokomotive, das gerade von seinem Charakter her (und nicht nur aus imperialer Rivalität) in immer schärferen Gegensatz zu den Demokratien des Westens geraten mußte. Aus diesem historischen Versagen der deutschen Bourgeoisie aber ergab sich die zweite Paradoxie in der Entwicklung dieses Landes -- daß nämlich die vom Bürgertum selbst aufgegebenen und verworfenen bürgerlichen Forderungen von der Partei der Arbeiterschaft aufgegriffen und weiterverfochten wurden. Schon Marx und Engels waren sich ja des Dilemmas bewußt, daß der bürgerliche Staat, den sie umwälzen wollten, in Deutschland überhaupt erst noch geschaffen werden mußte. Und wenn die deutsche Bourgeoisie dazu außerstande war, dann mußten eben die deutschen Proletarier dafür sorgen! Während sich das Gros der Bürger in masochistischer Selbstaufgabe und nationalistischer Manie vollkommen mit dem Obrigkeitsstaat identifizierte, verwuchs die Sozialdemokratie mit der Idee des bürgerlichen Rechtsstaats -- ungeachtet der marxistisch getönten Fernziele« die auf dem linken Flügel weiterhin propagiert wurden. Die Sozialdemokratie gab den Ausschlag bei der Gründung der Weimarer Republik. Sie bescherte dem Bürgertum diesen ersten bürgerlich-liberalen Nationalstaat -- und erntete bei der bürgerlichen Mehrheit damit nur Hohn und Haß. Unbelehrt verharrte die Bourgeoisie in ihrer autoritären Verkrampfung. Auch die katholische Zentrumspartei Vorgängerin der heutigen Christenunion war zwar weniger vom staatlichen, dafür um so mehr vom kirchlichen Obrigkeitsglauben geprägt, war zu tief durchdrungen von dem bis heute vehementen anti-liberalen Ressentiment der römischen Hierarchie, um die Weimarer Republik überzeugt gegen ihre Feinde zu verteidigen. Denn unter Freiheit versteht die katholische Kirche nach wie vor nur die Chance, ihre absolutistische Autorität unbehindert zu betätigen und ihre Normen, wo immer sie es vermag, auch der übrigen Gesellschaft zu oktroyieren. Noch ein Weltkrieg war nötig, um nun endlich die politisch-ökonomische Gesamtheit bürgerlicher Zustände unverstümmelt und unpervertiert herzustellen. Unter der Aufsicht der Sieger wurde wenigstens der westliche Rest Deutschlands in die freiheitliche Völkergruppe eingebracht, zu der zu gehören man sich bis an den Rand des Untergangs gesträubt hatte. Es ist mißlich, den Professor Pangloss zu spielen und die heute hierzulande bestehenden Zustände für die »beste aller möglichen Welten« zu erklären. Sie ist es natürlich nicht"
"116","0.7426561117172241","Unbewältigte Zukunft","1969-02-23","https://www.spiegel.de/politik/unbewaeltigte-zukunft-a-a3454fac-0002-0001-0000-000045793922?context=issue",". Bund und Länder förderten die Atomtechnik bisher mit über fünf Milliarden Mark, aber gleichzeitig bremsen sie diese Entwicklung durch Gegensubventionen. Aus Sorge um die Wählerstimmen der Ruhrkumpel unterstützt die Regierung den Bau von Kohlekraftwerken und zahlt allen Stromerzeugern, die möglichst viel Kohle unter ihre Kessel schieben, 15 Jahre lang Zuschüsse -- Insgesamt 1,65 Milliarden Mark. So halten die Bonner Politiker überholte Strukturen künstlich am Leben und überlassen es den Unternehmern, sich in den USA -- meist gegen Preisgabe der Selbständigkeit -- einen Partner zu suchen, der sie in die Zukunftsindustrie einführt. Fast jede namhafte deutsche Firma schloß mit Amerikanern Lizenzverträge ab. 1967 gab die westdeutsche Wirtschaft 788 Millionen Mark für ausländische Patente und Lizenzen aus; sie selbst erhielt für ihren Geistesexport nur 359 Millionen Mark. Das höchste Lizenz-Defizit leistete sich die Elektroindustrie, die ohne amerikanische Kybernetik und Elektronik nicht auskommen kann. Nur die Chemie deckt 70 Prozent ihres Lizenzimports mit eigenen Patentverkäufen. Sie zehrt noch von der Substanz jener Glanz-Epoche, als deutsche Wissenschaftler und Forscher die Welt veränderten Hundert Jahre lang hatte sich der Furor teutonicus nicht nur in Kriegen, sondern auch in geistigen Explosionen entladen. Die ersten Nobelpreisträger der Naturwissenschaften, wie Wilhelm Conrad Röntgen, Emil Fischer und Robert Koch, repräsentierten das fortschrittliche Deutschland. Unter den 263 Physikern, Chemikern und Medizinern der Nobelpreis-Elite waren bisher 48 Deutscher Nation*. »Heute gehen die Nobelpreise nach Berkeley und nicht nach Berlin, triumphierte der Kolumnist Paul A. Samuelson im Nachrichtenmagazin »Newsweek«. Zu dieser Wendung trug der »Brain Drain« bei -- der geistige Aderlaß Europas. Schon während der Hitler-Ära verlor Deutschland 2000 prominente Wissenschaftler, die als politisch Verfolgte nach Amerika emigrierten, darunter Albert Einstein und der Physiker James Frank, der für seine Atomtheorie (Anregung und Ionisierung verdünnter Gase) den Nobelpreis erhielt, Nach dem Zusammenbruch machten die Alliierten Razzia auf deutsche Gehirne und ihre Geheimnisse. Die Sieger plünderten die Safes der Verlierer. Allein die Chemie büßte 24 000 Warenzeichen, 200 000 Schutzmarken und 200 000 Auslandspatente im Wert von 40 Milliarden Mark ein. Aus der deutschen Optik-Hochburg Zeiss in Jena karrten die Amerikaner 46 Güterwagen, vollgepackt mit Spezialgeräten und Patentschriften, in ihr Hoheitsgebiet. Auf Befehl des Oberkommandos der Roten Armee wurden 5000 deutsche Wissenschaftler zum Dienst in der Sowjet-Union eingezogen. In Jena demontierten die Russen 94 Prozent aller Maschinen und ließen sie in der Sowjet-Union von 273 Zeiss-Experten aufbauen. Die US-Armee startete ihre »Operation Paperclip« (Unternehmen Papierklammer). Großdeutschlands Raketenchef Wernher von Braun und seine arbeitslosen V-Waffen-Männer wurden vom amerikanischen Heer rekrutiert"
"117","0.7425368428230286","Anschluß gesucht","1966-10-09","https://www.spiegel.de/politik/anschluss-gesucht-a-c0ee590c-0002-0001-0000-000046414527?context=issue",". Die IBM-Bosse überlassen wissenschaftlichen Instituten ihre Denkmaschine ohnehin mit Reklame-Rabatten bis zu 60 Prozent. Die beiden größten deutschen Computer-Bauer, Siemens und AEG, warnten deshalb in diesem Sommer die Bundesregierung vor einer amerikanischen Überfremdung des deutschen Marktes. Siemens allein, obschon seit mehr als zehn Jahren in der Datenverarbeitung engagiert, muß vier Milliarden Mark aufwenden, um zur US-Konkurrenz aufzuschließen. Bonn teilt beider Sorge. Kurt Schmückers Wirtschaftsministerium setzte durch, daß die Physikalisch-Technische Bundesanstalt in Braunschweig nicht das amerikanische IBM-System 360 kaufte, sondern die Siemens-Anlage 4004. Und die Deutsche Forschungsgemeinschaft machte es dem Darmstädter Rechenzentrum zur Auflage, die neue AEG TR 440 zu erwerben. Während freilich Siemens durch Zusammenarbeit mit der Radio Corporation of America und die AEG über ihren Großaktionär General Electric Zugang zu amerikanischen Entwicklungen haben, steht BBC-Chef Lotz mit seiner Zuse KG immer noch allein. Er will zwar während der nächsten Jahre weitere 40 Millionen Mark in die Elektronik stecken, doch kann er auf Verbündete nicht länger verzichten. Des CSU-Wahlkämpfers Strauß Sorge ist gleichwohl unbegründet. Lotz: »Wir haben nicht die Vorstellung, Zuse zu verkaufen, sondern mit einem Partner zusammenzuarbeiten, um Anschluß an Datenverarbeitungssysteme zu finden.« Computer-Pionier Zuse* Roboter im Wohnzimmer * 1965 mit Bundespräsident Heinrich Lübke bei der Verleihung des Werner-von-Siemens -Ringes für hervorragende technische Leistungen."
"118","0.7424300014972687","Welt in der Stube","1968-08-11","https://www.spiegel.de/kultur/welt-in-der-stube-a-80117524-0002-0001-0000-000045950214?context=issue","Die Vision vom allwissenden Großen Bruder in einer total beherrschten Welt von »1984« erschien dem britischen Schriftsteller George Orwell im Jahre 1948. Er ahnte nicht, daß ein Patentantrag für den Prototyp des Großen Bruders schon ein Jahr lang in den Archiven des US-Patentamtes gilbte: 1947 hatten die Ingenieure John W. Mauchly und John P. Eckert Ihr Urheberrecht für das erste Elektronenhirn angemeldet, für »Eniac«. Erst in jüngster Zeit aber erkannten Computer-Fachleute die tödliche Gefahr, die einer freiheitlichen Gesellschaft durch die Perfektionierung von Denk- und Rechenrobotern droht: Sie könnten als technische Grundlage für diktatorische Herrschaft mißbraucht werden. Solche Warnungen äußerte der US-Experte Professor Robert M. Fano am vorletzten Wochenende auf der Schlußsitzung des deutsch-amerikanischen Computer-Kongresses, den das Massachusetts Institute of Technology (MIT) zusammen mit der Berliner Technischen Universität in Berlin veranstaltet hatte. 1100 Teilnehmer aus fünf Ländern vertraten einen Forschungszweig, der »das Leben der Menschen«, wie MIT-Professor Gardon 5. Brown formulierte, »mehr beeinflussen wird als die Erfindung der Drucktechnik durch Gutenberg«. Deutlich wurde wiederum, in welchem Ausmaß die deutsche Entwicklung auf diesem Gebiet hinter der amerikanischen zurückgeblieben ist. Bundeswissenschaftsminister Gerhard Stoltenberg mußte in Berlin selber einräumen, daß die bundesdeutsche Planung hoffnungslos überrollt worden sei. Und Berlins streitbare Technikstudenten sprachen gar von einer »intellektuellen Verelendung der deutschen Universitäten«. Im selben Maß freilich, wie die Amerikaner mit den elektronischen Denkspielen voraus sind, scheinen ihnen auch die Gefahren deutlicher bewußt zu sein, die mit der Zweiten Industriellen Revolution drohen. »The computer may kill us« (""Die Elektronengehirne könnten uns umbringen""), unkte MIT-Professor Fano. Und sein Kollege Joseph Weizenbaum mahnte: »Wir können es uns nicht mehr leisten, reine Wissenschaftler und Technologen zu sein -- wohin das führen kann, hat die Entwicklung der Atombombe gezeigt.« Zweierlei, so erläuterte Fano, spreche für eine Gefährdung der Gesellschaft durch Denkmaschinen: * Nur finanzstarke Organisationen können sich die teuren Supergehirne leisten -- tägliche Betriebskosten eines Großcomputers: um 10 000 Mark. * Dies und die nahezu unbegrenzte Speicherfähigkeit der Elektronengehirne könnte zu einer bislang unvorstellbaren Zentralisierung des Wissens und der Macht in wenigen wirtschaftlichen und politischen Herrschaftsschwerpunkten führen. So wäre beispielsweise eine vollständige, automatische Untertanen-Kartei mit Vermerken über Vorstrafen, Gesundheitszustand, Geheimdienstbeurteilungen, aber auch Bildungsstand und Grad der Unzufriedenheit eines jeden Bürgers nicht mehr utopisch. Schon heute sind Datentechniker in mehreren bundesdeutschen Kommunalverwaltungen damit beschäftigt, Einwohnerkarteien und Polizeiregistraturen in Robotergedächtnisse zu kodieren"
"119","0.7423770427703857","Funkausstellung: Medium aus der Lücke","1977-08-21","https://www.spiegel.de/politik/funkausstellung-medium-aus-der-luecke-a-17a68af3-0002-0001-0000-000040763985?context=issue","Wenn Elektroniker und Soziologen von den achtziger Jahren reden, dann sehen sie »grundlegende Entwicklungen« und »tiefgreifende Änderungen im gesamten öffentlichen Leben«. Auf »künstlichen Marktplätzen«, so die Vision, werden »Menschen, die sich bisher nie miteinander unterhielten, im Dialog vereint« sein -- Fremde, die einander plötzlich nicht mehr fremd sind, über Bild und Ton gleichsam magisch miteinander verbunden. Die technische Umwälzung wird, folgt man Technikern und Medienforschern wie Harry Pross, das Netz öffentlicher Informationen und Verständigung in seiner ganzen Vielfalt erfassen, Leihbücherei wie TV-Tagesschau: Jeder kann alles fragen, und im Grunde wird alles zu erfahren sein, vom Supermarktangebot bis zu Homers Ilias, in Sekundenschnelle abrufbar vom Arbeitsplatz wie aus der Wohnung des Bürgers. Wenn es denn so kommt, so werden keine geheimnisvollen technischen Mittel im Spiel, keine grundlegenden Neuerungen Voraussetzung sein. Was sich da abzeichnet, was schon jetzt begonnen hat, ist eine Revolution des Althergebrachten. Auf der Berliner Funkausstellung, die am Freitag dieser Woche beginnt, wird dem Publikum die weittragende Fortentwicklung der traditionellen Medien vorgeführt, die das neue Zeitalter der Kommunikation herauf ziehen läßt. >Das Telephon, seit seiner Erfindung vor hundert Jahren als Fernsprechverbindung genutzt und begriffen, dient nun auch der Übermittlung optischer Signale. Es kann an Datenbanken angeschlossen werden -- die abgerufene Information erscheint auf einem Bildschirm; es kann auch zum Fernkopieren benutzt werden -, Geschäftspost und Privatbriefe lassen sich über jede Entfernung von Haus zu Haus ablichten. * Der Funksprechverkehr, bislang vorwiegend Verständigungsmittel im Luft- und Seeverkehr, für Polizei und Feuerwehr, wird der Allgemeinheit zugänglich gemacht. Vorletztes Jahr hat die Bundespost zwölf Kurzwellen-Kanäle für jedermann freigegeben. Seitdem schnellt dfe Zahl der Sende- und Empfangsgeräte empor, und Experten prophezeien: »Der absolute Volksfunk ist im Kommen« (siehe Seite 54). * Das Fernsehen bietet nicht mehr nur Fernsehen. Der Bildschirm dient jetzt auch als Sichtgerät für neuartige Textübertragungen. Die Information wird über bislang nicht genutzte TV-Zeilen am oberen oder unteren Rand des Fernsehbildes, über die sogenannte Austastlücke, per Knopfdruck auf dem TV-Schirm sichtbar gemacht. Dieses vierte Programm läuft schon im verborgenen. Jeden Tag funken die Sendetürme des Fernsehens neben dem ARD-, dem ZDF-Programm und den regionalen Dritten Programmen der öffentlich-rechtlichen Anstalten -- bundesweit Testübertragungen aus Frankfurt und Mainz. Doch nur in den Labors der Geräteindustrie, von Blaupunkt bis Wega, sind die Testbilder vorerst zu empfangen; dort wird der Knopfdruck-Zusatzteil für die Fernsehgeräte entwickelt, mit dem die Botschaft aus der Austastlücke bildschirmfüllend sichtbar gemacht werden kann*"
"120","0.7423408031463623","WER HAT ANGST VOR ROBOTERN","1966-08-28","https://www.spiegel.de/kultur/wer-hat-angst-vor-robotern-a-02c4c33f-0002-0001-0000-000046414115?context=issue",". Nur die Gewerkschaften vertreten eine Auffassung, die teilweise den heutigen Gegebenheiten, der gegenwärtigen Dynamik nicht mehr entspricht. Ihre Konzeption ist ihrem Wesen nach statisch. Chamberlain: »Sie verwechseln Sicherheit mit Stabilität.« Die Gewerkschaften, sagt der Professor, »müssen ihre Denkgewohnheiten ändern«, denn »eine Gewerkschaft mag stark genug sein, die Beibehaltung traditioneller Arbeitsplätze und Arbeitsverfahren in der Gegenwart durchzusetzen. Sie ist aber nicht stark genug, sie auch in die Zukunft hinüberzuretten«. Chamberlain kommt zu der dann gar nicht mehr so überraschenden Folgerung, daß nicht die Automatisierung die Sicherheit der arbeitenden Menschen gefährdet, sondern daß im Gegenteil das Festhalten an den traditionellen Forderungen und Methoden der Gewerkschaften den technischen und sozialen Fortschritt verlangsamen oder gar in Frage stellen kann. Es war eine (bestimmt nicht in allen Einzelheiten beabsichtigte) dramatische Zuspitzung des Kongreßverlaufs, daß auf Chamberlains Vortrag ausgerechnet das Referat von Günter Friedrichs folgte, in dem all das gefordert wurde, gefordert werden mußte, was kurz vorher als grundsätzlich gefährlich beurteilt worden war. Das Merkwürdige an diesem Kongreß - und an manchem anderen zum Thema Automation, seit Norbert Wiener 1948 sein Buch »Cybernetics« schrieb - ist, daß alle Argumente und Gegenargumente nur Wiederholungen sind, wenn auch zum Teil mit neuen, einst ganz unbekannten Vokabeln. Diese Argumente sind gute alte Bekannte für jeden, der die Geschichte der modernen Technik und ihres Eindringens in die Wirtschaft der Neuzeit seit den Maschinenstürmern kennt. Es sieht so aus, als ob eben jede Generation von neuem ihre Angst vor den Maschinen überwinden muß, als ob jede Generation ohne die Erfahrung der früheren sich mühsam die Erkenntnis erarbeiten muß, daß technischer Fortschritt niemals der Feind des Menschen ist, sondern ein guter Freund. Der auch in Oberhausen, wie so oft, wiederholte Satz, daß sich keine Gleichung »technischer Fortschritt gleich sozialer Fortschritt« aufstellen lasse, stimmt nämlich nicht. Im Gegenteil: Ohne technischen gibt es keinen sozialen Fortschritt. »Automation - Risiko und Chance« Europäische Verlagsanstalt Frankfurt Zwei Bände 1172 Seiten 58 Mark Pentzlin"
"121","0.7421232461929321","Linke Hand am Ohr","1971-02-14","https://www.spiegel.de/politik/linke-hand-am-ohr-a-ea9c6327-0002-0001-0000-000043375743?context=issue","Erst bewilligten sich Bonns Parlamentarier ein Millionending, jetzt würden sie am liebsten darauf verzichten. Zur Zeit der Großen Koalition waren sich die Vertreter aller Parteien darin einig, daß der Bundestag der siebziger Jahre seine Geschäfte schneller abwickeln müßte als bisher. Sie bestellten den Digitalrechner AEG 6010 (Installationskosten: 918 120 Mark; Jahresmiete: 69 240 Mark), der vor allem das Abstimmungsverfahren beschleunigen sollte. Nun, da »die modernste Anlage dieser Art in Europa« (Bundestagspräsident Kai-Uwe von Hassel) einsatzbereit ist, wuchsen bei den Abgeordneten Mißtrauen und Skepsis. Von rechts (CSU-MdB Max Schulze-Vorberg: »Reiner Unsinn"") bis links (Sozialdemokrat Dietrich Sperling: »Losgelöster Modernitätsfimmel"") zeigten sich die Parlamentarier neuerungsfeindlich. Der Computer soll das Hantieren mit Stimmkarten, die schriftlichen Wortmeldungen und den umständlichen Hammelsprung überflüssig machen. Mit drei Knöpfen im Pult kann jeder Abgeordnete dem Präsidenten auf einem Monitor »WM« (Wortmeldung), »ZF« (Zwischenfrage) und »Storno« signalisieren; mit drei weiteren Knöpfen -- für Ja, Nein und Enthaltung -- kann er dem Computer seine Stimmabgabe melden. Zuvor muß an drei Zahlenrädchen die Identitäts-Nummer eingestellt und der Sitz mit mindestens 40 Kilogramm Körpergewicht belastet werden, um den Abstimmungskontakt auszulösen. Hassel war sicher: »Damit kann es keine Manipulation geben.« Dreimal probten im Sommer 1970 Bundesgrenzschützer die Anlage. Unerwartete Fehlerquellen verhinderten, daß der Computer schon in der Wintersession in Betrieb genommen wurde. Das soll nun im März, nach einer Generalprobe mit den Abgeordneten, geschehen. Allerdings will auch Hassel bei unstrittigen Entscheidungen -- etwa bei Anträgen, die von allen Fraktionen unterstützt werden -- weiterhin durch einfaches Handaufheben abstimmen lassen. Auch in Fällen, wo geheime Abstimmung vorgeschrieben ist -- wie zum Beispiel bei der Wahl des Bundeskanzlers -, soll das herkömmliche Ritual mit Kabinen und Urnen beibehalten werden. CDU-Fraktionsgeschäftsführer Josef Rösing: »Die kalte Technik darf nicht die Atmosphäre des Parlaments verdrängen.« Und wenn bei knappen Mehrheitsverhältnissen das Rechenergebnis des Computers angezweifelt wird, können die Fraktionen eine Wiederholung der Abstimmung durch Hammelsprung beantragen. SPD-Fraktionsgeschäftsführer Manfred Schulte, der dünnen Regierungsmehrheit eingedenk, hält einen Rückgriff auf das Allgewohnte für gerechtfertigt: »Kein Mensch will, daß ein Versagen der Maschine Ursache einer politischen Entscheidung wird.« Die Sechs-Stimmen-Mehrheit der Koalition läßt auch Befürchtungen relevant erscheinen, Abgeordnete der Regierungsparteien könnten in der Anonymität einer Computer-Abstimmung eigenwillige Entscheidungen treffen"
"122","0.7419517338275909","Briefe","1979-06-10","https://www.spiegel.de/politik/1984-a-13cf67e4-0002-0001-0000-000040349920?context=issue","(Nr. 18 -- 23/1979, SPIEGEL-Serie über »Westdeutschlands Polizei- und Geheimdienst-Computer) Ich bitte Sie, meine persönlichen Daten an Nadis unter folgenden Gesichtspunkten weiterzugeben, sofern dort noch nicht gespeichert: Ernste geistige und seelische Störungen: Ich bin seit längerer Zeit Atomkraftgegner. Spiel und Wettleidenschaft: Ich spiele regelmäßig mit meinem Opa Mau-Mau (verdächtige Namensbeziehung: Mau = Mao!). Leichtfertiges Schuldenmachen: Ich bin bei K. E. mit 20 Pfennig verschuldet. Neigung zu Geschwätzigkeit, Angeberei, Unwahrheit: O ja! Abnormes Verhalten auf sexuellem Gebiet: Mir nach nicht bekannt. im übrigen habe ich als Mitarbeiter in der Schülervertretung unserer Schule Kontakt zu anderen Atomkraftgegnern und einem Abiturienten, der SPD- und Juso-Aufkleber an seinem Wagen hat. Derselbe hatte wiederum zu linken Landesschülervertretern in Kiel Kontakt. Weiterhin befand ich mich 1977 im Rahmen einer Butterfahrt im kommunistischen Machtbereich, auch DDR genannt, und hatte dort Kontakt zu kommunistischen Buchverkäuferinnen! Mit orwellschen Grüßen* Lübeck (Schlesw.-Holst.) ROBIN DETJE Schüler * George Orwell (1903-1950) schildert in »1984« die totale Vernichtung des Individuellen Bewußt-Seins des kleinen Angestellten Winston Smith durch eine perfektionierte Staatsmaschinerie, den »Großen Bruder«. Datenschutz? -- Sie vollzog den / Akt nicht nur kundig / sondern auch / aktenkundig. Dieses Gedicht veröffentlichte ich in der »Zensur« (Schülerzeitung am Schulzentrum Alexanderstraße in Oldenburg i. O.) Mai 1979. Die Mitglieder der Redaktion sind bei der politischen Polizei Oldenburg erfaßt. Weiß der Henker, was die Jungs mit der Liste unserer Namen noch alles anstellen. »Big brother« isn""t only watching you -- he""s really active! Bad Zwischenahn (Nieders.) MATTHIAS BOEHM Unser demokratischer Staat hat das Recht und die Pflicht, einen effizienten Geheimdienst zu unterhalten, der die Interessen der Mehrheit der Bürger schützt. Die Datensammlungen dieses Geheimdienstes sollten auch späteren Generationen noch die Basisinformationen zur Verfolgung kapitaler Verbrechen liefern, die in unserer Zeit geschehen. Münster PETER K. WILMERS Verleger Wer den Rechtsstaat schützen muß, hat ihn nicht! Z. Z. Kreta EDELTRAUT MEIN Wenn man Ihre Serie über die Tätigkeit von Pannen-Horst und seinen Sicherheitsfanatikern liest, kann es einem zum Kotzen übel werden. Ich frage mich, wie das wohl bis 1984 weitergeht. wenn niemand den Mut hat, diesen computersüchtigen Menschen zu bremsen. Herr Baum, wenn Sie sich für liberal halten, dann sorgen Sie dafür, daß der Chef des BKA schnellstens in der Versenkung verschwindet. Herr Herold, treten Sie aus der SPD aus und schließen Sie sich der CSU an, die kann Leute wie Sie brauchen! Gochsheim (Bad.-Württ.) HELMUT LANG Dem anständigen Bürger kann es schließlich egal sein, was über ihn auf irgendeinem schwer zugänglichen Archivband aufgezeichnet wird"
"123","0.7418371438980103","»Computer werden Kündigungen schreiben«","1976-05-16","https://www.spiegel.de/politik/computer-werden-kuendigungen-schreiben-a-6d2dbf6c-0002-0001-0000-000041237554?context=issue",". »Die zweite industrielle Revolution erreicht die Zeitungshäuser erst jetzt«, vermeldet der »Kölner Stadt-Anzeiger«, doch »dafür mit Macht.« Und Generaldirektor Wolfgang Kummer von der Deutschland-GmbH der amerikanischen Firma Linotype, deren Gründer Ottmar Mergenthaler 1884 die erste Setzmaschine entwickelte, kennt »keinen Vergleich für das, was sich in unserem Bereich gegenwärtig abspielt«. Die Fertigungsmethoden, die seit 50 Jahren in der Druckindustrie, seit 90 Jahren bei der Satzherstellung im Prinzip unverändert blieben, ändern sich nun grundlegend. Eine vollautomatische Rotationsmaschine neuester Bauweise ist ohne Fernsehgeräte nicht mehr zu überwachen, eine größere Photosatzanlage ohne Computer nicht zu betreiben. Die technische Umwälzung findet in den Großstädten und in der Provinz gleichermaßen statt: bei Springer in Hamburg ebenso wie bei der »Hessischen Allgemeinen« in Kassel, wo 1945 in einem halbzerstörten Pressehaus -- der damalige US-Presseoffizier Hans Habe, später Romanautor und Kolumnist, fiel dort beinahe aus dem zweiten Stock durch die offene Fassade -- ein paar Metteure aus mühsam zusammengesuchten Überschriftlettern und bleigesetzten Textzeilen die wenigen täglichen Zeitungsseiten zusammenfügten. Heute wird die »Hessische Allgemeine« schon zum Teil, demnächst insgesamt auf einer photoelektrischen Anlage gesetzt: 250 000 Buchstaben pro Stunde, fast fünfzigmal mehr als auf einer Setzmaschine alten Typs. Nicht auf Papierabzugen wie bisher werden die Texte den Korrektoren zugänglich gemacht, sondern auf den Bildschirmen einer Computeranlage. Die stürmische Technisierung geht Hand in Hand mit einer wirtschaftlichen Umstrukturierung, sie teils bedingend, teils aus ihr hervorgehend. Mit Millionenaufwand rüsten sich Verlage in Essen und Stuttgart, Köln, Düsseldorf oder Braunschweig für die anscheinend unaufhaltsam weitergehende Pressekonzentration und deren Folgen: Zusammenlegung von Zeitungen in immer weniger Druckereien, Verschmelzung von Druckeinheiten infolge Fusion und damit steigende Auflagen. Immer größer werden zwangsläufig die Investitionen, immer aufwendiger die technischen Einrichtungen, immer raffinierter die Maschinen. Tiefgreifend ist der Wandel vor allem in der Satzherstellung, bei jenen Maschinen also, die Schlagzeilen und Texte zeitungsgerecht zum Druck aufbereiten. Vom Blei, mit dem die herkömmlichen Setzmaschinen bis heute die Zeitungslektüre Zeile für Zeile druckreif gießen, ist in dieser Branche immer weniger die Rede; ohne Elektronik geht da nichts mehr. Ein Schriftsetzer, der an einer herkömmlichen handbedienten Setzmaschine, einer Linotype, Manuskripte in eine Tastatur tippt, bringt es auf etwa 5800 Buchstaben in der Stunde. Die Setzgeschwindigkeit vervierfachte sich, nachdem die Texte seit den fünfziger Jahren zunehmend von Tasterinnen auf Lochbänder gestanzt und, über einen Lochband-Leser in die Linotype eingegeben, wie bisher in Bleiguß abgesetzt werden"
"124","0.7418117523193359","»Das Stahlnetz stülpt sich über uns«","1979-06-10","https://www.spiegel.de/politik/das-stahlnetz-stuelpt-sich-ueber-uns-a-3292f0f4-0002-0001-0000-000040349941?context=issue",". Birkelbach: »Wenn in einem solchen System dann die sogenannte Schleppnetztechnik frei angewandt wird, das heißt, das regelrechte Durchkämmen aller vorhandenen Unterlagen nach bestimmten Suchmerkmalen, bereitet das Herausfinden selbst eines einzelnen Individuums aus Millionen anhand bestimmter Kriterien keinerlei Schwierigkeiten mehr.« Aber ist politisch tatsächlich ein Verfassungsschutzamt denkbar, das eines Tages, aus »gesellschaftssanitären« Beweggründen, potentielle Störenfriede mit solchen Rastern zu fassen versucht? Jener Spitzenelektroniker, unter dessen Verantwortung in den letzten Jahren für das BfV die elektronischen Ermittlungsprogramme entwickelt wurden, lächelt nachdenklich und antwortet: »Vielleicht zu einem Zeitpunkt, zu dem wir unserer Berufspflichten enthoben sind.« »Denkereinheiten« sollen Geschlechtskrankheiten erfassen. Vergleichsweise weit gediehen scheinen Überlegungen, den Computer zur Verhütung der allgemeinen Kriminalität einzusetzen. Wie der Staat dereinst dem Verbrechen »in den Ursachen begegnen« (Herold) könnte, vermögen allerdings auch Polizeiplaner erst vage zu skizzieren. Einige Kriminalisten und Kriminologen plädieren für die Bildung von örtlichen und regionalen »Denkereinheiten« aus erfahrenen »Stabskriminalisten«. Diese Beamten sollten Zugang zu den Datenbeständen anderer Behörden haben und mit den Möglichkeiten der EDV ebenso vertraut sein wie beispielsweise mit »der Ethologie« der Lehre von den ererbten Verhaltensweisen« -- so Bremens Kripochef, der Leitende Kriminaldirektor Dr. Herbert Schäfer, kürzlich in einem Aufsatz über »zwischenbehördliche Kriminalitätsprophylaxe«. Durch »Datenaustausch« müßten die »Präventionskommissariate""« schlägt Christdemokrat Schäfer vor, zunächst einmal eine soziologische Totalerfassung ihres Vorbeugereviers vornehmen. Heranziehen möchte Schäfer nahezu alles Wissen, das der Bürokratie verfügbar ist. Informationen über Abstammung und Autobesitz, Familienstand und Jugendhilfefälle, Fürsorge- und Wohngeldzahlungen, Berufspendler und Konfessionszugehörigkeit hält er für polizeilich ebenso bedeutsam wie Angaben über Rauschgiftabhängige und Trunksüchtige, Selbstmorde und -versuche, Geschlechtskrankheiten und Ehescheidungen. Bremens Chefkriminalist, immerhin, möchte sich mit anonymisierten Angaben begnügen; er hält es für »nicht vertretbar«, etwa Sozialarbeitern Daten über »einen namentlich zu benennenden Einzelfall« abzuverlangen. Andere Fachleute und auch einzelne Politiker jedoch träumen bereits davon, den Computer örtliche Kriminalitätskarten zeichnen zu lassen, auf denen Sozialstrukturen und abweichendes Verhalten mehrdimensional und auf den Meter genau verzeichnet sind. Der Kriminologe Professor Hans-Dieter Schwind etwa erarbeitete einen »Kriminalitätsatlas Bochum«, der Straftaten und Sozialdaten -- vom Wahlverhalten bis zum Schulabschluß »nach der z. Z. kleinsten räumlichen Erfassungseinheit, dem Statistischen Wohnplatz«, registriert"
"125","0.7417653203010559","DIESE WOCHE","1969-07-27","https://www.spiegel.de/kultur/diese-woche-a-b0ca4107-0002-0001-0000-000045789152?context=issue",". Auch im Geschäftsleben, in Schulen und in der Politik, so erfuhr der Münchner Studienprogramm-Redakteur Siebecke (Photo) auf einer USA-Reise, werden sie künftig immer häufiger Entscheidungen fällen und das Tempo bestimmen. Und spätestens in 30 Jahren, prophezeit der Mathematiker Patrick Suppes in Stanford, sprechen die künstlichen idealen Gehilfen« wie Menschen und reagieren auf fast jeden menschlichen Befehl. Daß die Gesellschaft jedoch stets die richtigen Befehle geben und sich der Technik stets sinnvoll bedienen wird, bezweifeln die Kybernetiker. Biochemiker, Physiker und Isotopenforscher, die Siebecke über die Zukunft befragt hat. Sie projektieren für 1985 das »optische Telephon« und wollen in den nächsten 25 Jahren »21 lebenswichtige menschliche Organe« verpflanzen, aber sie klagen: »Die sozialen und politischen Probleme bleiben hoffnungslos zurück.« »Ein tiefer Graben trennt die Gesellschaft von der Zivilisation«, bemängelt der Genetiker und Nobelpreisträger Joshua Lederberg -- Siebeckes spärlich bebilderte Sendung ist dafür der beste Beweis. Denn auch der Reporter zeigt sich in seinem Kommentar der Zukunft nicht gewachsen. Altväterlich spricht er in Los Alamos von den »schaurigen Bastelstuben kalter Logik«, er spricht von Wissenschaftlern, die »dem Urbefehl zur Forschung folgen«, und von Computern' die »mit ruhig festem Schritt« voranschreiten. Lange Zeit haben in Rumänien Intellektuelle nur Pflichtübungen absolviert, wie die Partei sie befahl. Seit einigen Monaten können sie sich, wie Wolfgang Dem, Wiener Korrespondent des Bayerischen Fernsehens, belegt, mehr Freiheit nehmen. »Die Solidarität der Angst vor einem rumänischen August«, erläutert Dem, »hat die Distanz zwischen Führung und Geführten spürbar verringert.« Er beweist es mit Filmaufnahmen aus Bojaren-Schlössern, alten Habsburger-Residenzen und Luxushotels, wo Schriftsteller unter idealen Arbeitsbedingungen surrealistische Gedichte verfassen; dazu interviewt er Poeten, Maler, Filmregisseure, Dramaturgen und Funktionäre. »Jedes Experiment ist erlaubt«, sagt der stellvertretende Vorsitzende des Schriftstellerverbandes' doch wer politische Experimente fordert, riskiert nach wie vor Auflagenbeschränkung und ökonomischen Druck. Freimütig beklagen rumänische Jung intellektuelle wie der Dichter Vintila Ivanceanu (Photo) diese »sublimen Sanktionen«; »Der Sozialismus hat uns besiegt -- warum dann Zensur?« In Harvard steckten demonstrierende Studenten Autos in Brand, in Paris und Mailand lieferten sie der Polizei blutige Schlachten. Nicht anders war es in München, Frankfurt und West-Berlin. In Ost-Berlin dagegen, erläutert ZDF-Autor Wilhelm, »fand die Rebellion nicht statt«"
"126","0.7417325377464294","Die Magie der Roboter","1956-10-02","https://www.spiegel.de/politik/die-magie-der-roboter-a-180acdda-0002-0001-0000-000043064251?context=issue",". Darüber hinaus träumte Leibniz schon in seinen Jugendjahren von einer Denkmaschine, die logische Schlüsse gleichsam ausrechnen kann; ihm schwebte vor, das ganze logische Schließen in ein Rechenschema (Kalkül) zu übersetzen. Der Mann, dem die Kybernetik einen unerwarteten Nachruhm bescherte, ist aber im Gegensatz zu Pascal und Leibniz bisher im neuen Brockhaus nicht verzeichnet worden. Es war der englische Mathematikprofessor Charles Babbage, der vor mehr als hundert Jahren die Idee von Wieners Elektronenautomaten vorwegnahm. Er wollte die Arbeitsmöglichkeiten der damals schon existierenden Rechenmaschinen erweitern. Bei vielen Berechnungen verlaufen die Rechnungen nach einem Schema, einem »Rechenprogramm«, das angibt, in welcher Reihenfolge die einzelnen Rechnungsarten auf bestimmte Zahlen anzuwenden sind. Häufig müssen Zwischenergebnisse festgehalten werden, die erst im weiteren Verlauf der Rechnung wieder benötigt werden. Babbage fragte sich: Kann man nicht solch ein Rechenschema durch eine große Zahl von Hebeln und Zahnrädern verwirklichen, die einzelnen Rechenmaschinen koppeln und in der richtigen Reihenfolge arbeiten lassen? Und kann man nicht die Zwischenergebnisse in geeigneter Weise speichern und sie dann im geeigneten Augenblick wieder durch Hebel oder andere Übertragungen abgreifen? Der Gedanke war nicht so abwegig, denn Babbage hatte eine Maschine vor Augen, die schon nach diesem Prinzip arbeitete. Der französische Weber Joseph-Marie Jacquard hatte zu Beginn des 19. Jahrhunderts das Einweben von Mustern in Stoffe mechanisiert. Jacquard steuerte die Webstühle durch Lochkarten, auf denen die Reihenfolge der gewünschten Weboperationen eingestanzt war. Der amerikanische Statistiker Herman Hollerith baute nach diesem Prinzip seine Lochkarten-Maschinen zur Auswertung statistischer Daten. Heute noch arbeiten Webstühle und elektrische Klaviere nach diesem Verfahren. Wenn man auf diese Weise komplizierte Muster mechanisch weben kann, überlegte Babbage, sollte es dann nicht möglich sein, aus einzelnen Rechenwerken einen »Rechenwebstuhl« zusammenzubauen, mit dem man ein kompliziertes Muster von Rechenoperationen rein mechanisch »zusammenweben« kann? Der Mathematik-Professor rang dem britischen Parlament nach und nach die für jene Zeit astronomische Summe von 250 000 Pfund ab. Aber seine Konstruktionen wurden ein Mißerfolg; mit Hebeln und mit Schrauben konnte das Problem nicht bezwungen werden. Irgend etwas klemmte immer in der verwickelten Maschinerie, und das mechanische »Gehirn« hatte anscheinend so fürchterliche Kopfschmerzen, daß es nie zum Rechnen kam. Babbages Maschine konnte mit mechanischen Mitteln allein nicht verwirklicht werden. Erst im Zeitalter der Elektronik gab es Möglichkeiten, das Programm des Professors Babbage mit elektrischen Hilfsmitteln durchzuführen. Die Elektronik, eine Spezialsparte der Elektrotechnik, ist seit Beginn dieses Jahrhunderts von Elektro-Ingenieuren und Physikern entwickelt worden"
"127","0.7416663765907288","DEUTSCHLAND IM JAHRE 15","1964-08-11","https://www.spiegel.de/politik/deutschland-im-jahre-15-a-c75cc71f-0002-0001-0000-000046174950?context=issue",". Westberlin, Düsseldorf, Köln, Frankfurt, Hamburg, Stuttgart und München - zu schweigen von den Alpen und dem Bodensee - sind bevorzugte Treffpunkte der Intellektuellen. Der Wohlstand hat es vielen von ihnen ermöglicht, unter erträglichen materiellen Verhältnissen zu arbeiten und zu leben. Was beunruhigt sie? Die in letzter Zeit eingetretene Entwicklung der westdeutschen Gesellschaft, der allgegenwärtige Schatten der begangenen NS-Verbrechen, das kommunistische System im andern Teil Deutschlands, die doch ungewisse Zukunft des Landes. Die Schwierigkeiten, mit denen es der Geist in der Industriegesellschaft zu tun hat, sind schon groß genug; fügt man ihnen die Probleme hinzu, denen Deutschland jetzt und in Zukunft ausgesetzt ist, so wird die. Last beträchtlich. Doch haben es nicht wenige Intellektuelle in den letzten Jahren unternommen, sie in den Griff zu bekommen. Kundgebungen, Eingaben, Erklärungen, Anklagen folgten einander, eine ganze Literatur von Zeitkritik hat sich entwickelt. Es ist, als hätte sich ein Stück der »littérature engagée« von der Seine an das andere Rheinufer verlagert - nicht das erstemal in der neueren deutschen Geschichte. Jemand Geistreiches hat gesagt, wenn kein Notstandsgesetz in Kraft gesetzt werde (für das die Regierung schon seit langem kämpft, es würde praktisch das Ende der bürgerlichen Freiheit in der Bundesrepublik einleiten), so werde sicherlich im Verlauf der nächsten fünf Jahre noch ein deutsches Lehrbuch der Zivilcourage erscheinen. Jedenfalls hat die Bundesrepublik jetzt, was immer man von der Sozialdemokratie halten mag, eine intellektuelle Opposition. Ihr fehlt freilich eine feste organisatorische Form, und ihre Anhänger wechseln. Wissenschaftler und Protestanten standen im Kampf gegen die Atomwaffen - vor allem gegen eine Atombewaffnung der Bundeswehr - in der vordersten Linie. Den Professoren ging es um die bürgerliche Freiheit. Andere griffen die Regierung wegen ihrer hartnäckigen Weigerung an, Verhandlungen mit der Sowjet-Union und der DDR aufzunehmen. In sämtliche Kontroversen waren die Schriftsteller verwickelt. Ihr Zentrum, wenn es ein solches gibt, ist die »Gruppe 47«, die Enzensberger »das Zentralcafé einer Literatur ohne Hauptstadt« genannt hat. Die Gruppe trifft sich einmal im Jahr zu Gedicht- und Prosalesungen. Ihr jährlicher Preis für literarische Erstlingswerke wird von den heutigen deutschen Schriftstellern am meisten begehrt. Selbstverständlich vollzieht sich die intellektuelle Opposition nicht unangefochten. Es gibt so etwas wie eine »literarische Regierungspartei«. Einige ihrer Sprecher verfechten den Grundsatz, die Reinheit des deutschen Geistes - jedes Geistes - könne nur gewahrt werden, wenn sich ihre Hüter von der Politik zurückhalten. (Unter Politik wird da in erster Linie Kritik an der Regierung verstanden.) Andere, noch offener, bekennen ihre Loyalität für das, was sie mit einem gewissen Taktgefühl als »sozialverantwortliche« Kräfte bezeichnen"
"128","0.7415691018104553","Das Geschäft mit der Krankheit","1972-03-26","https://www.spiegel.de/politik/das-geschaeft-mit-der-krankheit-a-894f9b40-0002-0001-0000-000042972100?context=issue",". Erst insgesamt 14 westdeutsche Kliniken verfügen über größere Computer, 41 besitzen kleinere EDV-Anlagen, 138 Krankenhäuser benutzen fremde Elektronenrechner bei der Erledigung ihrer Verwaltungsarbeit. Die meisten Klinik-Verwalter aber haben sich, wie im Gesundheitsbericht der Bundesregierung festgestellt wird, mit den möglichen Vorteilen der EDV überhaupt noch nicht auseinandergesetzt: »Über 96 Prozent« der Klinik-Verwaltungen, so der Bericht, seien einstweilen »nicht in der Lage, die Hilfeleistungen der Computer in Anspruch zu nehmen«. Daß Rationalisierungsmaßnahmen in den Kliniken so wenig gefragt sind, liegt nicht allein daran, daß infolge der staatlich diktierten Pflegesätze »die Funktionsfähigkeit der Marktwirtschaft im Bereich des Krankenhauswesens nicht gegeben ist« -- so Diplomvolkswirt Siegfried Eichhorn, Vorstandsmitglied des Deutschen Krankenhausinstituts in Düsseldorf. »Der Patient hat sich zunächst total zu unterwerfen.« »Der scharfe Wettbewerb, dem die Betriebe in der kapitalistischen Wirtschaft ausgesetzt sind«, so bestätigt Medizin-Kritiker Joseph Scholmer, »gilt für die Krankenhausbetriebe nicht.« Und es ist wohl auch nicht nur Resignation vor der Übermacht der roten Zahlenkolonnen in den Bilanzen, wenn die Klinik-Direktoren weithin rat- und tatenlos dem wirtschaftlichen Elend ihrer Betriebe zusehen. Viel eher scheint die Ursache des Übels, das an den Hospitälern zehrt, jener spezifischen Rolle zu entspringen, die das Krankenhaus im westdeutschen Sozialgefüge spielt: »Im Selbstbewußtsein und im öffentlichen Bewußtsein«, so umschreibt der Hannoveraner Soziologie-Dozent Johann Jürgen Rohde diese Rolle, werde das Krankenhaus zu einem »romantischen Helden« verklärt -- gleichsam »zu einer »Heiligen« unter den Institutionen«. Diese Einschätzung beruht, wie Rohde erläutert, auf der unverändert gültigen Gleichsetzung »der Institution des Krankenhauses schlechthin mit dem christlichen Krankenhaus«. Reste mittelalterlichen Denkens, christlicher Theologie verhaftet, haben laut Rohde in den Krankenhäusern die Jahrhunderte überlebt. Als Armenpflegehaus« als Asyl zumal der Aussätzigen, hat das Krankenhaus im Mittelalter seine Geschichte begonnen: als eine Stätte, wo fromme Helfer christliche Caritas« entsagungsvolle Nächstenliebe üben konnten. In den Krankenspitälern. die »recht trostlose« Herbergen mit »rigorosem Reglement« waren (Rohde), fanden fast ausschließlich die Ärmsten Obdach und Fürsorge -- Wohltaten. auf die sie einen Anspruch nicht erheben konnten. Demütigen Dank hatten deshalb die Hospital-Insassen für das freiwillige Opfer der Pflege zu bezeigen, das ihnen meist von Ordensleuten dargebracht wurde: Die Kranken waren gehalten, täglich im Gebet die Gnade Gottes auf ihre Wohltäter herabzuflehen Lohn genug für den Samariterdienst. Aus dem primitiven mittelalterlichen Armen-Hospital ist, wie der britische Krankenhaus-Experte Edward D"
"129","0.7415474057197571","DIE UNGEWOLLTE ZUKUNFT","1969-10-12","https://www.spiegel.de/politik/die-ungewollte-zukunft-a-0d55be8d-0002-0001-0000-000045520835?context=issue","Das Bildungssystem in seiner derzeitigen Form ist der zugleich kostspieligste und bedrohlichste Anachronismus, den sich die Bundesrepublik leistet. Wenn die Parteiendemokratie so undemokratisch wäre wie das Bildungswesen, wäre die Bundesrepublik ein Ständestaat. Wenn ein Wirtschaftsunternehmen so uneffizient arbeiten würde wie eine Universität, wäre es bankrott. Die Hochschulen spiegeln exemplarisch wider, was allen Bildungsbereichen eigen ist: autoritäre Strukturen, unergiebige Lehr- und Lernmethoden, fragwürdige Studieninhalte, falsche Berufsleitbilder, Mangel an Geld. »1980 -- dumm wie ein Deutscher« lautet der Vers, den sich Studenten darauf machen, und da es am Ende stimmen möchte, hat man in Westdeutschland das Reformieren eingeläutet. In Bayern wird es tatsächlich ein neuntes Schuljahr geben (in der DDR sind es zehn). Die Ministerpräsidenten haben die Höheren Fachschulen zu Fachhochschulen befördert, obwohl sich Bildungsfachleute fragen, warum. Eine Zentrale Registrierstelle für das Medizinstudium bürgt für gleichmäßig vereitelte Studienchancen, und im Zweifelsfall bietet der Numerus clausus Gewähr, daß die Hörsäle nicht zusammenkrachen. MUt anderen Worten: Das Chaos läßt sich sehr wohl organisieren. Denn so gut verstehen sich die Deutschen allemal aufs Wirtschaften, daß sie der Versuchung hätten widerstehen können, mit Management-Techniken geordnete Betriebsabläufe auch ohne Zielprojektion zu gewährleisten. So etwas ist im Zeitalter der Kybernetik möglich: der zum Prinzip erhobene Leerlauf, das Perpetuum immobile. Für die deutsche Bildungspolitik, so man diesen Euphemismus gelten läßt, war dieses Prinzip bislang maßgebend. Reformversuche dienten -- so Hildegard Hamm-Brücher -- »überwiegend als Feigenblatt und nicht als geplante Voraussetzung für gezielte Veränderungen«. Es waren Bemühungen, den Status quo im Schul- und Hochschulsystem ein bißchen zu verbessern, Pestalozzi und Humboldt zu extrapolieren für die Gegenwart -- ohne bildungspolitische Leitziele, ohne langfristige Strategie. Die Zukunft wurde hingenommen, nicht geplant und mithin nicht gewollt. Werner Heisenberg -- noch leben in diesem Lande ein paar Nobelpreisträger -- hat die moderne Industriegesellschaft einmal mit einem Schiff aus Eisen und Stahl verglichen. Die besondere Konstruktion bedingt, daß kein Kompaß mehr die Richtung weisen kann. Mit einem solchen Schiff läßt sich kein Ziel mehr erreichen -- es sei denn, irgend jemand an Bord entdeckte den Defekt und sänne auf Abhilfe. Ohne Einsicht in den Zustand der eigenen Orientierungslosigkeit, unfähig, den richtigen Kurs einzuschlagen -- so dümpelte bislang auch die Bundesrepublik auf die letzten Dezennien dieses Jahrhunderts zu, in denen sich das Wissen ebenso rapide mehren wird wie die Zahl derjenigen, die besser ausgebildet sein müssen (und einen Anspruch darauf haben). Schon jetzt verdoppeln sich etwa im Bereich der Kernphysik die Informationen alle sieben Jahre"
"130","0.7413639426231384","Alarm auf Station SL-1","1977-02-20","https://www.spiegel.de/politik/alarm-auf-station-sl-1-a-831f4725-0002-0001-0000-000040992538?context=issue",". Die meisten derer, die gewählt werden wollten, mögen sich recht hilflos vorgekommen sein, wenn über Megawatt, Millirem und GAUs diskutiert wurde. Nachschlagen in den hübschen Broschüren der Atomindustrie und der Elektrizitätswirtschaft, Nachsuchen in alten Zeitungen nach den Anzeigenriemen des Bundesforschungsministers half da selten weiter, wenn der Diskussionspartner in der Versammlung das alles als phantastische Mixtur von Tatsachen und Hoffnungen entschleierte. Welchen Ort in der Welt hat man wohl nennen können, an dem der gefahrvolle Müll aus den atomaren Stromfabriken aufgearbeitet und für Jahrtausende wirklich sicher aufbewahrt werden kann? Wohin geht die Radioaktivität, die Tag für Tag aus den Kernkraftwerken in die Umwelt abgegeben wird? Oder: Wie kann man verhindern, daß das todbringende Plutonium. das mit jeder Kilowattstunde Atomstrom unabweislich entsteht, in falsche Hände gerät? Wieviel mag die technische Sicherheit noch wert sein, wenn Elektrizitätsgewinnung einmal auf Gedeih und Verderb auf die Kernspaltung baut? Einigen mag dabei klargeworden sein, daß das wachsende Spannungsverhältnis zwischen Technik und Gesellschaft bisher Stiefkind der Politik gewesen ist. Vielleicht ist auch die Erkenntnis gereift, daß man ein wichtiges Gebiet der Politik bisher unbedenklich den wissenschaftlichen Fachleuten überlassen hat. die unermüdlich neue Argumente erfanden, um die Geldquellen für ihre Forschung nicht versiegen zu lassen. aber nur ganz selten bereit waren, dafür auch politische Verantwortung zu tragen. Atom-Befürworter sprechen jetzt von »Übergangsenergie«. Sehr wahrscheinlich gehörte zu den Ursachen für den Verlust der Regierungsverantwortung der schwedischen Sozialdemokraten auch deren konservative Haltung, die sie gegenüber einer der riskantesten Technologien in der Geschichte der Menschheit zeigten. Denn es ist konservativ, gegenüber den berechtigten Sorgen auch besonnener und sachkundiger Bürger lediglich mit der Berufung auf Beschlüsse von vorgestern und Programme von gestern zu antworten. Es ist höchste Zeit, über den Abstand zwischen praktischer Politik und gesellschaftlicher Wirklichkeit nachzudenken, wenn eine deutsche Landesregie- * Versuchshaus der bayrischen Unternehmen Baywa und Messerschmitt-Bölkow-Blohm in Otterfing bei München. rung -- wie im Falle Brokdorf -- für eine Nacht-und-Nebel-Aktion zum Baubeginn eines neuen Kernkraftwerks die geballte Staatsmacht aufbieten muß, um protestierende Nachbarn wie Feinde in Schach zu halten oder wenn die Elektrizitätsunternehmen ihre Mitarbeiter zur Gegendemonstration auf die Straße scheuchen. Noch vor ganz kurzer Zeit wurden Veröffentlichungen zum Thema Kernenergie ausschließlich von Leuten verfaßt, die ein spezielles Interesse an der Förderung dieser neuen Energiequelle haben"
"131","0.7411890029907227","Stille Spengler","1966-10-02","https://www.spiegel.de/kultur/stille-spengler-a-5255a652-0002-0001-0000-000046414475?context=issue","Die Nackte unter der Lampe ist leerer Wahn«, sinnierte der Computer vom Typ RPC-4000, den die Programmierer des Librascope Laboratory for Automatic Research in Glendale (US-Staat Kalifornien) dichten gelehrt hatten. Und: »Wie Salz sind Ehebrecher selten irre.« Doch nicht nur anzüglich-dunkle Reden lassen Amerikas automatisierte Gesellschaft ständig mehr am mathematisch klaren Verstand der Elektronengehirne zweifeln. Allenthalben mehren sich die Zeichen, daß die für unfehlbar gehaltenen Rechen-Roboter mit menschlichen Fertigkeiten scheinbar auch menschliche Allüren erworben haben. Die Computer zogen zuerst in Physiklabors und Raumfahrtzentren, Großbanken und Konzernbuchhaltungen ein. Doch seit sie zunehmend in eigener Regie auch Zeitschriften- und Theaterabonnements verteilen, Telephon- und Gasrechnungen ausschreiben und allein wissen, wer in welchem Flugzeug wann fliegen und wer auf welcher Ferienreise wo nächtigen kann, leiden immer mehr Bürger unter Computer-Launen. Typisches Opfer solch elektronischen Eigenwillens wurde beispielsweise eine Amerikanerin in Short Hills (New Jersey), die im letzten Januar ihr Abonnement des Hausfrauen-Journals »Good Housekeeping« - bis Dezember 1968 erneuerte, wenige Wochen nachdem der Verlag dieses Blattes seine Abonnenten -Kartei einem Computer überantwortet hatte. Im Februar erhielt die US-Hausfrau »Good Housekeeping« doppelt und eine automatisch ausgedruckte Bestätigung, das Abonnement sei bis Januar 1968 verlängert. Die Dame wies in einem Brief auf den Irrtum hin und sandte die überzählige Zeitschrift zurück. Im März erhielt sie wiederum zwei Exemplare; im April abermals. Im Mai erweckte sie mit einem Anruf beim »Good Housekeeping«-Vertrieb Verständnis und Anteilnahme. Erfolg: Ihr wurden zwei Exemplare zugestellt. Dann erbat der Verlag die beiden Aufklebadressen zurück. Die mit »Good Housekeeping« überfrachtete Hausfrau entsprach dem Wunsch in der Hoffnung, der Zeitschriften-Bezug würde sich nun normalisieren. Wenig später hatte sie die dritte Mai-Nummer in Händen und bald darauf zwei Juni-Ausgaben. »Es klappte eigentlich besser«, erklärte endlich ein »Good Housekeeping«-Expedient, »als wir die Adressen mit der Hand schrieben.« Wesley Pruden jr., Redakteur der amerikanischen Wochenzeitung »National Observer«, buchte telephonisch beim Computer-Zentrum der American Airlines einen Flug von Chicago nach Washington. Die Konservenstimme des Automaten bestätigte den Auftrag. »Wir wissen von nichts«, erklärte jedoch der American-Airlines-Angestellte am Abflugschalter, als Pruden am Chicagoer Flughafen erschien, »aber das kommt jetzt öfter vor. Wir hatten einmal eine gut organisierte Luftfahrtgesellschaft - dann kriegten wir die Computer.« Familie McLaughlin in Bethel Park (US-Staat Pennsylvania) hingegen verdankt der Schrulle eines Elektronenhirns ein überaus vergnügliches Weihnachtsfest"
"132","0.7407893538475037","Die Magie der Roboter","1956-10-02","https://www.spiegel.de/politik/die-magie-der-roboter-a-180acdda-0002-0001-0000-000043064251?context=issue",". Erst im Zeitalter der Elektronik gab es Möglichkeiten, das Programm des Professors Babbage mit elektrischen Hilfsmitteln durchzuführen. Die Elektronik, eine Spezialsparte der Elektrotechnik, ist seit Beginn dieses Jahrhunderts von Elektro-Ingenieuren und Physikern entwickelt worden. Sie ist die Wissenschaft, die den Bau von modernen Funkgeräten, Rundfunk- und Fernseh-Empfängern ermöglichte: die Wissenschaft von der Steuerung und Verstärkung elektrischer Ströme mit Hilfe sogenannter Elektronenröhren. Zwar baute der deutsche Ingenieur Konrad Zuse schon Mitte der dreißiger Jahre eine elektrische Rechenmaschine, deren Rechenprogramm gesteuert werden konnte. Und auch der amerikanische Professor Howard Aiken von der Harvard-Universität konstruierte bald darauf - unabhängig von Zuse - einen derartigen elektrischen Rechenroboter. Aber diese beiden Geräte rechneten noch mit Hilfe von elektromagnetischen Schaltern (Relais), die viel zu langsam arbeiten. Erst als die Wissenschaftler die schwerfälligen Relais durch die fast ohne Zeitverlust arbeitenden Elektronenröhren ersetzten, begann das Zeitalter der modernen sehnellrechnenden Automaten. Der Roboter »Eniac«, der erste elektronische Automat, wurde berühmt, als er ein vertracktes mathematisches Problem der Atom-Kernspaltung löste, dessen Lösung einen erfahrenen Mathematiker schätzungsweise hundert Jahre beschäftigt haben würde. Man hätte die Zeit auch nicht etwa auf ein Jahr verkürzen können, indem man hundert Rechner an die Aufgabe setzte, denn die einzelnen Rechnungen konnten nur nacheinander, nicht nebeneinander ausgeführt werden. »Eniac« bewältigte das Problem, das bei ununterbrochener Beschäftigung erst ein Mathematiker-Enkel etwa um das Jahr 2045 gelöst hätte, in knapp 103 Stunden. Photozellen statt Augen John von Neumann, einer der brillantesten Mathematiker der Welt, Professor in Princeton und Mitglied der amerikanischen Atomenergiekommission, half dem Denken der immer größeren, immer schnelleren Elektronen-Giganten, die nach der Erstgeburt »Eniac« entstanden, buchstäblich auf die Sprünge. Eine der wichtigsten Eigenschaften der Rechenautomaten ist nämlich die Fähigkeit, »bedingte Sprünge« auszuführen: Bei vielen Aufgaben können die Mathematiker den Gang der Rechnung nicht von vornherein endgültig festlegen. Im Verlaufe vieler Rechnungen sind Entscheidungen erforderlich, die erst getroffen werden können, wenn bestimmte Zwischenergebnisse vorliegen. Der Gang der Rechnung wird dann durch den Wert eines Zwischenergebnisses bedingt, und je nach dem Wert eines Zwischenergebnisses soll die Maschine auf ein bestimmtes weiteres Rechenprogramm überspringen. Die Befehle zu »bedingten Sprüngen« entstammen denselben Situationen, die jeden Büroangestellten zwingen, eine Entscheidung zu treffen. Ein simples Beispiel: Ein Bank-Kunde will einen Scheck einlösen, der Schalterbeamte subtrahiert die Scheck-Summe vom Kontostand"
"133","0.7406903505325317","Der rechte Pfosten","1978-05-14","https://www.spiegel.de/politik/der-rechte-pfosten-a-49fe3537-0002-0001-0000-000040615433?context=issue","Sorge ums rechte Deutschland-Verständnis trieb sechzehn Herren und eine Dame unlängst nach West-Berlin: Gerade noch rechtzeitig vor der in dieser Woche in Bergisch Gladbach stattfindenden Jahrestagung der westdeutschen DDR-Forscher gründeten sie in einem Hinterzimmer, hundert Meter von der Mauer und vom Ost-Berliner »Haus der Ministerien« entfernt, eine »Gesellschaft für Deutschlandforschung«. Bereits der Ort des Gründungstreffs -- das »Deutschlandhaus« -- zeugte vom Sinn der Veranstalter für gesamtdeutsche Symbolik, denn neben dem Portal prangen die Firmenschilder zahlreicher einschlägiger Organisationen: Der »Bund der Mitteldeutschen« ist dort ebenso zu Hause wie der »Zentralverband politischer Flüchtlinge und Ostgeschädigter e. V.«, die »Deutsche Jugend des Ostens«, ein »Verband der heimatvertriebenen Wirtschaft« und, obenan, eine »Interessengemeinschaft der in der Zone enteigneten Betriebe«. So tritt denn auch die in dieser Herberge gezeugte »Selbstorganisation der DDR-Forscher«, wie der Mitbegründer und frischgebackene Vorsitzende Siegfried Mampel, 64, seine Gesellschaft versteht, »im Bewußtsein der offenen deutschen Frage« an. Wer auf diese Formel nicht zu schwören vermöge, grenzte Mampel sich und seinen Verein bei der Diskussion über die entsprechende Satzungspassage ab, »wer die deutsche Frage nicht mehr für offen hält, also gewissermaßen auf DDR-Standpunkt steht, also der natürlich, wissen Sie, der kann natürlich nicht ...« Doch die in Sprachlosigkeit endende Abwehr-Tirade erwies sich als überflüssig. Zur Gründung waren ohnehin nur Rechtgläubige erschienen, etwa der Kölner Völkerrechtler Jens Hacker und der emeritierte Volkswirtschaftler Karl C. Thalheim -- beides von der CDU gern geladene Sachverständige beim letzten Hearing des innerdeutschen Bundestagsausschusses. Ebenfalls mit von der Partie: der West-Berliner Historiker Professor Georg Kotowski« einst CDU-Bundestagsabgeordneter, und Ministerialdirektor Hermann Kreutzer, Berliner Abteilungsleiter des Innerdeutschen Ministeriums und, so ein Bonner Kreutzer-Kollege, »seit Jahren rechter Begrenzungspfosten der SPD«. Jurist Mampel, der auf der letzten DDR-Forschertagung im Mai 1977 eigenhändig ein gerade erworbenes »Prof.« in Teilnehmerliste und Namensschild hineinkorrigieren konnte, zog bundesweite Bilanz: 31 Hochschullehrer und 39 wissenschaftliche Mitarbeiter hätten inzwischen Beitrittsbereitschaft erkennen lassen sowie »vierzehn sonstige Persönlichkeiten«. Ursprünglich hatte die Gesellschaftsgründung schon vor einem halben Jahr stattfinden sollen. Damals jedoch legte sieh Egon Frankes Deutschland-Ministerium quer und qualifizierte die Initiative der zumeist konservativ gesonnenen Wissenschaftler als bedauerlichen »Alleingang«. Zahlreiche DDR-Forscher reagierten ähnlich. So erinnerte der West-Berliner Rechts-Professor Herwig Roggemann den Kollegen Mampel daran. daß »die Frage, wie offen die deutsche Frage sei, ihrerseits selbst offen und jedenfalls umstritten« ist"
"134","0.7405833005905151","Frißt ihre Kinder","1975-06-15","https://www.spiegel.de/wirtschaft/frisst-ihre-kinder-a-bcb6c561-0002-0001-0000-000041484014?context=issue","Kaum hatte die Geschäftsführung des Computer-Unternehmens Sperry-Univac die Entlassung von über 60 Mitarbeitern angekündigt, da schmeckte der Betriebsratvorsitzende und EDV-Spezialist Klaus Nimbs zum erstenmal seine Macht: »Wir sind zwar eine lächerliche Zahl, aber wir haben etliche Fäden in der Hand.« Zielstrebig plante er dann sein neuestes EDV-Programm: Am 1. Mai, dem traditionellen Kampftag der Arbeiterklasse (Nimbs: »Das machte sich ganz gut""), gründete er mit Gleichgesinnten aus der Computerbranche Deutschlands erste EDV-Gewerkschaft, die »IG-EDV«. Für den neuen Klub fanden sich auf Anhieb Interessenten. Viele der einst von Computer-Firmen und EDV-Kontoren Hofierten und Verwöhnten fühlen sich von Unternehmern und Gewerkschaftern gleichermaßen im Stich gelassen. Eine Umfrage unter 15 000 der insgesamt etwa 200 000 EDV-Beschäftigten ergab, daß es gerade die früher bis zu 70 000 Mark Jahreseinkommen teuren Top-Leute derzeit am ärgsten erwischt hat. Etliche mußten sich Gehaltskürzungen gefallen lassen, vielen droht der Verlust ihres Arbeitsplatzes. Binnen weniger Monate nämlich geriet jene Branche, die in ihren besten Zeiten jährliche Wachstumsraten von 20 Prozent und mehr vorwies, in eine lähmende Flaute. Der Bedarf an großen Rechenanlagen ist gedeckt, Leistungsfähigkeit und Kosten der EDV-Anlagen werden kritischer und nüchterner beurteilt als in den Gründerjahren (SPIEGEL 1/2/1975). »Der Computer«, urteilt Jürgen Schwab, Geschäftsführer der Marktforschungs- und Beratungsfirma Diebold, »tritt zurück ins Glied der übrigen Organisationsmittel.« Im Gleichtakt mit den Denkmaschinen wurde auch die Sonderstellung der Experten in den Betrieben abgebaut. Überdies wurden die einstigen Neuerer nun zu Opfern noch modernerer Technologien. Gefragter als Programmierer waren nun Systemanalytiker und Operatoren, die für wirksamere Kostensenkung zu sorgen versprachen. »Die eherne Logik der Rationalisierung«, analysierte die DGB-Zeitschrift »Wirtschaft und Wissen«, »hat auch vor den EDV-Berufen nicht Halt gemacht. Sie wird in Zukunft neue Opfer finden, nach dem Motto: »Die Rationalisierung frißt ihre Kinder:« Zwar nahm sich gelegentlich der DGB der Spezialisten mit allerlei Proklamationen an, etwa der Forderung einer mittel- und langfristigen Personalbedarfsrechnung. Doch nur die wenigsten der EDV-Beschäftigten nahmen diese Bemühungen zur Kenntnis. So klagt etwa Klaus Nimbs, daß die einzige Information, die er von der IG Metall erhalten habe, die Beitragsquittung am Jahresende gewesen sei. Und selbst Günter Stephan, für die Angestellten zuständiges DGB-Vorstandsmitglied, gibt zu: »Unsere Arbeit ist so gut wie unbekannt.« Genau das will Nimbs mit seiner Neugewerkschaft vermeiden. Vergebens warnte beim Gründungsakt der IG-EDV im Frankfurter Caravelle-Hotel eine Abordnung der IG Metall: »Kollegen, die historischen Erfahrungen zeigen, daß Splittergruppen zu schwach sind, Forderungen gegenüber Unternehmern durchzusetzen"
"135","0.7404264211654663","DIE INVASION DER HEUSCHRECKEN","1964-06-09","https://www.spiegel.de/politik/die-invasion-der-heuschrecken-a-4c892ce2-0002-0001-0000-000046173848?context=issue",". Nähmaschinen, Spielzeug, optische Instrumente und Textilien waren die ersten Konsumgüter mit dem Absendervermerk »Made in Germany«, der als internationales Qualitätssiegel zwei Weltkriege überdauerte. Dieser Mythos schwand nicht einmal, als nach 1945 in Deutschland die meisten Industriefirmen zerbombt oder demontiert waren. Dr. Sigfrid von Weiher, Siemens -Archivar, erinnert sich: »'Made in Germany' las man auf (dem) großen Berliner Zoobunker... als es englischen und amerikanischen Pionieren nicht gelungen war, den mächtigen Betonklotz zu zerlegen. Ein letzter Aufruf verbissenen Widerstandes.« Die Japaner waren Anfang der fünfziger Jahre noch so tief von solchen Geschichten beeindruckt, daß sie für ihr aufstrebendes Exportgeschäft alte deutsche Marken kopierten: Leica aus Wetzlar wurde in Tokio nachgebaut, und die Tokioer Yashica-Betriebe imitierten die Rolleiflex der Braunschweiger Firma Franke & Heidecke. Die Ausländer schlichen wie Chamäleons in die Bundesrepublik, bemüht, den Deutschen zum Verwechseln zu gleichen: Die Industrie- und Handelskammer Solingen mußte innerhalb eines Jahres in neun verschiedenen Staaten gegen »Geschäftemacher« (""Handelsblatt«, Düsseldorf) vorgehen, die das Renommier-Abzeichen für deutsche Schneidwaren, »Solingen«, auf ihre Erzeugnisse prägten, um Käufern Solinger Qualität vorzuspiegeln. Eine Stadt in Chile wollte einen Ortsteil auf den Namen Solingen taufen, um das Täuschungsmanöver zu rechtfertigen. In der Türkei schleuste ein Scherenfabrikant Erzeugnisse minderer Qualität mit dem Stempel »Typ Solingen« auf den Markt. Gegen einen Rasierklingenproduzenten im Iran prozessierte die Kammer sieben Jahre, ehe der Messerschmied auf seinen Werbetrick verzichtete. Selbst in Frankreich und Italien mußten die Kammerherren gegen mehrere Hersteller klagen. Notierte das »Handelsblatt"": »Die Formen dieses unlauteren Wettbewerbs sind ebenso variabel wie die Methoden, deren sich die unfairen Konkurrenten bedienen.« Japaner, Südamerikaner, Italiener und Inder mieden allerdings - wo immer es ging - in der Bundesrepublik den direkten Vergleich mit deutschen Konkurrenten. Sie boten ihre Staubsauger, Kühlschränke, Motorräder und Haushaltsmaschinen zunächst nicht in den Schaufenstern der Fachhändler feil, sondern auf Massenumschlagplätzen, in - 400 Versandhäusern, deren Kataloge zwei von drei westdeutschen Haushaltungen regelmäßig erreichen; - 700 Warenhäusern und - 200 Discountläden. Ungehindert konnten Ausländer ihre Geräte in solchen Verkaufsstätten anpreisen, die von den fachhandeistreuen deutschen Fabrikanten weitgehend boykottiert wurden. So ist es zu erklären, daß »Quelle«, Deutschlands größtes Versandhaus, in seinem letzten Katalog - Auflage fünf Millionen - keine deutsche Nähmaschine anpreist, und Neckermann, zweitgrößter Versender, in seinem Angebot-Katalog-Auflage 3,5 Millionen - neben elf ausländischen keine deutsche Schmalfilmkamera offeriert"
"136","0.740399956703186","Computer als Richter und Arzt?, Die Teilnehmer des Gesprächs","1979-04-22","https://www.spiegel.de/politik/computer-als-richter-und-arzt-die-teilnehmer-des-gespraechs-a-3e41c0ff-0002-0001-0000-000040352047?context=issue",". SPIEGEL: Welche Aufgaben, die nach Volksmeinung nur Menschen lösen können, werden heute schon Computern übertragen? KÜDERLI: Ein anschauliches Beispiel ist der Computer im Unterricht. Sogar ein Dialog zwischen dem Computer als Lehrendem und dem Menschen als Lernendem ist keine Utopie mehr, sondern in Anfängen schon heute Wirklichkeit. SPIEGEL: Wo, zum Beispiel? KÜDERLI: Beim »Pauken« von Lernstoff jeder Art, von simplen Vokabeln bis zu schwierigen mathematischen Aufgaben, kann der Computer den Lehrer sogar ersetzen. Man kann in einem unserer Programme auch schon die chinesische Schrift lernen, ohne daß es noch eines Lehrers bedarf. SPIEGEL: Der Computer kann auch recht eindrucksvolle Experimente im Physik- oder Chemieunterricht simulieren. Aber kann er auch etwas tun, was ein Lehrer nicht tun kann? KÜDERLI: Ich glaube nicht, daß ein Lehrer die Atomstruktur oder die Bahn von Satelliten so anschaulich beschreiben oder darstellen kann, wie es einem Computer möglich ist, der auch blitzschnelle Vorgänge -- etwa wenn eine Kugel ein Gewehr verläßt -- gleichsam in Zeitlupe vorführen kann. SPIEGEL: Wie viele Großrechner brauchten Sie, um einen solchen Unterricht in allen Hamburger Schulen zu bieten? KÜDERLI: Einen einzigen, und der stünde auch noch für andere Aufgaben zur Verfügung. Denn an einen Großrechner lassen sich leicht tausend Terminals -- also Bildschirmgeräte -- anschließen, deren Standort nahezu beliebig ist. Da könnten in hundert deutschen Städten je zehn stehen, und sie könnten zur selben Zeit mit 20, 30 oder 100 verschiedenen Programmen bedient werden. Trotzdem würde der Rechner für jede Antwort nur Sekundenbruchteile brauchen. SPIEGEL: Und wie teuer würde es für Hamburg, wenn in jeder Schule ein Terminal stünde und je 30 Stunden pro Woche benutzt würde? KÜDERLI: Wir können heute davon ausgehen, daß eine Stunde Lehrzeit in der Größenordnung von zehn Mark liegt. Durch weitere Innovationen in der Computertechnologie würden sich diese Kosten noch weiter ermäßigen. BRUNNSTEIN: Der Computer wird im Unterricht noch vielseitiger verwendbar sein, als hier gesagt wurde. SPIEGEL: Wie noch? BRUNNSTEIN: Zum Beispiel für die Beschaffung von Information, für die er weit besser geeignet ist als ein Lexikon. Denn er könnte sowohl die Stichwörter selbst liefern als auch auf eine Vielzahl von Zusammenhängen gezielt verweisen. Was Aristoteles und Alexander den Großen miteinander verbindet, kann ein Schulcomputer sofort beantworten. Heute wüßten es die wenigsten Abiturienten. SPIEGEL: Läßt sich das Zukunftspanorama der denkbaren Computer-Leistungen noch ergänzen, bevor wir über die Konsequenzen sprechen? SOBOLL: Daß er zeichnen kann, ist schon auf etlichen Ausstellungen von Computergraphik gezeigt worden. Überraschender wird sein, daß er auch schon komponieren kann, zum Beispiel eine viersätzige Suite für Streichquartett. SPIEGEL: Wie hört sich das an? Schaurig? SOBOLL: Nein, sicher nicht. Wenn man die Regeln, nach denen Mozart seine Sinfonien komponiert"
"137","0.7400480210781097","Telephon: »Milliarden sinnlos verpulvert«","1979-09-09","https://www.spiegel.de/politik/telephon-milliarden-sinnlos-verpulvert-a-6f683f68-0002-0001-0000-000039909446?context=issue",". Mit dem digitalen Einheitssystem lassen sich überdies neue Dienste wie Bildschirmtelephon, Telekopierer oder Datenübertragung problemlos zusammen auf eine Leitung packen. Auch das lästige Knacken und Prasseln im Hörer gibt es nicht mehr. Daß Siemens und die Post bei der Entwicklung ihres EWS nicht mehr mit dem technologischen Zeitgeist in Gleichklang waren, hätte schon früher als 1979 auffallen können. Während Gscheidle bei der Einschaltung der ersten EWS-Versuchsanlage 1974 in München-Perlach lautstark »das neue elektronische Zeitalter des Telephons« für Deutschland einläutete, warnte der amerikanische Kommunikationsexperte Donald Dittberner bereits vor den Schwächen des EWS. Dittberners Studie, für ein halbes Dutzend europäischer und amerikanischer Telephongesellschaften verfertigt, kam zu dem Ergebnis, »daß dieses System auf dem Weltmarkt niemals konkurrenzfähig« werden könne. Das Gemeinschaftswerk von Siemens und Bundespost enthalte noch immer zahlreiche elektromechanische Schaltelemente, die Zukunft aber gehöre der vollelektronischen Telekommunikation. Für Gscheidles Ministerium war das noch längst »kein Beweis dafür, daß sich die deutsche Fernmeldeindustrie auf dem falschen Entwicklungsweg befand«. Die amerikanischen Telephonbauer allerdings marschierten schon zu dieser Zeit auf dem Weg, den die Deutschen erst jetzt als den richtigen erkannten. So nahm der Welt größter Telephon-Produzent AT & T 1976 ein vollelektronisches Netz in Betrieb. Das Fernvermittlungssystem »ESS 4« setzte voll auf die Computertechnologie. Nicht nur, daß es komplett auf die alte Mechanik verzichten konnte, es bediente sich zur Sprachübermittlung auch des digitalen Computer-Vokabulars. Erst Anfang dieses Jahres entschlossen sich Postleitung und Siemens-Führung für das bisher als »Digitalitis« verhöhnte Verfahren. Da aber war schon rund eine Milliarde Mark in die veraltete Technik investiert. Ende Januar sannen Gscheidle und die ins Bonner Postamt zitierten Siemens-Vorstände Bernhard Plettner und Dieter von Sanden darüber nach, wie die peinliche Fehlentscheidung dem Publikum am vorteilhaftesten zu verkaufen sei. Zu Recht warnten Gscheidles Referenten in einem Spickzettel für den Minister, daß Siemens »einen erheblichen Imageverlust auf dem Weltmarkt« erleiden könnte. Auch ihre Post bliebe wohl kaum vom »Vorwurf eines gigantischen Mißmanagements« verschont. Daran können aber nun die besten Public Relations nichts mehr ändern. Das Mißmanagement ist um so grotesker, als die Postler sich inzwischen dazu durchrangen, wenigstens für den Ortsverkehr die überholte Siemens-Technik einzubauen. Das sogenannte EWS-O wird von den beamteten Telephonmanagern eingeführt, weil sonst in absehbarer Zeit einige Ortsnetze schlicht zusammenbrechen würden"
"138","0.7399613261222839","Schach-Computer: Jahrtausende pro Partie","1979-02-11","https://www.spiegel.de/kultur/schach-computer-jahrtausende-pro-partie-a-69a151c0-0002-0001-0000-000040351462?context=issue",". Neben dem Roboter bediente sie noch einen Bildschirm im Studio, und zusammen mit ihren Zügen ratterte sie eine Fülle von Daten durch den Weltraum nach Hamburg. Zug für Zug berechnete der Computer die eigenen und Levys Chancen in »Bauerneinheiten«. Dabei wertete er neben Zahl und Stärke der Figuren auch deren Position auf dem Brett und andere Punkte aus. Am besten stand der Computer nach dem 28. Zug (7,31 Bauerneinheiten plus), am schlechtesten nach dem 64. Zug (9,35 minus, siehe Graphik Seite 192). Dazu lieferte der Blitzrechner noch jeweils eine Art Prognose, welche Züge -- etwa drei bis fünf -- er als nächste erwägt und vom Gegner erwartet. Allerdings zog er selbst einige Male anders als er zunächst avisiert hatte. Schon drei Tage zuvor hatte die Schachmaschine bei einer Art Generalprobe ihren ersten öffentlichen Auftritt in Hamburg, als sie simultan gegen 21 Gegner spielte. Sie ließ ihnen etwa fünf Minuten Zeit pro Zug und begnügte sich selbst mit je fünf Sekunden. Zwei Studenten machten die Runde, der erste tippte den Zug des Hamburger Spielers in eine Art Taschenrechner, der mit dem fernen Computer verbunden war, der andere ging drei Schritte hinter ihm, erfuhr aus einem Kopfhörer den Gegenzug und führte ihn auf dem Brett aus. Als nach vier Stunden das Match abgebrochen wurde, hatte der Computer je drei Partien gewonnen und verloren. Bei je fünf anderen stand er auf Gewinn oder Verlust oder mußte mit einem Remis rechnen. Hernach besiegte er noch den Deutschen Meister Ludek Pachman in einer Blitzpartie. 1200 Hamburger hatten für diesen Computer-Auftritt Schlange gestanden, während in der Hansestadt selbst Schachweltmeister Anatolij Karpow vor zwei Jahren nur knapp 200 Zuschauer anzog. Computerschach ist, wie es scheint, zu einem Zauber geworden, der m seiner Mischung aus uraltem Spiel und modernster Technik viele fasziniert. Der Hamburger Wissenschaftstheoretiker Frederic Friedel, der fürs ZDF in den USA und in der Sowjet-Union unterwegs war, glaubt an »eine Welle, deren Ausmaß die meisten sich noch nicht vorstellen können Friedel will sie selbst in Gang bringen und Computerschach nicht mehr beschreiben, sondern selbst veranstalten. In mehreren Städten plant er Turniere, bei denen Schachprofis, Minister und Klubs gegen Computer antreten sollen. 99 von 100 Schachspielern haben gegen »Chess« keine Chance. Der Computer gehört zu den etwa 3000 besten Schachspielern der Welt. Und er wird es noch weiter bringen, wenn Fachleute wie der frühere Schachweltmeister, der Russe Michail Botwinnik, und der »Chess«-Programmierer Slate recht behalten. Deren Prognose: Es wird keine 20 Jahre mehr dauern, bis nicht mehr ein Mensch, sondern eine Maschine der beste Schachspieler der Welt sein wird. Der Nachfolger des erst 27jährigen Weltmeisters Karpow könnte dann »Chess 5.9« oder »Bell 7.1« heißen. Botwinnik hält seinen »Pionier«, an dem er seit 1972 arbeitet und der noch nicht öffentlich vorgeführt wurde, für den aussichtsreichsten Kandidaten"
"139","0.7398570775985718","Hammer für Auserwählte","1967-07-02","https://www.spiegel.de/kultur/hammer-fuer-auserwaehlte-a-82203f89-0002-0001-0000-000046214192?context=issue",". Große wissenschaftliche Institute freilich, wie etwa das europäische Atomforschungszentrum »Cern' in Genf, sind auf die Rechenleistung solcher Groß-Computer (Spitzenleistung: drei Millionen Rechnungen pro Sekunde) angewiesen. So beherrscht -- nach dem Rückzug der IBM mit ihrem Modell 360/91 -- die erst 1957 gegründete Control Data Corporation nun den Markt der wissenschaftlichen Großrechner. Control-Data-Sprecher Ostendorf: »Wir sind technisch einen etwas anderen Weg gegangen als IBM.« 98 Exemplare der 16 Millionen Mark teuren Data-Gehirne wurden bislang bestellt, 38 davon ausgeliefert. Vergleichsweise harmlos waren die Parkinson-Probleme noch, solange Groß-Computer für in sich geschlossene Aufgabenbereiche eingesetzt wurden, etwa bei Banken, Postscheckämtern oder Luftfahrtgesellschaften. Hingegen droht sich der gigantische Schwall von Programmschritten und Informationen zu verwirren, wenn einem Computer -- wie an großen Forschungsinstituten nunmehr üblich -- eine Vielzahl verschiedener Fragen gleichzeitig gestellt werden: von der Verwaltung und Buchhaltung der Universität etwa über die Auswertung demoskopischen Materials bis hin zu Berechnungen der Atomphysiker. Doch gerade diese Schwierigkeit wollen nun die Elektronik-Ingenieure mit einer neuen Generation von Super-Rechnern lösen. Und erstmals zeichnet sich dabei die Möglichkeit ab, daß auch europäische Techniker -- der englischen Computer-Firma Elliott Automation -- sich chancengleich mit den Amerikanern am Wettrennen der Ideen beteiligen. Zwei Wege, die zu jener nächsten, von Parkinson-Problemen wieder freien Computer-Züchtung führen sollen, werden jetzt angebahnt: > der europäische etwa nach dem Muster klassischer Hierarchie: Eine Vielzahl verschiedener Unter-Einheiten, so der Entwurf von Elliott Automation, arbeitet nach Maßgabe und unter der Herrschaft eines zentralen Super-Rechenaggregats; > ein amerikanischer (beschritten von der US-Computerfirma Burroughs) nach dem Modell der Demokratie: 256 gleichrangige Rechen- und vier Kontroll-Einheiten teilen die Aufgaben, den bürokratischen Ballast weitgehend vermeidend, untereinander auf. Die Engländer gingen von der Überlegung aus, daß »kein elektronischer Vorschlaghammer« nötig ist, wenn es nur darum gehe, »die relativ bescheidene Rechen-Nuß eines Studenten aufzuknacken«. Bei dem geplanten Elliott-Modell soll daher nur einem kleinen Kreis von Auserwählten -- mit besonders komplizierten Fragen -- Zugang zum Steuerpult für das gleichsam im Zentrum thronende Super-Hirn gewährt werden. Die meisten Benutzer sollen sich mit kleineren, auf bestimmte Aufgaben spezialisierten Sub-Rechnern begnügen, die um das Zentralgehirn herumgruppiert sind. Kann einer der Klein-Computer eine Aufgabe nicht lösen, so fragt er das Zentralgehirn um Rat. Derweil verfolgt der Computer-Forscher Daniel L. Slotnick an der Universität von Illinois das noch weit ehrgeizigere Rechner-Projekt nach dem Demokratie-Modell"
"140","0.739832192659378","»Mit dem Latein am Ende«","1969-09-21","https://www.spiegel.de/politik/mit-dem-latein-am-ende-a-8c4c84e8-0002-0001-0000-000045562546?context=issue",". * In den USA und in der Sowjet-Union hingegen betrugen 1967 die Forschungsausgaben jeweils etwa drei Prozent, in Frankreich und Großbritannien je 2,3 Prozent des Bruttosozialprodukts. Dieser Vorsprung gegenüber den dürftigen Aufwendungen der Bundesrepublik hat längst dazu geführt, daß der wissenschaftliche und technologische Standard Westdeutschlands einem internationalen Vergleich nur noch schwer standzuhalten vermag: * Immer häufiger sind westdeutsche Industriefirmen gezwungen, Erfindungen und technische Neuerungen im Ausland einzukaufen -- 768 Millionen Mark zahlte die deutsche Wirtschaft 1967 für ausländische Patente und Lizenzen, der Export Oben: In Garching bei München. Unten: Bei einem Besuch in einem Münchner Strahlenforschungsinstitut. eigener Ideen brachte ihr nur 359 Millionen Mark ein. * In vielen zukunftsträchtigen Branchen können sich die westdeutschen Firmen der ausländischen Konkurrenz kaum mehr erwehren; so stammen 80 Prozent aller Computer, die in der Bundesrepublik verkauft oder vermietet werden, von amerikanischen Elektronikfirmen; die US-Hersteller sind den Deutschen gegenüber eindeutig im Vorteil -- während sich in Amerika der Staat mit einem Anteil von 62 Prozent an den Forschungsausgaben der Computer-Industrie beteiligte, zahlte Bonn den heimischen Elektronikfirmen nur vier Prozent der Entwicklungskosten. * In Westdeutschland arbeiten weniger Forscher als in den meisten anderen Industrieländern; auf je 10000 Einwohnern kommen in den USA etwa 25 Wissenschaftler, in der Bundesrepublik dagegen nur sechs; während in Amerika insgesamt 435 000 und in der Sowjet-Union 416 000 Techniker und Wissenschaftler arbeiten, verfügt die Bundesrepublik nur über etwa 40 000 Physiker, Chemiker und Ingenieure. * Das westdeutsche Forscher-Defizit wird sich auf absehbare Zeit kaum ausgleichen lassen; von jeweils 10000 Bundesbürgern besuchen nur 45 die Universität in den USA studieren hingegen 200, in der Sowjet-Union 117 von je 10 000 Einwohnern) und während sich nur drei von zehn westdeutschen Studienanfängern für ein naturwissenschaftliches Fach entscheiden, stellen in den USA und der Sowjet-Union die Studenten der Naturwissenschaften die Hälfte des akademischen Nachwuchses. Vor dem Hintergrund derart beklemmender Statistiken bietet sich an Deutschlands Hochschulen ein groteskes und verwirrendes Bild: Trotz der vergleichsweise niedrigen Studentenzahlen sind die Universitäten überfüllt; obgleich der Bedarf an Physikern, Mathematikern, Chemikern und Technikern in den nächsten Jahren mit Sicherheit ansteigen wird, bestehen an vielen westdeutschen Hochschulen Zulassungsschranken für naturwissenschaftliche und technische Disziplinen"
"141","0.7398027181625366","Rechts ab zum Vaterland","1967-05-14","https://www.spiegel.de/politik/rechts-ab-zum-vaterland-a-f085de10-0002-0001-0000-000046409439?context=issue",". dennoch den Glauben zu wecken, daß das eben doch die richtige Ordnung wäre, über die man sich praktisch nicht mehr unterhält.« Das demokratische Element sollte zumindest aus dem zentralen Bereich der Wirtschaft eskamotiert werden. Dabei glaubte Erhard den Prozeß der »gesellschaftlichen Formierung« unter den Deutschen ohnehin bereits »weiter vorangetrieben als in anderen westlichen Industrie-Nationen«. Zumindest in Fragen der zentralen Steuerung sollte die deutsche Demokratie der übrigen Welt ein Muster werden. Im Jahre der letzten Bundestagswahl ließ der mittlerweile zur Kanzlermacht vorgedrungene Ludwig Erhard zum erstenmal deutlich erkennen, wozu die reibungslose innere Ordnung vor allem taugen sollte: »Je gesammelter und geschlossener sich Deutschland der Welt präsentiert, um so mehr wird diese bereit sein, uns zu verstehen.« Für die politische Bewegungsfreiheit nach außen sollte die Freiheit im Innern nach deutscher Art erneut eingeschmolzen werden. Die Tatsache, daß Feinde wie Freunde der Bundesrepublik gerade in der noch massiveren Zusammenballung von wirtschaftlicher Potenz eines der stärksten Argumente gegen eine deutsche Wiedervereinigung sehen, wurde dabei nicht für wesentlich erachtet. Was die rechtsradikalen »Deutschen Nachrichten« des Adolf von Thadden im Januar 1967 für vordringlich hielten, hebt sich vom Vorhaben der »Formierten Gesellschaft« nicht sonderlich ab: »Alle haben in jeder Phase ihres Tuns ihre Ansprüche zu messen an der unabdingbaren Forderung der Ausgewogenheit des Verhältnisses aller Glieder der Gemeinschaft zur Gemeinschaft selbst.« Andernfalls drohe »Radikalisierung des politischen Klimas«. Daß der Bundesrepublik ohnehin, dank der überwiegend ja nicht unmäßigen Ansprüche ihrer Gewerkschaften, als einzigem Industrieland des Westens in den letzten 18 Jahren einschneidende Lohnkämpfe erspart geblieben sind, wird von den Anhängern einer autoritären Versteifung nicht honoriert. Der Vorstellung, daß den Krisenerscheinungen der kapitalistischen Wirtschaft durch obrigkeitliche Hebelgriffe nach links am schnellsten beizukommen sei, huldigte Franz-Josef Strauß noch in der bayerischen Wahlnacht von 1966. Als eine seiner wenigen Bedingungen für die Übernahme des Finanzministeriums nannte er damals wiederholt: »Keine Lohnerhöhungen -- und das auf drei Jahre.« Etwas später entfernte sich der mittlerweile wieder zum Minister avancierte Strauß von diesem verfassungsfremden Gedanken; dennoch will er die Tarifautonomie der Gewerkschaften nicht für unantastbar halten. Anzeichen für eine in Deutschland geradezu traditionelle Diskrepanz von konservativ-nationalen und demokratisch-liberalen Staatsvorstellungen und Traditionen mehren sieh"
"142","0.7397783100605011","Küsse die Frau","1966-01-30","https://www.spiegel.de/politik/kuesse-die-frau-a-d908338b-0002-0001-0000-000046265515?context=issue",". Dr. Bernhard Hartmann seinen Studenten der Wirtschaftswissenschaften das Programmieren bei. Seit 1964 ist die zweisemestrige Vorlesung mit Übungen sogar Pflichtfach für die angehenden Wirtschaftsingenieure. Indes kann Programmierer auch werden, wer nur einen in Amerika ausgeknobelten Test seiner geistigen Wendigkeit besteht. Eine typische Prüfungsaufgabe: Eine Zahlenreihe wie 12, 14, 19, 26, 28, 33 ... ist fortzusetzen. Dazu muß die Gesetzmäßigkeit der Differenzen (2, 5, 7) erkannt werden. Korrekte Lösung: 40, 42, 47... Wer die Prüfung besteht, wird in mehreren kurzen Kursen mit den Maschinen vertraut gemacht. IBM allein lernte 1965 etwa 20 000 Kundenmitarbeiter an. Darunter sind freilich auch Locherinnen und Prüferinnen. Gesamtzahl der wirklichen Programmiererin der Bundesrepublik: 2000 bis 3000. Vor Jahren noch, als die Rechenmaschinen überwiegend für Routine-Arbeiten eingesetzt wurden, brauchte ein Programmierer - und damit warben die Herstellerfirmen - »grundsätzlich keine spezielle berufliche Vorbildung« mitzubringen. Er führte aus: was Organisatoren und Systemingenieure vorbereitet hatten. Die benötigten zu einer Programmbeschreibung zwei Monate, und der Programmierer hatte weitere vier Monate damit zu tun, der Maschine in 10 000 Einzelbefehlen einen Gedankengang einzubleuen. Später aber entwickelten die Computer-Hersteller Standardprogramme, die sie in Programm -Bibliotheken zusammenfaßten und ihren Kunden gratis gaben. Zugleich stiegen die Anforderungen an den Programmierer. Er muß kompliziert denken können, um für die teuren Maschinen neue Aufgaben zu finden. So schreibt ihm der technische Fortschritt die sogenannte Multiprogrammierung vor. Sie ist deshalb so wichtig, weil moderne Maschinen in Nanosekunden (milliardstel Sekunde) rechnen: zehnmal schneller, als sie Daten aufnehmen und ausgeben. Wenn zehn Probleme eins nach dem andern eingegeben werden, wartet der Rechner neun Zehntel der Zeit nutzlos, bis die Ergebnisse auf dem Magnetband verzeichnet sind. Bei Multiprogrammierung rechnet der Hirnkasten bereits an neuen Problemen, während er noch Zwischenresultate der vorangegangenen Aufgabe auswirft. Schon jetzt geht die Gründerzeit zu Ende, in der - zum Entsetzen altgedienter Buchhalter - in Schnellkursen aufgeklärte Laien sich mit elektronischem Gerät über Zahlenkolonnen hermachten. Heute ereilt viele Programmierer der ersten Stunde das Buchhalter-Schicksal, sie sitzen laut IBM »in einer toten Laufbahn fest«. Nach den Bestellungen, die bei den Computer-Herstellern vorliegen, müßte sich das Bedienungspersonal bis 1974 verdoppeln. Aber, so warnt die DGB -Bundesfachschule für maschinelle Datenverarbeitung, eine solche Kalkulation gehe von »schiefen Vorstellungen aus«. In Zukunft sei »die Qualität der fachlichen Vorbildung ... von großer Bedeutung«. Indes geschieht an den kaufmännischen Berufsschulen und höheren Handelslehranstalten wenig, den Nachwuchs auf das Leben mit der Elektronik vorzubereiten"
"143","0.7396147847175598","Die Magie der Roboter","1956-10-02","https://www.spiegel.de/politik/die-magie-der-roboter-a-180acdda-0002-0001-0000-000043064251?context=issue","Das Innere der übermannshohen Metallgehäuse, die vor einigen Wochen in einem Frankfurter Neubau aufgestellt wurden, sah aus wie die futuristische Drahtkomposition einer komplizierten Fernsprechvermittlung. Aber was die sechs amerikanischen Spezialmonteure der Firma Remington-Rand mit den behutsam-energischen Griffen von Chirurgen zusammenbastelten - die kilometerlangen Spinnweben aus feinsten Drähten, die 5600 hochempfindlichen Elektronenröhren, die Relais, Kontrolluhren, Glimmlampen, Schalter und Hebel - waren die Nervenstränge und -zellen eines Organs der Technik: eines »Elektronengehirns«. Wenn die sechs Monteure die 400 Zentner schwere Denkapparatur zum Leben erweckt haben, wird das Frankfurter Battelle-Forschungsinstitut - ein gemeinnütziges Institut, das Forschungsaufträge der Industrie ausführt - über das größte und schnellstdenkende Elektronengehirn Europas verfügen. Am 12. Oktober, bei der Einweihung, wird Bundespostminister Dr.-Ing. Siegfried Balke dem Sieben-Millionen-Mark-Monstrum die erste Rechenaufgabe stellen: Das Zeitalter der Roboter hat auch in Europa begonnen. In Amerika sind die Geistesroboter schon längst in die Laboratorien, in die Büros und Werkhallen eingezogen: Eine lange Kolonne von 500 Zahlen mit 11 Dezimalstellen wird auf einem Magnetband in die Maschine eingeführt, ein Fingerdruck auf die Taste, und eine zehntel Sekunde später druckt eine elektrische Schreibmaschine die Summe dieser Zahlen auf einen Papierstreifen. Maschinen, die Wirtschaftskrisen vorausberechnen, sind schon an der Arbeit und spucken Tag für Tag ihre Ergebnisse aus. Maschinen berechnen Planetenbahnen oder Reaktionen der Atomkerne und übertreffen dabei Armeen von Rechnern, denn sie rechnen im Tempo elektronischer Schaltgeschwindigkeiten. Sie lenken und beaufsichtigen industrielle Arbeitsvorgänge, ersetzen die Menschen, vertreiben sie aus den Büros und von den Arbeitsplätzen an den Fließbändern. Das Elektronengehirn in Frankfurt am Main, das die alte Kaufmanns- und Krämerstadt zum größten Rechenzentrum des Kontinents macht, heißt in der technologischen Abkürzungssprache »Univac Fac-Tronic II« und wird zu einem Tariflohn von 1700 Mark je Stunde durch Berechnungen und Marktanalysen weissagen, welche industriellen und wirtschaftlichen Projekte sich mit finanziellem Nutzen verwirklichen lassen. Das neueste Wunderkind der Roboter-Sippe braucht nur Minuten, höchstens Stunden, um verwickelte mathematische Probleme zu lösen, die Hunderte von routinierten Rechnern wochen- oder monatelang beschäftigen würden. »Univac« schafft beispielsweise in einer einzigen Sekunde ▷ 5000 Additionen oder Subtraktionen von elfstelligen Zahlen oder ▷ 525 Multiplikationen (je 11 mal 11 Stellen) oder ▷ 270 Divisionen (je 11 durch 11 Stellen) und überprüft durch eine eingebaute Kontroll-Anlage gleichzeitig, ob beim Ablauf der Rechenoperation ein Fehler unterlaufen ist"
"144","0.7396053075790405","Briefe","1969-03-09","https://www.spiegel.de/politik/schwarze-kunst-a-21ae958a-0002-0001-0000-000045849720?context=issue","(Nr. 9/1969, Titel über die Forschungslücke) Herzlichen Dank für diesen Denkzettel, von dem es nicht genug geben kann. Münster ERHARD SCHRAMEYER Im Interesse unserer Zukunft war dieser Artikel der wichtigste und aktuellste seit Jahren. Wünschenswert wäre, daß weitere überzeugende Argumente und Prognosen, Leserbriefe bekannter Experten und so weiter dafür sorgen, daß dieses Thema nicht wieder ruht. Bremen OTTO BECKMANN Was Sie für Kurzsichtigkeit oder sogar Dummheit gehalten haben, ist nämlich näher betrachtet ein wohldurchdachtes Programm der Bundesregierung zur Erhöhung der europäischen Sicherheit. In spätestens zwanzig Jahren wird dank der immensen Weisheit des Vorsitzenden Schorsch kein Mensch, nicht einmal »die ach so bösen Leute aus der DDR, mehr Lust verspüren, über uns arme Deutschen herzufallen, ganz einfach, weil es sich nicht mehr lohnt. Das nenne ich Voraussicht. Efferen (Nrdrh.-Westf.) WOLFPETER RITTER Wenn es nicht so absurd wäre, würde ich vorschlagen, im Jahre 1970 die Milliarden Mark, die die Bundeswehr verschlingt, einzusetzen in den Etat für Lehre und Forschung. Ob die Herren vom SDS dann endlich zufrieden sind? Hamburg KARL UPADER Sie wollen bitte alles daransetzen, diese Titelgeschichte als Manuskript für eine Fernseh-Reportage beim Deutschen Fernsehen, Erstes oder Zweites Programm, durchzudrücken. Auf diese Weise werden auch breiteste Schichten des Volkes, insbesondere der Wähler, erfahren und erkennen, warum es in Deutschland Apo, SDS, NPD und den Bund der Steuerzahler gibt. Landshut (Rhl.-Pf.) ERICH PFEFFER Es wäre noch ganz besonders auf die Mängel im Bildungswesen hinzuweisen. Technische Bildung wird überhaupt gesellschaftlich noch kaum als Bildung anerkannt. Man bezeichnet sie als Ausbildung. Als Bildungsfächer gelten nur die Fächer der klassischen humanistischen Bildung. Dabei war zum Beispiel Latein auch einmal ein reines Ausbildungsfach. Aus Ausbildung wurde Bildung, und heute ist anscheinend mancherorts Einbildung daraus geworden. Emden (Nieders.) HELMUT KETZSCHER Sie schreiben, daß unsere Forschungslücke wohl zum größten Teil auf Unvermögen des Managements und fehlende staatliche Hilfe zurückzuführen sei. Ein weiterer wichtiger Faktor scheint mir folgender zu sein: Der Beruf eines Mathematikers, Physikers, Chemikers und Ingenieurs ist finanziell und gesellschaftlich nicht besonders anziehend. Obwohl an den Gymnasien neben Literaturgeschichte, Musik und Kunsterziehung ebenso Mathematik, Physik und Chemie gelehrt wird, man also erwarten könnte, daß jeder gebildete Mensch in allen sechs Gebieten über ein gewisses Grundwissen verfügt, stellt sich doch der Alltag ganz anders dar. Man würde als Banause und Ignorant gelten, würde man Goethe, Beethoven und Dürer kaum dem Namen nach kennen und Werke von ihnen überhaupt nicht. Kommt aber die Sprache auf Röntgen, Liebig oder Gauß, so setzt allenthalben unbeholfenes Schweigen ein"
"145","0.7395543456077576","»Idealer Tummelplatz für Industriespione«","1972-03-19","https://www.spiegel.de/politik/idealer-tummelplatz-fuer-industriespione-a-6e1759ae-0002-0001-0000-000042945028?context=issue",". Das neue System sollte der Gesellschaft bis 1980 einen Rationalisierungs-Gewinn von rund 400 Millionen Mark bringen. Millionenverluste durch Computerspionage mußte auch der amerikanische Elektronik-Konzern IBM hinnehmen. Auf bisher ungeklärte Weise war die Konkurrenz »Memorex« in den Besitz von Konstruktionsunterlagen eines neuen Plattenspeichers gekommen, an dessen Entwicklung ein IBM-Forschungsteam ein ganzes Jahr lang gearbeitet hatte. Seit die IBM-hasse wissen, daß ihre Datenzentralen und Produktionsstätten durch Berufs- und Amateurspione in zunehmendem Maße gefährdet sind, haben sie ihre Sicherheitsbestimmungen verschärft. Bei der deutschen IBM (22 500 Beschäftigte) zum Beispiel wurde das Kontingent der hauptberuflichen Sicherheitsbeauftragten auf 200 erhöht, weitere 600 Mitarbeiter müssen neben ihrer normalen Arbeit Agentenjäger-Dienste leisten. Im Rahmen der verschärften Sicherheitsvorkehrungen ordneten die deutschen IBM-Bosse an, daß für den zentralen Computer in Sindelfingen alle vier Wochen ein neuer Geheimkode festgesetzt wird. Die EDV-Anlage gibt ihre Informationen nur frei, wenn die Benutzer Datenausweise und Geheimkodes In den Schlitz stecken. In den Zellen des elektronischen Denkers ist für jeden Informationsberechtigten genau gespeichert, welche Daten er der Anlage entnehmen darf. So ist es beispielsweise einem Personalleiter unmöglich, Angaben aus dem für ihn gesperrten Bereich »Verkauf« oder »Entwicklung« zu bekommen. Die an den Maschinen arbeitenden Programmierer und Operatoren bleiben neuerdings keine Minute unbeobachtet: Ihre Vorgesetzten lassen sie ständig durch Fernsehkameras überwachen. Spionageabwehr ist den Chefs zu teuer. Firmen, die sich keine große Rechenanlage leisten können und zusammen mit anderen Unternehmen einen Gemeinschaftscomputer benutzen, sind heute besonders gefährdet. Da sie ihre gespeicherten Informationen je nach Bedarf per Telephon abrufen. braucht ein Kundschafter der Konkurrenz nur das zum Computer führende Telephon- oder Fernschreibkabel anzuzapfen. FDV-Experten haben inzwischen einen ganzen Katalog von technischen Maßnahmen ausgetüftelt, die den Diebstahl von Datenmaterial erschweren sollen. Zu den simpelsten Kontrollen gehört der sogenannte Ausweisleser. Jeder Computer-Benutzer muß sich bei ihm mit einer Magnet-Karte, die ständig wechselnde Buchstaben-Kombinationen aufweist, legitimieren. In extremen Fällen kann der Computer sogar veranlaßt werden, dem Benutzer Erkennungsfragen zu stellen, zum Beispiel: »Wann ist Ihre Großmutter geboren?« Nur wenn die Antwort des diensttuenden Operators mit der beim Computer gespeicherten Großmutter-Personalie übereinstimmt, ist die EDV-Anlage abfragebereit. Die meisten Firmenchefs der Bundesrepublik betrachten solche Sicherheitsmaßnahmen als unnötige Geldausgabe. Nach einer Untersuchung der Frankfurter Management-Beratungsfirma Diebold räumten 75 Prozent aller Befragten ein, in ihrer Firma hätte jeder Angestellte ungehinderten Zutritt zur EDV-Zentrale"
"146","0.7395216524600983","Bloß keinen Frühling","1970-02-22","https://www.spiegel.de/politik/bloss-keinen-fruehling-a-a61fdbcc-0002-0001-0000-000045202779?context=issue",". * 1963 begann Willy Brandt als Regierender Bürgermeister von Berlin die »Politik der kleinen Schritte« und ließ das erste Passierscheinabkommen mit der DDR unterzeichnen. Sein Berater Egon Bahr formulierte im selben Jahr die These vom »Wandel (der Systeme) durch Annäherung«. * 1964 führte der Ehrenpräsident der Bundesvereinigung der Deutschen Arbeitgeberverbände, Hans-Constantin Paulssen, in der Ost-Berliner Regierungsherberge »Johannishof« im Einverständnis mit Bundeskanzler Erhard diskrete Gespräche über die Chancen zwischendeutscher Arrangements. * 1967 schließlich beantwortete Kanzler Kiesinger als erster Bonner Regierungschef einen Brief der DDR-Führung. Es war der zwölfte seit 1950 an einen Bundeskanzler. Meßbaren Erfolg freilich brachte keiner dieser Versuche, mit der inzwischen längst als politisches Faktum anerkannten DDR zu einem »geregelten Nebeneinander« (Brandt) zu kommen. Was der Westen bot, war der SED stets zuwenig. Was die SED forderte, dem Westen stets zuviel. Schließlich scheiterte 1966 auch ein Versuch, von Partei zu Partei gesamtdeutsch miteinander zu reden. »Um endlich eine Bresche in die Barrieren zu schlagen, die den Weg zur Überwindung der deutschen Spaltung blockieren«, hatte das SED-Zentralkomitee am 7. Februar in einem offenen Brief die »werten Genossen« des Dortmunder SPD-Parteitags aufgefordert, »noch im Jahre 1966 ein Gremium für die offene Aussprache der Deutschen aus Ost und West zu schaffen«. In seiner Antwort vom 19. März regte der SPD-Vorstand an, »in allen Orten« die Voraussetzungen dafür zu schaffen, »daß Vertreter der im Deutschen Bundestag und in der Volkskammer vertretenen Parteien offen ihre Auffassungen über die Deutschlandfrage« darlegen könnten. In mehreren Gesprächen vereinbarten Unterhändler der beiden Parteien die endgültigen Termine für einen Redneraustausch: 14. Juli in »Karl-Marx-Stadt an der Chemnitz« (Willy Brandt), 21. Juli in Hannover. Doch dann bekam die SED Angst vor der eigenen Courage, und Bonn lieferte ihr den Vorwand, die brisanten Begegnungen abzublasen: Im Schnellverfahren hatte der Bundestag ein Gesetz angenommen, das den SED-Führern -- trotz des ihnen angelasteten Schießbefehls -- freies Geleit zusicherte. Die DDR-Nachrichtenagentur ADN konstatierte, die Gesetzesmacher hätten »offensichtlich nicht mehr alle Tassen im Schrank«, und SED-Funktionäre entrüsteten sich, »freies Geleit« werde gemeinhin nur Verbrechern zugestanden. Ulbricht selbst setzte den Schlußpunkt: Es sei undenkbar, so erklärte er im Juni im Ost-Berliner Friedrichstadt-Palast. daß die SED »die unverschämte, aggressive und völkerrechtswidrige Alleinvertretungsanmaßung« des Bonner Freigeleit-Gesetzes akzeptieren werde. Der damalige Regierende Bürgermeister von Berlin und SPD-Vorsitzende Brandt in einer Rundfunkansprache: »Meine Freunde und ich werden nicht lockerlassen! Es mag Rückschläge geben"
"147","0.7393930554389954","Um Jahre zurück","1971-02-07","https://www.spiegel.de/politik/um-jahre-zurueck-a-b79e10f6-0002-0001-0000-000043788170?context=issue",". Computer-Spezialisten aber sind knapp in der Sowjet-Union. Denn noch immer wirkt das ideologisch begründete Verdikt der Stalin-Ära nach, das die Kybernetik als bourgeoise Wissenschaft verdammte und den Gebrauch von Computern verbot. Dabei sind gerade In einer Zentralverwaltungswirtschaft wie der sowjetischen elektronische Datenverarbeitungsanlagen bei der Lösung komplexer Planungsprobleme von Nutzen. So mühen sich Moskaus Planwirtschaftler nun, die Entwicklung der russischen Computer-Technik zu forcieren. Doch der Weg von der theoretischen Grundlagenforschung zur praktischen Anwendung ist in der UdSSR besonders mühsam und lang. Zwar lassen die Weltraumerfolge erkennen, daß russische Forscher hochkomplizierte Apparaturen und Laboreinrichtungen herstellen können. Doch mangelnde Koordination und Kompetenzrangeleien in der aufgeblähten Bürokratie verzögern den Weg vom Forschungsinstitut in die Fabrik. Aus Furcht, im Computer-Bau vom Westen hoffnungslos überrundet zu werden, plädieren sowjetische Computer-Experten wie W. M. Gluschkow, Leiter des Instituts für Kybernetik In Kiew, dafür, mit den Kapitalisten zusammenzuarbeiten. So lud Kossygin-Schwiegersohn Dscherman Gwischiani, Vize-Vorsitzender des Staatskomitees für Wissenschaft und Technik, IBM-Chef Thomas J. Watson nach Moskau ein und schlug ihm dort vor, IBM solle in der Sowjet-Union ein Werk für Computer-Teile bauen. Watson erkundete zwar in der Sowjet-Union einen Markt »von einigen 100 Millionen Dollar«, sah aber »kein profitables Geschäft für IBM« und lehnte das Angebot ab. In Wahrheit aber plagten den Großkapitalisten weniger kommerzielle als politische Bedenken. Denn wegen der militärisch-strategischen Bedeutung des Computer-Baus fürchtete Watson das Veto seiner Regierung. Inzwischen versucht die Nixon-Administratlon, auch dem britischen Elektronik-Konzern International Computers Limited (ICL) das Ostgeschäft zu verderben. Da moderne Groß-Computer unter das Nato-Embargo für strategische Güter fallen, erhebt das US-Außenministerium Einspruch gegen den Verkauf zweier ICL-Rechner im Werte von 50 Millionen Mark an das Atom-Forschungszentrum Serpuchow bei Moskau."
"148","0.7392229437828064","Sieg der Mikrosekunde","1965-05-25","https://www.spiegel.de/politik/sieg-der-mikrosekunde-a-3ccc2c00-0002-0001-0000-000046272769?context=issue",". Daß die Blitzrechner sich rasch vermehren, liegt nicht allein an ihrer Nützlichkeit. Wo sie eingeführt worden sind, reproduzieren sie sich auch selbst. Diplom-Mathematiker Dieter Hohlfeld, 43, Leiter der »Operations Research« bei der Esso AG: »Wenn man einmal auf dem Dampfer ist, kann man schlecht wieder aussteigen.« Die Esso fing 1958 mit einem röhrenbestückten Computer an, der sich bald als zu klein und zu langsam erwies. An seine Stelle trat deshalb 1962 ein Transistor-Rechner mit 40 000 Speicherstellen, und heute stehen bereits zwei davon in der Hamburger Zentrale. Auch vor ihnen herrscht schon wieder Gedrängel, da inzwischen alle Buchhalterarbeiten von der Elektronik geleistet werden. Zwei Bedienungs-Schichten lassen die Maschinen täglich von sieben bis 23 Uhr rechnen. Hohlfelds siebenköpfiges Planungs-Team, dessen elektronischer Prophet allzuoft durch Routine-Aufträge anderer Abteilungen blockiert ist, tröstet sich mit der Aussicht, im Herbst nächsten Jahres ein neues Computer-System mit noch größerer Kapazität zur Verfügung zu haben. Wie das gegenwärtig installierte, wird es wieder von der amerikanischen Gesellschaft International Business Machines Corp. (IBM) geliefert, deren deutsche Tochter in Sindelfingen bei Stuttgart residiert. IBM ist unbestrittener Kaiser im deutschen und internationalen Computer-Imperium. Auf dem US-Computer-Markt - rund 23 000 Geräte sind installiert - macht IBM 74 Prozent der Umsätze. In Westdeutschland setzte der US-Konzern nach Feststellungen der Frankfurter Unternehmensberatungsfirma John Diebold GmbH im vergangenen Jahr mit seinen Computern 350 Millionen Mark um; weit abgeschlagen folgte der ebenfalls amerikanische Sperry-Rand-Konzern (früher Remington) mit 43 Millionen und erst an dritter Stelle der erste deutsche Computer-Fabrikant, die Siemens & Halske AG, mit 25 Millionen Mark. Dem amerikanischen Riesen IBM auch nur nahe zu kommen, wird für andere Firmen, vor allem aber für europäische, schwer halten: Der Konzern gibt allein für Forschung und Entwicklung bei den Computern rund 500 Millionen Mark jährlich aus, der deutsche Siemenskonzern dagegen für alle Sparten zusammen nur 400 Millionen Mark. Dennoch bezeichnet Siemens-Vorstand Lohse das Rechnergeschäft als eine der »Riesensäulen der Zukunft«, deren sich auch seine Gesellschaft mit umfangreichen Investitionen versichern werde. IBM-Chef Thomas Watson hatte zunächst von den neuen Geräten nichts wissen wollen. Als in den frühen fünfziger Jahren die ersten Rechenungetüme für kommerzielle Nutzung auftauchten, die mit ihren Tausenden von Röhren ganze Zimmerfluchten füllten und unerträgliche Hitze entwickelten, schätzte Watson den Bedarf der US-Wirtschaft auf höchstens fünf Stück. Im Jahr 1953 setzte Watson seine Gesellschaft dann doch auf den neuen Kurs, und drei Jahre später war Remington überrundet"
"149","0.7392188906669617","Das schwierige Vaterland","1979-02-04","https://www.spiegel.de/politik/das-schwierige-vaterland-a-df82aa17-0002-0001-0000-000040351804?context=issue",". Wäre es so, hätte sich in Deutschland Demokratie viel früher durchsetzen müssen. Wie wenig wirtschaftlicher Wohlstand allein demokratische Wertsysteme und Verhaltensweisen ausbildet, läßt sich an einem Schwachpunkt westdeutschen Demokratie-Verständnisses demonstrieren -- der mangelnden Toleranz gegenüber Minderheiten. 43 Prozent der Bevölkerung wollen der in einer Abstimmung unterlegenen Gruppe nicht das Recht auf weitere oppositionelle Äußerung in dieser Sache einräumen. Jugendliche schneiden wie meist bei solchen Befragungen wieder etwas besser ab, liefern aber immer noch 33 Prozent. Viele Bundesbürger halten sich gern ans Etablierte. Politische Wegweisung wird eher von denen erwartet, die schon an der Macht sind. »Alles in allem kann man der Regierung Vertrauen und sicher sein, daß sie für uns das Richtige tun wird«, meinten 1969 drei Fünftel der Westdeutschen. Und fast die Hälfte war 1971 der Ansicht: »Es ist nicht gut, wenn alle mitreden wollen. Nur wenn einige befehlen, können wir unseren Staat in Ordnung halten.« »Subjeet competence« gegenüber »citizen competence"": Untertanen kennen andere politische Kompetenzen als Bürger. Deutsche fühlen sich offenbar weniger als Engländer oder Amerikaner berufen, bei Sachen mitzureden, die in den Entscheidungsbereich von Regierung oder Verwaltung und damit überhaupt in die Hände von Sachverständigen gehören. Diese Einstellung begünstigt eine Entwicklung, die inzwischen auch in den alten Demokratien beobachtet wird, den Glauben an eine neue Staatsform, die »Technokratie«. Technokratie, das heißt die Herrschaft von Fachleuten, steht nicht prinzipiell im Widerspruch zur Demokratie; es kommt allerdings darauf an, was man unter Demokratie versteht. Dem partizipatorischen Modell, das durch möglichst hohe Bürger-Beteiligung gekennzeichnet ist, steht hier das sogenannte elitetheoretische Modell gegenüber, dem zufolge sich der demokratische Prozeß im Kampf um Führungspositionen erschöpft. Technokratie fördert Befehlen und Gehorchen. Sind die Regierenden einmal gewählt, gehorcht ihnen das Volk wie früher den Königen. Demokratisch daran ist der prinzipiell freie Zugang zu allen politischen Ämtern. Außerdem dürfen die demokratischen Eliten während ihrer Herrschaft die Grundrechte nicht verletzen oder einschränken, weil sonst die offene Konkurrenz um die Führungsposition gefährdet würde. Dieses technokratische Elitemodell der Demokratie kommt alten politikgeschichtlichen Strömungen in Deutschland entgegen. Es fördert eine Politik des Befehlens und Gehorchens. Eine Elite, jetzt nicht mehr des Adels, sondern der Sachverständigen, herrscht über die Massen. Es gibt somit weiter ein zweigeteiltes Gesellschaftsmodell, obwohl die alte Standesgesellschaft mit dem Untergang Preußens unwiederbringlich dahin ist und der Adel längst keine politische Bedeutung mehr hat"
"150","0.7391629219055176","Welt in der Stube","1968-08-11","https://www.spiegel.de/kultur/welt-in-der-stube-a-80117524-0002-0001-0000-000045950214?context=issue",". An die Realisierung einer derart humanisierten Computer-Welt will der Berliner Soziologe Helmut Klages freilich noch nicht glauben: Die Mehrheit der heutigen Zeitgenossen wäre zum intelligenten Umgang mit Fanos Informations-Automaten nicht fähig. Ein öffentlicher Computerdienst würde mithin nur zu neuen »erheblichen Manipulationseffekten führen«. Einziger Ausweg, laut Klages: ein gewaltiger, beschleunigter »Lernprozeß der Menschen«, der sie geistig fit macht für die Roboter-Ära."
